[0.122s] DEBUG:colcon:Command line arguments: ['/home/farah/.local/bin/colcon', 'build', '--parallel-workers', '1', '--event-handlers', 'console_direct+']
[0.122s] DEBUG:colcon:Parsed command line arguments: Namespace(log_base=None, log_level=None, verb_name='build', build_base='build', install_base='install', merge_install=False, symlink_install=False, test_result_base=None, continue_on_error=False, executor='parallel', parallel_workers=1, event_handlers=['console_direct+'], ignore_user_meta=False, metas=['./colcon.meta'], base_paths=['.'], packages_ignore=None, packages_ignore_regex=None, paths=None, packages_up_to=None, packages_up_to_regex=None, packages_above=None, packages_above_and_dependencies=None, packages_above_depth=None, packages_select_by_dep=None, packages_skip_by_dep=None, packages_skip_up_to=None, packages_select_build_failed=False, packages_skip_build_finished=False, packages_select_test_failures=False, packages_skip_test_passed=False, packages_select=None, packages_skip=None, packages_select_regex=None, packages_skip_regex=None, packages_start=None, packages_end=None, allow_overriding=[], cmake_args=None, cmake_target=None, cmake_target_skip_unavailable=False, cmake_clean_cache=False, cmake_clean_first=False, cmake_force_configure=False, ament_cmake_args=None, catkin_cmake_args=None, catkin_skip_building_tests=False, mixin_files=None, mixin=None, verb_parser=<colcon_mixin.mixin.mixin_argument.MixinArgumentDecorator object at 0x7ca9c75713c0>, verb_extension=<colcon_core.verb.build.BuildVerb object at 0x7ca9c768e2f0>, main=<bound method BuildVerb.main of <colcon_core.verb.build.BuildVerb object at 0x7ca9c768e2f0>>, mixin_verb=('build',))
[0.154s] Level 1:colcon.colcon_core.package_discovery:discover_packages(colcon_meta) check parameters
[0.154s] Level 1:colcon.colcon_core.package_discovery:discover_packages(recursive) check parameters
[0.154s] Level 1:colcon.colcon_core.package_discovery:discover_packages(ignore) check parameters
[0.154s] Level 1:colcon.colcon_core.package_discovery:discover_packages(path) check parameters
[0.154s] Level 1:colcon.colcon_core.package_discovery:discover_packages(colcon_meta) discover
[0.154s] Level 1:colcon.colcon_core.package_discovery:discover_packages(recursive) discover
[0.154s] INFO:colcon.colcon_core.package_discovery:Crawling recursively for packages in '/home/farah/ws_farah'
[0.154s] Level 1:colcon.colcon_core.package_identification:_identify(.) by extensions ['ignore', 'ignore_ament_install']
[0.154s] Level 1:colcon.colcon_core.package_identification:_identify(.) by extension 'ignore'
[0.154s] Level 1:colcon.colcon_core.package_identification:_identify(.) by extension 'ignore_ament_install'
[0.155s] Level 1:colcon.colcon_core.package_identification:_identify(.) by extensions ['colcon_pkg']
[0.155s] Level 1:colcon.colcon_core.package_identification:_identify(.) by extension 'colcon_pkg'
[0.155s] Level 1:colcon.colcon_core.package_identification:_identify(.) by extensions ['colcon_meta']
[0.155s] Level 1:colcon.colcon_core.package_identification:_identify(.) by extension 'colcon_meta'
[0.155s] Level 1:colcon.colcon_core.package_identification:_identify(.) by extensions ['ros']
[0.155s] Level 1:colcon.colcon_core.package_identification:_identify(.) by extension 'ros'
[0.167s] Level 1:colcon.colcon_core.package_identification:_identify(.) by extensions ['cmake', 'python']
[0.167s] Level 1:colcon.colcon_core.package_identification:_identify(.) by extension 'cmake'
[0.167s] Level 1:colcon.colcon_core.package_identification:_identify(.) by extension 'python'
[0.167s] Level 1:colcon.colcon_core.package_identification:_identify(.) by extensions ['python_setup_py']
[0.167s] Level 1:colcon.colcon_core.package_identification:_identify(.) by extension 'python_setup_py'
[0.167s] Level 1:colcon.colcon_core.package_identification:_identify(build) by extensions ['ignore', 'ignore_ament_install']
[0.167s] Level 1:colcon.colcon_core.package_identification:_identify(build) by extension 'ignore'
[0.167s] Level 1:colcon.colcon_core.package_identification:_identify(build) ignored
[0.168s] Level 1:colcon.colcon_core.package_identification:_identify(install) by extensions ['ignore', 'ignore_ament_install']
[0.168s] Level 1:colcon.colcon_core.package_identification:_identify(install) by extension 'ignore'
[0.168s] Level 1:colcon.colcon_core.package_identification:_identify(install) ignored
[0.168s] Level 1:colcon.colcon_core.package_identification:_identify(log) by extensions ['ignore', 'ignore_ament_install']
[0.168s] Level 1:colcon.colcon_core.package_identification:_identify(log) by extension 'ignore'
[0.168s] Level 1:colcon.colcon_core.package_identification:_identify(log) ignored
[0.168s] Level 1:colcon.colcon_core.package_identification:_identify(src) by extensions ['ignore', 'ignore_ament_install']
[0.168s] Level 1:colcon.colcon_core.package_identification:_identify(src) by extension 'ignore'
[0.168s] Level 1:colcon.colcon_core.package_identification:_identify(src) by extension 'ignore_ament_install'
[0.168s] Level 1:colcon.colcon_core.package_identification:_identify(src) by extensions ['colcon_pkg']
[0.168s] Level 1:colcon.colcon_core.package_identification:_identify(src) by extension 'colcon_pkg'
[0.168s] Level 1:colcon.colcon_core.package_identification:_identify(src) by extensions ['colcon_meta']
[0.168s] Level 1:colcon.colcon_core.package_identification:_identify(src) by extension 'colcon_meta'
[0.168s] Level 1:colcon.colcon_core.package_identification:_identify(src) by extensions ['ros']
[0.168s] Level 1:colcon.colcon_core.package_identification:_identify(src) by extension 'ros'
[0.168s] Level 1:colcon.colcon_core.package_identification:_identify(src) by extensions ['cmake', 'python']
[0.168s] Level 1:colcon.colcon_core.package_identification:_identify(src) by extension 'cmake'
[0.168s] Level 1:colcon.colcon_core.package_identification:_identify(src) by extension 'python'
[0.168s] Level 1:colcon.colcon_core.package_identification:_identify(src) by extensions ['python_setup_py']
[0.168s] Level 1:colcon.colcon_core.package_identification:_identify(src) by extension 'python_setup_py'
[0.169s] Level 1:colcon.colcon_core.package_identification:_identify(src/libserial_vendor) by extensions ['ignore', 'ignore_ament_install']
[0.169s] Level 1:colcon.colcon_core.package_identification:_identify(src/libserial_vendor) by extension 'ignore'
[0.169s] Level 1:colcon.colcon_core.package_identification:_identify(src/libserial_vendor) by extension 'ignore_ament_install'
[0.169s] Level 1:colcon.colcon_core.package_identification:_identify(src/libserial_vendor) by extensions ['colcon_pkg']
[0.169s] Level 1:colcon.colcon_core.package_identification:_identify(src/libserial_vendor) by extension 'colcon_pkg'
[0.169s] Level 1:colcon.colcon_core.package_identification:_identify(src/libserial_vendor) by extensions ['colcon_meta']
[0.169s] Level 1:colcon.colcon_core.package_identification:_identify(src/libserial_vendor) by extension 'colcon_meta'
[0.169s] Level 1:colcon.colcon_core.package_identification:_identify(src/libserial_vendor) by extensions ['ros']
[0.169s] Level 1:colcon.colcon_core.package_identification:_identify(src/libserial_vendor) by extension 'ros'
[0.171s] DEBUG:colcon.colcon_core.package_identification:Package 'src/libserial_vendor' with type 'ros.ament_cmake' and name 'libserial_vendor'
[0.171s] Level 1:colcon.colcon_core.package_identification:_identify(src/ros2_acker) by extensions ['ignore', 'ignore_ament_install']
[0.171s] Level 1:colcon.colcon_core.package_identification:_identify(src/ros2_acker) by extension 'ignore'
[0.171s] Level 1:colcon.colcon_core.package_identification:_identify(src/ros2_acker) by extension 'ignore_ament_install'
[0.171s] Level 1:colcon.colcon_core.package_identification:_identify(src/ros2_acker) by extensions ['colcon_pkg']
[0.172s] Level 1:colcon.colcon_core.package_identification:_identify(src/ros2_acker) by extension 'colcon_pkg'
[0.172s] Level 1:colcon.colcon_core.package_identification:_identify(src/ros2_acker) by extensions ['colcon_meta']
[0.172s] Level 1:colcon.colcon_core.package_identification:_identify(src/ros2_acker) by extension 'colcon_meta'
[0.172s] Level 1:colcon.colcon_core.package_identification:_identify(src/ros2_acker) by extensions ['ros']
[0.172s] Level 1:colcon.colcon_core.package_identification:_identify(src/ros2_acker) by extension 'ros'
[0.172s] Level 1:colcon.colcon_core.package_identification:_identify(src/ros2_acker) by extensions ['cmake', 'python']
[0.172s] Level 1:colcon.colcon_core.package_identification:_identify(src/ros2_acker) by extension 'cmake'
[0.172s] Level 1:colcon.colcon_core.package_identification:_identify(src/ros2_acker) by extension 'python'
[0.172s] Level 1:colcon.colcon_core.package_identification:_identify(src/ros2_acker) by extensions ['python_setup_py']
[0.172s] Level 1:colcon.colcon_core.package_identification:_identify(src/ros2_acker) by extension 'python_setup_py'
[0.172s] Level 1:colcon.colcon_core.package_identification:_identify(src/ros2_acker/race_it) by extensions ['ignore', 'ignore_ament_install']
[0.172s] Level 1:colcon.colcon_core.package_identification:_identify(src/ros2_acker/race_it) by extension 'ignore'
[0.172s] Level 1:colcon.colcon_core.package_identification:_identify(src/ros2_acker/race_it) by extension 'ignore_ament_install'
[0.172s] Level 1:colcon.colcon_core.package_identification:_identify(src/ros2_acker/race_it) by extensions ['colcon_pkg']
[0.172s] Level 1:colcon.colcon_core.package_identification:_identify(src/ros2_acker/race_it) by extension 'colcon_pkg'
[0.172s] Level 1:colcon.colcon_core.package_identification:_identify(src/ros2_acker/race_it) by extensions ['colcon_meta']
[0.172s] Level 1:colcon.colcon_core.package_identification:_identify(src/ros2_acker/race_it) by extension 'colcon_meta'
[0.172s] Level 1:colcon.colcon_core.package_identification:_identify(src/ros2_acker/race_it) by extensions ['ros']
[0.172s] Level 1:colcon.colcon_core.package_identification:_identify(src/ros2_acker/race_it) by extension 'ros'
[0.173s] DEBUG:colcon.colcon_core.package_identification:Package 'src/ros2_acker/race_it' with type 'ros.ament_cmake' and name 'race_it'
[0.173s] Level 1:colcon.colcon_core.package_identification:_identify(src/ros2_acker/temp_teleop) by extensions ['ignore', 'ignore_ament_install']
[0.173s] Level 1:colcon.colcon_core.package_identification:_identify(src/ros2_acker/temp_teleop) by extension 'ignore'
[0.173s] Level 1:colcon.colcon_core.package_identification:_identify(src/ros2_acker/temp_teleop) by extension 'ignore_ament_install'
[0.173s] Level 1:colcon.colcon_core.package_identification:_identify(src/ros2_acker/temp_teleop) by extensions ['colcon_pkg']
[0.173s] Level 1:colcon.colcon_core.package_identification:_identify(src/ros2_acker/temp_teleop) by extension 'colcon_pkg'
[0.174s] Level 1:colcon.colcon_core.package_identification:_identify(src/ros2_acker/temp_teleop) by extensions ['colcon_meta']
[0.174s] Level 1:colcon.colcon_core.package_identification:_identify(src/ros2_acker/temp_teleop) by extension 'colcon_meta'
[0.174s] Level 1:colcon.colcon_core.package_identification:_identify(src/ros2_acker/temp_teleop) by extensions ['ros']
[0.174s] Level 1:colcon.colcon_core.package_identification:_identify(src/ros2_acker/temp_teleop) by extension 'ros'
[0.174s] DEBUG:colcon.colcon_core.package_identification:Package 'src/ros2_acker/temp_teleop' with type 'ros.ament_python' and name 'temp_teleop'
[0.174s] Level 1:colcon.colcon_core.package_identification:_identify(src/ros2_control) by extensions ['ignore', 'ignore_ament_install']
[0.174s] Level 1:colcon.colcon_core.package_identification:_identify(src/ros2_control) by extension 'ignore'
[0.174s] Level 1:colcon.colcon_core.package_identification:_identify(src/ros2_control) by extension 'ignore_ament_install'
[0.174s] Level 1:colcon.colcon_core.package_identification:_identify(src/ros2_control) by extensions ['colcon_pkg']
[0.174s] Level 1:colcon.colcon_core.package_identification:_identify(src/ros2_control) by extension 'colcon_pkg'
[0.174s] Level 1:colcon.colcon_core.package_identification:_identify(src/ros2_control) by extensions ['colcon_meta']
[0.174s] Level 1:colcon.colcon_core.package_identification:_identify(src/ros2_control) by extension 'colcon_meta'
[0.174s] Level 1:colcon.colcon_core.package_identification:_identify(src/ros2_control) by extensions ['ros']
[0.175s] Level 1:colcon.colcon_core.package_identification:_identify(src/ros2_control) by extension 'ros'
[0.175s] Level 1:colcon.colcon_core.package_identification:_identify(src/ros2_control) by extensions ['cmake', 'python']
[0.175s] Level 1:colcon.colcon_core.package_identification:_identify(src/ros2_control) by extension 'cmake'
[0.175s] Level 1:colcon.colcon_core.package_identification:_identify(src/ros2_control) by extension 'python'
[0.175s] Level 1:colcon.colcon_core.package_identification:_identify(src/ros2_control) by extensions ['python_setup_py']
[0.175s] Level 1:colcon.colcon_core.package_identification:_identify(src/ros2_control) by extension 'python_setup_py'
[0.175s] Level 1:colcon.colcon_core.package_identification:_identify(src/ros2_control/controller_interface) by extensions ['ignore', 'ignore_ament_install']
[0.175s] Level 1:colcon.colcon_core.package_identification:_identify(src/ros2_control/controller_interface) by extension 'ignore'
[0.175s] Level 1:colcon.colcon_core.package_identification:_identify(src/ros2_control/controller_interface) by extension 'ignore_ament_install'
[0.175s] Level 1:colcon.colcon_core.package_identification:_identify(src/ros2_control/controller_interface) by extensions ['colcon_pkg']
[0.175s] Level 1:colcon.colcon_core.package_identification:_identify(src/ros2_control/controller_interface) by extension 'colcon_pkg'
[0.175s] Level 1:colcon.colcon_core.package_identification:_identify(src/ros2_control/controller_interface) by extensions ['colcon_meta']
[0.175s] Level 1:colcon.colcon_core.package_identification:_identify(src/ros2_control/controller_interface) by extension 'colcon_meta'
[0.175s] Level 1:colcon.colcon_core.package_identification:_identify(src/ros2_control/controller_interface) by extensions ['ros']
[0.175s] Level 1:colcon.colcon_core.package_identification:_identify(src/ros2_control/controller_interface) by extension 'ros'
[0.176s] DEBUG:colcon.colcon_core.package_identification:Package 'src/ros2_control/controller_interface' with type 'ros.ament_cmake' and name 'controller_interface'
[0.176s] Level 1:colcon.colcon_core.package_identification:_identify(src/ros2_control/controller_manager_msgs) by extensions ['ignore', 'ignore_ament_install']
[0.176s] Level 1:colcon.colcon_core.package_identification:_identify(src/ros2_control/controller_manager_msgs) by extension 'ignore'
[0.176s] Level 1:colcon.colcon_core.package_identification:_identify(src/ros2_control/controller_manager_msgs) by extension 'ignore_ament_install'
[0.176s] Level 1:colcon.colcon_core.package_identification:_identify(src/ros2_control/controller_manager_msgs) by extensions ['colcon_pkg']
[0.176s] Level 1:colcon.colcon_core.package_identification:_identify(src/ros2_control/controller_manager_msgs) by extension 'colcon_pkg'
[0.176s] Level 1:colcon.colcon_core.package_identification:_identify(src/ros2_control/controller_manager_msgs) by extensions ['colcon_meta']
[0.176s] Level 1:colcon.colcon_core.package_identification:_identify(src/ros2_control/controller_manager_msgs) by extension 'colcon_meta'
[0.176s] Level 1:colcon.colcon_core.package_identification:_identify(src/ros2_control/controller_manager_msgs) by extensions ['ros']
[0.176s] Level 1:colcon.colcon_core.package_identification:_identify(src/ros2_control/controller_manager_msgs) by extension 'ros'
[0.177s] DEBUG:colcon.colcon_core.package_identification:Package 'src/ros2_control/controller_manager_msgs' with type 'ros.ament_cmake' and name 'controller_manager_msgs'
[0.177s] Level 1:colcon.colcon_core.package_identification:_identify(src/ros2_control/doc) by extensions ['ignore', 'ignore_ament_install']
[0.177s] Level 1:colcon.colcon_core.package_identification:_identify(src/ros2_control/doc) by extension 'ignore'
[0.177s] Level 1:colcon.colcon_core.package_identification:_identify(src/ros2_control/doc) by extension 'ignore_ament_install'
[0.177s] Level 1:colcon.colcon_core.package_identification:_identify(src/ros2_control/doc) by extensions ['colcon_pkg']
[0.177s] Level 1:colcon.colcon_core.package_identification:_identify(src/ros2_control/doc) by extension 'colcon_pkg'
[0.177s] Level 1:colcon.colcon_core.package_identification:_identify(src/ros2_control/doc) by extensions ['colcon_meta']
[0.177s] Level 1:colcon.colcon_core.package_identification:_identify(src/ros2_control/doc) by extension 'colcon_meta'
[0.177s] Level 1:colcon.colcon_core.package_identification:_identify(src/ros2_control/doc) by extensions ['ros']
[0.177s] Level 1:colcon.colcon_core.package_identification:_identify(src/ros2_control/doc) by extension 'ros'
[0.177s] Level 1:colcon.colcon_core.package_identification:_identify(src/ros2_control/doc) by extensions ['cmake', 'python']
[0.177s] Level 1:colcon.colcon_core.package_identification:_identify(src/ros2_control/doc) by extension 'cmake'
[0.177s] Level 1:colcon.colcon_core.package_identification:_identify(src/ros2_control/doc) by extension 'python'
[0.177s] Level 1:colcon.colcon_core.package_identification:_identify(src/ros2_control/doc) by extensions ['python_setup_py']
[0.177s] Level 1:colcon.colcon_core.package_identification:_identify(src/ros2_control/doc) by extension 'python_setup_py'
[0.177s] Level 1:colcon.colcon_core.package_identification:_identify(src/ros2_control/hardware_interface) by extensions ['ignore', 'ignore_ament_install']
[0.177s] Level 1:colcon.colcon_core.package_identification:_identify(src/ros2_control/hardware_interface) by extension 'ignore'
[0.177s] Level 1:colcon.colcon_core.package_identification:_identify(src/ros2_control/hardware_interface) by extension 'ignore_ament_install'
[0.177s] Level 1:colcon.colcon_core.package_identification:_identify(src/ros2_control/hardware_interface) by extensions ['colcon_pkg']
[0.178s] Level 1:colcon.colcon_core.package_identification:_identify(src/ros2_control/hardware_interface) by extension 'colcon_pkg'
[0.178s] Level 1:colcon.colcon_core.package_identification:_identify(src/ros2_control/hardware_interface) by extensions ['colcon_meta']
[0.178s] Level 1:colcon.colcon_core.package_identification:_identify(src/ros2_control/hardware_interface) by extension 'colcon_meta'
[0.178s] Level 1:colcon.colcon_core.package_identification:_identify(src/ros2_control/hardware_interface) by extensions ['ros']
[0.178s] Level 1:colcon.colcon_core.package_identification:_identify(src/ros2_control/hardware_interface) by extension 'ros'
[0.178s] DEBUG:colcon.colcon_core.package_identification:Package 'src/ros2_control/hardware_interface' with type 'ros.ament_cmake' and name 'hardware_interface'
[0.179s] Level 1:colcon.colcon_core.package_identification:_identify(src/ros2_control/hardware_interface_testing) by extensions ['ignore', 'ignore_ament_install']
[0.179s] Level 1:colcon.colcon_core.package_identification:_identify(src/ros2_control/hardware_interface_testing) by extension 'ignore'
[0.179s] Level 1:colcon.colcon_core.package_identification:_identify(src/ros2_control/hardware_interface_testing) by extension 'ignore_ament_install'
[0.179s] Level 1:colcon.colcon_core.package_identification:_identify(src/ros2_control/hardware_interface_testing) by extensions ['colcon_pkg']
[0.179s] Level 1:colcon.colcon_core.package_identification:_identify(src/ros2_control/hardware_interface_testing) by extension 'colcon_pkg'
[0.179s] Level 1:colcon.colcon_core.package_identification:_identify(src/ros2_control/hardware_interface_testing) by extensions ['colcon_meta']
[0.179s] Level 1:colcon.colcon_core.package_identification:_identify(src/ros2_control/hardware_interface_testing) by extension 'colcon_meta'
[0.179s] Level 1:colcon.colcon_core.package_identification:_identify(src/ros2_control/hardware_interface_testing) by extensions ['ros']
[0.179s] Level 1:colcon.colcon_core.package_identification:_identify(src/ros2_control/hardware_interface_testing) by extension 'ros'
[0.180s] DEBUG:colcon.colcon_core.package_identification:Package 'src/ros2_control/hardware_interface_testing' with type 'ros.ament_cmake' and name 'hardware_interface_testing'
[0.180s] Level 1:colcon.colcon_core.package_identification:_identify(src/ros2_control/joint_limits) by extensions ['ignore', 'ignore_ament_install']
[0.180s] Level 1:colcon.colcon_core.package_identification:_identify(src/ros2_control/joint_limits) by extension 'ignore'
[0.180s] Level 1:colcon.colcon_core.package_identification:_identify(src/ros2_control/joint_limits) by extension 'ignore_ament_install'
[0.180s] Level 1:colcon.colcon_core.package_identification:_identify(src/ros2_control/joint_limits) by extensions ['colcon_pkg']
[0.180s] Level 1:colcon.colcon_core.package_identification:_identify(src/ros2_control/joint_limits) by extension 'colcon_pkg'
[0.180s] Level 1:colcon.colcon_core.package_identification:_identify(src/ros2_control/joint_limits) by extensions ['colcon_meta']
[0.180s] Level 1:colcon.colcon_core.package_identification:_identify(src/ros2_control/joint_limits) by extension 'colcon_meta'
[0.180s] Level 1:colcon.colcon_core.package_identification:_identify(src/ros2_control/joint_limits) by extensions ['ros']
[0.180s] Level 1:colcon.colcon_core.package_identification:_identify(src/ros2_control/joint_limits) by extension 'ros'
[0.181s] DEBUG:colcon.colcon_core.package_identification:Package 'src/ros2_control/joint_limits' with type 'ros.ament_cmake' and name 'joint_limits'
[0.181s] Level 1:colcon.colcon_core.package_identification:_identify(src/ros2_control/joint_limits_interface) by extensions ['ignore', 'ignore_ament_install']
[0.181s] Level 1:colcon.colcon_core.package_identification:_identify(src/ros2_control/joint_limits_interface) by extension 'ignore'
[0.181s] Level 1:colcon.colcon_core.package_identification:_identify(src/ros2_control/joint_limits_interface) ignored
[0.181s] Level 1:colcon.colcon_core.package_identification:_identify(src/ros2_control/ros2_control) by extensions ['ignore', 'ignore_ament_install']
[0.181s] Level 1:colcon.colcon_core.package_identification:_identify(src/ros2_control/ros2_control) by extension 'ignore'
[0.181s] Level 1:colcon.colcon_core.package_identification:_identify(src/ros2_control/ros2_control) by extension 'ignore_ament_install'
[0.181s] Level 1:colcon.colcon_core.package_identification:_identify(src/ros2_control/ros2_control) by extensions ['colcon_pkg']
[0.181s] Level 1:colcon.colcon_core.package_identification:_identify(src/ros2_control/ros2_control) by extension 'colcon_pkg'
[0.181s] Level 1:colcon.colcon_core.package_identification:_identify(src/ros2_control/ros2_control) by extensions ['colcon_meta']
[0.181s] Level 1:colcon.colcon_core.package_identification:_identify(src/ros2_control/ros2_control) by extension 'colcon_meta'
[0.181s] Level 1:colcon.colcon_core.package_identification:_identify(src/ros2_control/ros2_control) by extensions ['ros']
[0.181s] Level 1:colcon.colcon_core.package_identification:_identify(src/ros2_control/ros2_control) by extension 'ros'
[0.182s] DEBUG:colcon.colcon_core.package_identification:Package 'src/ros2_control/ros2_control' with type 'ros.ament_cmake' and name 'ros2_control'
[0.182s] Level 1:colcon.colcon_core.package_identification:_identify(src/ros2_control/ros2_control_test_assets) by extensions ['ignore', 'ignore_ament_install']
[0.182s] Level 1:colcon.colcon_core.package_identification:_identify(src/ros2_control/ros2_control_test_assets) by extension 'ignore'
[0.182s] Level 1:colcon.colcon_core.package_identification:_identify(src/ros2_control/ros2_control_test_assets) by extension 'ignore_ament_install'
[0.182s] Level 1:colcon.colcon_core.package_identification:_identify(src/ros2_control/ros2_control_test_assets) by extensions ['colcon_pkg']
[0.182s] Level 1:colcon.colcon_core.package_identification:_identify(src/ros2_control/ros2_control_test_assets) by extension 'colcon_pkg'
[0.182s] Level 1:colcon.colcon_core.package_identification:_identify(src/ros2_control/ros2_control_test_assets) by extensions ['colcon_meta']
[0.182s] Level 1:colcon.colcon_core.package_identification:_identify(src/ros2_control/ros2_control_test_assets) by extension 'colcon_meta'
[0.182s] Level 1:colcon.colcon_core.package_identification:_identify(src/ros2_control/ros2_control_test_assets) by extensions ['ros']
[0.182s] Level 1:colcon.colcon_core.package_identification:_identify(src/ros2_control/ros2_control_test_assets) by extension 'ros'
[0.183s] DEBUG:colcon.colcon_core.package_identification:Package 'src/ros2_control/ros2_control_test_assets' with type 'ros.ament_cmake' and name 'ros2_control_test_assets'
[0.183s] Level 1:colcon.colcon_core.package_identification:_identify(src/ros2_control/ros2controlcli) by extensions ['ignore', 'ignore_ament_install']
[0.183s] Level 1:colcon.colcon_core.package_identification:_identify(src/ros2_control/ros2controlcli) by extension 'ignore'
[0.183s] Level 1:colcon.colcon_core.package_identification:_identify(src/ros2_control/ros2controlcli) by extension 'ignore_ament_install'
[0.183s] Level 1:colcon.colcon_core.package_identification:_identify(src/ros2_control/ros2controlcli) by extensions ['colcon_pkg']
[0.183s] Level 1:colcon.colcon_core.package_identification:_identify(src/ros2_control/ros2controlcli) by extension 'colcon_pkg'
[0.183s] Level 1:colcon.colcon_core.package_identification:_identify(src/ros2_control/ros2controlcli) by extensions ['colcon_meta']
[0.183s] Level 1:colcon.colcon_core.package_identification:_identify(src/ros2_control/ros2controlcli) by extension 'colcon_meta'
[0.183s] Level 1:colcon.colcon_core.package_identification:_identify(src/ros2_control/ros2controlcli) by extensions ['ros']
[0.183s] Level 1:colcon.colcon_core.package_identification:_identify(src/ros2_control/ros2controlcli) by extension 'ros'
[0.184s] DEBUG:colcon.colcon_core.package_identification:Package 'src/ros2_control/ros2controlcli' with type 'ros.ament_python' and name 'ros2controlcli'
[0.184s] Level 1:colcon.colcon_core.package_identification:_identify(src/ros2_control/rqt_controller_manager) by extensions ['ignore', 'ignore_ament_install']
[0.184s] Level 1:colcon.colcon_core.package_identification:_identify(src/ros2_control/rqt_controller_manager) by extension 'ignore'
[0.184s] Level 1:colcon.colcon_core.package_identification:_identify(src/ros2_control/rqt_controller_manager) by extension 'ignore_ament_install'
[0.184s] Level 1:colcon.colcon_core.package_identification:_identify(src/ros2_control/rqt_controller_manager) by extensions ['colcon_pkg']
[0.184s] Level 1:colcon.colcon_core.package_identification:_identify(src/ros2_control/rqt_controller_manager) by extension 'colcon_pkg'
[0.184s] Level 1:colcon.colcon_core.package_identification:_identify(src/ros2_control/rqt_controller_manager) by extensions ['colcon_meta']
[0.184s] Level 1:colcon.colcon_core.package_identification:_identify(src/ros2_control/rqt_controller_manager) by extension 'colcon_meta'
[0.184s] Level 1:colcon.colcon_core.package_identification:_identify(src/ros2_control/rqt_controller_manager) by extensions ['ros']
[0.185s] Level 1:colcon.colcon_core.package_identification:_identify(src/ros2_control/rqt_controller_manager) by extension 'ros'
[0.185s] DEBUG:colcon.colcon_core.package_identification:Package 'src/ros2_control/rqt_controller_manager' with type 'ros.ament_python' and name 'rqt_controller_manager'
[0.185s] Level 1:colcon.colcon_core.package_identification:_identify(src/ros2_control/transmission_interface) by extensions ['ignore', 'ignore_ament_install']
[0.185s] Level 1:colcon.colcon_core.package_identification:_identify(src/ros2_control/transmission_interface) by extension 'ignore'
[0.185s] Level 1:colcon.colcon_core.package_identification:_identify(src/ros2_control/transmission_interface) by extension 'ignore_ament_install'
[0.185s] Level 1:colcon.colcon_core.package_identification:_identify(src/ros2_control/transmission_interface) by extensions ['colcon_pkg']
[0.185s] Level 1:colcon.colcon_core.package_identification:_identify(src/ros2_control/transmission_interface) by extension 'colcon_pkg'
[0.185s] Level 1:colcon.colcon_core.package_identification:_identify(src/ros2_control/transmission_interface) by extensions ['colcon_meta']
[0.185s] Level 1:colcon.colcon_core.package_identification:_identify(src/ros2_control/transmission_interface) by extension 'colcon_meta'
[0.185s] Level 1:colcon.colcon_core.package_identification:_identify(src/ros2_control/transmission_interface) by extensions ['ros']
[0.186s] Level 1:colcon.colcon_core.package_identification:_identify(src/ros2_control/transmission_interface) by extension 'ros'
[0.186s] DEBUG:colcon.colcon_core.package_identification:Package 'src/ros2_control/transmission_interface' with type 'ros.ament_cmake' and name 'transmission_interface'
[0.186s] Level 1:colcon.colcon_core.package_identification:_identify(src/ros2_control_demos) by extensions ['ignore', 'ignore_ament_install']
[0.186s] Level 1:colcon.colcon_core.package_identification:_identify(src/ros2_control_demos) by extension 'ignore'
[0.186s] Level 1:colcon.colcon_core.package_identification:_identify(src/ros2_control_demos) by extension 'ignore_ament_install'
[0.186s] Level 1:colcon.colcon_core.package_identification:_identify(src/ros2_control_demos) by extensions ['colcon_pkg']
[0.186s] Level 1:colcon.colcon_core.package_identification:_identify(src/ros2_control_demos) by extension 'colcon_pkg'
[0.186s] Level 1:colcon.colcon_core.package_identification:_identify(src/ros2_control_demos) by extensions ['colcon_meta']
[0.186s] Level 1:colcon.colcon_core.package_identification:_identify(src/ros2_control_demos) by extension 'colcon_meta'
[0.186s] Level 1:colcon.colcon_core.package_identification:_identify(src/ros2_control_demos) by extensions ['ros']
[0.186s] Level 1:colcon.colcon_core.package_identification:_identify(src/ros2_control_demos) by extension 'ros'
[0.187s] Level 1:colcon.colcon_core.package_identification:_identify(src/ros2_control_demos) by extensions ['cmake', 'python']
[0.187s] Level 1:colcon.colcon_core.package_identification:_identify(src/ros2_control_demos) by extension 'cmake'
[0.187s] Level 1:colcon.colcon_core.package_identification:_identify(src/ros2_control_demos) by extension 'python'
[0.187s] Level 1:colcon.colcon_core.package_identification:_identify(src/ros2_control_demos) by extensions ['python_setup_py']
[0.187s] Level 1:colcon.colcon_core.package_identification:_identify(src/ros2_control_demos) by extension 'python_setup_py'
[0.187s] Level 1:colcon.colcon_core.package_identification:_identify(src/ros2_control_demos/Dockerfile) by extensions ['ignore', 'ignore_ament_install']
[0.187s] Level 1:colcon.colcon_core.package_identification:_identify(src/ros2_control_demos/Dockerfile) by extension 'ignore'
[0.187s] Level 1:colcon.colcon_core.package_identification:_identify(src/ros2_control_demos/Dockerfile) by extension 'ignore_ament_install'
[0.187s] Level 1:colcon.colcon_core.package_identification:_identify(src/ros2_control_demos/Dockerfile) by extensions ['colcon_pkg']
[0.187s] Level 1:colcon.colcon_core.package_identification:_identify(src/ros2_control_demos/Dockerfile) by extension 'colcon_pkg'
[0.187s] Level 1:colcon.colcon_core.package_identification:_identify(src/ros2_control_demos/Dockerfile) by extensions ['colcon_meta']
[0.187s] Level 1:colcon.colcon_core.package_identification:_identify(src/ros2_control_demos/Dockerfile) by extension 'colcon_meta'
[0.187s] Level 1:colcon.colcon_core.package_identification:_identify(src/ros2_control_demos/Dockerfile) by extensions ['ros']
[0.187s] Level 1:colcon.colcon_core.package_identification:_identify(src/ros2_control_demos/Dockerfile) by extension 'ros'
[0.187s] Level 1:colcon.colcon_core.package_identification:_identify(src/ros2_control_demos/Dockerfile) by extensions ['cmake', 'python']
[0.187s] Level 1:colcon.colcon_core.package_identification:_identify(src/ros2_control_demos/Dockerfile) by extension 'cmake'
[0.187s] Level 1:colcon.colcon_core.package_identification:_identify(src/ros2_control_demos/Dockerfile) by extension 'python'
[0.187s] Level 1:colcon.colcon_core.package_identification:_identify(src/ros2_control_demos/Dockerfile) by extensions ['python_setup_py']
[0.187s] Level 1:colcon.colcon_core.package_identification:_identify(src/ros2_control_demos/Dockerfile) by extension 'python_setup_py'
[0.187s] Level 1:colcon.colcon_core.package_identification:_identify(src/ros2_control_demos/doc) by extensions ['ignore', 'ignore_ament_install']
[0.187s] Level 1:colcon.colcon_core.package_identification:_identify(src/ros2_control_demos/doc) by extension 'ignore'
[0.188s] Level 1:colcon.colcon_core.package_identification:_identify(src/ros2_control_demos/doc) by extension 'ignore_ament_install'
[0.188s] Level 1:colcon.colcon_core.package_identification:_identify(src/ros2_control_demos/doc) by extensions ['colcon_pkg']
[0.188s] Level 1:colcon.colcon_core.package_identification:_identify(src/ros2_control_demos/doc) by extension 'colcon_pkg'
[0.188s] Level 1:colcon.colcon_core.package_identification:_identify(src/ros2_control_demos/doc) by extensions ['colcon_meta']
[0.188s] Level 1:colcon.colcon_core.package_identification:_identify(src/ros2_control_demos/doc) by extension 'colcon_meta'
[0.188s] Level 1:colcon.colcon_core.package_identification:_identify(src/ros2_control_demos/doc) by extensions ['ros']
[0.188s] Level 1:colcon.colcon_core.package_identification:_identify(src/ros2_control_demos/doc) by extension 'ros'
[0.188s] Level 1:colcon.colcon_core.package_identification:_identify(src/ros2_control_demos/doc) by extensions ['cmake', 'python']
[0.188s] Level 1:colcon.colcon_core.package_identification:_identify(src/ros2_control_demos/doc) by extension 'cmake'
[0.188s] Level 1:colcon.colcon_core.package_identification:_identify(src/ros2_control_demos/doc) by extension 'python'
[0.188s] Level 1:colcon.colcon_core.package_identification:_identify(src/ros2_control_demos/doc) by extensions ['python_setup_py']
[0.188s] Level 1:colcon.colcon_core.package_identification:_identify(src/ros2_control_demos/doc) by extension 'python_setup_py'
[0.188s] Level 1:colcon.colcon_core.package_identification:_identify(src/ros2_control_demos/example_1) by extensions ['ignore', 'ignore_ament_install']
[0.188s] Level 1:colcon.colcon_core.package_identification:_identify(src/ros2_control_demos/example_1) by extension 'ignore'
[0.188s] Level 1:colcon.colcon_core.package_identification:_identify(src/ros2_control_demos/example_1) by extension 'ignore_ament_install'
[0.188s] Level 1:colcon.colcon_core.package_identification:_identify(src/ros2_control_demos/example_1) by extensions ['colcon_pkg']
[0.188s] Level 1:colcon.colcon_core.package_identification:_identify(src/ros2_control_demos/example_1) by extension 'colcon_pkg'
[0.188s] Level 1:colcon.colcon_core.package_identification:_identify(src/ros2_control_demos/example_1) by extensions ['colcon_meta']
[0.188s] Level 1:colcon.colcon_core.package_identification:_identify(src/ros2_control_demos/example_1) by extension 'colcon_meta'
[0.188s] Level 1:colcon.colcon_core.package_identification:_identify(src/ros2_control_demos/example_1) by extensions ['ros']
[0.188s] Level 1:colcon.colcon_core.package_identification:_identify(src/ros2_control_demos/example_1) by extension 'ros'
[0.189s] DEBUG:colcon.colcon_core.package_identification:Package 'src/ros2_control_demos/example_1' with type 'ros.ament_cmake' and name 'ros2_control_demo_example_1'
[0.189s] Level 1:colcon.colcon_core.package_identification:_identify(src/ros2_control_demos/example_10) by extensions ['ignore', 'ignore_ament_install']
[0.190s] Level 1:colcon.colcon_core.package_identification:_identify(src/ros2_control_demos/example_10) by extension 'ignore'
[0.190s] Level 1:colcon.colcon_core.package_identification:_identify(src/ros2_control_demos/example_10) by extension 'ignore_ament_install'
[0.190s] Level 1:colcon.colcon_core.package_identification:_identify(src/ros2_control_demos/example_10) by extensions ['colcon_pkg']
[0.190s] Level 1:colcon.colcon_core.package_identification:_identify(src/ros2_control_demos/example_10) by extension 'colcon_pkg'
[0.190s] Level 1:colcon.colcon_core.package_identification:_identify(src/ros2_control_demos/example_10) by extensions ['colcon_meta']
[0.190s] Level 1:colcon.colcon_core.package_identification:_identify(src/ros2_control_demos/example_10) by extension 'colcon_meta'
[0.190s] Level 1:colcon.colcon_core.package_identification:_identify(src/ros2_control_demos/example_10) by extensions ['ros']
[0.190s] Level 1:colcon.colcon_core.package_identification:_identify(src/ros2_control_demos/example_10) by extension 'ros'
[0.191s] DEBUG:colcon.colcon_core.package_identification:Package 'src/ros2_control_demos/example_10' with type 'ros.ament_cmake' and name 'ros2_control_demo_example_10'
[0.191s] Level 1:colcon.colcon_core.package_identification:_identify(src/ros2_control_demos/example_11) by extensions ['ignore', 'ignore_ament_install']
[0.191s] Level 1:colcon.colcon_core.package_identification:_identify(src/ros2_control_demos/example_11) by extension 'ignore'
[0.191s] Level 1:colcon.colcon_core.package_identification:_identify(src/ros2_control_demos/example_11) by extension 'ignore_ament_install'
[0.191s] Level 1:colcon.colcon_core.package_identification:_identify(src/ros2_control_demos/example_11) by extensions ['colcon_pkg']
[0.191s] Level 1:colcon.colcon_core.package_identification:_identify(src/ros2_control_demos/example_11) by extension 'colcon_pkg'
[0.191s] Level 1:colcon.colcon_core.package_identification:_identify(src/ros2_control_demos/example_11) by extensions ['colcon_meta']
[0.191s] Level 1:colcon.colcon_core.package_identification:_identify(src/ros2_control_demos/example_11) by extension 'colcon_meta'
[0.191s] Level 1:colcon.colcon_core.package_identification:_identify(src/ros2_control_demos/example_11) by extensions ['ros']
[0.191s] Level 1:colcon.colcon_core.package_identification:_identify(src/ros2_control_demos/example_11) by extension 'ros'
[0.192s] DEBUG:colcon.colcon_core.package_identification:Package 'src/ros2_control_demos/example_11' with type 'ros.ament_cmake' and name 'ros2_control_demo_example_11'
[0.192s] Level 1:colcon.colcon_core.package_identification:_identify(src/ros2_control_demos/example_12) by extensions ['ignore', 'ignore_ament_install']
[0.192s] Level 1:colcon.colcon_core.package_identification:_identify(src/ros2_control_demos/example_12) by extension 'ignore'
[0.192s] Level 1:colcon.colcon_core.package_identification:_identify(src/ros2_control_demos/example_12) by extension 'ignore_ament_install'
[0.192s] Level 1:colcon.colcon_core.package_identification:_identify(src/ros2_control_demos/example_12) by extensions ['colcon_pkg']
[0.192s] Level 1:colcon.colcon_core.package_identification:_identify(src/ros2_control_demos/example_12) by extension 'colcon_pkg'
[0.192s] Level 1:colcon.colcon_core.package_identification:_identify(src/ros2_control_demos/example_12) by extensions ['colcon_meta']
[0.192s] Level 1:colcon.colcon_core.package_identification:_identify(src/ros2_control_demos/example_12) by extension 'colcon_meta'
[0.193s] Level 1:colcon.colcon_core.package_identification:_identify(src/ros2_control_demos/example_12) by extensions ['ros']
[0.193s] Level 1:colcon.colcon_core.package_identification:_identify(src/ros2_control_demos/example_12) by extension 'ros'
[0.193s] DEBUG:colcon.colcon_core.package_identification:Package 'src/ros2_control_demos/example_12' with type 'ros.ament_cmake' and name 'ros2_control_demo_example_12'
[0.194s] Level 1:colcon.colcon_core.package_identification:_identify(src/ros2_control_demos/example_13) by extensions ['ignore', 'ignore_ament_install']
[0.194s] Level 1:colcon.colcon_core.package_identification:_identify(src/ros2_control_demos/example_13) by extension 'ignore'
[0.194s] Level 1:colcon.colcon_core.package_identification:_identify(src/ros2_control_demos/example_13) by extension 'ignore_ament_install'
[0.194s] Level 1:colcon.colcon_core.package_identification:_identify(src/ros2_control_demos/example_13) by extensions ['colcon_pkg']
[0.194s] Level 1:colcon.colcon_core.package_identification:_identify(src/ros2_control_demos/example_13) by extension 'colcon_pkg'
[0.194s] Level 1:colcon.colcon_core.package_identification:_identify(src/ros2_control_demos/example_13) by extensions ['colcon_meta']
[0.194s] Level 1:colcon.colcon_core.package_identification:_identify(src/ros2_control_demos/example_13) by extension 'colcon_meta'
[0.194s] Level 1:colcon.colcon_core.package_identification:_identify(src/ros2_control_demos/example_13) by extensions ['ros']
[0.194s] Level 1:colcon.colcon_core.package_identification:_identify(src/ros2_control_demos/example_13) by extension 'ros'
[0.195s] DEBUG:colcon.colcon_core.package_identification:Package 'src/ros2_control_demos/example_13' with type 'ros.ament_cmake' and name 'ros2_control_demo_example_13'
[0.195s] Level 1:colcon.colcon_core.package_identification:_identify(src/ros2_control_demos/example_14) by extensions ['ignore', 'ignore_ament_install']
[0.195s] Level 1:colcon.colcon_core.package_identification:_identify(src/ros2_control_demos/example_14) by extension 'ignore'
[0.195s] Level 1:colcon.colcon_core.package_identification:_identify(src/ros2_control_demos/example_14) by extension 'ignore_ament_install'
[0.195s] Level 1:colcon.colcon_core.package_identification:_identify(src/ros2_control_demos/example_14) by extensions ['colcon_pkg']
[0.195s] Level 1:colcon.colcon_core.package_identification:_identify(src/ros2_control_demos/example_14) by extension 'colcon_pkg'
[0.196s] Level 1:colcon.colcon_core.package_identification:_identify(src/ros2_control_demos/example_14) by extensions ['colcon_meta']
[0.196s] Level 1:colcon.colcon_core.package_identification:_identify(src/ros2_control_demos/example_14) by extension 'colcon_meta'
[0.196s] Level 1:colcon.colcon_core.package_identification:_identify(src/ros2_control_demos/example_14) by extensions ['ros']
[0.196s] Level 1:colcon.colcon_core.package_identification:_identify(src/ros2_control_demos/example_14) by extension 'ros'
[0.196s] DEBUG:colcon.colcon_core.package_identification:Package 'src/ros2_control_demos/example_14' with type 'ros.ament_cmake' and name 'ros2_control_demo_example_14'
[0.197s] Level 1:colcon.colcon_core.package_identification:_identify(src/ros2_control_demos/example_15) by extensions ['ignore', 'ignore_ament_install']
[0.197s] Level 1:colcon.colcon_core.package_identification:_identify(src/ros2_control_demos/example_15) by extension 'ignore'
[0.197s] Level 1:colcon.colcon_core.package_identification:_identify(src/ros2_control_demos/example_15) by extension 'ignore_ament_install'
[0.197s] Level 1:colcon.colcon_core.package_identification:_identify(src/ros2_control_demos/example_15) by extensions ['colcon_pkg']
[0.197s] Level 1:colcon.colcon_core.package_identification:_identify(src/ros2_control_demos/example_15) by extension 'colcon_pkg'
[0.197s] Level 1:colcon.colcon_core.package_identification:_identify(src/ros2_control_demos/example_15) by extensions ['colcon_meta']
[0.197s] Level 1:colcon.colcon_core.package_identification:_identify(src/ros2_control_demos/example_15) by extension 'colcon_meta'
[0.197s] Level 1:colcon.colcon_core.package_identification:_identify(src/ros2_control_demos/example_15) by extensions ['ros']
[0.197s] Level 1:colcon.colcon_core.package_identification:_identify(src/ros2_control_demos/example_15) by extension 'ros'
[0.198s] DEBUG:colcon.colcon_core.package_identification:Package 'src/ros2_control_demos/example_15' with type 'ros.ament_cmake' and name 'ros2_control_demo_example_15'
[0.198s] Level 1:colcon.colcon_core.package_identification:_identify(src/ros2_control_demos/example_2) by extensions ['ignore', 'ignore_ament_install']
[0.198s] Level 1:colcon.colcon_core.package_identification:_identify(src/ros2_control_demos/example_2) by extension 'ignore'
[0.198s] Level 1:colcon.colcon_core.package_identification:_identify(src/ros2_control_demos/example_2) by extension 'ignore_ament_install'
[0.198s] Level 1:colcon.colcon_core.package_identification:_identify(src/ros2_control_demos/example_2) by extensions ['colcon_pkg']
[0.198s] Level 1:colcon.colcon_core.package_identification:_identify(src/ros2_control_demos/example_2) by extension 'colcon_pkg'
[0.198s] Level 1:colcon.colcon_core.package_identification:_identify(src/ros2_control_demos/example_2) by extensions ['colcon_meta']
[0.198s] Level 1:colcon.colcon_core.package_identification:_identify(src/ros2_control_demos/example_2) by extension 'colcon_meta'
[0.198s] Level 1:colcon.colcon_core.package_identification:_identify(src/ros2_control_demos/example_2) by extensions ['ros']
[0.198s] Level 1:colcon.colcon_core.package_identification:_identify(src/ros2_control_demos/example_2) by extension 'ros'
[0.199s] DEBUG:colcon.colcon_core.package_identification:Package 'src/ros2_control_demos/example_2' with type 'ros.ament_cmake' and name 'ros2_control_demo_example_2'
[0.199s] Level 1:colcon.colcon_core.package_identification:_identify(src/ros2_control_demos/example_3) by extensions ['ignore', 'ignore_ament_install']
[0.199s] Level 1:colcon.colcon_core.package_identification:_identify(src/ros2_control_demos/example_3) by extension 'ignore'
[0.199s] Level 1:colcon.colcon_core.package_identification:_identify(src/ros2_control_demos/example_3) by extension 'ignore_ament_install'
[0.199s] Level 1:colcon.colcon_core.package_identification:_identify(src/ros2_control_demos/example_3) by extensions ['colcon_pkg']
[0.199s] Level 1:colcon.colcon_core.package_identification:_identify(src/ros2_control_demos/example_3) by extension 'colcon_pkg'
[0.199s] Level 1:colcon.colcon_core.package_identification:_identify(src/ros2_control_demos/example_3) by extensions ['colcon_meta']
[0.199s] Level 1:colcon.colcon_core.package_identification:_identify(src/ros2_control_demos/example_3) by extension 'colcon_meta'
[0.199s] Level 1:colcon.colcon_core.package_identification:_identify(src/ros2_control_demos/example_3) by extensions ['ros']
[0.199s] Level 1:colcon.colcon_core.package_identification:_identify(src/ros2_control_demos/example_3) by extension 'ros'
[0.200s] DEBUG:colcon.colcon_core.package_identification:Package 'src/ros2_control_demos/example_3' with type 'ros.ament_cmake' and name 'ros2_control_demo_example_3'
[0.201s] Level 1:colcon.colcon_core.package_identification:_identify(src/ros2_control_demos/example_4) by extensions ['ignore', 'ignore_ament_install']
[0.201s] Level 1:colcon.colcon_core.package_identification:_identify(src/ros2_control_demos/example_4) by extension 'ignore'
[0.201s] Level 1:colcon.colcon_core.package_identification:_identify(src/ros2_control_demos/example_4) by extension 'ignore_ament_install'
[0.201s] Level 1:colcon.colcon_core.package_identification:_identify(src/ros2_control_demos/example_4) by extensions ['colcon_pkg']
[0.201s] Level 1:colcon.colcon_core.package_identification:_identify(src/ros2_control_demos/example_4) by extension 'colcon_pkg'
[0.201s] Level 1:colcon.colcon_core.package_identification:_identify(src/ros2_control_demos/example_4) by extensions ['colcon_meta']
[0.201s] Level 1:colcon.colcon_core.package_identification:_identify(src/ros2_control_demos/example_4) by extension 'colcon_meta'
[0.201s] Level 1:colcon.colcon_core.package_identification:_identify(src/ros2_control_demos/example_4) by extensions ['ros']
[0.201s] Level 1:colcon.colcon_core.package_identification:_identify(src/ros2_control_demos/example_4) by extension 'ros'
[0.202s] DEBUG:colcon.colcon_core.package_identification:Package 'src/ros2_control_demos/example_4' with type 'ros.ament_cmake' and name 'ros2_control_demo_example_4'
[0.202s] Level 1:colcon.colcon_core.package_identification:_identify(src/ros2_control_demos/example_5) by extensions ['ignore', 'ignore_ament_install']
[0.202s] Level 1:colcon.colcon_core.package_identification:_identify(src/ros2_control_demos/example_5) by extension 'ignore'
[0.202s] Level 1:colcon.colcon_core.package_identification:_identify(src/ros2_control_demos/example_5) by extension 'ignore_ament_install'
[0.202s] Level 1:colcon.colcon_core.package_identification:_identify(src/ros2_control_demos/example_5) by extensions ['colcon_pkg']
[0.202s] Level 1:colcon.colcon_core.package_identification:_identify(src/ros2_control_demos/example_5) by extension 'colcon_pkg'
[0.202s] Level 1:colcon.colcon_core.package_identification:_identify(src/ros2_control_demos/example_5) by extensions ['colcon_meta']
[0.202s] Level 1:colcon.colcon_core.package_identification:_identify(src/ros2_control_demos/example_5) by extension 'colcon_meta'
[0.202s] Level 1:colcon.colcon_core.package_identification:_identify(src/ros2_control_demos/example_5) by extensions ['ros']
[0.202s] Level 1:colcon.colcon_core.package_identification:_identify(src/ros2_control_demos/example_5) by extension 'ros'
[0.203s] DEBUG:colcon.colcon_core.package_identification:Package 'src/ros2_control_demos/example_5' with type 'ros.ament_cmake' and name 'ros2_control_demo_example_5'
[0.203s] Level 1:colcon.colcon_core.package_identification:_identify(src/ros2_control_demos/example_6) by extensions ['ignore', 'ignore_ament_install']
[0.203s] Level 1:colcon.colcon_core.package_identification:_identify(src/ros2_control_demos/example_6) by extension 'ignore'
[0.203s] Level 1:colcon.colcon_core.package_identification:_identify(src/ros2_control_demos/example_6) by extension 'ignore_ament_install'
[0.203s] Level 1:colcon.colcon_core.package_identification:_identify(src/ros2_control_demos/example_6) by extensions ['colcon_pkg']
[0.203s] Level 1:colcon.colcon_core.package_identification:_identify(src/ros2_control_demos/example_6) by extension 'colcon_pkg'
[0.204s] Level 1:colcon.colcon_core.package_identification:_identify(src/ros2_control_demos/example_6) by extensions ['colcon_meta']
[0.204s] Level 1:colcon.colcon_core.package_identification:_identify(src/ros2_control_demos/example_6) by extension 'colcon_meta'
[0.204s] Level 1:colcon.colcon_core.package_identification:_identify(src/ros2_control_demos/example_6) by extensions ['ros']
[0.204s] Level 1:colcon.colcon_core.package_identification:_identify(src/ros2_control_demos/example_6) by extension 'ros'
[0.204s] DEBUG:colcon.colcon_core.package_identification:Package 'src/ros2_control_demos/example_6' with type 'ros.ament_cmake' and name 'ros2_control_demo_example_6'
[0.205s] Level 1:colcon.colcon_core.package_identification:_identify(src/ros2_control_demos/example_7) by extensions ['ignore', 'ignore_ament_install']
[0.205s] Level 1:colcon.colcon_core.package_identification:_identify(src/ros2_control_demos/example_7) by extension 'ignore'
[0.205s] Level 1:colcon.colcon_core.package_identification:_identify(src/ros2_control_demos/example_7) by extension 'ignore_ament_install'
[0.205s] Level 1:colcon.colcon_core.package_identification:_identify(src/ros2_control_demos/example_7) by extensions ['colcon_pkg']
[0.205s] Level 1:colcon.colcon_core.package_identification:_identify(src/ros2_control_demos/example_7) by extension 'colcon_pkg'
[0.205s] Level 1:colcon.colcon_core.package_identification:_identify(src/ros2_control_demos/example_7) by extensions ['colcon_meta']
[0.205s] Level 1:colcon.colcon_core.package_identification:_identify(src/ros2_control_demos/example_7) by extension 'colcon_meta'
[0.205s] Level 1:colcon.colcon_core.package_identification:_identify(src/ros2_control_demos/example_7) by extensions ['ros']
[0.205s] Level 1:colcon.colcon_core.package_identification:_identify(src/ros2_control_demos/example_7) by extension 'ros'
[0.206s] DEBUG:colcon.colcon_core.package_identification:Package 'src/ros2_control_demos/example_7' with type 'ros.ament_cmake' and name 'ros2_control_demo_example_7'
[0.206s] Level 1:colcon.colcon_core.package_identification:_identify(src/ros2_control_demos/example_8) by extensions ['ignore', 'ignore_ament_install']
[0.206s] Level 1:colcon.colcon_core.package_identification:_identify(src/ros2_control_demos/example_8) by extension 'ignore'
[0.206s] Level 1:colcon.colcon_core.package_identification:_identify(src/ros2_control_demos/example_8) by extension 'ignore_ament_install'
[0.207s] Level 1:colcon.colcon_core.package_identification:_identify(src/ros2_control_demos/example_8) by extensions ['colcon_pkg']
[0.207s] Level 1:colcon.colcon_core.package_identification:_identify(src/ros2_control_demos/example_8) by extension 'colcon_pkg'
[0.207s] Level 1:colcon.colcon_core.package_identification:_identify(src/ros2_control_demos/example_8) by extensions ['colcon_meta']
[0.207s] Level 1:colcon.colcon_core.package_identification:_identify(src/ros2_control_demos/example_8) by extension 'colcon_meta'
[0.207s] Level 1:colcon.colcon_core.package_identification:_identify(src/ros2_control_demos/example_8) by extensions ['ros']
[0.207s] Level 1:colcon.colcon_core.package_identification:_identify(src/ros2_control_demos/example_8) by extension 'ros'
[0.208s] DEBUG:colcon.colcon_core.package_identification:Package 'src/ros2_control_demos/example_8' with type 'ros.ament_cmake' and name 'ros2_control_demo_example_8'
[0.208s] Level 1:colcon.colcon_core.package_identification:_identify(src/ros2_control_demos/example_9) by extensions ['ignore', 'ignore_ament_install']
[0.208s] Level 1:colcon.colcon_core.package_identification:_identify(src/ros2_control_demos/example_9) by extension 'ignore'
[0.208s] Level 1:colcon.colcon_core.package_identification:_identify(src/ros2_control_demos/example_9) by extension 'ignore_ament_install'
[0.208s] Level 1:colcon.colcon_core.package_identification:_identify(src/ros2_control_demos/example_9) by extensions ['colcon_pkg']
[0.208s] Level 1:colcon.colcon_core.package_identification:_identify(src/ros2_control_demos/example_9) by extension 'colcon_pkg'
[0.208s] Level 1:colcon.colcon_core.package_identification:_identify(src/ros2_control_demos/example_9) by extensions ['colcon_meta']
[0.208s] Level 1:colcon.colcon_core.package_identification:_identify(src/ros2_control_demos/example_9) by extension 'colcon_meta'
[0.208s] Level 1:colcon.colcon_core.package_identification:_identify(src/ros2_control_demos/example_9) by extensions ['ros']
[0.208s] Level 1:colcon.colcon_core.package_identification:_identify(src/ros2_control_demos/example_9) by extension 'ros'
[0.209s] DEBUG:colcon.colcon_core.package_identification:Package 'src/ros2_control_demos/example_9' with type 'ros.ament_cmake' and name 'ros2_control_demo_example_9'
[0.209s] Level 1:colcon.colcon_core.package_identification:_identify(src/ros2_control_demos/ros2_control_demo_description) by extensions ['ignore', 'ignore_ament_install']
[0.209s] Level 1:colcon.colcon_core.package_identification:_identify(src/ros2_control_demos/ros2_control_demo_description) by extension 'ignore'
[0.209s] Level 1:colcon.colcon_core.package_identification:_identify(src/ros2_control_demos/ros2_control_demo_description) by extension 'ignore_ament_install'
[0.209s] Level 1:colcon.colcon_core.package_identification:_identify(src/ros2_control_demos/ros2_control_demo_description) by extensions ['colcon_pkg']
[0.209s] Level 1:colcon.colcon_core.package_identification:_identify(src/ros2_control_demos/ros2_control_demo_description) by extension 'colcon_pkg'
[0.209s] Level 1:colcon.colcon_core.package_identification:_identify(src/ros2_control_demos/ros2_control_demo_description) by extensions ['colcon_meta']
[0.209s] Level 1:colcon.colcon_core.package_identification:_identify(src/ros2_control_demos/ros2_control_demo_description) by extension 'colcon_meta'
[0.210s] Level 1:colcon.colcon_core.package_identification:_identify(src/ros2_control_demos/ros2_control_demo_description) by extensions ['ros']
[0.210s] Level 1:colcon.colcon_core.package_identification:_identify(src/ros2_control_demos/ros2_control_demo_description) by extension 'ros'
[0.210s] DEBUG:colcon.colcon_core.package_identification:Package 'src/ros2_control_demos/ros2_control_demo_description' with type 'ros.ament_cmake' and name 'ros2_control_demo_description'
[0.210s] Level 1:colcon.colcon_core.package_identification:_identify(src/ros2_control_demos/ros2_control_demos) by extensions ['ignore', 'ignore_ament_install']
[0.210s] Level 1:colcon.colcon_core.package_identification:_identify(src/ros2_control_demos/ros2_control_demos) by extension 'ignore'
[0.210s] Level 1:colcon.colcon_core.package_identification:_identify(src/ros2_control_demos/ros2_control_demos) by extension 'ignore_ament_install'
[0.210s] Level 1:colcon.colcon_core.package_identification:_identify(src/ros2_control_demos/ros2_control_demos) by extensions ['colcon_pkg']
[0.210s] Level 1:colcon.colcon_core.package_identification:_identify(src/ros2_control_demos/ros2_control_demos) by extension 'colcon_pkg'
[0.210s] Level 1:colcon.colcon_core.package_identification:_identify(src/ros2_control_demos/ros2_control_demos) by extensions ['colcon_meta']
[0.210s] Level 1:colcon.colcon_core.package_identification:_identify(src/ros2_control_demos/ros2_control_demos) by extension 'colcon_meta'
[0.210s] Level 1:colcon.colcon_core.package_identification:_identify(src/ros2_control_demos/ros2_control_demos) by extensions ['ros']
[0.210s] Level 1:colcon.colcon_core.package_identification:_identify(src/ros2_control_demos/ros2_control_demos) by extension 'ros'
[0.211s] DEBUG:colcon.colcon_core.package_identification:Package 'src/ros2_control_demos/ros2_control_demos' with type 'ros.ament_cmake' and name 'ros2_control_demos'
[0.211s] Level 1:colcon.colcon_core.package_identification:_identify(src/ros2_controllers) by extensions ['ignore', 'ignore_ament_install']
[0.211s] Level 1:colcon.colcon_core.package_identification:_identify(src/ros2_controllers) by extension 'ignore'
[0.211s] Level 1:colcon.colcon_core.package_identification:_identify(src/ros2_controllers) by extension 'ignore_ament_install'
[0.211s] Level 1:colcon.colcon_core.package_identification:_identify(src/ros2_controllers) by extensions ['colcon_pkg']
[0.211s] Level 1:colcon.colcon_core.package_identification:_identify(src/ros2_controllers) by extension 'colcon_pkg'
[0.211s] Level 1:colcon.colcon_core.package_identification:_identify(src/ros2_controllers) by extensions ['colcon_meta']
[0.211s] Level 1:colcon.colcon_core.package_identification:_identify(src/ros2_controllers) by extension 'colcon_meta'
[0.211s] Level 1:colcon.colcon_core.package_identification:_identify(src/ros2_controllers) by extensions ['ros']
[0.211s] Level 1:colcon.colcon_core.package_identification:_identify(src/ros2_controllers) by extension 'ros'
[0.212s] Level 1:colcon.colcon_core.package_identification:_identify(src/ros2_controllers) by extensions ['cmake', 'python']
[0.212s] Level 1:colcon.colcon_core.package_identification:_identify(src/ros2_controllers) by extension 'cmake'
[0.212s] Level 1:colcon.colcon_core.package_identification:_identify(src/ros2_controllers) by extension 'python'
[0.212s] Level 1:colcon.colcon_core.package_identification:_identify(src/ros2_controllers) by extensions ['python_setup_py']
[0.212s] Level 1:colcon.colcon_core.package_identification:_identify(src/ros2_controllers) by extension 'python_setup_py'
[0.212s] Level 1:colcon.colcon_core.package_identification:_identify(src/ros2_controllers/ackermann_steering_controller) by extensions ['ignore', 'ignore_ament_install']
[0.212s] Level 1:colcon.colcon_core.package_identification:_identify(src/ros2_controllers/ackermann_steering_controller) by extension 'ignore'
[0.212s] Level 1:colcon.colcon_core.package_identification:_identify(src/ros2_controllers/ackermann_steering_controller) by extension 'ignore_ament_install'
[0.212s] Level 1:colcon.colcon_core.package_identification:_identify(src/ros2_controllers/ackermann_steering_controller) by extensions ['colcon_pkg']
[0.212s] Level 1:colcon.colcon_core.package_identification:_identify(src/ros2_controllers/ackermann_steering_controller) by extension 'colcon_pkg'
[0.212s] Level 1:colcon.colcon_core.package_identification:_identify(src/ros2_controllers/ackermann_steering_controller) by extensions ['colcon_meta']
[0.212s] Level 1:colcon.colcon_core.package_identification:_identify(src/ros2_controllers/ackermann_steering_controller) by extension 'colcon_meta'
[0.212s] Level 1:colcon.colcon_core.package_identification:_identify(src/ros2_controllers/ackermann_steering_controller) by extensions ['ros']
[0.212s] Level 1:colcon.colcon_core.package_identification:_identify(src/ros2_controllers/ackermann_steering_controller) by extension 'ros'
[0.213s] DEBUG:colcon.colcon_core.package_identification:Package 'src/ros2_controllers/ackermann_steering_controller' with type 'ros.ament_cmake' and name 'ackermann_steering_controller'
[0.213s] Level 1:colcon.colcon_core.package_identification:_identify(src/ros2_controllers/admittance_controller) by extensions ['ignore', 'ignore_ament_install']
[0.213s] Level 1:colcon.colcon_core.package_identification:_identify(src/ros2_controllers/admittance_controller) by extension 'ignore'
[0.213s] Level 1:colcon.colcon_core.package_identification:_identify(src/ros2_controllers/admittance_controller) by extension 'ignore_ament_install'
[0.213s] Level 1:colcon.colcon_core.package_identification:_identify(src/ros2_controllers/admittance_controller) by extensions ['colcon_pkg']
[0.213s] Level 1:colcon.colcon_core.package_identification:_identify(src/ros2_controllers/admittance_controller) by extension 'colcon_pkg'
[0.213s] Level 1:colcon.colcon_core.package_identification:_identify(src/ros2_controllers/admittance_controller) by extensions ['colcon_meta']
[0.213s] Level 1:colcon.colcon_core.package_identification:_identify(src/ros2_controllers/admittance_controller) by extension 'colcon_meta'
[0.214s] Level 1:colcon.colcon_core.package_identification:_identify(src/ros2_controllers/admittance_controller) by extensions ['ros']
[0.214s] Level 1:colcon.colcon_core.package_identification:_identify(src/ros2_controllers/admittance_controller) by extension 'ros'
[0.215s] DEBUG:colcon.colcon_core.package_identification:Package 'src/ros2_controllers/admittance_controller' with type 'ros.ament_cmake' and name 'admittance_controller'
[0.215s] Level 1:colcon.colcon_core.package_identification:_identify(src/ros2_controllers/bicycle_steering_controller) by extensions ['ignore', 'ignore_ament_install']
[0.215s] Level 1:colcon.colcon_core.package_identification:_identify(src/ros2_controllers/bicycle_steering_controller) by extension 'ignore'
[0.216s] Level 1:colcon.colcon_core.package_identification:_identify(src/ros2_controllers/bicycle_steering_controller) by extension 'ignore_ament_install'
[0.216s] Level 1:colcon.colcon_core.package_identification:_identify(src/ros2_controllers/bicycle_steering_controller) by extensions ['colcon_pkg']
[0.216s] Level 1:colcon.colcon_core.package_identification:_identify(src/ros2_controllers/bicycle_steering_controller) by extension 'colcon_pkg'
[0.216s] Level 1:colcon.colcon_core.package_identification:_identify(src/ros2_controllers/bicycle_steering_controller) by extensions ['colcon_meta']
[0.216s] Level 1:colcon.colcon_core.package_identification:_identify(src/ros2_controllers/bicycle_steering_controller) by extension 'colcon_meta'
[0.216s] Level 1:colcon.colcon_core.package_identification:_identify(src/ros2_controllers/bicycle_steering_controller) by extensions ['ros']
[0.216s] Level 1:colcon.colcon_core.package_identification:_identify(src/ros2_controllers/bicycle_steering_controller) by extension 'ros'
[0.217s] DEBUG:colcon.colcon_core.package_identification:Package 'src/ros2_controllers/bicycle_steering_controller' with type 'ros.ament_cmake' and name 'bicycle_steering_controller'
[0.217s] Level 1:colcon.colcon_core.package_identification:_identify(src/ros2_controllers/diff_drive_controller) by extensions ['ignore', 'ignore_ament_install']
[0.217s] Level 1:colcon.colcon_core.package_identification:_identify(src/ros2_controllers/diff_drive_controller) by extension 'ignore'
[0.217s] Level 1:colcon.colcon_core.package_identification:_identify(src/ros2_controllers/diff_drive_controller) by extension 'ignore_ament_install'
[0.217s] Level 1:colcon.colcon_core.package_identification:_identify(src/ros2_controllers/diff_drive_controller) by extensions ['colcon_pkg']
[0.217s] Level 1:colcon.colcon_core.package_identification:_identify(src/ros2_controllers/diff_drive_controller) by extension 'colcon_pkg'
[0.217s] Level 1:colcon.colcon_core.package_identification:_identify(src/ros2_controllers/diff_drive_controller) by extensions ['colcon_meta']
[0.217s] Level 1:colcon.colcon_core.package_identification:_identify(src/ros2_controllers/diff_drive_controller) by extension 'colcon_meta'
[0.217s] Level 1:colcon.colcon_core.package_identification:_identify(src/ros2_controllers/diff_drive_controller) by extensions ['ros']
[0.217s] Level 1:colcon.colcon_core.package_identification:_identify(src/ros2_controllers/diff_drive_controller) by extension 'ros'
[0.218s] DEBUG:colcon.colcon_core.package_identification:Package 'src/ros2_controllers/diff_drive_controller' with type 'ros.ament_cmake' and name 'diff_drive_controller'
[0.219s] Level 1:colcon.colcon_core.package_identification:_identify(src/ros2_controllers/doc) by extensions ['ignore', 'ignore_ament_install']
[0.219s] Level 1:colcon.colcon_core.package_identification:_identify(src/ros2_controllers/doc) by extension 'ignore'
[0.219s] Level 1:colcon.colcon_core.package_identification:_identify(src/ros2_controllers/doc) by extension 'ignore_ament_install'
[0.219s] Level 1:colcon.colcon_core.package_identification:_identify(src/ros2_controllers/doc) by extensions ['colcon_pkg']
[0.219s] Level 1:colcon.colcon_core.package_identification:_identify(src/ros2_controllers/doc) by extension 'colcon_pkg'
[0.219s] Level 1:colcon.colcon_core.package_identification:_identify(src/ros2_controllers/doc) by extensions ['colcon_meta']
[0.219s] Level 1:colcon.colcon_core.package_identification:_identify(src/ros2_controllers/doc) by extension 'colcon_meta'
[0.219s] Level 1:colcon.colcon_core.package_identification:_identify(src/ros2_controllers/doc) by extensions ['ros']
[0.219s] Level 1:colcon.colcon_core.package_identification:_identify(src/ros2_controllers/doc) by extension 'ros'
[0.219s] Level 1:colcon.colcon_core.package_identification:_identify(src/ros2_controllers/doc) by extensions ['cmake', 'python']
[0.219s] Level 1:colcon.colcon_core.package_identification:_identify(src/ros2_controllers/doc) by extension 'cmake'
[0.219s] Level 1:colcon.colcon_core.package_identification:_identify(src/ros2_controllers/doc) by extension 'python'
[0.219s] Level 1:colcon.colcon_core.package_identification:_identify(src/ros2_controllers/doc) by extensions ['python_setup_py']
[0.219s] Level 1:colcon.colcon_core.package_identification:_identify(src/ros2_controllers/doc) by extension 'python_setup_py'
[0.219s] Level 1:colcon.colcon_core.package_identification:_identify(src/ros2_controllers/doc/images) by extensions ['ignore', 'ignore_ament_install']
[0.219s] Level 1:colcon.colcon_core.package_identification:_identify(src/ros2_controllers/doc/images) by extension 'ignore'
[0.219s] Level 1:colcon.colcon_core.package_identification:_identify(src/ros2_controllers/doc/images) by extension 'ignore_ament_install'
[0.219s] Level 1:colcon.colcon_core.package_identification:_identify(src/ros2_controllers/doc/images) by extensions ['colcon_pkg']
[0.219s] Level 1:colcon.colcon_core.package_identification:_identify(src/ros2_controllers/doc/images) by extension 'colcon_pkg'
[0.219s] Level 1:colcon.colcon_core.package_identification:_identify(src/ros2_controllers/doc/images) by extensions ['colcon_meta']
[0.219s] Level 1:colcon.colcon_core.package_identification:_identify(src/ros2_controllers/doc/images) by extension 'colcon_meta'
[0.219s] Level 1:colcon.colcon_core.package_identification:_identify(src/ros2_controllers/doc/images) by extensions ['ros']
[0.219s] Level 1:colcon.colcon_core.package_identification:_identify(src/ros2_controllers/doc/images) by extension 'ros'
[0.220s] Level 1:colcon.colcon_core.package_identification:_identify(src/ros2_controllers/doc/images) by extensions ['cmake', 'python']
[0.220s] Level 1:colcon.colcon_core.package_identification:_identify(src/ros2_controllers/doc/images) by extension 'cmake'
[0.220s] Level 1:colcon.colcon_core.package_identification:_identify(src/ros2_controllers/doc/images) by extension 'python'
[0.220s] Level 1:colcon.colcon_core.package_identification:_identify(src/ros2_controllers/doc/images) by extensions ['python_setup_py']
[0.220s] Level 1:colcon.colcon_core.package_identification:_identify(src/ros2_controllers/doc/images) by extension 'python_setup_py'
[0.220s] Level 1:colcon.colcon_core.package_identification:_identify(src/ros2_controllers/effort_controllers) by extensions ['ignore', 'ignore_ament_install']
[0.220s] Level 1:colcon.colcon_core.package_identification:_identify(src/ros2_controllers/effort_controllers) by extension 'ignore'
[0.220s] Level 1:colcon.colcon_core.package_identification:_identify(src/ros2_controllers/effort_controllers) by extension 'ignore_ament_install'
[0.220s] Level 1:colcon.colcon_core.package_identification:_identify(src/ros2_controllers/effort_controllers) by extensions ['colcon_pkg']
[0.220s] Level 1:colcon.colcon_core.package_identification:_identify(src/ros2_controllers/effort_controllers) by extension 'colcon_pkg'
[0.220s] Level 1:colcon.colcon_core.package_identification:_identify(src/ros2_controllers/effort_controllers) by extensions ['colcon_meta']
[0.220s] Level 1:colcon.colcon_core.package_identification:_identify(src/ros2_controllers/effort_controllers) by extension 'colcon_meta'
[0.220s] Level 1:colcon.colcon_core.package_identification:_identify(src/ros2_controllers/effort_controllers) by extensions ['ros']
[0.220s] Level 1:colcon.colcon_core.package_identification:_identify(src/ros2_controllers/effort_controllers) by extension 'ros'
[0.221s] DEBUG:colcon.colcon_core.package_identification:Package 'src/ros2_controllers/effort_controllers' with type 'ros.ament_cmake' and name 'effort_controllers'
[0.221s] Level 1:colcon.colcon_core.package_identification:_identify(src/ros2_controllers/force_torque_sensor_broadcaster) by extensions ['ignore', 'ignore_ament_install']
[0.221s] Level 1:colcon.colcon_core.package_identification:_identify(src/ros2_controllers/force_torque_sensor_broadcaster) by extension 'ignore'
[0.221s] Level 1:colcon.colcon_core.package_identification:_identify(src/ros2_controllers/force_torque_sensor_broadcaster) by extension 'ignore_ament_install'
[0.221s] Level 1:colcon.colcon_core.package_identification:_identify(src/ros2_controllers/force_torque_sensor_broadcaster) by extensions ['colcon_pkg']
[0.221s] Level 1:colcon.colcon_core.package_identification:_identify(src/ros2_controllers/force_torque_sensor_broadcaster) by extension 'colcon_pkg'
[0.221s] Level 1:colcon.colcon_core.package_identification:_identify(src/ros2_controllers/force_torque_sensor_broadcaster) by extensions ['colcon_meta']
[0.221s] Level 1:colcon.colcon_core.package_identification:_identify(src/ros2_controllers/force_torque_sensor_broadcaster) by extension 'colcon_meta'
[0.221s] Level 1:colcon.colcon_core.package_identification:_identify(src/ros2_controllers/force_torque_sensor_broadcaster) by extensions ['ros']
[0.221s] Level 1:colcon.colcon_core.package_identification:_identify(src/ros2_controllers/force_torque_sensor_broadcaster) by extension 'ros'
[0.222s] DEBUG:colcon.colcon_core.package_identification:Package 'src/ros2_controllers/force_torque_sensor_broadcaster' with type 'ros.ament_cmake' and name 'force_torque_sensor_broadcaster'
[0.222s] Level 1:colcon.colcon_core.package_identification:_identify(src/ros2_controllers/forward_command_controller) by extensions ['ignore', 'ignore_ament_install']
[0.223s] Level 1:colcon.colcon_core.package_identification:_identify(src/ros2_controllers/forward_command_controller) by extension 'ignore'
[0.223s] Level 1:colcon.colcon_core.package_identification:_identify(src/ros2_controllers/forward_command_controller) by extension 'ignore_ament_install'
[0.223s] Level 1:colcon.colcon_core.package_identification:_identify(src/ros2_controllers/forward_command_controller) by extensions ['colcon_pkg']
[0.223s] Level 1:colcon.colcon_core.package_identification:_identify(src/ros2_controllers/forward_command_controller) by extension 'colcon_pkg'
[0.223s] Level 1:colcon.colcon_core.package_identification:_identify(src/ros2_controllers/forward_command_controller) by extensions ['colcon_meta']
[0.223s] Level 1:colcon.colcon_core.package_identification:_identify(src/ros2_controllers/forward_command_controller) by extension 'colcon_meta'
[0.223s] Level 1:colcon.colcon_core.package_identification:_identify(src/ros2_controllers/forward_command_controller) by extensions ['ros']
[0.223s] Level 1:colcon.colcon_core.package_identification:_identify(src/ros2_controllers/forward_command_controller) by extension 'ros'
[0.224s] DEBUG:colcon.colcon_core.package_identification:Package 'src/ros2_controllers/forward_command_controller' with type 'ros.ament_cmake' and name 'forward_command_controller'
[0.224s] Level 1:colcon.colcon_core.package_identification:_identify(src/ros2_controllers/gpio_controllers) by extensions ['ignore', 'ignore_ament_install']
[0.224s] Level 1:colcon.colcon_core.package_identification:_identify(src/ros2_controllers/gpio_controllers) by extension 'ignore'
[0.224s] Level 1:colcon.colcon_core.package_identification:_identify(src/ros2_controllers/gpio_controllers) by extension 'ignore_ament_install'
[0.224s] Level 1:colcon.colcon_core.package_identification:_identify(src/ros2_controllers/gpio_controllers) by extensions ['colcon_pkg']
[0.224s] Level 1:colcon.colcon_core.package_identification:_identify(src/ros2_controllers/gpio_controllers) by extension 'colcon_pkg'
[0.224s] Level 1:colcon.colcon_core.package_identification:_identify(src/ros2_controllers/gpio_controllers) by extensions ['colcon_meta']
[0.224s] Level 1:colcon.colcon_core.package_identification:_identify(src/ros2_controllers/gpio_controllers) by extension 'colcon_meta'
[0.224s] Level 1:colcon.colcon_core.package_identification:_identify(src/ros2_controllers/gpio_controllers) by extensions ['ros']
[0.224s] Level 1:colcon.colcon_core.package_identification:_identify(src/ros2_controllers/gpio_controllers) by extension 'ros'
[0.225s] DEBUG:colcon.colcon_core.package_identification:Package 'src/ros2_controllers/gpio_controllers' with type 'ros.ament_cmake' and name 'gpio_controllers'
[0.225s] Level 1:colcon.colcon_core.package_identification:_identify(src/ros2_controllers/gripper_controllers) by extensions ['ignore', 'ignore_ament_install']
[0.225s] Level 1:colcon.colcon_core.package_identification:_identify(src/ros2_controllers/gripper_controllers) by extension 'ignore'
[0.225s] Level 1:colcon.colcon_core.package_identification:_identify(src/ros2_controllers/gripper_controllers) by extension 'ignore_ament_install'
[0.225s] Level 1:colcon.colcon_core.package_identification:_identify(src/ros2_controllers/gripper_controllers) by extensions ['colcon_pkg']
[0.225s] Level 1:colcon.colcon_core.package_identification:_identify(src/ros2_controllers/gripper_controllers) by extension 'colcon_pkg'
[0.226s] Level 1:colcon.colcon_core.package_identification:_identify(src/ros2_controllers/gripper_controllers) by extensions ['colcon_meta']
[0.226s] Level 1:colcon.colcon_core.package_identification:_identify(src/ros2_controllers/gripper_controllers) by extension 'colcon_meta'
[0.226s] Level 1:colcon.colcon_core.package_identification:_identify(src/ros2_controllers/gripper_controllers) by extensions ['ros']
[0.226s] Level 1:colcon.colcon_core.package_identification:_identify(src/ros2_controllers/gripper_controllers) by extension 'ros'
[0.227s] DEBUG:colcon.colcon_core.package_identification:Package 'src/ros2_controllers/gripper_controllers' with type 'ros.ament_cmake' and name 'gripper_controllers'
[0.227s] Level 1:colcon.colcon_core.package_identification:_identify(src/ros2_controllers/imu_sensor_broadcaster) by extensions ['ignore', 'ignore_ament_install']
[0.227s] Level 1:colcon.colcon_core.package_identification:_identify(src/ros2_controllers/imu_sensor_broadcaster) by extension 'ignore'
[0.227s] Level 1:colcon.colcon_core.package_identification:_identify(src/ros2_controllers/imu_sensor_broadcaster) by extension 'ignore_ament_install'
[0.227s] Level 1:colcon.colcon_core.package_identification:_identify(src/ros2_controllers/imu_sensor_broadcaster) by extensions ['colcon_pkg']
[0.227s] Level 1:colcon.colcon_core.package_identification:_identify(src/ros2_controllers/imu_sensor_broadcaster) by extension 'colcon_pkg'
[0.227s] Level 1:colcon.colcon_core.package_identification:_identify(src/ros2_controllers/imu_sensor_broadcaster) by extensions ['colcon_meta']
[0.227s] Level 1:colcon.colcon_core.package_identification:_identify(src/ros2_controllers/imu_sensor_broadcaster) by extension 'colcon_meta'
[0.227s] Level 1:colcon.colcon_core.package_identification:_identify(src/ros2_controllers/imu_sensor_broadcaster) by extensions ['ros']
[0.227s] Level 1:colcon.colcon_core.package_identification:_identify(src/ros2_controllers/imu_sensor_broadcaster) by extension 'ros'
[0.228s] DEBUG:colcon.colcon_core.package_identification:Package 'src/ros2_controllers/imu_sensor_broadcaster' with type 'ros.ament_cmake' and name 'imu_sensor_broadcaster'
[0.228s] Level 1:colcon.colcon_core.package_identification:_identify(src/ros2_controllers/joint_state_broadcaster) by extensions ['ignore', 'ignore_ament_install']
[0.228s] Level 1:colcon.colcon_core.package_identification:_identify(src/ros2_controllers/joint_state_broadcaster) by extension 'ignore'
[0.228s] Level 1:colcon.colcon_core.package_identification:_identify(src/ros2_controllers/joint_state_broadcaster) by extension 'ignore_ament_install'
[0.228s] Level 1:colcon.colcon_core.package_identification:_identify(src/ros2_controllers/joint_state_broadcaster) by extensions ['colcon_pkg']
[0.229s] Level 1:colcon.colcon_core.package_identification:_identify(src/ros2_controllers/joint_state_broadcaster) by extension 'colcon_pkg'
[0.229s] Level 1:colcon.colcon_core.package_identification:_identify(src/ros2_controllers/joint_state_broadcaster) by extensions ['colcon_meta']
[0.229s] Level 1:colcon.colcon_core.package_identification:_identify(src/ros2_controllers/joint_state_broadcaster) by extension 'colcon_meta'
[0.229s] Level 1:colcon.colcon_core.package_identification:_identify(src/ros2_controllers/joint_state_broadcaster) by extensions ['ros']
[0.229s] Level 1:colcon.colcon_core.package_identification:_identify(src/ros2_controllers/joint_state_broadcaster) by extension 'ros'
[0.230s] DEBUG:colcon.colcon_core.package_identification:Package 'src/ros2_controllers/joint_state_broadcaster' with type 'ros.ament_cmake' and name 'joint_state_broadcaster'
[0.230s] Level 1:colcon.colcon_core.package_identification:_identify(src/ros2_controllers/joint_trajectory_controller) by extensions ['ignore', 'ignore_ament_install']
[0.230s] Level 1:colcon.colcon_core.package_identification:_identify(src/ros2_controllers/joint_trajectory_controller) by extension 'ignore'
[0.230s] Level 1:colcon.colcon_core.package_identification:_identify(src/ros2_controllers/joint_trajectory_controller) by extension 'ignore_ament_install'
[0.230s] Level 1:colcon.colcon_core.package_identification:_identify(src/ros2_controllers/joint_trajectory_controller) by extensions ['colcon_pkg']
[0.230s] Level 1:colcon.colcon_core.package_identification:_identify(src/ros2_controllers/joint_trajectory_controller) by extension 'colcon_pkg'
[0.230s] Level 1:colcon.colcon_core.package_identification:_identify(src/ros2_controllers/joint_trajectory_controller) by extensions ['colcon_meta']
[0.230s] Level 1:colcon.colcon_core.package_identification:_identify(src/ros2_controllers/joint_trajectory_controller) by extension 'colcon_meta'
[0.230s] Level 1:colcon.colcon_core.package_identification:_identify(src/ros2_controllers/joint_trajectory_controller) by extensions ['ros']
[0.230s] Level 1:colcon.colcon_core.package_identification:_identify(src/ros2_controllers/joint_trajectory_controller) by extension 'ros'
[0.231s] DEBUG:colcon.colcon_core.package_identification:Package 'src/ros2_controllers/joint_trajectory_controller' with type 'ros.ament_cmake' and name 'joint_trajectory_controller'
[0.232s] Level 1:colcon.colcon_core.package_identification:_identify(src/ros2_controllers/mecanum_drive_controller) by extensions ['ignore', 'ignore_ament_install']
[0.232s] Level 1:colcon.colcon_core.package_identification:_identify(src/ros2_controllers/mecanum_drive_controller) by extension 'ignore'
[0.232s] Level 1:colcon.colcon_core.package_identification:_identify(src/ros2_controllers/mecanum_drive_controller) by extension 'ignore_ament_install'
[0.232s] Level 1:colcon.colcon_core.package_identification:_identify(src/ros2_controllers/mecanum_drive_controller) by extensions ['colcon_pkg']
[0.232s] Level 1:colcon.colcon_core.package_identification:_identify(src/ros2_controllers/mecanum_drive_controller) by extension 'colcon_pkg'
[0.232s] Level 1:colcon.colcon_core.package_identification:_identify(src/ros2_controllers/mecanum_drive_controller) by extensions ['colcon_meta']
[0.232s] Level 1:colcon.colcon_core.package_identification:_identify(src/ros2_controllers/mecanum_drive_controller) by extension 'colcon_meta'
[0.232s] Level 1:colcon.colcon_core.package_identification:_identify(src/ros2_controllers/mecanum_drive_controller) by extensions ['ros']
[0.232s] Level 1:colcon.colcon_core.package_identification:_identify(src/ros2_controllers/mecanum_drive_controller) by extension 'ros'
[0.233s] DEBUG:colcon.colcon_core.package_identification:Package 'src/ros2_controllers/mecanum_drive_controller' with type 'ros.ament_cmake' and name 'mecanum_drive_controller'
[0.234s] Level 1:colcon.colcon_core.package_identification:_identify(src/ros2_controllers/pid_controller) by extensions ['ignore', 'ignore_ament_install']
[0.234s] Level 1:colcon.colcon_core.package_identification:_identify(src/ros2_controllers/pid_controller) by extension 'ignore'
[0.234s] Level 1:colcon.colcon_core.package_identification:_identify(src/ros2_controllers/pid_controller) by extension 'ignore_ament_install'
[0.234s] Level 1:colcon.colcon_core.package_identification:_identify(src/ros2_controllers/pid_controller) by extensions ['colcon_pkg']
[0.234s] Level 1:colcon.colcon_core.package_identification:_identify(src/ros2_controllers/pid_controller) by extension 'colcon_pkg'
[0.234s] Level 1:colcon.colcon_core.package_identification:_identify(src/ros2_controllers/pid_controller) by extensions ['colcon_meta']
[0.234s] Level 1:colcon.colcon_core.package_identification:_identify(src/ros2_controllers/pid_controller) by extension 'colcon_meta'
[0.234s] Level 1:colcon.colcon_core.package_identification:_identify(src/ros2_controllers/pid_controller) by extensions ['ros']
[0.234s] Level 1:colcon.colcon_core.package_identification:_identify(src/ros2_controllers/pid_controller) by extension 'ros'
[0.236s] DEBUG:colcon.colcon_core.package_identification:Package 'src/ros2_controllers/pid_controller' with type 'ros.ament_cmake' and name 'pid_controller'
[0.236s] Level 1:colcon.colcon_core.package_identification:_identify(src/ros2_controllers/pose_broadcaster) by extensions ['ignore', 'ignore_ament_install']
[0.236s] Level 1:colcon.colcon_core.package_identification:_identify(src/ros2_controllers/pose_broadcaster) by extension 'ignore'
[0.236s] Level 1:colcon.colcon_core.package_identification:_identify(src/ros2_controllers/pose_broadcaster) by extension 'ignore_ament_install'
[0.236s] Level 1:colcon.colcon_core.package_identification:_identify(src/ros2_controllers/pose_broadcaster) by extensions ['colcon_pkg']
[0.236s] Level 1:colcon.colcon_core.package_identification:_identify(src/ros2_controllers/pose_broadcaster) by extension 'colcon_pkg'
[0.237s] Level 1:colcon.colcon_core.package_identification:_identify(src/ros2_controllers/pose_broadcaster) by extensions ['colcon_meta']
[0.237s] Level 1:colcon.colcon_core.package_identification:_identify(src/ros2_controllers/pose_broadcaster) by extension 'colcon_meta'
[0.237s] Level 1:colcon.colcon_core.package_identification:_identify(src/ros2_controllers/pose_broadcaster) by extensions ['ros']
[0.237s] Level 1:colcon.colcon_core.package_identification:_identify(src/ros2_controllers/pose_broadcaster) by extension 'ros'
[0.238s] DEBUG:colcon.colcon_core.package_identification:Package 'src/ros2_controllers/pose_broadcaster' with type 'ros.ament_cmake' and name 'pose_broadcaster'
[0.238s] Level 1:colcon.colcon_core.package_identification:_identify(src/ros2_controllers/position_controllers) by extensions ['ignore', 'ignore_ament_install']
[0.238s] Level 1:colcon.colcon_core.package_identification:_identify(src/ros2_controllers/position_controllers) by extension 'ignore'
[0.238s] Level 1:colcon.colcon_core.package_identification:_identify(src/ros2_controllers/position_controllers) by extension 'ignore_ament_install'
[0.238s] Level 1:colcon.colcon_core.package_identification:_identify(src/ros2_controllers/position_controllers) by extensions ['colcon_pkg']
[0.238s] Level 1:colcon.colcon_core.package_identification:_identify(src/ros2_controllers/position_controllers) by extension 'colcon_pkg'
[0.238s] Level 1:colcon.colcon_core.package_identification:_identify(src/ros2_controllers/position_controllers) by extensions ['colcon_meta']
[0.238s] Level 1:colcon.colcon_core.package_identification:_identify(src/ros2_controllers/position_controllers) by extension 'colcon_meta'
[0.238s] Level 1:colcon.colcon_core.package_identification:_identify(src/ros2_controllers/position_controllers) by extensions ['ros']
[0.238s] Level 1:colcon.colcon_core.package_identification:_identify(src/ros2_controllers/position_controllers) by extension 'ros'
[0.239s] DEBUG:colcon.colcon_core.package_identification:Package 'src/ros2_controllers/position_controllers' with type 'ros.ament_cmake' and name 'position_controllers'
[0.239s] Level 1:colcon.colcon_core.package_identification:_identify(src/ros2_controllers/range_sensor_broadcaster) by extensions ['ignore', 'ignore_ament_install']
[0.239s] Level 1:colcon.colcon_core.package_identification:_identify(src/ros2_controllers/range_sensor_broadcaster) by extension 'ignore'
[0.239s] Level 1:colcon.colcon_core.package_identification:_identify(src/ros2_controllers/range_sensor_broadcaster) by extension 'ignore_ament_install'
[0.239s] Level 1:colcon.colcon_core.package_identification:_identify(src/ros2_controllers/range_sensor_broadcaster) by extensions ['colcon_pkg']
[0.239s] Level 1:colcon.colcon_core.package_identification:_identify(src/ros2_controllers/range_sensor_broadcaster) by extension 'colcon_pkg'
[0.239s] Level 1:colcon.colcon_core.package_identification:_identify(src/ros2_controllers/range_sensor_broadcaster) by extensions ['colcon_meta']
[0.239s] Level 1:colcon.colcon_core.package_identification:_identify(src/ros2_controllers/range_sensor_broadcaster) by extension 'colcon_meta'
[0.239s] Level 1:colcon.colcon_core.package_identification:_identify(src/ros2_controllers/range_sensor_broadcaster) by extensions ['ros']
[0.239s] Level 1:colcon.colcon_core.package_identification:_identify(src/ros2_controllers/range_sensor_broadcaster) by extension 'ros'
[0.240s] DEBUG:colcon.colcon_core.package_identification:Package 'src/ros2_controllers/range_sensor_broadcaster' with type 'ros.ament_cmake' and name 'range_sensor_broadcaster'
[0.240s] Level 1:colcon.colcon_core.package_identification:_identify(src/ros2_controllers/ros2_controllers) by extensions ['ignore', 'ignore_ament_install']
[0.241s] Level 1:colcon.colcon_core.package_identification:_identify(src/ros2_controllers/ros2_controllers) by extension 'ignore'
[0.241s] Level 1:colcon.colcon_core.package_identification:_identify(src/ros2_controllers/ros2_controllers) by extension 'ignore_ament_install'
[0.241s] Level 1:colcon.colcon_core.package_identification:_identify(src/ros2_controllers/ros2_controllers) by extensions ['colcon_pkg']
[0.241s] Level 1:colcon.colcon_core.package_identification:_identify(src/ros2_controllers/ros2_controllers) by extension 'colcon_pkg'
[0.241s] Level 1:colcon.colcon_core.package_identification:_identify(src/ros2_controllers/ros2_controllers) by extensions ['colcon_meta']
[0.241s] Level 1:colcon.colcon_core.package_identification:_identify(src/ros2_controllers/ros2_controllers) by extension 'colcon_meta'
[0.241s] Level 1:colcon.colcon_core.package_identification:_identify(src/ros2_controllers/ros2_controllers) by extensions ['ros']
[0.241s] Level 1:colcon.colcon_core.package_identification:_identify(src/ros2_controllers/ros2_controllers) by extension 'ros'
[0.242s] DEBUG:colcon.colcon_core.package_identification:Package 'src/ros2_controllers/ros2_controllers' with type 'ros.ament_cmake' and name 'ros2_controllers'
[0.242s] Level 1:colcon.colcon_core.package_identification:_identify(src/ros2_controllers/ros2_controllers_test_nodes) by extensions ['ignore', 'ignore_ament_install']
[0.242s] Level 1:colcon.colcon_core.package_identification:_identify(src/ros2_controllers/ros2_controllers_test_nodes) by extension 'ignore'
[0.242s] Level 1:colcon.colcon_core.package_identification:_identify(src/ros2_controllers/ros2_controllers_test_nodes) by extension 'ignore_ament_install'
[0.242s] Level 1:colcon.colcon_core.package_identification:_identify(src/ros2_controllers/ros2_controllers_test_nodes) by extensions ['colcon_pkg']
[0.242s] Level 1:colcon.colcon_core.package_identification:_identify(src/ros2_controllers/ros2_controllers_test_nodes) by extension 'colcon_pkg'
[0.242s] Level 1:colcon.colcon_core.package_identification:_identify(src/ros2_controllers/ros2_controllers_test_nodes) by extensions ['colcon_meta']
[0.242s] Level 1:colcon.colcon_core.package_identification:_identify(src/ros2_controllers/ros2_controllers_test_nodes) by extension 'colcon_meta'
[0.242s] Level 1:colcon.colcon_core.package_identification:_identify(src/ros2_controllers/ros2_controllers_test_nodes) by extensions ['ros']
[0.242s] Level 1:colcon.colcon_core.package_identification:_identify(src/ros2_controllers/ros2_controllers_test_nodes) by extension 'ros'
[0.243s] DEBUG:colcon.colcon_core.package_identification:Package 'src/ros2_controllers/ros2_controllers_test_nodes' with type 'ros.ament_python' and name 'ros2_controllers_test_nodes'
[0.243s] Level 1:colcon.colcon_core.package_identification:_identify(src/ros2_controllers/rqt_joint_trajectory_controller) by extensions ['ignore', 'ignore_ament_install']
[0.243s] Level 1:colcon.colcon_core.package_identification:_identify(src/ros2_controllers/rqt_joint_trajectory_controller) by extension 'ignore'
[0.243s] Level 1:colcon.colcon_core.package_identification:_identify(src/ros2_controllers/rqt_joint_trajectory_controller) by extension 'ignore_ament_install'
[0.243s] Level 1:colcon.colcon_core.package_identification:_identify(src/ros2_controllers/rqt_joint_trajectory_controller) by extensions ['colcon_pkg']
[0.243s] Level 1:colcon.colcon_core.package_identification:_identify(src/ros2_controllers/rqt_joint_trajectory_controller) by extension 'colcon_pkg'
[0.243s] Level 1:colcon.colcon_core.package_identification:_identify(src/ros2_controllers/rqt_joint_trajectory_controller) by extensions ['colcon_meta']
[0.243s] Level 1:colcon.colcon_core.package_identification:_identify(src/ros2_controllers/rqt_joint_trajectory_controller) by extension 'colcon_meta'
[0.243s] Level 1:colcon.colcon_core.package_identification:_identify(src/ros2_controllers/rqt_joint_trajectory_controller) by extensions ['ros']
[0.243s] Level 1:colcon.colcon_core.package_identification:_identify(src/ros2_controllers/rqt_joint_trajectory_controller) by extension 'ros'
[0.244s] DEBUG:colcon.colcon_core.package_identification:Package 'src/ros2_controllers/rqt_joint_trajectory_controller' with type 'ros.ament_python' and name 'rqt_joint_trajectory_controller'
[0.244s] Level 1:colcon.colcon_core.package_identification:_identify(src/ros2_controllers/steering_controllers_library) by extensions ['ignore', 'ignore_ament_install']
[0.244s] Level 1:colcon.colcon_core.package_identification:_identify(src/ros2_controllers/steering_controllers_library) by extension 'ignore'
[0.244s] Level 1:colcon.colcon_core.package_identification:_identify(src/ros2_controllers/steering_controllers_library) by extension 'ignore_ament_install'
[0.244s] Level 1:colcon.colcon_core.package_identification:_identify(src/ros2_controllers/steering_controllers_library) by extensions ['colcon_pkg']
[0.244s] Level 1:colcon.colcon_core.package_identification:_identify(src/ros2_controllers/steering_controllers_library) by extension 'colcon_pkg'
[0.244s] Level 1:colcon.colcon_core.package_identification:_identify(src/ros2_controllers/steering_controllers_library) by extensions ['colcon_meta']
[0.244s] Level 1:colcon.colcon_core.package_identification:_identify(src/ros2_controllers/steering_controllers_library) by extension 'colcon_meta'
[0.244s] Level 1:colcon.colcon_core.package_identification:_identify(src/ros2_controllers/steering_controllers_library) by extensions ['ros']
[0.244s] Level 1:colcon.colcon_core.package_identification:_identify(src/ros2_controllers/steering_controllers_library) by extension 'ros'
[0.246s] DEBUG:colcon.colcon_core.package_identification:Package 'src/ros2_controllers/steering_controllers_library' with type 'ros.ament_cmake' and name 'steering_controllers_library'
[0.246s] Level 1:colcon.colcon_core.package_identification:_identify(src/ros2_controllers/tricycle_controller) by extensions ['ignore', 'ignore_ament_install']
[0.246s] Level 1:colcon.colcon_core.package_identification:_identify(src/ros2_controllers/tricycle_controller) by extension 'ignore'
[0.246s] Level 1:colcon.colcon_core.package_identification:_identify(src/ros2_controllers/tricycle_controller) by extension 'ignore_ament_install'
[0.246s] Level 1:colcon.colcon_core.package_identification:_identify(src/ros2_controllers/tricycle_controller) by extensions ['colcon_pkg']
[0.246s] Level 1:colcon.colcon_core.package_identification:_identify(src/ros2_controllers/tricycle_controller) by extension 'colcon_pkg'
[0.246s] Level 1:colcon.colcon_core.package_identification:_identify(src/ros2_controllers/tricycle_controller) by extensions ['colcon_meta']
[0.247s] Level 1:colcon.colcon_core.package_identification:_identify(src/ros2_controllers/tricycle_controller) by extension 'colcon_meta'
[0.247s] Level 1:colcon.colcon_core.package_identification:_identify(src/ros2_controllers/tricycle_controller) by extensions ['ros']
[0.247s] Level 1:colcon.colcon_core.package_identification:_identify(src/ros2_controllers/tricycle_controller) by extension 'ros'
[0.248s] DEBUG:colcon.colcon_core.package_identification:Package 'src/ros2_controllers/tricycle_controller' with type 'ros.ament_cmake' and name 'tricycle_controller'
[0.248s] Level 1:colcon.colcon_core.package_identification:_identify(src/ros2_controllers/tricycle_steering_controller) by extensions ['ignore', 'ignore_ament_install']
[0.248s] Level 1:colcon.colcon_core.package_identification:_identify(src/ros2_controllers/tricycle_steering_controller) by extension 'ignore'
[0.248s] Level 1:colcon.colcon_core.package_identification:_identify(src/ros2_controllers/tricycle_steering_controller) by extension 'ignore_ament_install'
[0.248s] Level 1:colcon.colcon_core.package_identification:_identify(src/ros2_controllers/tricycle_steering_controller) by extensions ['colcon_pkg']
[0.248s] Level 1:colcon.colcon_core.package_identification:_identify(src/ros2_controllers/tricycle_steering_controller) by extension 'colcon_pkg'
[0.248s] Level 1:colcon.colcon_core.package_identification:_identify(src/ros2_controllers/tricycle_steering_controller) by extensions ['colcon_meta']
[0.248s] Level 1:colcon.colcon_core.package_identification:_identify(src/ros2_controllers/tricycle_steering_controller) by extension 'colcon_meta'
[0.248s] Level 1:colcon.colcon_core.package_identification:_identify(src/ros2_controllers/tricycle_steering_controller) by extensions ['ros']
[0.248s] Level 1:colcon.colcon_core.package_identification:_identify(src/ros2_controllers/tricycle_steering_controller) by extension 'ros'
[0.249s] DEBUG:colcon.colcon_core.package_identification:Package 'src/ros2_controllers/tricycle_steering_controller' with type 'ros.ament_cmake' and name 'tricycle_steering_controller'
[0.250s] Level 1:colcon.colcon_core.package_identification:_identify(src/ros2_controllers/velocity_controllers) by extensions ['ignore', 'ignore_ament_install']
[0.250s] Level 1:colcon.colcon_core.package_identification:_identify(src/ros2_controllers/velocity_controllers) by extension 'ignore'
[0.250s] Level 1:colcon.colcon_core.package_identification:_identify(src/ros2_controllers/velocity_controllers) by extension 'ignore_ament_install'
[0.250s] Level 1:colcon.colcon_core.package_identification:_identify(src/ros2_controllers/velocity_controllers) by extensions ['colcon_pkg']
[0.250s] Level 1:colcon.colcon_core.package_identification:_identify(src/ros2_controllers/velocity_controllers) by extension 'colcon_pkg'
[0.250s] Level 1:colcon.colcon_core.package_identification:_identify(src/ros2_controllers/velocity_controllers) by extensions ['colcon_meta']
[0.250s] Level 1:colcon.colcon_core.package_identification:_identify(src/ros2_controllers/velocity_controllers) by extension 'colcon_meta'
[0.250s] Level 1:colcon.colcon_core.package_identification:_identify(src/ros2_controllers/velocity_controllers) by extensions ['ros']
[0.250s] Level 1:colcon.colcon_core.package_identification:_identify(src/ros2_controllers/velocity_controllers) by extension 'ros'
[0.251s] DEBUG:colcon.colcon_core.package_identification:Package 'src/ros2_controllers/velocity_controllers' with type 'ros.ament_cmake' and name 'velocity_controllers'
[0.251s] Level 1:colcon.colcon_core.package_discovery:discover_packages(recursive) using defaults
[0.251s] Level 1:colcon.colcon_core.package_discovery:discover_packages(ignore) discover
[0.251s] Level 1:colcon.colcon_core.package_discovery:discover_packages(ignore) using defaults
[0.251s] Level 1:colcon.colcon_core.package_discovery:discover_packages(path) discover
[0.251s] Level 1:colcon.colcon_core.package_discovery:discover_packages(path) using defaults
[0.299s] Level 1:colcon.colcon_core.package_discovery:discover_packages(prefix_path) check parameters
[0.299s] Level 1:colcon.colcon_core.package_discovery:discover_packages(prefix_path) discover
[0.300s] WARNING:colcon.colcon_ros.prefix_path.ament:The path '/home/farah/ws_farah/install/ros2_controllers' in the environment variable AMENT_PREFIX_PATH doesn't exist
[0.300s] WARNING:colcon.colcon_ros.prefix_path.ament:The path '/home/farah/ws_farah/install/ros2_control_demos' in the environment variable AMENT_PREFIX_PATH doesn't exist
[0.300s] WARNING:colcon.colcon_ros.prefix_path.ament:The path '/home/farah/ws_farah/install/ros2_control_demo_example_3' in the environment variable AMENT_PREFIX_PATH doesn't exist
[0.300s] WARNING:colcon.colcon_ros.prefix_path.ament:The path '/home/farah/ws_farah/install/velocity_controllers' in the environment variable AMENT_PREFIX_PATH doesn't exist
[0.300s] WARNING:colcon.colcon_ros.prefix_path.ament:The path '/home/farah/ws_farah/install/tricycle_steering_controller' in the environment variable AMENT_PREFIX_PATH doesn't exist
[0.300s] WARNING:colcon.colcon_ros.prefix_path.ament:The path '/home/farah/ws_farah/install/tricycle_controller' in the environment variable AMENT_PREFIX_PATH doesn't exist
[0.300s] WARNING:colcon.colcon_ros.prefix_path.ament:The path '/home/farah/ws_farah/install/ros2_control_demo_example_8' in the environment variable AMENT_PREFIX_PATH doesn't exist
[0.300s] WARNING:colcon.colcon_ros.prefix_path.ament:The path '/home/farah/ws_farah/install/ros2_control' in the environment variable AMENT_PREFIX_PATH doesn't exist
[0.300s] WARNING:colcon.colcon_ros.prefix_path.ament:The path '/home/farah/ws_farah/install/transmission_interface' in the environment variable AMENT_PREFIX_PATH doesn't exist
[0.300s] WARNING:colcon.colcon_ros.prefix_path.ament:The path '/home/farah/ws_farah/install/temp_teleop' in the environment variable AMENT_PREFIX_PATH doesn't exist
[0.301s] WARNING:colcon.colcon_ros.prefix_path.ament:The path '/home/farah/ws_farah/install/ros2_control_demo_example_11' in the environment variable AMENT_PREFIX_PATH doesn't exist
[0.301s] WARNING:colcon.colcon_ros.prefix_path.ament:The path '/home/farah/ws_farah/install/bicycle_steering_controller' in the environment variable AMENT_PREFIX_PATH doesn't exist
[0.301s] WARNING:colcon.colcon_ros.prefix_path.ament:The path '/home/farah/ws_farah/install/ackermann_steering_controller' in the environment variable AMENT_PREFIX_PATH doesn't exist
[0.301s] WARNING:colcon.colcon_ros.prefix_path.ament:The path '/home/farah/ws_farah/install/steering_controllers_library' in the environment variable AMENT_PREFIX_PATH doesn't exist
[0.301s] WARNING:colcon.colcon_ros.prefix_path.ament:The path '/home/farah/ws_farah/install/ros2_control_demo_example_15' in the environment variable AMENT_PREFIX_PATH doesn't exist
[0.301s] WARNING:colcon.colcon_ros.prefix_path.ament:The path '/home/farah/ws_farah/install/ros2_control_demo_example_1' in the environment variable AMENT_PREFIX_PATH doesn't exist
[0.301s] WARNING:colcon.colcon_ros.prefix_path.ament:The path '/home/farah/ws_farah/install/rqt_joint_trajectory_controller' in the environment variable AMENT_PREFIX_PATH doesn't exist
[0.301s] WARNING:colcon.colcon_ros.prefix_path.ament:The path '/home/farah/ws_farah/install/rqt_controller_manager' in the environment variable AMENT_PREFIX_PATH doesn't exist
[0.301s] WARNING:colcon.colcon_ros.prefix_path.ament:The path '/home/farah/ws_farah/install/ros2_control_demo_example_9' in the environment variable AMENT_PREFIX_PATH doesn't exist
[0.301s] WARNING:colcon.colcon_ros.prefix_path.ament:The path '/home/farah/ws_farah/install/ros2_control_demo_example_7' in the environment variable AMENT_PREFIX_PATH doesn't exist
[0.301s] WARNING:colcon.colcon_ros.prefix_path.ament:The path '/home/farah/ws_farah/install/ros2_control_demo_example_6' in the environment variable AMENT_PREFIX_PATH doesn't exist
[0.301s] WARNING:colcon.colcon_ros.prefix_path.ament:The path '/home/farah/ws_farah/install/ros2_control_demo_example_13' in the environment variable AMENT_PREFIX_PATH doesn't exist
[0.301s] WARNING:colcon.colcon_ros.prefix_path.ament:The path '/home/farah/ws_farah/install/ros2_control_demo_example_5' in the environment variable AMENT_PREFIX_PATH doesn't exist
[0.301s] WARNING:colcon.colcon_ros.prefix_path.ament:The path '/home/farah/ws_farah/install/ros2_control_demo_example_4' in the environment variable AMENT_PREFIX_PATH doesn't exist
[0.301s] WARNING:colcon.colcon_ros.prefix_path.ament:The path '/home/farah/ws_farah/install/ros2_control_demo_example_2' in the environment variable AMENT_PREFIX_PATH doesn't exist
[0.301s] WARNING:colcon.colcon_ros.prefix_path.ament:The path '/home/farah/ws_farah/install/ros2_control_demo_example_14' in the environment variable AMENT_PREFIX_PATH doesn't exist
[0.301s] WARNING:colcon.colcon_ros.prefix_path.ament:The path '/home/farah/ws_farah/install/ros2_control_demo_example_12' in the environment variable AMENT_PREFIX_PATH doesn't exist
[0.301s] WARNING:colcon.colcon_ros.prefix_path.ament:The path '/home/farah/ws_farah/install/ros2_control_demo_example_10' in the environment variable AMENT_PREFIX_PATH doesn't exist
[0.301s] WARNING:colcon.colcon_ros.prefix_path.ament:The path '/home/farah/ws_farah/install/ros2controlcli' in the environment variable AMENT_PREFIX_PATH doesn't exist
[0.301s] WARNING:colcon.colcon_ros.prefix_path.ament:The path '/home/farah/ws_farah/install/ros2_controllers_test_nodes' in the environment variable AMENT_PREFIX_PATH doesn't exist
[0.301s] WARNING:colcon.colcon_ros.prefix_path.ament:The path '/home/farah/ws_farah/install/hardware_interface_testing' in the environment variable AMENT_PREFIX_PATH doesn't exist
[0.301s] WARNING:colcon.colcon_ros.prefix_path.ament:The path '/home/farah/ws_farah/install/ros2_control_test_assets' in the environment variable AMENT_PREFIX_PATH doesn't exist
[0.301s] WARNING:colcon.colcon_ros.prefix_path.ament:The path '/home/farah/ws_farah/install/ros2_control_demo_description' in the environment variable AMENT_PREFIX_PATH doesn't exist
[0.301s] WARNING:colcon.colcon_ros.prefix_path.ament:The path '/home/farah/ws_farah/install/range_sensor_broadcaster' in the environment variable AMENT_PREFIX_PATH doesn't exist
[0.301s] WARNING:colcon.colcon_ros.prefix_path.ament:The path '/home/farah/ws_farah/install/position_controllers' in the environment variable AMENT_PREFIX_PATH doesn't exist
[0.301s] WARNING:colcon.colcon_ros.prefix_path.ament:The path '/home/farah/ws_farah/install/pose_broadcaster' in the environment variable AMENT_PREFIX_PATH doesn't exist
[0.301s] WARNING:colcon.colcon_ros.prefix_path.ament:The path '/home/farah/ws_farah/install/pid_controller' in the environment variable AMENT_PREFIX_PATH doesn't exist
[0.301s] WARNING:colcon.colcon_ros.prefix_path.ament:The path '/home/farah/ws_farah/install/mecanum_drive_controller' in the environment variable AMENT_PREFIX_PATH doesn't exist
[0.301s] WARNING:colcon.colcon_ros.prefix_path.ament:The path '/home/farah/ws_farah/install/joint_trajectory_controller' in the environment variable AMENT_PREFIX_PATH doesn't exist
[0.301s] WARNING:colcon.colcon_ros.prefix_path.ament:The path '/home/farah/ws_farah/install/joint_state_broadcaster' in the environment variable AMENT_PREFIX_PATH doesn't exist
[0.301s] WARNING:colcon.colcon_ros.prefix_path.ament:The path '/home/farah/ws_farah/install/joint_limits' in the environment variable AMENT_PREFIX_PATH doesn't exist
[0.301s] WARNING:colcon.colcon_ros.prefix_path.ament:The path '/home/farah/ws_farah/install/imu_sensor_broadcaster' in the environment variable AMENT_PREFIX_PATH doesn't exist
[0.302s] WARNING:colcon.colcon_ros.prefix_path.ament:The path '/home/farah/ws_farah/install/gripper_controllers' in the environment variable AMENT_PREFIX_PATH doesn't exist
[0.302s] WARNING:colcon.colcon_ros.prefix_path.ament:The path '/home/farah/ws_farah/install/gpio_controllers' in the environment variable AMENT_PREFIX_PATH doesn't exist
[0.302s] WARNING:colcon.colcon_ros.prefix_path.ament:The path '/home/farah/ws_farah/install/effort_controllers' in the environment variable AMENT_PREFIX_PATH doesn't exist
[0.302s] WARNING:colcon.colcon_ros.prefix_path.ament:The path '/home/farah/ws_farah/install/forward_command_controller' in the environment variable AMENT_PREFIX_PATH doesn't exist
[0.302s] WARNING:colcon.colcon_ros.prefix_path.ament:The path '/home/farah/ws_farah/install/force_torque_sensor_broadcaster' in the environment variable AMENT_PREFIX_PATH doesn't exist
[0.302s] WARNING:colcon.colcon_ros.prefix_path.ament:The path '/home/farah/ws_farah/install/diff_drive_controller' in the environment variable AMENT_PREFIX_PATH doesn't exist
[0.302s] WARNING:colcon.colcon_ros.prefix_path.ament:The path '/home/farah/ws_farah/install/admittance_controller' in the environment variable AMENT_PREFIX_PATH doesn't exist
[0.302s] WARNING:colcon.colcon_ros.prefix_path.ament:The path '/home/farah/ws_farah/install/controller_interface' in the environment variable AMENT_PREFIX_PATH doesn't exist
[0.302s] WARNING:colcon.colcon_ros.prefix_path.ament:The path '/home/farah/ws_farah/install/hardware_interface' in the environment variable AMENT_PREFIX_PATH doesn't exist
[0.302s] WARNING:colcon.colcon_ros.prefix_path.ament:The path '/home/farah/ws_farah/install/controller_manager_msgs' in the environment variable AMENT_PREFIX_PATH doesn't exist
[0.302s] WARNING:colcon.colcon_ros.prefix_path.catkin:The path '/home/farah/ws_farah/install/libserial_vendor' in the environment variable CMAKE_PREFIX_PATH doesn't exist
[0.302s] WARNING:colcon.colcon_ros.prefix_path.catkin:The path '/home/farah/ws_farah/install/ros2_controllers' in the environment variable CMAKE_PREFIX_PATH doesn't exist
[0.302s] WARNING:colcon.colcon_ros.prefix_path.catkin:The path '/home/farah/ws_farah/install/ros2_control_demos' in the environment variable CMAKE_PREFIX_PATH doesn't exist
[0.302s] WARNING:colcon.colcon_ros.prefix_path.catkin:The path '/home/farah/ws_farah/install/ros2_control_demo_example_3' in the environment variable CMAKE_PREFIX_PATH doesn't exist
[0.302s] WARNING:colcon.colcon_ros.prefix_path.catkin:The path '/home/farah/ws_farah/install/velocity_controllers' in the environment variable CMAKE_PREFIX_PATH doesn't exist
[0.302s] WARNING:colcon.colcon_ros.prefix_path.catkin:The path '/home/farah/ws_farah/install/tricycle_steering_controller' in the environment variable CMAKE_PREFIX_PATH doesn't exist
[0.302s] WARNING:colcon.colcon_ros.prefix_path.catkin:The path '/home/farah/ws_farah/install/tricycle_controller' in the environment variable CMAKE_PREFIX_PATH doesn't exist
[0.302s] WARNING:colcon.colcon_ros.prefix_path.catkin:The path '/home/farah/ws_farah/install/ros2_control_demo_example_8' in the environment variable CMAKE_PREFIX_PATH doesn't exist
[0.302s] WARNING:colcon.colcon_ros.prefix_path.catkin:The path '/home/farah/ws_farah/install/ros2_control' in the environment variable CMAKE_PREFIX_PATH doesn't exist
[0.302s] WARNING:colcon.colcon_ros.prefix_path.catkin:The path '/home/farah/ws_farah/install/transmission_interface' in the environment variable CMAKE_PREFIX_PATH doesn't exist
[0.302s] WARNING:colcon.colcon_ros.prefix_path.catkin:The path '/home/farah/ws_farah/install/ros2_control_demo_example_11' in the environment variable CMAKE_PREFIX_PATH doesn't exist
[0.302s] WARNING:colcon.colcon_ros.prefix_path.catkin:The path '/home/farah/ws_farah/install/bicycle_steering_controller' in the environment variable CMAKE_PREFIX_PATH doesn't exist
[0.302s] WARNING:colcon.colcon_ros.prefix_path.catkin:The path '/home/farah/ws_farah/install/ackermann_steering_controller' in the environment variable CMAKE_PREFIX_PATH doesn't exist
[0.302s] WARNING:colcon.colcon_ros.prefix_path.catkin:The path '/home/farah/ws_farah/install/steering_controllers_library' in the environment variable CMAKE_PREFIX_PATH doesn't exist
[0.302s] WARNING:colcon.colcon_ros.prefix_path.catkin:The path '/home/farah/ws_farah/install/ros2_control_demo_example_15' in the environment variable CMAKE_PREFIX_PATH doesn't exist
[0.302s] WARNING:colcon.colcon_ros.prefix_path.catkin:The path '/home/farah/ws_farah/install/ros2_control_demo_example_1' in the environment variable CMAKE_PREFIX_PATH doesn't exist
[0.302s] WARNING:colcon.colcon_ros.prefix_path.catkin:The path '/home/farah/ws_farah/install/ros2_control_demo_example_9' in the environment variable CMAKE_PREFIX_PATH doesn't exist
[0.302s] WARNING:colcon.colcon_ros.prefix_path.catkin:The path '/home/farah/ws_farah/install/ros2_control_demo_example_7' in the environment variable CMAKE_PREFIX_PATH doesn't exist
[0.302s] WARNING:colcon.colcon_ros.prefix_path.catkin:The path '/home/farah/ws_farah/install/ros2_control_demo_example_6' in the environment variable CMAKE_PREFIX_PATH doesn't exist
[0.302s] WARNING:colcon.colcon_ros.prefix_path.catkin:The path '/home/farah/ws_farah/install/ros2_control_demo_example_13' in the environment variable CMAKE_PREFIX_PATH doesn't exist
[0.302s] WARNING:colcon.colcon_ros.prefix_path.catkin:The path '/home/farah/ws_farah/install/ros2_control_demo_example_5' in the environment variable CMAKE_PREFIX_PATH doesn't exist
[0.302s] WARNING:colcon.colcon_ros.prefix_path.catkin:The path '/home/farah/ws_farah/install/ros2_control_demo_example_4' in the environment variable CMAKE_PREFIX_PATH doesn't exist
[0.302s] WARNING:colcon.colcon_ros.prefix_path.catkin:The path '/home/farah/ws_farah/install/ros2_control_demo_example_2' in the environment variable CMAKE_PREFIX_PATH doesn't exist
[0.303s] WARNING:colcon.colcon_ros.prefix_path.catkin:The path '/home/farah/ws_farah/install/ros2_control_demo_example_14' in the environment variable CMAKE_PREFIX_PATH doesn't exist
[0.303s] WARNING:colcon.colcon_ros.prefix_path.catkin:The path '/home/farah/ws_farah/install/ros2_control_demo_example_12' in the environment variable CMAKE_PREFIX_PATH doesn't exist
[0.303s] WARNING:colcon.colcon_ros.prefix_path.catkin:The path '/home/farah/ws_farah/install/ros2_control_demo_example_10' in the environment variable CMAKE_PREFIX_PATH doesn't exist
[0.303s] WARNING:colcon.colcon_ros.prefix_path.catkin:The path '/home/farah/ws_farah/install/hardware_interface_testing' in the environment variable CMAKE_PREFIX_PATH doesn't exist
[0.303s] WARNING:colcon.colcon_ros.prefix_path.catkin:The path '/home/farah/ws_farah/install/ros2_control_test_assets' in the environment variable CMAKE_PREFIX_PATH doesn't exist
[0.303s] WARNING:colcon.colcon_ros.prefix_path.catkin:The path '/home/farah/ws_farah/install/ros2_control_demo_description' in the environment variable CMAKE_PREFIX_PATH doesn't exist
[0.303s] WARNING:colcon.colcon_ros.prefix_path.catkin:The path '/home/farah/ws_farah/install/range_sensor_broadcaster' in the environment variable CMAKE_PREFIX_PATH doesn't exist
[0.303s] WARNING:colcon.colcon_ros.prefix_path.catkin:The path '/home/farah/ws_farah/install/position_controllers' in the environment variable CMAKE_PREFIX_PATH doesn't exist
[0.303s] WARNING:colcon.colcon_ros.prefix_path.catkin:The path '/home/farah/ws_farah/install/pose_broadcaster' in the environment variable CMAKE_PREFIX_PATH doesn't exist
[0.303s] WARNING:colcon.colcon_ros.prefix_path.catkin:The path '/home/farah/ws_farah/install/pid_controller' in the environment variable CMAKE_PREFIX_PATH doesn't exist
[0.303s] WARNING:colcon.colcon_ros.prefix_path.catkin:The path '/home/farah/ws_farah/install/mecanum_drive_controller' in the environment variable CMAKE_PREFIX_PATH doesn't exist
[0.303s] WARNING:colcon.colcon_ros.prefix_path.catkin:The path '/home/farah/ws_farah/install/joint_trajectory_controller' in the environment variable CMAKE_PREFIX_PATH doesn't exist
[0.303s] WARNING:colcon.colcon_ros.prefix_path.catkin:The path '/home/farah/ws_farah/install/joint_state_broadcaster' in the environment variable CMAKE_PREFIX_PATH doesn't exist
[0.303s] WARNING:colcon.colcon_ros.prefix_path.catkin:The path '/home/farah/ws_farah/install/joint_limits' in the environment variable CMAKE_PREFIX_PATH doesn't exist
[0.303s] WARNING:colcon.colcon_ros.prefix_path.catkin:The path '/home/farah/ws_farah/install/imu_sensor_broadcaster' in the environment variable CMAKE_PREFIX_PATH doesn't exist
[0.303s] WARNING:colcon.colcon_ros.prefix_path.catkin:The path '/home/farah/ws_farah/install/gripper_controllers' in the environment variable CMAKE_PREFIX_PATH doesn't exist
[0.303s] WARNING:colcon.colcon_ros.prefix_path.catkin:The path '/home/farah/ws_farah/install/gpio_controllers' in the environment variable CMAKE_PREFIX_PATH doesn't exist
[0.303s] WARNING:colcon.colcon_ros.prefix_path.catkin:The path '/home/farah/ws_farah/install/effort_controllers' in the environment variable CMAKE_PREFIX_PATH doesn't exist
[0.303s] WARNING:colcon.colcon_ros.prefix_path.catkin:The path '/home/farah/ws_farah/install/forward_command_controller' in the environment variable CMAKE_PREFIX_PATH doesn't exist
[0.303s] WARNING:colcon.colcon_ros.prefix_path.catkin:The path '/home/farah/ws_farah/install/force_torque_sensor_broadcaster' in the environment variable CMAKE_PREFIX_PATH doesn't exist
[0.303s] WARNING:colcon.colcon_ros.prefix_path.catkin:The path '/home/farah/ws_farah/install/diff_drive_controller' in the environment variable CMAKE_PREFIX_PATH doesn't exist
[0.303s] WARNING:colcon.colcon_ros.prefix_path.catkin:The path '/home/farah/ws_farah/install/admittance_controller' in the environment variable CMAKE_PREFIX_PATH doesn't exist
[0.303s] WARNING:colcon.colcon_ros.prefix_path.catkin:The path '/home/farah/ws_farah/install/controller_interface' in the environment variable CMAKE_PREFIX_PATH doesn't exist
[0.303s] WARNING:colcon.colcon_ros.prefix_path.catkin:The path '/home/farah/ws_farah/install/hardware_interface' in the environment variable CMAKE_PREFIX_PATH doesn't exist
[0.303s] WARNING:colcon.colcon_ros.prefix_path.catkin:The path '/home/farah/ws_farah/install/controller_manager_msgs' in the environment variable CMAKE_PREFIX_PATH doesn't exist
[0.304s] DEBUG:colcon.colcon_installed_package_information.package_discovery:Found 1 installed packages in /home/farah/ws_farah/install
[0.305s] DEBUG:colcon.colcon_installed_package_information.package_discovery:Found 394 installed packages in /opt/ros/humble
[0.307s] Level 1:colcon.colcon_core.package_discovery:discover_packages(prefix_path) using defaults
[0.346s] WARNING:colcon.colcon_core.package_selection:Some selected packages are already built in one or more underlay workspaces:
	'hardware_interface' is in: /opt/ros/humble
	'controller_manager_msgs' is in: /opt/ros/humble
	'controller_interface' is in: /opt/ros/humble
	'ros2_control_test_assets' is in: /opt/ros/humble
If a package in a merged underlay workspace is overridden and it installs headers, then all packages in the overlay must sort their include directories by workspace order. Failure to do so may result in build failures or undefined behavior at run time.
If the overridden package is used by another package in any underlay, then the overriding package in the overlay must be API and ABI compatible or undefined behavior at run time may occur.

If you understand the risks and want to override a package anyways, add the following to the command line:
	--allow-overriding controller_interface controller_manager_msgs hardware_interface ros2_control_test_assets

This may be promoted to an error in a future release of colcon-override-check.
[0.347s] Level 5:colcon.colcon_core.verb:set package 'controller_manager_msgs' build argument 'cmake_args' from command line to 'None'
[0.347s] Level 5:colcon.colcon_core.verb:set package 'controller_manager_msgs' build argument 'cmake_target' from command line to 'None'
[0.347s] Level 5:colcon.colcon_core.verb:set package 'controller_manager_msgs' build argument 'cmake_target_skip_unavailable' from command line to 'False'
[0.347s] Level 5:colcon.colcon_core.verb:set package 'controller_manager_msgs' build argument 'cmake_clean_cache' from command line to 'False'
[0.347s] Level 5:colcon.colcon_core.verb:set package 'controller_manager_msgs' build argument 'cmake_clean_first' from command line to 'False'
[0.347s] Level 5:colcon.colcon_core.verb:set package 'controller_manager_msgs' build argument 'cmake_force_configure' from command line to 'False'
[0.347s] Level 5:colcon.colcon_core.verb:set package 'controller_manager_msgs' build argument 'ament_cmake_args' from command line to 'None'
[0.347s] Level 5:colcon.colcon_core.verb:set package 'controller_manager_msgs' build argument 'catkin_cmake_args' from command line to 'None'
[0.347s] Level 5:colcon.colcon_core.verb:set package 'controller_manager_msgs' build argument 'catkin_skip_building_tests' from command line to 'False'
[0.347s] DEBUG:colcon.colcon_core.verb:Building package 'controller_manager_msgs' with the following arguments: {'ament_cmake_args': None, 'build_base': '/home/farah/ws_farah/build/controller_manager_msgs', 'catkin_cmake_args': None, 'catkin_skip_building_tests': False, 'cmake_args': None, 'cmake_clean_cache': False, 'cmake_clean_first': False, 'cmake_force_configure': False, 'cmake_target': None, 'cmake_target_skip_unavailable': False, 'install_base': '/home/farah/ws_farah/install/controller_manager_msgs', 'merge_install': False, 'path': '/home/farah/ws_farah/src/ros2_control/controller_manager_msgs', 'symlink_install': False, 'test_result_base': None}
[0.347s] Level 5:colcon.colcon_core.verb:set package 'joint_limits' build argument 'cmake_args' from command line to 'None'
[0.347s] Level 5:colcon.colcon_core.verb:set package 'joint_limits' build argument 'cmake_target' from command line to 'None'
[0.347s] Level 5:colcon.colcon_core.verb:set package 'joint_limits' build argument 'cmake_target_skip_unavailable' from command line to 'False'
[0.348s] Level 5:colcon.colcon_core.verb:set package 'joint_limits' build argument 'cmake_clean_cache' from command line to 'False'
[0.348s] Level 5:colcon.colcon_core.verb:set package 'joint_limits' build argument 'cmake_clean_first' from command line to 'False'
[0.348s] Level 5:colcon.colcon_core.verb:set package 'joint_limits' build argument 'cmake_force_configure' from command line to 'False'
[0.348s] Level 5:colcon.colcon_core.verb:set package 'joint_limits' build argument 'ament_cmake_args' from command line to 'None'
[0.348s] Level 5:colcon.colcon_core.verb:set package 'joint_limits' build argument 'catkin_cmake_args' from command line to 'None'
[0.348s] Level 5:colcon.colcon_core.verb:set package 'joint_limits' build argument 'catkin_skip_building_tests' from command line to 'False'
[0.348s] DEBUG:colcon.colcon_core.verb:Building package 'joint_limits' with the following arguments: {'ament_cmake_args': None, 'build_base': '/home/farah/ws_farah/build/joint_limits', 'catkin_cmake_args': None, 'catkin_skip_building_tests': False, 'cmake_args': None, 'cmake_clean_cache': False, 'cmake_clean_first': False, 'cmake_force_configure': False, 'cmake_target': None, 'cmake_target_skip_unavailable': False, 'install_base': '/home/farah/ws_farah/install/joint_limits', 'merge_install': False, 'path': '/home/farah/ws_farah/src/ros2_control/joint_limits', 'symlink_install': False, 'test_result_base': None}
[0.348s] Level 5:colcon.colcon_core.verb:set package 'libserial_vendor' build argument 'cmake_args' from command line to 'None'
[0.348s] Level 5:colcon.colcon_core.verb:set package 'libserial_vendor' build argument 'cmake_target' from command line to 'None'
[0.348s] Level 5:colcon.colcon_core.verb:set package 'libserial_vendor' build argument 'cmake_target_skip_unavailable' from command line to 'False'
[0.348s] Level 5:colcon.colcon_core.verb:set package 'libserial_vendor' build argument 'cmake_clean_cache' from command line to 'False'
[0.348s] Level 5:colcon.colcon_core.verb:set package 'libserial_vendor' build argument 'cmake_clean_first' from command line to 'False'
[0.348s] Level 5:colcon.colcon_core.verb:set package 'libserial_vendor' build argument 'cmake_force_configure' from command line to 'False'
[0.348s] Level 5:colcon.colcon_core.verb:set package 'libserial_vendor' build argument 'ament_cmake_args' from command line to 'None'
[0.348s] Level 5:colcon.colcon_core.verb:set package 'libserial_vendor' build argument 'catkin_cmake_args' from command line to 'None'
[0.348s] Level 5:colcon.colcon_core.verb:set package 'libserial_vendor' build argument 'catkin_skip_building_tests' from command line to 'False'
[0.348s] DEBUG:colcon.colcon_core.verb:Building package 'libserial_vendor' with the following arguments: {'ament_cmake_args': None, 'build_base': '/home/farah/ws_farah/build/libserial_vendor', 'catkin_cmake_args': None, 'catkin_skip_building_tests': False, 'cmake_args': None, 'cmake_clean_cache': False, 'cmake_clean_first': False, 'cmake_force_configure': False, 'cmake_target': None, 'cmake_target_skip_unavailable': False, 'install_base': '/home/farah/ws_farah/install/libserial_vendor', 'merge_install': False, 'path': '/home/farah/ws_farah/src/libserial_vendor', 'symlink_install': False, 'test_result_base': None}
[0.349s] Level 5:colcon.colcon_core.verb:set package 'ros2_control_demo_description' build argument 'cmake_args' from command line to 'None'
[0.349s] Level 5:colcon.colcon_core.verb:set package 'ros2_control_demo_description' build argument 'cmake_target' from command line to 'None'
[0.349s] Level 5:colcon.colcon_core.verb:set package 'ros2_control_demo_description' build argument 'cmake_target_skip_unavailable' from command line to 'False'
[0.349s] Level 5:colcon.colcon_core.verb:set package 'ros2_control_demo_description' build argument 'cmake_clean_cache' from command line to 'False'
[0.349s] Level 5:colcon.colcon_core.verb:set package 'ros2_control_demo_description' build argument 'cmake_clean_first' from command line to 'False'
[0.349s] Level 5:colcon.colcon_core.verb:set package 'ros2_control_demo_description' build argument 'cmake_force_configure' from command line to 'False'
[0.349s] Level 5:colcon.colcon_core.verb:set package 'ros2_control_demo_description' build argument 'ament_cmake_args' from command line to 'None'
[0.349s] Level 5:colcon.colcon_core.verb:set package 'ros2_control_demo_description' build argument 'catkin_cmake_args' from command line to 'None'
[0.349s] Level 5:colcon.colcon_core.verb:set package 'ros2_control_demo_description' build argument 'catkin_skip_building_tests' from command line to 'False'
[0.349s] DEBUG:colcon.colcon_core.verb:Building package 'ros2_control_demo_description' with the following arguments: {'ament_cmake_args': None, 'build_base': '/home/farah/ws_farah/build/ros2_control_demo_description', 'catkin_cmake_args': None, 'catkin_skip_building_tests': False, 'cmake_args': None, 'cmake_clean_cache': False, 'cmake_clean_first': False, 'cmake_force_configure': False, 'cmake_target': None, 'cmake_target_skip_unavailable': False, 'install_base': '/home/farah/ws_farah/install/ros2_control_demo_description', 'merge_install': False, 'path': '/home/farah/ws_farah/src/ros2_control_demos/ros2_control_demo_description', 'symlink_install': False, 'test_result_base': None}
[0.349s] Level 5:colcon.colcon_core.verb:set package 'ros2_control_test_assets' build argument 'cmake_args' from command line to 'None'
[0.349s] Level 5:colcon.colcon_core.verb:set package 'ros2_control_test_assets' build argument 'cmake_target' from command line to 'None'
[0.349s] Level 5:colcon.colcon_core.verb:set package 'ros2_control_test_assets' build argument 'cmake_target_skip_unavailable' from command line to 'False'
[0.349s] Level 5:colcon.colcon_core.verb:set package 'ros2_control_test_assets' build argument 'cmake_clean_cache' from command line to 'False'
[0.349s] Level 5:colcon.colcon_core.verb:set package 'ros2_control_test_assets' build argument 'cmake_clean_first' from command line to 'False'
[0.349s] Level 5:colcon.colcon_core.verb:set package 'ros2_control_test_assets' build argument 'cmake_force_configure' from command line to 'False'
[0.349s] Level 5:colcon.colcon_core.verb:set package 'ros2_control_test_assets' build argument 'ament_cmake_args' from command line to 'None'
[0.349s] Level 5:colcon.colcon_core.verb:set package 'ros2_control_test_assets' build argument 'catkin_cmake_args' from command line to 'None'
[0.349s] Level 5:colcon.colcon_core.verb:set package 'ros2_control_test_assets' build argument 'catkin_skip_building_tests' from command line to 'False'
[0.349s] DEBUG:colcon.colcon_core.verb:Building package 'ros2_control_test_assets' with the following arguments: {'ament_cmake_args': None, 'build_base': '/home/farah/ws_farah/build/ros2_control_test_assets', 'catkin_cmake_args': None, 'catkin_skip_building_tests': False, 'cmake_args': None, 'cmake_clean_cache': False, 'cmake_clean_first': False, 'cmake_force_configure': False, 'cmake_target': None, 'cmake_target_skip_unavailable': False, 'install_base': '/home/farah/ws_farah/install/ros2_control_test_assets', 'merge_install': False, 'path': '/home/farah/ws_farah/src/ros2_control/ros2_control_test_assets', 'symlink_install': False, 'test_result_base': None}
[0.350s] Level 5:colcon.colcon_core.verb:set package 'ros2_controllers_test_nodes' build argument 'cmake_args' from command line to 'None'
[0.350s] Level 5:colcon.colcon_core.verb:set package 'ros2_controllers_test_nodes' build argument 'cmake_target' from command line to 'None'
[0.350s] Level 5:colcon.colcon_core.verb:set package 'ros2_controllers_test_nodes' build argument 'cmake_target_skip_unavailable' from command line to 'False'
[0.350s] Level 5:colcon.colcon_core.verb:set package 'ros2_controllers_test_nodes' build argument 'cmake_clean_cache' from command line to 'False'
[0.350s] Level 5:colcon.colcon_core.verb:set package 'ros2_controllers_test_nodes' build argument 'cmake_clean_first' from command line to 'False'
[0.350s] Level 5:colcon.colcon_core.verb:set package 'ros2_controllers_test_nodes' build argument 'cmake_force_configure' from command line to 'False'
[0.350s] Level 5:colcon.colcon_core.verb:set package 'ros2_controllers_test_nodes' build argument 'ament_cmake_args' from command line to 'None'
[0.350s] Level 5:colcon.colcon_core.verb:set package 'ros2_controllers_test_nodes' build argument 'catkin_cmake_args' from command line to 'None'
[0.350s] Level 5:colcon.colcon_core.verb:set package 'ros2_controllers_test_nodes' build argument 'catkin_skip_building_tests' from command line to 'False'
[0.350s] DEBUG:colcon.colcon_core.verb:Building package 'ros2_controllers_test_nodes' with the following arguments: {'ament_cmake_args': None, 'build_base': '/home/farah/ws_farah/build/ros2_controllers_test_nodes', 'catkin_cmake_args': None, 'catkin_skip_building_tests': False, 'cmake_args': None, 'cmake_clean_cache': False, 'cmake_clean_first': False, 'cmake_force_configure': False, 'cmake_target': None, 'cmake_target_skip_unavailable': False, 'install_base': '/home/farah/ws_farah/install/ros2_controllers_test_nodes', 'merge_install': False, 'path': '/home/farah/ws_farah/src/ros2_controllers/ros2_controllers_test_nodes', 'symlink_install': False, 'test_result_base': None}
[0.350s] Level 5:colcon.colcon_core.verb:set package 'temp_teleop' build argument 'cmake_args' from command line to 'None'
[0.350s] Level 5:colcon.colcon_core.verb:set package 'temp_teleop' build argument 'cmake_target' from command line to 'None'
[0.350s] Level 5:colcon.colcon_core.verb:set package 'temp_teleop' build argument 'cmake_target_skip_unavailable' from command line to 'False'
[0.350s] Level 5:colcon.colcon_core.verb:set package 'temp_teleop' build argument 'cmake_clean_cache' from command line to 'False'
[0.350s] Level 5:colcon.colcon_core.verb:set package 'temp_teleop' build argument 'cmake_clean_first' from command line to 'False'
[0.350s] Level 5:colcon.colcon_core.verb:set package 'temp_teleop' build argument 'cmake_force_configure' from command line to 'False'
[0.350s] Level 5:colcon.colcon_core.verb:set package 'temp_teleop' build argument 'ament_cmake_args' from command line to 'None'
[0.350s] Level 5:colcon.colcon_core.verb:set package 'temp_teleop' build argument 'catkin_cmake_args' from command line to 'None'
[0.350s] Level 5:colcon.colcon_core.verb:set package 'temp_teleop' build argument 'catkin_skip_building_tests' from command line to 'False'
[0.350s] DEBUG:colcon.colcon_core.verb:Building package 'temp_teleop' with the following arguments: {'ament_cmake_args': None, 'build_base': '/home/farah/ws_farah/build/temp_teleop', 'catkin_cmake_args': None, 'catkin_skip_building_tests': False, 'cmake_args': None, 'cmake_clean_cache': False, 'cmake_clean_first': False, 'cmake_force_configure': False, 'cmake_target': None, 'cmake_target_skip_unavailable': False, 'install_base': '/home/farah/ws_farah/install/temp_teleop', 'merge_install': False, 'path': '/home/farah/ws_farah/src/ros2_acker/temp_teleop', 'symlink_install': False, 'test_result_base': None}
[0.351s] Level 5:colcon.colcon_core.verb:set package 'hardware_interface' build argument 'cmake_args' from command line to 'None'
[0.351s] Level 5:colcon.colcon_core.verb:set package 'hardware_interface' build argument 'cmake_target' from command line to 'None'
[0.351s] Level 5:colcon.colcon_core.verb:set package 'hardware_interface' build argument 'cmake_target_skip_unavailable' from command line to 'False'
[0.351s] Level 5:colcon.colcon_core.verb:set package 'hardware_interface' build argument 'cmake_clean_cache' from command line to 'False'
[0.351s] Level 5:colcon.colcon_core.verb:set package 'hardware_interface' build argument 'cmake_clean_first' from command line to 'False'
[0.351s] Level 5:colcon.colcon_core.verb:set package 'hardware_interface' build argument 'cmake_force_configure' from command line to 'False'
[0.351s] Level 5:colcon.colcon_core.verb:set package 'hardware_interface' build argument 'ament_cmake_args' from command line to 'None'
[0.351s] Level 5:colcon.colcon_core.verb:set package 'hardware_interface' build argument 'catkin_cmake_args' from command line to 'None'
[0.351s] Level 5:colcon.colcon_core.verb:set package 'hardware_interface' build argument 'catkin_skip_building_tests' from command line to 'False'
[0.351s] DEBUG:colcon.colcon_core.verb:Building package 'hardware_interface' with the following arguments: {'ament_cmake_args': None, 'build_base': '/home/farah/ws_farah/build/hardware_interface', 'catkin_cmake_args': None, 'catkin_skip_building_tests': False, 'cmake_args': None, 'cmake_clean_cache': False, 'cmake_clean_first': False, 'cmake_force_configure': False, 'cmake_target': None, 'cmake_target_skip_unavailable': False, 'install_base': '/home/farah/ws_farah/install/hardware_interface', 'merge_install': False, 'path': '/home/farah/ws_farah/src/ros2_control/hardware_interface', 'symlink_install': False, 'test_result_base': None}
[0.351s] Level 5:colcon.colcon_core.verb:set package 'ros2controlcli' build argument 'cmake_args' from command line to 'None'
[0.351s] Level 5:colcon.colcon_core.verb:set package 'ros2controlcli' build argument 'cmake_target' from command line to 'None'
[0.351s] Level 5:colcon.colcon_core.verb:set package 'ros2controlcli' build argument 'cmake_target_skip_unavailable' from command line to 'False'
[0.351s] Level 5:colcon.colcon_core.verb:set package 'ros2controlcli' build argument 'cmake_clean_cache' from command line to 'False'
[0.351s] Level 5:colcon.colcon_core.verb:set package 'ros2controlcli' build argument 'cmake_clean_first' from command line to 'False'
[0.351s] Level 5:colcon.colcon_core.verb:set package 'ros2controlcli' build argument 'cmake_force_configure' from command line to 'False'
[0.351s] Level 5:colcon.colcon_core.verb:set package 'ros2controlcli' build argument 'ament_cmake_args' from command line to 'None'
[0.351s] Level 5:colcon.colcon_core.verb:set package 'ros2controlcli' build argument 'catkin_cmake_args' from command line to 'None'
[0.351s] Level 5:colcon.colcon_core.verb:set package 'ros2controlcli' build argument 'catkin_skip_building_tests' from command line to 'False'
[0.351s] DEBUG:colcon.colcon_core.verb:Building package 'ros2controlcli' with the following arguments: {'ament_cmake_args': None, 'build_base': '/home/farah/ws_farah/build/ros2controlcli', 'catkin_cmake_args': None, 'catkin_skip_building_tests': False, 'cmake_args': None, 'cmake_clean_cache': False, 'cmake_clean_first': False, 'cmake_force_configure': False, 'cmake_target': None, 'cmake_target_skip_unavailable': False, 'install_base': '/home/farah/ws_farah/install/ros2controlcli', 'merge_install': False, 'path': '/home/farah/ws_farah/src/ros2_control/ros2controlcli', 'symlink_install': False, 'test_result_base': None}
[0.352s] Level 5:colcon.colcon_core.verb:set package 'rqt_controller_manager' build argument 'cmake_args' from command line to 'None'
[0.352s] Level 5:colcon.colcon_core.verb:set package 'rqt_controller_manager' build argument 'cmake_target' from command line to 'None'
[0.352s] Level 5:colcon.colcon_core.verb:set package 'rqt_controller_manager' build argument 'cmake_target_skip_unavailable' from command line to 'False'
[0.352s] Level 5:colcon.colcon_core.verb:set package 'rqt_controller_manager' build argument 'cmake_clean_cache' from command line to 'False'
[0.352s] Level 5:colcon.colcon_core.verb:set package 'rqt_controller_manager' build argument 'cmake_clean_first' from command line to 'False'
[0.352s] Level 5:colcon.colcon_core.verb:set package 'rqt_controller_manager' build argument 'cmake_force_configure' from command line to 'False'
[0.352s] Level 5:colcon.colcon_core.verb:set package 'rqt_controller_manager' build argument 'ament_cmake_args' from command line to 'None'
[0.352s] Level 5:colcon.colcon_core.verb:set package 'rqt_controller_manager' build argument 'catkin_cmake_args' from command line to 'None'
[0.352s] Level 5:colcon.colcon_core.verb:set package 'rqt_controller_manager' build argument 'catkin_skip_building_tests' from command line to 'False'
[0.352s] DEBUG:colcon.colcon_core.verb:Building package 'rqt_controller_manager' with the following arguments: {'ament_cmake_args': None, 'build_base': '/home/farah/ws_farah/build/rqt_controller_manager', 'catkin_cmake_args': None, 'catkin_skip_building_tests': False, 'cmake_args': None, 'cmake_clean_cache': False, 'cmake_clean_first': False, 'cmake_force_configure': False, 'cmake_target': None, 'cmake_target_skip_unavailable': False, 'install_base': '/home/farah/ws_farah/install/rqt_controller_manager', 'merge_install': False, 'path': '/home/farah/ws_farah/src/ros2_control/rqt_controller_manager', 'symlink_install': False, 'test_result_base': None}
[0.352s] Level 5:colcon.colcon_core.verb:set package 'rqt_joint_trajectory_controller' build argument 'cmake_args' from command line to 'None'
[0.352s] Level 5:colcon.colcon_core.verb:set package 'rqt_joint_trajectory_controller' build argument 'cmake_target' from command line to 'None'
[0.352s] Level 5:colcon.colcon_core.verb:set package 'rqt_joint_trajectory_controller' build argument 'cmake_target_skip_unavailable' from command line to 'False'
[0.352s] Level 5:colcon.colcon_core.verb:set package 'rqt_joint_trajectory_controller' build argument 'cmake_clean_cache' from command line to 'False'
[0.352s] Level 5:colcon.colcon_core.verb:set package 'rqt_joint_trajectory_controller' build argument 'cmake_clean_first' from command line to 'False'
[0.352s] Level 5:colcon.colcon_core.verb:set package 'rqt_joint_trajectory_controller' build argument 'cmake_force_configure' from command line to 'False'
[0.352s] Level 5:colcon.colcon_core.verb:set package 'rqt_joint_trajectory_controller' build argument 'ament_cmake_args' from command line to 'None'
[0.352s] Level 5:colcon.colcon_core.verb:set package 'rqt_joint_trajectory_controller' build argument 'catkin_cmake_args' from command line to 'None'
[0.352s] Level 5:colcon.colcon_core.verb:set package 'rqt_joint_trajectory_controller' build argument 'catkin_skip_building_tests' from command line to 'False'
[0.352s] DEBUG:colcon.colcon_core.verb:Building package 'rqt_joint_trajectory_controller' with the following arguments: {'ament_cmake_args': None, 'build_base': '/home/farah/ws_farah/build/rqt_joint_trajectory_controller', 'catkin_cmake_args': None, 'catkin_skip_building_tests': False, 'cmake_args': None, 'cmake_clean_cache': False, 'cmake_clean_first': False, 'cmake_force_configure': False, 'cmake_target': None, 'cmake_target_skip_unavailable': False, 'install_base': '/home/farah/ws_farah/install/rqt_joint_trajectory_controller', 'merge_install': False, 'path': '/home/farah/ws_farah/src/ros2_controllers/rqt_joint_trajectory_controller', 'symlink_install': False, 'test_result_base': None}
[0.353s] Level 5:colcon.colcon_core.verb:set package 'controller_interface' build argument 'cmake_args' from command line to 'None'
[0.353s] Level 5:colcon.colcon_core.verb:set package 'controller_interface' build argument 'cmake_target' from command line to 'None'
[0.353s] Level 5:colcon.colcon_core.verb:set package 'controller_interface' build argument 'cmake_target_skip_unavailable' from command line to 'False'
[0.353s] Level 5:colcon.colcon_core.verb:set package 'controller_interface' build argument 'cmake_clean_cache' from command line to 'False'
[0.353s] Level 5:colcon.colcon_core.verb:set package 'controller_interface' build argument 'cmake_clean_first' from command line to 'False'
[0.353s] Level 5:colcon.colcon_core.verb:set package 'controller_interface' build argument 'cmake_force_configure' from command line to 'False'
[0.353s] Level 5:colcon.colcon_core.verb:set package 'controller_interface' build argument 'ament_cmake_args' from command line to 'None'
[0.353s] Level 5:colcon.colcon_core.verb:set package 'controller_interface' build argument 'catkin_cmake_args' from command line to 'None'
[0.353s] Level 5:colcon.colcon_core.verb:set package 'controller_interface' build argument 'catkin_skip_building_tests' from command line to 'False'
[0.353s] DEBUG:colcon.colcon_core.verb:Building package 'controller_interface' with the following arguments: {'ament_cmake_args': None, 'build_base': '/home/farah/ws_farah/build/controller_interface', 'catkin_cmake_args': None, 'catkin_skip_building_tests': False, 'cmake_args': None, 'cmake_clean_cache': False, 'cmake_clean_first': False, 'cmake_force_configure': False, 'cmake_target': None, 'cmake_target_skip_unavailable': False, 'install_base': '/home/farah/ws_farah/install/controller_interface', 'merge_install': False, 'path': '/home/farah/ws_farah/src/ros2_control/controller_interface', 'symlink_install': False, 'test_result_base': None}
[0.353s] Level 5:colcon.colcon_core.verb:set package 'hardware_interface_testing' build argument 'cmake_args' from command line to 'None'
[0.353s] Level 5:colcon.colcon_core.verb:set package 'hardware_interface_testing' build argument 'cmake_target' from command line to 'None'
[0.353s] Level 5:colcon.colcon_core.verb:set package 'hardware_interface_testing' build argument 'cmake_target_skip_unavailable' from command line to 'False'
[0.353s] Level 5:colcon.colcon_core.verb:set package 'hardware_interface_testing' build argument 'cmake_clean_cache' from command line to 'False'
[0.353s] Level 5:colcon.colcon_core.verb:set package 'hardware_interface_testing' build argument 'cmake_clean_first' from command line to 'False'
[0.353s] Level 5:colcon.colcon_core.verb:set package 'hardware_interface_testing' build argument 'cmake_force_configure' from command line to 'False'
[0.353s] Level 5:colcon.colcon_core.verb:set package 'hardware_interface_testing' build argument 'ament_cmake_args' from command line to 'None'
[0.353s] Level 5:colcon.colcon_core.verb:set package 'hardware_interface_testing' build argument 'catkin_cmake_args' from command line to 'None'
[0.354s] Level 5:colcon.colcon_core.verb:set package 'hardware_interface_testing' build argument 'catkin_skip_building_tests' from command line to 'False'
[0.354s] DEBUG:colcon.colcon_core.verb:Building package 'hardware_interface_testing' with the following arguments: {'ament_cmake_args': None, 'build_base': '/home/farah/ws_farah/build/hardware_interface_testing', 'catkin_cmake_args': None, 'catkin_skip_building_tests': False, 'cmake_args': None, 'cmake_clean_cache': False, 'cmake_clean_first': False, 'cmake_force_configure': False, 'cmake_target': None, 'cmake_target_skip_unavailable': False, 'install_base': '/home/farah/ws_farah/install/hardware_interface_testing', 'merge_install': False, 'path': '/home/farah/ws_farah/src/ros2_control/hardware_interface_testing', 'symlink_install': False, 'test_result_base': None}
[0.354s] Level 5:colcon.colcon_core.verb:set package 'transmission_interface' build argument 'cmake_args' from command line to 'None'
[0.354s] Level 5:colcon.colcon_core.verb:set package 'transmission_interface' build argument 'cmake_target' from command line to 'None'
[0.354s] Level 5:colcon.colcon_core.verb:set package 'transmission_interface' build argument 'cmake_target_skip_unavailable' from command line to 'False'
[0.354s] Level 5:colcon.colcon_core.verb:set package 'transmission_interface' build argument 'cmake_clean_cache' from command line to 'False'
[0.354s] Level 5:colcon.colcon_core.verb:set package 'transmission_interface' build argument 'cmake_clean_first' from command line to 'False'
[0.354s] Level 5:colcon.colcon_core.verb:set package 'transmission_interface' build argument 'cmake_force_configure' from command line to 'False'
[0.354s] Level 5:colcon.colcon_core.verb:set package 'transmission_interface' build argument 'ament_cmake_args' from command line to 'None'
[0.354s] Level 5:colcon.colcon_core.verb:set package 'transmission_interface' build argument 'catkin_cmake_args' from command line to 'None'
[0.354s] Level 5:colcon.colcon_core.verb:set package 'transmission_interface' build argument 'catkin_skip_building_tests' from command line to 'False'
[0.354s] DEBUG:colcon.colcon_core.verb:Building package 'transmission_interface' with the following arguments: {'ament_cmake_args': None, 'build_base': '/home/farah/ws_farah/build/transmission_interface', 'catkin_cmake_args': None, 'catkin_skip_building_tests': False, 'cmake_args': None, 'cmake_clean_cache': False, 'cmake_clean_first': False, 'cmake_force_configure': False, 'cmake_target': None, 'cmake_target_skip_unavailable': False, 'install_base': '/home/farah/ws_farah/install/transmission_interface', 'merge_install': False, 'path': '/home/farah/ws_farah/src/ros2_control/transmission_interface', 'symlink_install': False, 'test_result_base': None}
[0.354s] Level 5:colcon.colcon_core.verb:set package 'admittance_controller' build argument 'cmake_args' from command line to 'None'
[0.354s] Level 5:colcon.colcon_core.verb:set package 'admittance_controller' build argument 'cmake_target' from command line to 'None'
[0.354s] Level 5:colcon.colcon_core.verb:set package 'admittance_controller' build argument 'cmake_target_skip_unavailable' from command line to 'False'
[0.354s] Level 5:colcon.colcon_core.verb:set package 'admittance_controller' build argument 'cmake_clean_cache' from command line to 'False'
[0.355s] Level 5:colcon.colcon_core.verb:set package 'admittance_controller' build argument 'cmake_clean_first' from command line to 'False'
[0.355s] Level 5:colcon.colcon_core.verb:set package 'admittance_controller' build argument 'cmake_force_configure' from command line to 'False'
[0.355s] Level 5:colcon.colcon_core.verb:set package 'admittance_controller' build argument 'ament_cmake_args' from command line to 'None'
[0.355s] Level 5:colcon.colcon_core.verb:set package 'admittance_controller' build argument 'catkin_cmake_args' from command line to 'None'
[0.355s] Level 5:colcon.colcon_core.verb:set package 'admittance_controller' build argument 'catkin_skip_building_tests' from command line to 'False'
[0.355s] DEBUG:colcon.colcon_core.verb:Building package 'admittance_controller' with the following arguments: {'ament_cmake_args': None, 'build_base': '/home/farah/ws_farah/build/admittance_controller', 'catkin_cmake_args': None, 'catkin_skip_building_tests': False, 'cmake_args': None, 'cmake_clean_cache': False, 'cmake_clean_first': False, 'cmake_force_configure': False, 'cmake_target': None, 'cmake_target_skip_unavailable': False, 'install_base': '/home/farah/ws_farah/install/admittance_controller', 'merge_install': False, 'path': '/home/farah/ws_farah/src/ros2_controllers/admittance_controller', 'symlink_install': False, 'test_result_base': None}
[0.355s] Level 5:colcon.colcon_core.verb:set package 'diff_drive_controller' build argument 'cmake_args' from command line to 'None'
[0.355s] Level 5:colcon.colcon_core.verb:set package 'diff_drive_controller' build argument 'cmake_target' from command line to 'None'
[0.355s] Level 5:colcon.colcon_core.verb:set package 'diff_drive_controller' build argument 'cmake_target_skip_unavailable' from command line to 'False'
[0.355s] Level 5:colcon.colcon_core.verb:set package 'diff_drive_controller' build argument 'cmake_clean_cache' from command line to 'False'
[0.355s] Level 5:colcon.colcon_core.verb:set package 'diff_drive_controller' build argument 'cmake_clean_first' from command line to 'False'
[0.355s] Level 5:colcon.colcon_core.verb:set package 'diff_drive_controller' build argument 'cmake_force_configure' from command line to 'False'
[0.355s] Level 5:colcon.colcon_core.verb:set package 'diff_drive_controller' build argument 'ament_cmake_args' from command line to 'None'
[0.355s] Level 5:colcon.colcon_core.verb:set package 'diff_drive_controller' build argument 'catkin_cmake_args' from command line to 'None'
[0.355s] Level 5:colcon.colcon_core.verb:set package 'diff_drive_controller' build argument 'catkin_skip_building_tests' from command line to 'False'
[0.355s] DEBUG:colcon.colcon_core.verb:Building package 'diff_drive_controller' with the following arguments: {'ament_cmake_args': None, 'build_base': '/home/farah/ws_farah/build/diff_drive_controller', 'catkin_cmake_args': None, 'catkin_skip_building_tests': False, 'cmake_args': None, 'cmake_clean_cache': False, 'cmake_clean_first': False, 'cmake_force_configure': False, 'cmake_target': None, 'cmake_target_skip_unavailable': False, 'install_base': '/home/farah/ws_farah/install/diff_drive_controller', 'merge_install': False, 'path': '/home/farah/ws_farah/src/ros2_controllers/diff_drive_controller', 'symlink_install': False, 'test_result_base': None}
[0.356s] Level 5:colcon.colcon_core.verb:set package 'force_torque_sensor_broadcaster' build argument 'cmake_args' from command line to 'None'
[0.356s] Level 5:colcon.colcon_core.verb:set package 'force_torque_sensor_broadcaster' build argument 'cmake_target' from command line to 'None'
[0.356s] Level 5:colcon.colcon_core.verb:set package 'force_torque_sensor_broadcaster' build argument 'cmake_target_skip_unavailable' from command line to 'False'
[0.356s] Level 5:colcon.colcon_core.verb:set package 'force_torque_sensor_broadcaster' build argument 'cmake_clean_cache' from command line to 'False'
[0.356s] Level 5:colcon.colcon_core.verb:set package 'force_torque_sensor_broadcaster' build argument 'cmake_clean_first' from command line to 'False'
[0.356s] Level 5:colcon.colcon_core.verb:set package 'force_torque_sensor_broadcaster' build argument 'cmake_force_configure' from command line to 'False'
[0.356s] Level 5:colcon.colcon_core.verb:set package 'force_torque_sensor_broadcaster' build argument 'ament_cmake_args' from command line to 'None'
[0.356s] Level 5:colcon.colcon_core.verb:set package 'force_torque_sensor_broadcaster' build argument 'catkin_cmake_args' from command line to 'None'
[0.356s] Level 5:colcon.colcon_core.verb:set package 'force_torque_sensor_broadcaster' build argument 'catkin_skip_building_tests' from command line to 'False'
[0.356s] DEBUG:colcon.colcon_core.verb:Building package 'force_torque_sensor_broadcaster' with the following arguments: {'ament_cmake_args': None, 'build_base': '/home/farah/ws_farah/build/force_torque_sensor_broadcaster', 'catkin_cmake_args': None, 'catkin_skip_building_tests': False, 'cmake_args': None, 'cmake_clean_cache': False, 'cmake_clean_first': False, 'cmake_force_configure': False, 'cmake_target': None, 'cmake_target_skip_unavailable': False, 'install_base': '/home/farah/ws_farah/install/force_torque_sensor_broadcaster', 'merge_install': False, 'path': '/home/farah/ws_farah/src/ros2_controllers/force_torque_sensor_broadcaster', 'symlink_install': False, 'test_result_base': None}
[0.356s] Level 5:colcon.colcon_core.verb:set package 'forward_command_controller' build argument 'cmake_args' from command line to 'None'
[0.356s] Level 5:colcon.colcon_core.verb:set package 'forward_command_controller' build argument 'cmake_target' from command line to 'None'
[0.356s] Level 5:colcon.colcon_core.verb:set package 'forward_command_controller' build argument 'cmake_target_skip_unavailable' from command line to 'False'
[0.356s] Level 5:colcon.colcon_core.verb:set package 'forward_command_controller' build argument 'cmake_clean_cache' from command line to 'False'
[0.356s] Level 5:colcon.colcon_core.verb:set package 'forward_command_controller' build argument 'cmake_clean_first' from command line to 'False'
[0.356s] Level 5:colcon.colcon_core.verb:set package 'forward_command_controller' build argument 'cmake_force_configure' from command line to 'False'
[0.356s] Level 5:colcon.colcon_core.verb:set package 'forward_command_controller' build argument 'ament_cmake_args' from command line to 'None'
[0.356s] Level 5:colcon.colcon_core.verb:set package 'forward_command_controller' build argument 'catkin_cmake_args' from command line to 'None'
[0.356s] Level 5:colcon.colcon_core.verb:set package 'forward_command_controller' build argument 'catkin_skip_building_tests' from command line to 'False'
[0.356s] DEBUG:colcon.colcon_core.verb:Building package 'forward_command_controller' with the following arguments: {'ament_cmake_args': None, 'build_base': '/home/farah/ws_farah/build/forward_command_controller', 'catkin_cmake_args': None, 'catkin_skip_building_tests': False, 'cmake_args': None, 'cmake_clean_cache': False, 'cmake_clean_first': False, 'cmake_force_configure': False, 'cmake_target': None, 'cmake_target_skip_unavailable': False, 'install_base': '/home/farah/ws_farah/install/forward_command_controller', 'merge_install': False, 'path': '/home/farah/ws_farah/src/ros2_controllers/forward_command_controller', 'symlink_install': False, 'test_result_base': None}
[0.357s] Level 5:colcon.colcon_core.verb:set package 'gpio_controllers' build argument 'cmake_args' from command line to 'None'
[0.357s] Level 5:colcon.colcon_core.verb:set package 'gpio_controllers' build argument 'cmake_target' from command line to 'None'
[0.357s] Level 5:colcon.colcon_core.verb:set package 'gpio_controllers' build argument 'cmake_target_skip_unavailable' from command line to 'False'
[0.357s] Level 5:colcon.colcon_core.verb:set package 'gpio_controllers' build argument 'cmake_clean_cache' from command line to 'False'
[0.357s] Level 5:colcon.colcon_core.verb:set package 'gpio_controllers' build argument 'cmake_clean_first' from command line to 'False'
[0.357s] Level 5:colcon.colcon_core.verb:set package 'gpio_controllers' build argument 'cmake_force_configure' from command line to 'False'
[0.357s] Level 5:colcon.colcon_core.verb:set package 'gpio_controllers' build argument 'ament_cmake_args' from command line to 'None'
[0.357s] Level 5:colcon.colcon_core.verb:set package 'gpio_controllers' build argument 'catkin_cmake_args' from command line to 'None'
[0.357s] Level 5:colcon.colcon_core.verb:set package 'gpio_controllers' build argument 'catkin_skip_building_tests' from command line to 'False'
[0.357s] DEBUG:colcon.colcon_core.verb:Building package 'gpio_controllers' with the following arguments: {'ament_cmake_args': None, 'build_base': '/home/farah/ws_farah/build/gpio_controllers', 'catkin_cmake_args': None, 'catkin_skip_building_tests': False, 'cmake_args': None, 'cmake_clean_cache': False, 'cmake_clean_first': False, 'cmake_force_configure': False, 'cmake_target': None, 'cmake_target_skip_unavailable': False, 'install_base': '/home/farah/ws_farah/install/gpio_controllers', 'merge_install': False, 'path': '/home/farah/ws_farah/src/ros2_controllers/gpio_controllers', 'symlink_install': False, 'test_result_base': None}
[0.357s] Level 5:colcon.colcon_core.verb:set package 'gripper_controllers' build argument 'cmake_args' from command line to 'None'
[0.357s] Level 5:colcon.colcon_core.verb:set package 'gripper_controllers' build argument 'cmake_target' from command line to 'None'
[0.357s] Level 5:colcon.colcon_core.verb:set package 'gripper_controllers' build argument 'cmake_target_skip_unavailable' from command line to 'False'
[0.357s] Level 5:colcon.colcon_core.verb:set package 'gripper_controllers' build argument 'cmake_clean_cache' from command line to 'False'
[0.357s] Level 5:colcon.colcon_core.verb:set package 'gripper_controllers' build argument 'cmake_clean_first' from command line to 'False'
[0.357s] Level 5:colcon.colcon_core.verb:set package 'gripper_controllers' build argument 'cmake_force_configure' from command line to 'False'
[0.357s] Level 5:colcon.colcon_core.verb:set package 'gripper_controllers' build argument 'ament_cmake_args' from command line to 'None'
[0.357s] Level 5:colcon.colcon_core.verb:set package 'gripper_controllers' build argument 'catkin_cmake_args' from command line to 'None'
[0.357s] Level 5:colcon.colcon_core.verb:set package 'gripper_controllers' build argument 'catkin_skip_building_tests' from command line to 'False'
[0.357s] DEBUG:colcon.colcon_core.verb:Building package 'gripper_controllers' with the following arguments: {'ament_cmake_args': None, 'build_base': '/home/farah/ws_farah/build/gripper_controllers', 'catkin_cmake_args': None, 'catkin_skip_building_tests': False, 'cmake_args': None, 'cmake_clean_cache': False, 'cmake_clean_first': False, 'cmake_force_configure': False, 'cmake_target': None, 'cmake_target_skip_unavailable': False, 'install_base': '/home/farah/ws_farah/install/gripper_controllers', 'merge_install': False, 'path': '/home/farah/ws_farah/src/ros2_controllers/gripper_controllers', 'symlink_install': False, 'test_result_base': None}
[0.358s] Level 5:colcon.colcon_core.verb:set package 'imu_sensor_broadcaster' build argument 'cmake_args' from command line to 'None'
[0.358s] Level 5:colcon.colcon_core.verb:set package 'imu_sensor_broadcaster' build argument 'cmake_target' from command line to 'None'
[0.358s] Level 5:colcon.colcon_core.verb:set package 'imu_sensor_broadcaster' build argument 'cmake_target_skip_unavailable' from command line to 'False'
[0.358s] Level 5:colcon.colcon_core.verb:set package 'imu_sensor_broadcaster' build argument 'cmake_clean_cache' from command line to 'False'
[0.358s] Level 5:colcon.colcon_core.verb:set package 'imu_sensor_broadcaster' build argument 'cmake_clean_first' from command line to 'False'
[0.358s] Level 5:colcon.colcon_core.verb:set package 'imu_sensor_broadcaster' build argument 'cmake_force_configure' from command line to 'False'
[0.358s] Level 5:colcon.colcon_core.verb:set package 'imu_sensor_broadcaster' build argument 'ament_cmake_args' from command line to 'None'
[0.358s] Level 5:colcon.colcon_core.verb:set package 'imu_sensor_broadcaster' build argument 'catkin_cmake_args' from command line to 'None'
[0.358s] Level 5:colcon.colcon_core.verb:set package 'imu_sensor_broadcaster' build argument 'catkin_skip_building_tests' from command line to 'False'
[0.358s] DEBUG:colcon.colcon_core.verb:Building package 'imu_sensor_broadcaster' with the following arguments: {'ament_cmake_args': None, 'build_base': '/home/farah/ws_farah/build/imu_sensor_broadcaster', 'catkin_cmake_args': None, 'catkin_skip_building_tests': False, 'cmake_args': None, 'cmake_clean_cache': False, 'cmake_clean_first': False, 'cmake_force_configure': False, 'cmake_target': None, 'cmake_target_skip_unavailable': False, 'install_base': '/home/farah/ws_farah/install/imu_sensor_broadcaster', 'merge_install': False, 'path': '/home/farah/ws_farah/src/ros2_controllers/imu_sensor_broadcaster', 'symlink_install': False, 'test_result_base': None}
[0.358s] Level 5:colcon.colcon_core.verb:set package 'joint_state_broadcaster' build argument 'cmake_args' from command line to 'None'
[0.358s] Level 5:colcon.colcon_core.verb:set package 'joint_state_broadcaster' build argument 'cmake_target' from command line to 'None'
[0.358s] Level 5:colcon.colcon_core.verb:set package 'joint_state_broadcaster' build argument 'cmake_target_skip_unavailable' from command line to 'False'
[0.358s] Level 5:colcon.colcon_core.verb:set package 'joint_state_broadcaster' build argument 'cmake_clean_cache' from command line to 'False'
[0.358s] Level 5:colcon.colcon_core.verb:set package 'joint_state_broadcaster' build argument 'cmake_clean_first' from command line to 'False'
[0.358s] Level 5:colcon.colcon_core.verb:set package 'joint_state_broadcaster' build argument 'cmake_force_configure' from command line to 'False'
[0.358s] Level 5:colcon.colcon_core.verb:set package 'joint_state_broadcaster' build argument 'ament_cmake_args' from command line to 'None'
[0.358s] Level 5:colcon.colcon_core.verb:set package 'joint_state_broadcaster' build argument 'catkin_cmake_args' from command line to 'None'
[0.358s] Level 5:colcon.colcon_core.verb:set package 'joint_state_broadcaster' build argument 'catkin_skip_building_tests' from command line to 'False'
[0.358s] DEBUG:colcon.colcon_core.verb:Building package 'joint_state_broadcaster' with the following arguments: {'ament_cmake_args': None, 'build_base': '/home/farah/ws_farah/build/joint_state_broadcaster', 'catkin_cmake_args': None, 'catkin_skip_building_tests': False, 'cmake_args': None, 'cmake_clean_cache': False, 'cmake_clean_first': False, 'cmake_force_configure': False, 'cmake_target': None, 'cmake_target_skip_unavailable': False, 'install_base': '/home/farah/ws_farah/install/joint_state_broadcaster', 'merge_install': False, 'path': '/home/farah/ws_farah/src/ros2_controllers/joint_state_broadcaster', 'symlink_install': False, 'test_result_base': None}
[0.359s] Level 5:colcon.colcon_core.verb:set package 'joint_trajectory_controller' build argument 'cmake_args' from command line to 'None'
[0.359s] Level 5:colcon.colcon_core.verb:set package 'joint_trajectory_controller' build argument 'cmake_target' from command line to 'None'
[0.359s] Level 5:colcon.colcon_core.verb:set package 'joint_trajectory_controller' build argument 'cmake_target_skip_unavailable' from command line to 'False'
[0.359s] Level 5:colcon.colcon_core.verb:set package 'joint_trajectory_controller' build argument 'cmake_clean_cache' from command line to 'False'
[0.359s] Level 5:colcon.colcon_core.verb:set package 'joint_trajectory_controller' build argument 'cmake_clean_first' from command line to 'False'
[0.359s] Level 5:colcon.colcon_core.verb:set package 'joint_trajectory_controller' build argument 'cmake_force_configure' from command line to 'False'
[0.359s] Level 5:colcon.colcon_core.verb:set package 'joint_trajectory_controller' build argument 'ament_cmake_args' from command line to 'None'
[0.359s] Level 5:colcon.colcon_core.verb:set package 'joint_trajectory_controller' build argument 'catkin_cmake_args' from command line to 'None'
[0.359s] Level 5:colcon.colcon_core.verb:set package 'joint_trajectory_controller' build argument 'catkin_skip_building_tests' from command line to 'False'
[0.359s] DEBUG:colcon.colcon_core.verb:Building package 'joint_trajectory_controller' with the following arguments: {'ament_cmake_args': None, 'build_base': '/home/farah/ws_farah/build/joint_trajectory_controller', 'catkin_cmake_args': None, 'catkin_skip_building_tests': False, 'cmake_args': None, 'cmake_clean_cache': False, 'cmake_clean_first': False, 'cmake_force_configure': False, 'cmake_target': None, 'cmake_target_skip_unavailable': False, 'install_base': '/home/farah/ws_farah/install/joint_trajectory_controller', 'merge_install': False, 'path': '/home/farah/ws_farah/src/ros2_controllers/joint_trajectory_controller', 'symlink_install': False, 'test_result_base': None}
[0.359s] Level 5:colcon.colcon_core.verb:set package 'mecanum_drive_controller' build argument 'cmake_args' from command line to 'None'
[0.359s] Level 5:colcon.colcon_core.verb:set package 'mecanum_drive_controller' build argument 'cmake_target' from command line to 'None'
[0.359s] Level 5:colcon.colcon_core.verb:set package 'mecanum_drive_controller' build argument 'cmake_target_skip_unavailable' from command line to 'False'
[0.360s] Level 5:colcon.colcon_core.verb:set package 'mecanum_drive_controller' build argument 'cmake_clean_cache' from command line to 'False'
[0.360s] Level 5:colcon.colcon_core.verb:set package 'mecanum_drive_controller' build argument 'cmake_clean_first' from command line to 'False'
[0.360s] Level 5:colcon.colcon_core.verb:set package 'mecanum_drive_controller' build argument 'cmake_force_configure' from command line to 'False'
[0.360s] Level 5:colcon.colcon_core.verb:set package 'mecanum_drive_controller' build argument 'ament_cmake_args' from command line to 'None'
[0.360s] Level 5:colcon.colcon_core.verb:set package 'mecanum_drive_controller' build argument 'catkin_cmake_args' from command line to 'None'
[0.360s] Level 5:colcon.colcon_core.verb:set package 'mecanum_drive_controller' build argument 'catkin_skip_building_tests' from command line to 'False'
[0.360s] DEBUG:colcon.colcon_core.verb:Building package 'mecanum_drive_controller' with the following arguments: {'ament_cmake_args': None, 'build_base': '/home/farah/ws_farah/build/mecanum_drive_controller', 'catkin_cmake_args': None, 'catkin_skip_building_tests': False, 'cmake_args': None, 'cmake_clean_cache': False, 'cmake_clean_first': False, 'cmake_force_configure': False, 'cmake_target': None, 'cmake_target_skip_unavailable': False, 'install_base': '/home/farah/ws_farah/install/mecanum_drive_controller', 'merge_install': False, 'path': '/home/farah/ws_farah/src/ros2_controllers/mecanum_drive_controller', 'symlink_install': False, 'test_result_base': None}
[0.360s] Level 5:colcon.colcon_core.verb:set package 'pid_controller' build argument 'cmake_args' from command line to 'None'
[0.360s] Level 5:colcon.colcon_core.verb:set package 'pid_controller' build argument 'cmake_target' from command line to 'None'
[0.360s] Level 5:colcon.colcon_core.verb:set package 'pid_controller' build argument 'cmake_target_skip_unavailable' from command line to 'False'
[0.360s] Level 5:colcon.colcon_core.verb:set package 'pid_controller' build argument 'cmake_clean_cache' from command line to 'False'
[0.360s] Level 5:colcon.colcon_core.verb:set package 'pid_controller' build argument 'cmake_clean_first' from command line to 'False'
[0.360s] Level 5:colcon.colcon_core.verb:set package 'pid_controller' build argument 'cmake_force_configure' from command line to 'False'
[0.360s] Level 5:colcon.colcon_core.verb:set package 'pid_controller' build argument 'ament_cmake_args' from command line to 'None'
[0.360s] Level 5:colcon.colcon_core.verb:set package 'pid_controller' build argument 'catkin_cmake_args' from command line to 'None'
[0.360s] Level 5:colcon.colcon_core.verb:set package 'pid_controller' build argument 'catkin_skip_building_tests' from command line to 'False'
[0.360s] DEBUG:colcon.colcon_core.verb:Building package 'pid_controller' with the following arguments: {'ament_cmake_args': None, 'build_base': '/home/farah/ws_farah/build/pid_controller', 'catkin_cmake_args': None, 'catkin_skip_building_tests': False, 'cmake_args': None, 'cmake_clean_cache': False, 'cmake_clean_first': False, 'cmake_force_configure': False, 'cmake_target': None, 'cmake_target_skip_unavailable': False, 'install_base': '/home/farah/ws_farah/install/pid_controller', 'merge_install': False, 'path': '/home/farah/ws_farah/src/ros2_controllers/pid_controller', 'symlink_install': False, 'test_result_base': None}
[0.360s] Level 5:colcon.colcon_core.verb:set package 'pose_broadcaster' build argument 'cmake_args' from command line to 'None'
[0.361s] Level 5:colcon.colcon_core.verb:set package 'pose_broadcaster' build argument 'cmake_target' from command line to 'None'
[0.361s] Level 5:colcon.colcon_core.verb:set package 'pose_broadcaster' build argument 'cmake_target_skip_unavailable' from command line to 'False'
[0.361s] Level 5:colcon.colcon_core.verb:set package 'pose_broadcaster' build argument 'cmake_clean_cache' from command line to 'False'
[0.361s] Level 5:colcon.colcon_core.verb:set package 'pose_broadcaster' build argument 'cmake_clean_first' from command line to 'False'
[0.361s] Level 5:colcon.colcon_core.verb:set package 'pose_broadcaster' build argument 'cmake_force_configure' from command line to 'False'
[0.361s] Level 5:colcon.colcon_core.verb:set package 'pose_broadcaster' build argument 'ament_cmake_args' from command line to 'None'
[0.361s] Level 5:colcon.colcon_core.verb:set package 'pose_broadcaster' build argument 'catkin_cmake_args' from command line to 'None'
[0.361s] Level 5:colcon.colcon_core.verb:set package 'pose_broadcaster' build argument 'catkin_skip_building_tests' from command line to 'False'
[0.361s] DEBUG:colcon.colcon_core.verb:Building package 'pose_broadcaster' with the following arguments: {'ament_cmake_args': None, 'build_base': '/home/farah/ws_farah/build/pose_broadcaster', 'catkin_cmake_args': None, 'catkin_skip_building_tests': False, 'cmake_args': None, 'cmake_clean_cache': False, 'cmake_clean_first': False, 'cmake_force_configure': False, 'cmake_target': None, 'cmake_target_skip_unavailable': False, 'install_base': '/home/farah/ws_farah/install/pose_broadcaster', 'merge_install': False, 'path': '/home/farah/ws_farah/src/ros2_controllers/pose_broadcaster', 'symlink_install': False, 'test_result_base': None}
[0.361s] Level 5:colcon.colcon_core.verb:set package 'race_it' build argument 'cmake_args' from command line to 'None'
[0.361s] Level 5:colcon.colcon_core.verb:set package 'race_it' build argument 'cmake_target' from command line to 'None'
[0.361s] Level 5:colcon.colcon_core.verb:set package 'race_it' build argument 'cmake_target_skip_unavailable' from command line to 'False'
[0.361s] Level 5:colcon.colcon_core.verb:set package 'race_it' build argument 'cmake_clean_cache' from command line to 'False'
[0.361s] Level 5:colcon.colcon_core.verb:set package 'race_it' build argument 'cmake_clean_first' from command line to 'False'
[0.361s] Level 5:colcon.colcon_core.verb:set package 'race_it' build argument 'cmake_force_configure' from command line to 'False'
[0.361s] Level 5:colcon.colcon_core.verb:set package 'race_it' build argument 'ament_cmake_args' from command line to 'None'
[0.361s] Level 5:colcon.colcon_core.verb:set package 'race_it' build argument 'catkin_cmake_args' from command line to 'None'
[0.361s] Level 5:colcon.colcon_core.verb:set package 'race_it' build argument 'catkin_skip_building_tests' from command line to 'False'
[0.361s] DEBUG:colcon.colcon_core.verb:Building package 'race_it' with the following arguments: {'ament_cmake_args': None, 'build_base': '/home/farah/ws_farah/build/race_it', 'catkin_cmake_args': None, 'catkin_skip_building_tests': False, 'cmake_args': None, 'cmake_clean_cache': False, 'cmake_clean_first': False, 'cmake_force_configure': False, 'cmake_target': None, 'cmake_target_skip_unavailable': False, 'install_base': '/home/farah/ws_farah/install/race_it', 'merge_install': False, 'path': '/home/farah/ws_farah/src/ros2_acker/race_it', 'symlink_install': False, 'test_result_base': None}
[0.362s] Level 5:colcon.colcon_core.verb:set package 'range_sensor_broadcaster' build argument 'cmake_args' from command line to 'None'
[0.362s] Level 5:colcon.colcon_core.verb:set package 'range_sensor_broadcaster' build argument 'cmake_target' from command line to 'None'
[0.362s] Level 5:colcon.colcon_core.verb:set package 'range_sensor_broadcaster' build argument 'cmake_target_skip_unavailable' from command line to 'False'
[0.362s] Level 5:colcon.colcon_core.verb:set package 'range_sensor_broadcaster' build argument 'cmake_clean_cache' from command line to 'False'
[0.362s] Level 5:colcon.colcon_core.verb:set package 'range_sensor_broadcaster' build argument 'cmake_clean_first' from command line to 'False'
[0.362s] Level 5:colcon.colcon_core.verb:set package 'range_sensor_broadcaster' build argument 'cmake_force_configure' from command line to 'False'
[0.362s] Level 5:colcon.colcon_core.verb:set package 'range_sensor_broadcaster' build argument 'ament_cmake_args' from command line to 'None'
[0.362s] Level 5:colcon.colcon_core.verb:set package 'range_sensor_broadcaster' build argument 'catkin_cmake_args' from command line to 'None'
[0.362s] Level 5:colcon.colcon_core.verb:set package 'range_sensor_broadcaster' build argument 'catkin_skip_building_tests' from command line to 'False'
[0.362s] DEBUG:colcon.colcon_core.verb:Building package 'range_sensor_broadcaster' with the following arguments: {'ament_cmake_args': None, 'build_base': '/home/farah/ws_farah/build/range_sensor_broadcaster', 'catkin_cmake_args': None, 'catkin_skip_building_tests': False, 'cmake_args': None, 'cmake_clean_cache': False, 'cmake_clean_first': False, 'cmake_force_configure': False, 'cmake_target': None, 'cmake_target_skip_unavailable': False, 'install_base': '/home/farah/ws_farah/install/range_sensor_broadcaster', 'merge_install': False, 'path': '/home/farah/ws_farah/src/ros2_controllers/range_sensor_broadcaster', 'symlink_install': False, 'test_result_base': None}
[0.362s] Level 5:colcon.colcon_core.verb:set package 'ros2_control' build argument 'cmake_args' from command line to 'None'
[0.362s] Level 5:colcon.colcon_core.verb:set package 'ros2_control' build argument 'cmake_target' from command line to 'None'
[0.362s] Level 5:colcon.colcon_core.verb:set package 'ros2_control' build argument 'cmake_target_skip_unavailable' from command line to 'False'
[0.362s] Level 5:colcon.colcon_core.verb:set package 'ros2_control' build argument 'cmake_clean_cache' from command line to 'False'
[0.362s] Level 5:colcon.colcon_core.verb:set package 'ros2_control' build argument 'cmake_clean_first' from command line to 'False'
[0.362s] Level 5:colcon.colcon_core.verb:set package 'ros2_control' build argument 'cmake_force_configure' from command line to 'False'
[0.362s] Level 5:colcon.colcon_core.verb:set package 'ros2_control' build argument 'ament_cmake_args' from command line to 'None'
[0.362s] Level 5:colcon.colcon_core.verb:set package 'ros2_control' build argument 'catkin_cmake_args' from command line to 'None'
[0.362s] Level 5:colcon.colcon_core.verb:set package 'ros2_control' build argument 'catkin_skip_building_tests' from command line to 'False'
[0.362s] DEBUG:colcon.colcon_core.verb:Building package 'ros2_control' with the following arguments: {'ament_cmake_args': None, 'build_base': '/home/farah/ws_farah/build/ros2_control', 'catkin_cmake_args': None, 'catkin_skip_building_tests': False, 'cmake_args': None, 'cmake_clean_cache': False, 'cmake_clean_first': False, 'cmake_force_configure': False, 'cmake_target': None, 'cmake_target_skip_unavailable': False, 'install_base': '/home/farah/ws_farah/install/ros2_control', 'merge_install': False, 'path': '/home/farah/ws_farah/src/ros2_control/ros2_control', 'symlink_install': False, 'test_result_base': None}
[0.363s] Level 5:colcon.colcon_core.verb:set package 'steering_controllers_library' build argument 'cmake_args' from command line to 'None'
[0.363s] Level 5:colcon.colcon_core.verb:set package 'steering_controllers_library' build argument 'cmake_target' from command line to 'None'
[0.363s] Level 5:colcon.colcon_core.verb:set package 'steering_controllers_library' build argument 'cmake_target_skip_unavailable' from command line to 'False'
[0.363s] Level 5:colcon.colcon_core.verb:set package 'steering_controllers_library' build argument 'cmake_clean_cache' from command line to 'False'
[0.363s] Level 5:colcon.colcon_core.verb:set package 'steering_controllers_library' build argument 'cmake_clean_first' from command line to 'False'
[0.363s] Level 5:colcon.colcon_core.verb:set package 'steering_controllers_library' build argument 'cmake_force_configure' from command line to 'False'
[0.363s] Level 5:colcon.colcon_core.verb:set package 'steering_controllers_library' build argument 'ament_cmake_args' from command line to 'None'
[0.363s] Level 5:colcon.colcon_core.verb:set package 'steering_controllers_library' build argument 'catkin_cmake_args' from command line to 'None'
[0.363s] Level 5:colcon.colcon_core.verb:set package 'steering_controllers_library' build argument 'catkin_skip_building_tests' from command line to 'False'
[0.363s] DEBUG:colcon.colcon_core.verb:Building package 'steering_controllers_library' with the following arguments: {'ament_cmake_args': None, 'build_base': '/home/farah/ws_farah/build/steering_controllers_library', 'catkin_cmake_args': None, 'catkin_skip_building_tests': False, 'cmake_args': None, 'cmake_clean_cache': False, 'cmake_clean_first': False, 'cmake_force_configure': False, 'cmake_target': None, 'cmake_target_skip_unavailable': False, 'install_base': '/home/farah/ws_farah/install/steering_controllers_library', 'merge_install': False, 'path': '/home/farah/ws_farah/src/ros2_controllers/steering_controllers_library', 'symlink_install': False, 'test_result_base': None}
[0.363s] Level 5:colcon.colcon_core.verb:set package 'tricycle_controller' build argument 'cmake_args' from command line to 'None'
[0.363s] Level 5:colcon.colcon_core.verb:set package 'tricycle_controller' build argument 'cmake_target' from command line to 'None'
[0.363s] Level 5:colcon.colcon_core.verb:set package 'tricycle_controller' build argument 'cmake_target_skip_unavailable' from command line to 'False'
[0.363s] Level 5:colcon.colcon_core.verb:set package 'tricycle_controller' build argument 'cmake_clean_cache' from command line to 'False'
[0.363s] Level 5:colcon.colcon_core.verb:set package 'tricycle_controller' build argument 'cmake_clean_first' from command line to 'False'
[0.363s] Level 5:colcon.colcon_core.verb:set package 'tricycle_controller' build argument 'cmake_force_configure' from command line to 'False'
[0.363s] Level 5:colcon.colcon_core.verb:set package 'tricycle_controller' build argument 'ament_cmake_args' from command line to 'None'
[0.363s] Level 5:colcon.colcon_core.verb:set package 'tricycle_controller' build argument 'catkin_cmake_args' from command line to 'None'
[0.363s] Level 5:colcon.colcon_core.verb:set package 'tricycle_controller' build argument 'catkin_skip_building_tests' from command line to 'False'
[0.363s] DEBUG:colcon.colcon_core.verb:Building package 'tricycle_controller' with the following arguments: {'ament_cmake_args': None, 'build_base': '/home/farah/ws_farah/build/tricycle_controller', 'catkin_cmake_args': None, 'catkin_skip_building_tests': False, 'cmake_args': None, 'cmake_clean_cache': False, 'cmake_clean_first': False, 'cmake_force_configure': False, 'cmake_target': None, 'cmake_target_skip_unavailable': False, 'install_base': '/home/farah/ws_farah/install/tricycle_controller', 'merge_install': False, 'path': '/home/farah/ws_farah/src/ros2_controllers/tricycle_controller', 'symlink_install': False, 'test_result_base': None}
[0.364s] Level 5:colcon.colcon_core.verb:set package 'ackermann_steering_controller' build argument 'cmake_args' from command line to 'None'
[0.364s] Level 5:colcon.colcon_core.verb:set package 'ackermann_steering_controller' build argument 'cmake_target' from command line to 'None'
[0.364s] Level 5:colcon.colcon_core.verb:set package 'ackermann_steering_controller' build argument 'cmake_target_skip_unavailable' from command line to 'False'
[0.364s] Level 5:colcon.colcon_core.verb:set package 'ackermann_steering_controller' build argument 'cmake_clean_cache' from command line to 'False'
[0.364s] Level 5:colcon.colcon_core.verb:set package 'ackermann_steering_controller' build argument 'cmake_clean_first' from command line to 'False'
[0.364s] Level 5:colcon.colcon_core.verb:set package 'ackermann_steering_controller' build argument 'cmake_force_configure' from command line to 'False'
[0.364s] Level 5:colcon.colcon_core.verb:set package 'ackermann_steering_controller' build argument 'ament_cmake_args' from command line to 'None'
[0.364s] Level 5:colcon.colcon_core.verb:set package 'ackermann_steering_controller' build argument 'catkin_cmake_args' from command line to 'None'
[0.364s] Level 5:colcon.colcon_core.verb:set package 'ackermann_steering_controller' build argument 'catkin_skip_building_tests' from command line to 'False'
[0.364s] DEBUG:colcon.colcon_core.verb:Building package 'ackermann_steering_controller' with the following arguments: {'ament_cmake_args': None, 'build_base': '/home/farah/ws_farah/build/ackermann_steering_controller', 'catkin_cmake_args': None, 'catkin_skip_building_tests': False, 'cmake_args': None, 'cmake_clean_cache': False, 'cmake_clean_first': False, 'cmake_force_configure': False, 'cmake_target': None, 'cmake_target_skip_unavailable': False, 'install_base': '/home/farah/ws_farah/install/ackermann_steering_controller', 'merge_install': False, 'path': '/home/farah/ws_farah/src/ros2_controllers/ackermann_steering_controller', 'symlink_install': False, 'test_result_base': None}
[0.364s] Level 5:colcon.colcon_core.verb:set package 'bicycle_steering_controller' build argument 'cmake_args' from command line to 'None'
[0.364s] Level 5:colcon.colcon_core.verb:set package 'bicycle_steering_controller' build argument 'cmake_target' from command line to 'None'
[0.364s] Level 5:colcon.colcon_core.verb:set package 'bicycle_steering_controller' build argument 'cmake_target_skip_unavailable' from command line to 'False'
[0.364s] Level 5:colcon.colcon_core.verb:set package 'bicycle_steering_controller' build argument 'cmake_clean_cache' from command line to 'False'
[0.364s] Level 5:colcon.colcon_core.verb:set package 'bicycle_steering_controller' build argument 'cmake_clean_first' from command line to 'False'
[0.364s] Level 5:colcon.colcon_core.verb:set package 'bicycle_steering_controller' build argument 'cmake_force_configure' from command line to 'False'
[0.364s] Level 5:colcon.colcon_core.verb:set package 'bicycle_steering_controller' build argument 'ament_cmake_args' from command line to 'None'
[0.364s] Level 5:colcon.colcon_core.verb:set package 'bicycle_steering_controller' build argument 'catkin_cmake_args' from command line to 'None'
[0.364s] Level 5:colcon.colcon_core.verb:set package 'bicycle_steering_controller' build argument 'catkin_skip_building_tests' from command line to 'False'
[0.364s] DEBUG:colcon.colcon_core.verb:Building package 'bicycle_steering_controller' with the following arguments: {'ament_cmake_args': None, 'build_base': '/home/farah/ws_farah/build/bicycle_steering_controller', 'catkin_cmake_args': None, 'catkin_skip_building_tests': False, 'cmake_args': None, 'cmake_clean_cache': False, 'cmake_clean_first': False, 'cmake_force_configure': False, 'cmake_target': None, 'cmake_target_skip_unavailable': False, 'install_base': '/home/farah/ws_farah/install/bicycle_steering_controller', 'merge_install': False, 'path': '/home/farah/ws_farah/src/ros2_controllers/bicycle_steering_controller', 'symlink_install': False, 'test_result_base': None}
[0.365s] Level 5:colcon.colcon_core.verb:set package 'effort_controllers' build argument 'cmake_args' from command line to 'None'
[0.365s] Level 5:colcon.colcon_core.verb:set package 'effort_controllers' build argument 'cmake_target' from command line to 'None'
[0.365s] Level 5:colcon.colcon_core.verb:set package 'effort_controllers' build argument 'cmake_target_skip_unavailable' from command line to 'False'
[0.365s] Level 5:colcon.colcon_core.verb:set package 'effort_controllers' build argument 'cmake_clean_cache' from command line to 'False'
[0.365s] Level 5:colcon.colcon_core.verb:set package 'effort_controllers' build argument 'cmake_clean_first' from command line to 'False'
[0.365s] Level 5:colcon.colcon_core.verb:set package 'effort_controllers' build argument 'cmake_force_configure' from command line to 'False'
[0.365s] Level 5:colcon.colcon_core.verb:set package 'effort_controllers' build argument 'ament_cmake_args' from command line to 'None'
[0.365s] Level 5:colcon.colcon_core.verb:set package 'effort_controllers' build argument 'catkin_cmake_args' from command line to 'None'
[0.365s] Level 5:colcon.colcon_core.verb:set package 'effort_controllers' build argument 'catkin_skip_building_tests' from command line to 'False'
[0.365s] DEBUG:colcon.colcon_core.verb:Building package 'effort_controllers' with the following arguments: {'ament_cmake_args': None, 'build_base': '/home/farah/ws_farah/build/effort_controllers', 'catkin_cmake_args': None, 'catkin_skip_building_tests': False, 'cmake_args': None, 'cmake_clean_cache': False, 'cmake_clean_first': False, 'cmake_force_configure': False, 'cmake_target': None, 'cmake_target_skip_unavailable': False, 'install_base': '/home/farah/ws_farah/install/effort_controllers', 'merge_install': False, 'path': '/home/farah/ws_farah/src/ros2_controllers/effort_controllers', 'symlink_install': False, 'test_result_base': None}
[0.365s] Level 5:colcon.colcon_core.verb:set package 'position_controllers' build argument 'cmake_args' from command line to 'None'
[0.365s] Level 5:colcon.colcon_core.verb:set package 'position_controllers' build argument 'cmake_target' from command line to 'None'
[0.365s] Level 5:colcon.colcon_core.verb:set package 'position_controllers' build argument 'cmake_target_skip_unavailable' from command line to 'False'
[0.365s] Level 5:colcon.colcon_core.verb:set package 'position_controllers' build argument 'cmake_clean_cache' from command line to 'False'
[0.365s] Level 5:colcon.colcon_core.verb:set package 'position_controllers' build argument 'cmake_clean_first' from command line to 'False'
[0.365s] Level 5:colcon.colcon_core.verb:set package 'position_controllers' build argument 'cmake_force_configure' from command line to 'False'
[0.365s] Level 5:colcon.colcon_core.verb:set package 'position_controllers' build argument 'ament_cmake_args' from command line to 'None'
[0.365s] Level 5:colcon.colcon_core.verb:set package 'position_controllers' build argument 'catkin_cmake_args' from command line to 'None'
[0.365s] Level 5:colcon.colcon_core.verb:set package 'position_controllers' build argument 'catkin_skip_building_tests' from command line to 'False'
[0.366s] DEBUG:colcon.colcon_core.verb:Building package 'position_controllers' with the following arguments: {'ament_cmake_args': None, 'build_base': '/home/farah/ws_farah/build/position_controllers', 'catkin_cmake_args': None, 'catkin_skip_building_tests': False, 'cmake_args': None, 'cmake_clean_cache': False, 'cmake_clean_first': False, 'cmake_force_configure': False, 'cmake_target': None, 'cmake_target_skip_unavailable': False, 'install_base': '/home/farah/ws_farah/install/position_controllers', 'merge_install': False, 'path': '/home/farah/ws_farah/src/ros2_controllers/position_controllers', 'symlink_install': False, 'test_result_base': None}
[0.366s] Level 5:colcon.colcon_core.verb:set package 'ros2_control_demo_example_1' build argument 'cmake_args' from command line to 'None'
[0.366s] Level 5:colcon.colcon_core.verb:set package 'ros2_control_demo_example_1' build argument 'cmake_target' from command line to 'None'
[0.366s] Level 5:colcon.colcon_core.verb:set package 'ros2_control_demo_example_1' build argument 'cmake_target_skip_unavailable' from command line to 'False'
[0.366s] Level 5:colcon.colcon_core.verb:set package 'ros2_control_demo_example_1' build argument 'cmake_clean_cache' from command line to 'False'
[0.366s] Level 5:colcon.colcon_core.verb:set package 'ros2_control_demo_example_1' build argument 'cmake_clean_first' from command line to 'False'
[0.366s] Level 5:colcon.colcon_core.verb:set package 'ros2_control_demo_example_1' build argument 'cmake_force_configure' from command line to 'False'
[0.366s] Level 5:colcon.colcon_core.verb:set package 'ros2_control_demo_example_1' build argument 'ament_cmake_args' from command line to 'None'
[0.366s] Level 5:colcon.colcon_core.verb:set package 'ros2_control_demo_example_1' build argument 'catkin_cmake_args' from command line to 'None'
[0.366s] Level 5:colcon.colcon_core.verb:set package 'ros2_control_demo_example_1' build argument 'catkin_skip_building_tests' from command line to 'False'
[0.366s] DEBUG:colcon.colcon_core.verb:Building package 'ros2_control_demo_example_1' with the following arguments: {'ament_cmake_args': None, 'build_base': '/home/farah/ws_farah/build/ros2_control_demo_example_1', 'catkin_cmake_args': None, 'catkin_skip_building_tests': False, 'cmake_args': None, 'cmake_clean_cache': False, 'cmake_clean_first': False, 'cmake_force_configure': False, 'cmake_target': None, 'cmake_target_skip_unavailable': False, 'install_base': '/home/farah/ws_farah/install/ros2_control_demo_example_1', 'merge_install': False, 'path': '/home/farah/ws_farah/src/ros2_control_demos/example_1', 'symlink_install': False, 'test_result_base': None}
[0.366s] Level 5:colcon.colcon_core.verb:set package 'ros2_control_demo_example_10' build argument 'cmake_args' from command line to 'None'
[0.366s] Level 5:colcon.colcon_core.verb:set package 'ros2_control_demo_example_10' build argument 'cmake_target' from command line to 'None'
[0.366s] Level 5:colcon.colcon_core.verb:set package 'ros2_control_demo_example_10' build argument 'cmake_target_skip_unavailable' from command line to 'False'
[0.366s] Level 5:colcon.colcon_core.verb:set package 'ros2_control_demo_example_10' build argument 'cmake_clean_cache' from command line to 'False'
[0.366s] Level 5:colcon.colcon_core.verb:set package 'ros2_control_demo_example_10' build argument 'cmake_clean_first' from command line to 'False'
[0.367s] Level 5:colcon.colcon_core.verb:set package 'ros2_control_demo_example_10' build argument 'cmake_force_configure' from command line to 'False'
[0.367s] Level 5:colcon.colcon_core.verb:set package 'ros2_control_demo_example_10' build argument 'ament_cmake_args' from command line to 'None'
[0.367s] Level 5:colcon.colcon_core.verb:set package 'ros2_control_demo_example_10' build argument 'catkin_cmake_args' from command line to 'None'
[0.367s] Level 5:colcon.colcon_core.verb:set package 'ros2_control_demo_example_10' build argument 'catkin_skip_building_tests' from command line to 'False'
[0.367s] DEBUG:colcon.colcon_core.verb:Building package 'ros2_control_demo_example_10' with the following arguments: {'ament_cmake_args': None, 'build_base': '/home/farah/ws_farah/build/ros2_control_demo_example_10', 'catkin_cmake_args': None, 'catkin_skip_building_tests': False, 'cmake_args': None, 'cmake_clean_cache': False, 'cmake_clean_first': False, 'cmake_force_configure': False, 'cmake_target': None, 'cmake_target_skip_unavailable': False, 'install_base': '/home/farah/ws_farah/install/ros2_control_demo_example_10', 'merge_install': False, 'path': '/home/farah/ws_farah/src/ros2_control_demos/example_10', 'symlink_install': False, 'test_result_base': None}
[0.367s] Level 5:colcon.colcon_core.verb:set package 'ros2_control_demo_example_12' build argument 'cmake_args' from command line to 'None'
[0.367s] Level 5:colcon.colcon_core.verb:set package 'ros2_control_demo_example_12' build argument 'cmake_target' from command line to 'None'
[0.367s] Level 5:colcon.colcon_core.verb:set package 'ros2_control_demo_example_12' build argument 'cmake_target_skip_unavailable' from command line to 'False'
[0.367s] Level 5:colcon.colcon_core.verb:set package 'ros2_control_demo_example_12' build argument 'cmake_clean_cache' from command line to 'False'
[0.367s] Level 5:colcon.colcon_core.verb:set package 'ros2_control_demo_example_12' build argument 'cmake_clean_first' from command line to 'False'
[0.367s] Level 5:colcon.colcon_core.verb:set package 'ros2_control_demo_example_12' build argument 'cmake_force_configure' from command line to 'False'
[0.367s] Level 5:colcon.colcon_core.verb:set package 'ros2_control_demo_example_12' build argument 'ament_cmake_args' from command line to 'None'
[0.367s] Level 5:colcon.colcon_core.verb:set package 'ros2_control_demo_example_12' build argument 'catkin_cmake_args' from command line to 'None'
[0.367s] Level 5:colcon.colcon_core.verb:set package 'ros2_control_demo_example_12' build argument 'catkin_skip_building_tests' from command line to 'False'
[0.367s] DEBUG:colcon.colcon_core.verb:Building package 'ros2_control_demo_example_12' with the following arguments: {'ament_cmake_args': None, 'build_base': '/home/farah/ws_farah/build/ros2_control_demo_example_12', 'catkin_cmake_args': None, 'catkin_skip_building_tests': False, 'cmake_args': None, 'cmake_clean_cache': False, 'cmake_clean_first': False, 'cmake_force_configure': False, 'cmake_target': None, 'cmake_target_skip_unavailable': False, 'install_base': '/home/farah/ws_farah/install/ros2_control_demo_example_12', 'merge_install': False, 'path': '/home/farah/ws_farah/src/ros2_control_demos/example_12', 'symlink_install': False, 'test_result_base': None}
[0.367s] Level 5:colcon.colcon_core.verb:set package 'ros2_control_demo_example_14' build argument 'cmake_args' from command line to 'None'
[0.367s] Level 5:colcon.colcon_core.verb:set package 'ros2_control_demo_example_14' build argument 'cmake_target' from command line to 'None'
[0.368s] Level 5:colcon.colcon_core.verb:set package 'ros2_control_demo_example_14' build argument 'cmake_target_skip_unavailable' from command line to 'False'
[0.368s] Level 5:colcon.colcon_core.verb:set package 'ros2_control_demo_example_14' build argument 'cmake_clean_cache' from command line to 'False'
[0.368s] Level 5:colcon.colcon_core.verb:set package 'ros2_control_demo_example_14' build argument 'cmake_clean_first' from command line to 'False'
[0.368s] Level 5:colcon.colcon_core.verb:set package 'ros2_control_demo_example_14' build argument 'cmake_force_configure' from command line to 'False'
[0.368s] Level 5:colcon.colcon_core.verb:set package 'ros2_control_demo_example_14' build argument 'ament_cmake_args' from command line to 'None'
[0.368s] Level 5:colcon.colcon_core.verb:set package 'ros2_control_demo_example_14' build argument 'catkin_cmake_args' from command line to 'None'
[0.368s] Level 5:colcon.colcon_core.verb:set package 'ros2_control_demo_example_14' build argument 'catkin_skip_building_tests' from command line to 'False'
[0.368s] DEBUG:colcon.colcon_core.verb:Building package 'ros2_control_demo_example_14' with the following arguments: {'ament_cmake_args': None, 'build_base': '/home/farah/ws_farah/build/ros2_control_demo_example_14', 'catkin_cmake_args': None, 'catkin_skip_building_tests': False, 'cmake_args': None, 'cmake_clean_cache': False, 'cmake_clean_first': False, 'cmake_force_configure': False, 'cmake_target': None, 'cmake_target_skip_unavailable': False, 'install_base': '/home/farah/ws_farah/install/ros2_control_demo_example_14', 'merge_install': False, 'path': '/home/farah/ws_farah/src/ros2_control_demos/example_14', 'symlink_install': False, 'test_result_base': None}
[0.368s] Level 5:colcon.colcon_core.verb:set package 'ros2_control_demo_example_2' build argument 'cmake_args' from command line to 'None'
[0.368s] Level 5:colcon.colcon_core.verb:set package 'ros2_control_demo_example_2' build argument 'cmake_target' from command line to 'None'
[0.368s] Level 5:colcon.colcon_core.verb:set package 'ros2_control_demo_example_2' build argument 'cmake_target_skip_unavailable' from command line to 'False'
[0.368s] Level 5:colcon.colcon_core.verb:set package 'ros2_control_demo_example_2' build argument 'cmake_clean_cache' from command line to 'False'
[0.368s] Level 5:colcon.colcon_core.verb:set package 'ros2_control_demo_example_2' build argument 'cmake_clean_first' from command line to 'False'
[0.368s] Level 5:colcon.colcon_core.verb:set package 'ros2_control_demo_example_2' build argument 'cmake_force_configure' from command line to 'False'
[0.368s] Level 5:colcon.colcon_core.verb:set package 'ros2_control_demo_example_2' build argument 'ament_cmake_args' from command line to 'None'
[0.368s] Level 5:colcon.colcon_core.verb:set package 'ros2_control_demo_example_2' build argument 'catkin_cmake_args' from command line to 'None'
[0.368s] Level 5:colcon.colcon_core.verb:set package 'ros2_control_demo_example_2' build argument 'catkin_skip_building_tests' from command line to 'False'
[0.368s] DEBUG:colcon.colcon_core.verb:Building package 'ros2_control_demo_example_2' with the following arguments: {'ament_cmake_args': None, 'build_base': '/home/farah/ws_farah/build/ros2_control_demo_example_2', 'catkin_cmake_args': None, 'catkin_skip_building_tests': False, 'cmake_args': None, 'cmake_clean_cache': False, 'cmake_clean_first': False, 'cmake_force_configure': False, 'cmake_target': None, 'cmake_target_skip_unavailable': False, 'install_base': '/home/farah/ws_farah/install/ros2_control_demo_example_2', 'merge_install': False, 'path': '/home/farah/ws_farah/src/ros2_control_demos/example_2', 'symlink_install': False, 'test_result_base': None}
[0.369s] Level 5:colcon.colcon_core.verb:set package 'ros2_control_demo_example_4' build argument 'cmake_args' from command line to 'None'
[0.369s] Level 5:colcon.colcon_core.verb:set package 'ros2_control_demo_example_4' build argument 'cmake_target' from command line to 'None'
[0.369s] Level 5:colcon.colcon_core.verb:set package 'ros2_control_demo_example_4' build argument 'cmake_target_skip_unavailable' from command line to 'False'
[0.369s] Level 5:colcon.colcon_core.verb:set package 'ros2_control_demo_example_4' build argument 'cmake_clean_cache' from command line to 'False'
[0.369s] Level 5:colcon.colcon_core.verb:set package 'ros2_control_demo_example_4' build argument 'cmake_clean_first' from command line to 'False'
[0.369s] Level 5:colcon.colcon_core.verb:set package 'ros2_control_demo_example_4' build argument 'cmake_force_configure' from command line to 'False'
[0.369s] Level 5:colcon.colcon_core.verb:set package 'ros2_control_demo_example_4' build argument 'ament_cmake_args' from command line to 'None'
[0.369s] Level 5:colcon.colcon_core.verb:set package 'ros2_control_demo_example_4' build argument 'catkin_cmake_args' from command line to 'None'
[0.369s] Level 5:colcon.colcon_core.verb:set package 'ros2_control_demo_example_4' build argument 'catkin_skip_building_tests' from command line to 'False'
[0.369s] DEBUG:colcon.colcon_core.verb:Building package 'ros2_control_demo_example_4' with the following arguments: {'ament_cmake_args': None, 'build_base': '/home/farah/ws_farah/build/ros2_control_demo_example_4', 'catkin_cmake_args': None, 'catkin_skip_building_tests': False, 'cmake_args': None, 'cmake_clean_cache': False, 'cmake_clean_first': False, 'cmake_force_configure': False, 'cmake_target': None, 'cmake_target_skip_unavailable': False, 'install_base': '/home/farah/ws_farah/install/ros2_control_demo_example_4', 'merge_install': False, 'path': '/home/farah/ws_farah/src/ros2_control_demos/example_4', 'symlink_install': False, 'test_result_base': None}
[0.369s] Level 5:colcon.colcon_core.verb:set package 'ros2_control_demo_example_5' build argument 'cmake_args' from command line to 'None'
[0.369s] Level 5:colcon.colcon_core.verb:set package 'ros2_control_demo_example_5' build argument 'cmake_target' from command line to 'None'
[0.369s] Level 5:colcon.colcon_core.verb:set package 'ros2_control_demo_example_5' build argument 'cmake_target_skip_unavailable' from command line to 'False'
[0.369s] Level 5:colcon.colcon_core.verb:set package 'ros2_control_demo_example_5' build argument 'cmake_clean_cache' from command line to 'False'
[0.369s] Level 5:colcon.colcon_core.verb:set package 'ros2_control_demo_example_5' build argument 'cmake_clean_first' from command line to 'False'
[0.369s] Level 5:colcon.colcon_core.verb:set package 'ros2_control_demo_example_5' build argument 'cmake_force_configure' from command line to 'False'
[0.369s] Level 5:colcon.colcon_core.verb:set package 'ros2_control_demo_example_5' build argument 'ament_cmake_args' from command line to 'None'
[0.369s] Level 5:colcon.colcon_core.verb:set package 'ros2_control_demo_example_5' build argument 'catkin_cmake_args' from command line to 'None'
[0.369s] Level 5:colcon.colcon_core.verb:set package 'ros2_control_demo_example_5' build argument 'catkin_skip_building_tests' from command line to 'False'
[0.369s] DEBUG:colcon.colcon_core.verb:Building package 'ros2_control_demo_example_5' with the following arguments: {'ament_cmake_args': None, 'build_base': '/home/farah/ws_farah/build/ros2_control_demo_example_5', 'catkin_cmake_args': None, 'catkin_skip_building_tests': False, 'cmake_args': None, 'cmake_clean_cache': False, 'cmake_clean_first': False, 'cmake_force_configure': False, 'cmake_target': None, 'cmake_target_skip_unavailable': False, 'install_base': '/home/farah/ws_farah/install/ros2_control_demo_example_5', 'merge_install': False, 'path': '/home/farah/ws_farah/src/ros2_control_demos/example_5', 'symlink_install': False, 'test_result_base': None}
[0.370s] Level 5:colcon.colcon_core.verb:set package 'ros2_control_demo_example_6' build argument 'cmake_args' from command line to 'None'
[0.370s] Level 5:colcon.colcon_core.verb:set package 'ros2_control_demo_example_6' build argument 'cmake_target' from command line to 'None'
[0.370s] Level 5:colcon.colcon_core.verb:set package 'ros2_control_demo_example_6' build argument 'cmake_target_skip_unavailable' from command line to 'False'
[0.370s] Level 5:colcon.colcon_core.verb:set package 'ros2_control_demo_example_6' build argument 'cmake_clean_cache' from command line to 'False'
[0.370s] Level 5:colcon.colcon_core.verb:set package 'ros2_control_demo_example_6' build argument 'cmake_clean_first' from command line to 'False'
[0.370s] Level 5:colcon.colcon_core.verb:set package 'ros2_control_demo_example_6' build argument 'cmake_force_configure' from command line to 'False'
[0.370s] Level 5:colcon.colcon_core.verb:set package 'ros2_control_demo_example_6' build argument 'ament_cmake_args' from command line to 'None'
[0.370s] Level 5:colcon.colcon_core.verb:set package 'ros2_control_demo_example_6' build argument 'catkin_cmake_args' from command line to 'None'
[0.370s] Level 5:colcon.colcon_core.verb:set package 'ros2_control_demo_example_6' build argument 'catkin_skip_building_tests' from command line to 'False'
[0.370s] DEBUG:colcon.colcon_core.verb:Building package 'ros2_control_demo_example_6' with the following arguments: {'ament_cmake_args': None, 'build_base': '/home/farah/ws_farah/build/ros2_control_demo_example_6', 'catkin_cmake_args': None, 'catkin_skip_building_tests': False, 'cmake_args': None, 'cmake_clean_cache': False, 'cmake_clean_first': False, 'cmake_force_configure': False, 'cmake_target': None, 'cmake_target_skip_unavailable': False, 'install_base': '/home/farah/ws_farah/install/ros2_control_demo_example_6', 'merge_install': False, 'path': '/home/farah/ws_farah/src/ros2_control_demos/example_6', 'symlink_install': False, 'test_result_base': None}
[0.370s] Level 5:colcon.colcon_core.verb:set package 'ros2_control_demo_example_7' build argument 'cmake_args' from command line to 'None'
[0.370s] Level 5:colcon.colcon_core.verb:set package 'ros2_control_demo_example_7' build argument 'cmake_target' from command line to 'None'
[0.370s] Level 5:colcon.colcon_core.verb:set package 'ros2_control_demo_example_7' build argument 'cmake_target_skip_unavailable' from command line to 'False'
[0.370s] Level 5:colcon.colcon_core.verb:set package 'ros2_control_demo_example_7' build argument 'cmake_clean_cache' from command line to 'False'
[0.370s] Level 5:colcon.colcon_core.verb:set package 'ros2_control_demo_example_7' build argument 'cmake_clean_first' from command line to 'False'
[0.370s] Level 5:colcon.colcon_core.verb:set package 'ros2_control_demo_example_7' build argument 'cmake_force_configure' from command line to 'False'
[0.370s] Level 5:colcon.colcon_core.verb:set package 'ros2_control_demo_example_7' build argument 'ament_cmake_args' from command line to 'None'
[0.370s] Level 5:colcon.colcon_core.verb:set package 'ros2_control_demo_example_7' build argument 'catkin_cmake_args' from command line to 'None'
[0.370s] Level 5:colcon.colcon_core.verb:set package 'ros2_control_demo_example_7' build argument 'catkin_skip_building_tests' from command line to 'False'
[0.370s] DEBUG:colcon.colcon_core.verb:Building package 'ros2_control_demo_example_7' with the following arguments: {'ament_cmake_args': None, 'build_base': '/home/farah/ws_farah/build/ros2_control_demo_example_7', 'catkin_cmake_args': None, 'catkin_skip_building_tests': False, 'cmake_args': None, 'cmake_clean_cache': False, 'cmake_clean_first': False, 'cmake_force_configure': False, 'cmake_target': None, 'cmake_target_skip_unavailable': False, 'install_base': '/home/farah/ws_farah/install/ros2_control_demo_example_7', 'merge_install': False, 'path': '/home/farah/ws_farah/src/ros2_control_demos/example_7', 'symlink_install': False, 'test_result_base': None}
[0.371s] Level 5:colcon.colcon_core.verb:set package 'ros2_control_demo_example_8' build argument 'cmake_args' from command line to 'None'
[0.371s] Level 5:colcon.colcon_core.verb:set package 'ros2_control_demo_example_8' build argument 'cmake_target' from command line to 'None'
[0.371s] Level 5:colcon.colcon_core.verb:set package 'ros2_control_demo_example_8' build argument 'cmake_target_skip_unavailable' from command line to 'False'
[0.371s] Level 5:colcon.colcon_core.verb:set package 'ros2_control_demo_example_8' build argument 'cmake_clean_cache' from command line to 'False'
[0.371s] Level 5:colcon.colcon_core.verb:set package 'ros2_control_demo_example_8' build argument 'cmake_clean_first' from command line to 'False'
[0.371s] Level 5:colcon.colcon_core.verb:set package 'ros2_control_demo_example_8' build argument 'cmake_force_configure' from command line to 'False'
[0.371s] Level 5:colcon.colcon_core.verb:set package 'ros2_control_demo_example_8' build argument 'ament_cmake_args' from command line to 'None'
[0.371s] Level 5:colcon.colcon_core.verb:set package 'ros2_control_demo_example_8' build argument 'catkin_cmake_args' from command line to 'None'
[0.371s] Level 5:colcon.colcon_core.verb:set package 'ros2_control_demo_example_8' build argument 'catkin_skip_building_tests' from command line to 'False'
[0.371s] DEBUG:colcon.colcon_core.verb:Building package 'ros2_control_demo_example_8' with the following arguments: {'ament_cmake_args': None, 'build_base': '/home/farah/ws_farah/build/ros2_control_demo_example_8', 'catkin_cmake_args': None, 'catkin_skip_building_tests': False, 'cmake_args': None, 'cmake_clean_cache': False, 'cmake_clean_first': False, 'cmake_force_configure': False, 'cmake_target': None, 'cmake_target_skip_unavailable': False, 'install_base': '/home/farah/ws_farah/install/ros2_control_demo_example_8', 'merge_install': False, 'path': '/home/farah/ws_farah/src/ros2_control_demos/example_8', 'symlink_install': False, 'test_result_base': None}
[0.371s] Level 5:colcon.colcon_core.verb:set package 'ros2_control_demo_example_9' build argument 'cmake_args' from command line to 'None'
[0.371s] Level 5:colcon.colcon_core.verb:set package 'ros2_control_demo_example_9' build argument 'cmake_target' from command line to 'None'
[0.371s] Level 5:colcon.colcon_core.verb:set package 'ros2_control_demo_example_9' build argument 'cmake_target_skip_unavailable' from command line to 'False'
[0.371s] Level 5:colcon.colcon_core.verb:set package 'ros2_control_demo_example_9' build argument 'cmake_clean_cache' from command line to 'False'
[0.371s] Level 5:colcon.colcon_core.verb:set package 'ros2_control_demo_example_9' build argument 'cmake_clean_first' from command line to 'False'
[0.371s] Level 5:colcon.colcon_core.verb:set package 'ros2_control_demo_example_9' build argument 'cmake_force_configure' from command line to 'False'
[0.371s] Level 5:colcon.colcon_core.verb:set package 'ros2_control_demo_example_9' build argument 'ament_cmake_args' from command line to 'None'
[0.371s] Level 5:colcon.colcon_core.verb:set package 'ros2_control_demo_example_9' build argument 'catkin_cmake_args' from command line to 'None'
[0.371s] Level 5:colcon.colcon_core.verb:set package 'ros2_control_demo_example_9' build argument 'catkin_skip_building_tests' from command line to 'False'
[0.371s] DEBUG:colcon.colcon_core.verb:Building package 'ros2_control_demo_example_9' with the following arguments: {'ament_cmake_args': None, 'build_base': '/home/farah/ws_farah/build/ros2_control_demo_example_9', 'catkin_cmake_args': None, 'catkin_skip_building_tests': False, 'cmake_args': None, 'cmake_clean_cache': False, 'cmake_clean_first': False, 'cmake_force_configure': False, 'cmake_target': None, 'cmake_target_skip_unavailable': False, 'install_base': '/home/farah/ws_farah/install/ros2_control_demo_example_9', 'merge_install': False, 'path': '/home/farah/ws_farah/src/ros2_control_demos/example_9', 'symlink_install': False, 'test_result_base': None}
[0.372s] Level 5:colcon.colcon_core.verb:set package 'tricycle_steering_controller' build argument 'cmake_args' from command line to 'None'
[0.372s] Level 5:colcon.colcon_core.verb:set package 'tricycle_steering_controller' build argument 'cmake_target' from command line to 'None'
[0.372s] Level 5:colcon.colcon_core.verb:set package 'tricycle_steering_controller' build argument 'cmake_target_skip_unavailable' from command line to 'False'
[0.372s] Level 5:colcon.colcon_core.verb:set package 'tricycle_steering_controller' build argument 'cmake_clean_cache' from command line to 'False'
[0.372s] Level 5:colcon.colcon_core.verb:set package 'tricycle_steering_controller' build argument 'cmake_clean_first' from command line to 'False'
[0.372s] Level 5:colcon.colcon_core.verb:set package 'tricycle_steering_controller' build argument 'cmake_force_configure' from command line to 'False'
[0.372s] Level 5:colcon.colcon_core.verb:set package 'tricycle_steering_controller' build argument 'ament_cmake_args' from command line to 'None'
[0.372s] Level 5:colcon.colcon_core.verb:set package 'tricycle_steering_controller' build argument 'catkin_cmake_args' from command line to 'None'
[0.372s] Level 5:colcon.colcon_core.verb:set package 'tricycle_steering_controller' build argument 'catkin_skip_building_tests' from command line to 'False'
[0.372s] DEBUG:colcon.colcon_core.verb:Building package 'tricycle_steering_controller' with the following arguments: {'ament_cmake_args': None, 'build_base': '/home/farah/ws_farah/build/tricycle_steering_controller', 'catkin_cmake_args': None, 'catkin_skip_building_tests': False, 'cmake_args': None, 'cmake_clean_cache': False, 'cmake_clean_first': False, 'cmake_force_configure': False, 'cmake_target': None, 'cmake_target_skip_unavailable': False, 'install_base': '/home/farah/ws_farah/install/tricycle_steering_controller', 'merge_install': False, 'path': '/home/farah/ws_farah/src/ros2_controllers/tricycle_steering_controller', 'symlink_install': False, 'test_result_base': None}
[0.372s] Level 5:colcon.colcon_core.verb:set package 'velocity_controllers' build argument 'cmake_args' from command line to 'None'
[0.372s] Level 5:colcon.colcon_core.verb:set package 'velocity_controllers' build argument 'cmake_target' from command line to 'None'
[0.372s] Level 5:colcon.colcon_core.verb:set package 'velocity_controllers' build argument 'cmake_target_skip_unavailable' from command line to 'False'
[0.372s] Level 5:colcon.colcon_core.verb:set package 'velocity_controllers' build argument 'cmake_clean_cache' from command line to 'False'
[0.372s] Level 5:colcon.colcon_core.verb:set package 'velocity_controllers' build argument 'cmake_clean_first' from command line to 'False'
[0.372s] Level 5:colcon.colcon_core.verb:set package 'velocity_controllers' build argument 'cmake_force_configure' from command line to 'False'
[0.372s] Level 5:colcon.colcon_core.verb:set package 'velocity_controllers' build argument 'ament_cmake_args' from command line to 'None'
[0.372s] Level 5:colcon.colcon_core.verb:set package 'velocity_controllers' build argument 'catkin_cmake_args' from command line to 'None'
[0.372s] Level 5:colcon.colcon_core.verb:set package 'velocity_controllers' build argument 'catkin_skip_building_tests' from command line to 'False'
[0.373s] DEBUG:colcon.colcon_core.verb:Building package 'velocity_controllers' with the following arguments: {'ament_cmake_args': None, 'build_base': '/home/farah/ws_farah/build/velocity_controllers', 'catkin_cmake_args': None, 'catkin_skip_building_tests': False, 'cmake_args': None, 'cmake_clean_cache': False, 'cmake_clean_first': False, 'cmake_force_configure': False, 'cmake_target': None, 'cmake_target_skip_unavailable': False, 'install_base': '/home/farah/ws_farah/install/velocity_controllers', 'merge_install': False, 'path': '/home/farah/ws_farah/src/ros2_controllers/velocity_controllers', 'symlink_install': False, 'test_result_base': None}
[0.373s] Level 5:colcon.colcon_core.verb:set package 'ros2_control_demo_example_11' build argument 'cmake_args' from command line to 'None'
[0.373s] Level 5:colcon.colcon_core.verb:set package 'ros2_control_demo_example_11' build argument 'cmake_target' from command line to 'None'
[0.373s] Level 5:colcon.colcon_core.verb:set package 'ros2_control_demo_example_11' build argument 'cmake_target_skip_unavailable' from command line to 'False'
[0.373s] Level 5:colcon.colcon_core.verb:set package 'ros2_control_demo_example_11' build argument 'cmake_clean_cache' from command line to 'False'
[0.373s] Level 5:colcon.colcon_core.verb:set package 'ros2_control_demo_example_11' build argument 'cmake_clean_first' from command line to 'False'
[0.373s] Level 5:colcon.colcon_core.verb:set package 'ros2_control_demo_example_11' build argument 'cmake_force_configure' from command line to 'False'
[0.373s] Level 5:colcon.colcon_core.verb:set package 'ros2_control_demo_example_11' build argument 'ament_cmake_args' from command line to 'None'
[0.373s] Level 5:colcon.colcon_core.verb:set package 'ros2_control_demo_example_11' build argument 'catkin_cmake_args' from command line to 'None'
[0.373s] Level 5:colcon.colcon_core.verb:set package 'ros2_control_demo_example_11' build argument 'catkin_skip_building_tests' from command line to 'False'
[0.373s] DEBUG:colcon.colcon_core.verb:Building package 'ros2_control_demo_example_11' with the following arguments: {'ament_cmake_args': None, 'build_base': '/home/farah/ws_farah/build/ros2_control_demo_example_11', 'catkin_cmake_args': None, 'catkin_skip_building_tests': False, 'cmake_args': None, 'cmake_clean_cache': False, 'cmake_clean_first': False, 'cmake_force_configure': False, 'cmake_target': None, 'cmake_target_skip_unavailable': False, 'install_base': '/home/farah/ws_farah/install/ros2_control_demo_example_11', 'merge_install': False, 'path': '/home/farah/ws_farah/src/ros2_control_demos/example_11', 'symlink_install': False, 'test_result_base': None}
[0.373s] Level 5:colcon.colcon_core.verb:set package 'ros2_control_demo_example_13' build argument 'cmake_args' from command line to 'None'
[0.373s] Level 5:colcon.colcon_core.verb:set package 'ros2_control_demo_example_13' build argument 'cmake_target' from command line to 'None'
[0.373s] Level 5:colcon.colcon_core.verb:set package 'ros2_control_demo_example_13' build argument 'cmake_target_skip_unavailable' from command line to 'False'
[0.374s] Level 5:colcon.colcon_core.verb:set package 'ros2_control_demo_example_13' build argument 'cmake_clean_cache' from command line to 'False'
[0.374s] Level 5:colcon.colcon_core.verb:set package 'ros2_control_demo_example_13' build argument 'cmake_clean_first' from command line to 'False'
[0.374s] Level 5:colcon.colcon_core.verb:set package 'ros2_control_demo_example_13' build argument 'cmake_force_configure' from command line to 'False'
[0.374s] Level 5:colcon.colcon_core.verb:set package 'ros2_control_demo_example_13' build argument 'ament_cmake_args' from command line to 'None'
[0.374s] Level 5:colcon.colcon_core.verb:set package 'ros2_control_demo_example_13' build argument 'catkin_cmake_args' from command line to 'None'
[0.374s] Level 5:colcon.colcon_core.verb:set package 'ros2_control_demo_example_13' build argument 'catkin_skip_building_tests' from command line to 'False'
[0.374s] DEBUG:colcon.colcon_core.verb:Building package 'ros2_control_demo_example_13' with the following arguments: {'ament_cmake_args': None, 'build_base': '/home/farah/ws_farah/build/ros2_control_demo_example_13', 'catkin_cmake_args': None, 'catkin_skip_building_tests': False, 'cmake_args': None, 'cmake_clean_cache': False, 'cmake_clean_first': False, 'cmake_force_configure': False, 'cmake_target': None, 'cmake_target_skip_unavailable': False, 'install_base': '/home/farah/ws_farah/install/ros2_control_demo_example_13', 'merge_install': False, 'path': '/home/farah/ws_farah/src/ros2_control_demos/example_13', 'symlink_install': False, 'test_result_base': None}
[0.374s] Level 5:colcon.colcon_core.verb:set package 'ros2_control_demo_example_15' build argument 'cmake_args' from command line to 'None'
[0.374s] Level 5:colcon.colcon_core.verb:set package 'ros2_control_demo_example_15' build argument 'cmake_target' from command line to 'None'
[0.374s] Level 5:colcon.colcon_core.verb:set package 'ros2_control_demo_example_15' build argument 'cmake_target_skip_unavailable' from command line to 'False'
[0.374s] Level 5:colcon.colcon_core.verb:set package 'ros2_control_demo_example_15' build argument 'cmake_clean_cache' from command line to 'False'
[0.374s] Level 5:colcon.colcon_core.verb:set package 'ros2_control_demo_example_15' build argument 'cmake_clean_first' from command line to 'False'
[0.374s] Level 5:colcon.colcon_core.verb:set package 'ros2_control_demo_example_15' build argument 'cmake_force_configure' from command line to 'False'
[0.374s] Level 5:colcon.colcon_core.verb:set package 'ros2_control_demo_example_15' build argument 'ament_cmake_args' from command line to 'None'
[0.374s] Level 5:colcon.colcon_core.verb:set package 'ros2_control_demo_example_15' build argument 'catkin_cmake_args' from command line to 'None'
[0.374s] Level 5:colcon.colcon_core.verb:set package 'ros2_control_demo_example_15' build argument 'catkin_skip_building_tests' from command line to 'False'
[0.374s] DEBUG:colcon.colcon_core.verb:Building package 'ros2_control_demo_example_15' with the following arguments: {'ament_cmake_args': None, 'build_base': '/home/farah/ws_farah/build/ros2_control_demo_example_15', 'catkin_cmake_args': None, 'catkin_skip_building_tests': False, 'cmake_args': None, 'cmake_clean_cache': False, 'cmake_clean_first': False, 'cmake_force_configure': False, 'cmake_target': None, 'cmake_target_skip_unavailable': False, 'install_base': '/home/farah/ws_farah/install/ros2_control_demo_example_15', 'merge_install': False, 'path': '/home/farah/ws_farah/src/ros2_control_demos/example_15', 'symlink_install': False, 'test_result_base': None}
[0.375s] Level 5:colcon.colcon_core.verb:set package 'ros2_control_demo_example_3' build argument 'cmake_args' from command line to 'None'
[0.375s] Level 5:colcon.colcon_core.verb:set package 'ros2_control_demo_example_3' build argument 'cmake_target' from command line to 'None'
[0.375s] Level 5:colcon.colcon_core.verb:set package 'ros2_control_demo_example_3' build argument 'cmake_target_skip_unavailable' from command line to 'False'
[0.375s] Level 5:colcon.colcon_core.verb:set package 'ros2_control_demo_example_3' build argument 'cmake_clean_cache' from command line to 'False'
[0.375s] Level 5:colcon.colcon_core.verb:set package 'ros2_control_demo_example_3' build argument 'cmake_clean_first' from command line to 'False'
[0.375s] Level 5:colcon.colcon_core.verb:set package 'ros2_control_demo_example_3' build argument 'cmake_force_configure' from command line to 'False'
[0.375s] Level 5:colcon.colcon_core.verb:set package 'ros2_control_demo_example_3' build argument 'ament_cmake_args' from command line to 'None'
[0.375s] Level 5:colcon.colcon_core.verb:set package 'ros2_control_demo_example_3' build argument 'catkin_cmake_args' from command line to 'None'
[0.375s] Level 5:colcon.colcon_core.verb:set package 'ros2_control_demo_example_3' build argument 'catkin_skip_building_tests' from command line to 'False'
[0.375s] DEBUG:colcon.colcon_core.verb:Building package 'ros2_control_demo_example_3' with the following arguments: {'ament_cmake_args': None, 'build_base': '/home/farah/ws_farah/build/ros2_control_demo_example_3', 'catkin_cmake_args': None, 'catkin_skip_building_tests': False, 'cmake_args': None, 'cmake_clean_cache': False, 'cmake_clean_first': False, 'cmake_force_configure': False, 'cmake_target': None, 'cmake_target_skip_unavailable': False, 'install_base': '/home/farah/ws_farah/install/ros2_control_demo_example_3', 'merge_install': False, 'path': '/home/farah/ws_farah/src/ros2_control_demos/example_3', 'symlink_install': False, 'test_result_base': None}
[0.375s] Level 5:colcon.colcon_core.verb:set package 'ros2_controllers' build argument 'cmake_args' from command line to 'None'
[0.375s] Level 5:colcon.colcon_core.verb:set package 'ros2_controllers' build argument 'cmake_target' from command line to 'None'
[0.375s] Level 5:colcon.colcon_core.verb:set package 'ros2_controllers' build argument 'cmake_target_skip_unavailable' from command line to 'False'
[0.375s] Level 5:colcon.colcon_core.verb:set package 'ros2_controllers' build argument 'cmake_clean_cache' from command line to 'False'
[0.375s] Level 5:colcon.colcon_core.verb:set package 'ros2_controllers' build argument 'cmake_clean_first' from command line to 'False'
[0.375s] Level 5:colcon.colcon_core.verb:set package 'ros2_controllers' build argument 'cmake_force_configure' from command line to 'False'
[0.375s] Level 5:colcon.colcon_core.verb:set package 'ros2_controllers' build argument 'ament_cmake_args' from command line to 'None'
[0.375s] Level 5:colcon.colcon_core.verb:set package 'ros2_controllers' build argument 'catkin_cmake_args' from command line to 'None'
[0.375s] Level 5:colcon.colcon_core.verb:set package 'ros2_controllers' build argument 'catkin_skip_building_tests' from command line to 'False'
[0.375s] DEBUG:colcon.colcon_core.verb:Building package 'ros2_controllers' with the following arguments: {'ament_cmake_args': None, 'build_base': '/home/farah/ws_farah/build/ros2_controllers', 'catkin_cmake_args': None, 'catkin_skip_building_tests': False, 'cmake_args': None, 'cmake_clean_cache': False, 'cmake_clean_first': False, 'cmake_force_configure': False, 'cmake_target': None, 'cmake_target_skip_unavailable': False, 'install_base': '/home/farah/ws_farah/install/ros2_controllers', 'merge_install': False, 'path': '/home/farah/ws_farah/src/ros2_controllers/ros2_controllers', 'symlink_install': False, 'test_result_base': None}
[0.376s] Level 5:colcon.colcon_core.verb:set package 'ros2_control_demos' build argument 'cmake_args' from command line to 'None'
[0.376s] Level 5:colcon.colcon_core.verb:set package 'ros2_control_demos' build argument 'cmake_target' from command line to 'None'
[0.376s] Level 5:colcon.colcon_core.verb:set package 'ros2_control_demos' build argument 'cmake_target_skip_unavailable' from command line to 'False'
[0.376s] Level 5:colcon.colcon_core.verb:set package 'ros2_control_demos' build argument 'cmake_clean_cache' from command line to 'False'
[0.376s] Level 5:colcon.colcon_core.verb:set package 'ros2_control_demos' build argument 'cmake_clean_first' from command line to 'False'
[0.376s] Level 5:colcon.colcon_core.verb:set package 'ros2_control_demos' build argument 'cmake_force_configure' from command line to 'False'
[0.376s] Level 5:colcon.colcon_core.verb:set package 'ros2_control_demos' build argument 'ament_cmake_args' from command line to 'None'
[0.376s] Level 5:colcon.colcon_core.verb:set package 'ros2_control_demos' build argument 'catkin_cmake_args' from command line to 'None'
[0.376s] Level 5:colcon.colcon_core.verb:set package 'ros2_control_demos' build argument 'catkin_skip_building_tests' from command line to 'False'
[0.376s] DEBUG:colcon.colcon_core.verb:Building package 'ros2_control_demos' with the following arguments: {'ament_cmake_args': None, 'build_base': '/home/farah/ws_farah/build/ros2_control_demos', 'catkin_cmake_args': None, 'catkin_skip_building_tests': False, 'cmake_args': None, 'cmake_clean_cache': False, 'cmake_clean_first': False, 'cmake_force_configure': False, 'cmake_target': None, 'cmake_target_skip_unavailable': False, 'install_base': '/home/farah/ws_farah/install/ros2_control_demos', 'merge_install': False, 'path': '/home/farah/ws_farah/src/ros2_control_demos/ros2_control_demos', 'symlink_install': False, 'test_result_base': None}
[0.376s] INFO:colcon.colcon_core.executor:Executing jobs using 'parallel' executor
[0.377s] DEBUG:colcon.colcon_parallel_executor.executor.parallel:run_until_complete
[0.378s] INFO:colcon.colcon_ros.task.ament_cmake.build:Building ROS package in '/home/farah/ws_farah/src/ros2_control/ros2_control_test_assets' with build type 'ament_cmake'
[0.378s] INFO:colcon.colcon_cmake.task.cmake.build:Building CMake package in '/home/farah/ws_farah/src/ros2_control/ros2_control_test_assets'
[0.381s] INFO:colcon.colcon_core.plugin_system:Skipping extension 'colcon_core.shell.bat': Not used on non-Windows systems
[0.381s] INFO:colcon.colcon_core.shell:Skip shell extension 'powershell' for command environment: Not usable outside of PowerShell
[0.381s] DEBUG:colcon.colcon_core.shell:Skip shell extension 'dsv' for command environment
[0.390s] DEBUG:colcon.colcon_core.event_handler.log_command:Invoking command in '/home/farah/ws_farah/build/ros2_control_test_assets': CMAKE_PREFIX_PATH=${CMAKE_PREFIX_PATH}:/home/farah/ws_farah/install/temp_teleop:/home/farah/ws_farah/install/rqt_joint_trajectory_controller:/home/farah/ws_farah/install/rqt_controller_manager:/home/farah/ws_farah/install/ros2controlcli:/home/farah/ws_farah/install/ros2_controllers_test_nodes:/opt/ros/humble /usr/bin/cmake /home/farah/ws_farah/src/ros2_control/ros2_control_test_assets -DCMAKE_INSTALL_PREFIX=/home/farah/ws_farah/install/ros2_control_test_assets
[1.102s] DEBUG:colcon.colcon_core.event_handler.log_command:Invoked command in '/home/farah/ws_farah/build/ros2_control_test_assets' returned '0': CMAKE_PREFIX_PATH=${CMAKE_PREFIX_PATH}:/home/farah/ws_farah/install/temp_teleop:/home/farah/ws_farah/install/rqt_joint_trajectory_controller:/home/farah/ws_farah/install/rqt_controller_manager:/home/farah/ws_farah/install/ros2controlcli:/home/farah/ws_farah/install/ros2_controllers_test_nodes:/opt/ros/humble /usr/bin/cmake /home/farah/ws_farah/src/ros2_control/ros2_control_test_assets -DCMAKE_INSTALL_PREFIX=/home/farah/ws_farah/install/ros2_control_test_assets
[1.103s] DEBUG:colcon.colcon_core.event_handler.log_command:Invoking command in '/home/farah/ws_farah/build/ros2_control_test_assets': CMAKE_PREFIX_PATH=${CMAKE_PREFIX_PATH}:/home/farah/ws_farah/install/temp_teleop:/home/farah/ws_farah/install/rqt_joint_trajectory_controller:/home/farah/ws_farah/install/rqt_controller_manager:/home/farah/ws_farah/install/ros2controlcli:/home/farah/ws_farah/install/ros2_controllers_test_nodes:/opt/ros/humble /usr/bin/cmake --build /home/farah/ws_farah/build/ros2_control_test_assets -- -j8 -l8
[1.135s] DEBUG:colcon.colcon_core.event_handler.log_command:Invoked command in '/home/farah/ws_farah/build/ros2_control_test_assets' returned '0': CMAKE_PREFIX_PATH=${CMAKE_PREFIX_PATH}:/home/farah/ws_farah/install/temp_teleop:/home/farah/ws_farah/install/rqt_joint_trajectory_controller:/home/farah/ws_farah/install/rqt_controller_manager:/home/farah/ws_farah/install/ros2controlcli:/home/farah/ws_farah/install/ros2_controllers_test_nodes:/opt/ros/humble /usr/bin/cmake --build /home/farah/ws_farah/build/ros2_control_test_assets -- -j8 -l8
[1.144s] DEBUG:colcon.colcon_core.event_handler.log_command:Invoking command in '/home/farah/ws_farah/build/ros2_control_test_assets': CMAKE_PREFIX_PATH=${CMAKE_PREFIX_PATH}:/home/farah/ws_farah/install/temp_teleop:/home/farah/ws_farah/install/rqt_joint_trajectory_controller:/home/farah/ws_farah/install/rqt_controller_manager:/home/farah/ws_farah/install/ros2controlcli:/home/farah/ws_farah/install/ros2_controllers_test_nodes:/opt/ros/humble /usr/bin/cmake --install /home/farah/ws_farah/build/ros2_control_test_assets
[1.154s] Level 1:colcon.colcon_core.environment:create_environment_scripts_only(ros2_control_test_assets)
[1.154s] DEBUG:colcon.colcon_core.event_handler.log_command:Invoked command in '/home/farah/ws_farah/build/ros2_control_test_assets' returned '0': CMAKE_PREFIX_PATH=${CMAKE_PREFIX_PATH}:/home/farah/ws_farah/install/temp_teleop:/home/farah/ws_farah/install/rqt_joint_trajectory_controller:/home/farah/ws_farah/install/rqt_controller_manager:/home/farah/ws_farah/install/ros2controlcli:/home/farah/ws_farah/install/ros2_controllers_test_nodes:/opt/ros/humble /usr/bin/cmake --install /home/farah/ws_farah/build/ros2_control_test_assets
[1.156s] Level 1:colcon.colcon_core.environment:checking '/home/farah/ws_farah/install/ros2_control_test_assets' for CMake module files
[1.156s] Level 1:colcon.colcon_core.environment:checking '/home/farah/ws_farah/install/ros2_control_test_assets' for CMake config files
[1.156s] Level 1:colcon.colcon_core.shell:create_environment_hook('ros2_control_test_assets', 'cmake_prefix_path')
[1.157s] INFO:colcon.colcon_core.shell:Creating environment hook '/home/farah/ws_farah/install/ros2_control_test_assets/share/ros2_control_test_assets/hook/cmake_prefix_path.ps1'
[1.157s] INFO:colcon.colcon_core.shell:Creating environment descriptor '/home/farah/ws_farah/install/ros2_control_test_assets/share/ros2_control_test_assets/hook/cmake_prefix_path.dsv'
[1.157s] INFO:colcon.colcon_core.shell:Creating environment hook '/home/farah/ws_farah/install/ros2_control_test_assets/share/ros2_control_test_assets/hook/cmake_prefix_path.sh'
[1.158s] Level 1:colcon.colcon_core.environment:checking '/home/farah/ws_farah/install/ros2_control_test_assets/bin'
[1.158s] Level 1:colcon.colcon_core.environment:checking '/home/farah/ws_farah/install/ros2_control_test_assets/lib/pkgconfig/ros2_control_test_assets.pc'
[1.158s] Level 1:colcon.colcon_core.environment:checking '/home/farah/ws_farah/install/ros2_control_test_assets/lib/python3.10/site-packages'
[1.159s] Level 1:colcon.colcon_core.environment:checking '/home/farah/ws_farah/install/ros2_control_test_assets/bin'
[1.159s] INFO:colcon.colcon_core.shell:Creating package script '/home/farah/ws_farah/install/ros2_control_test_assets/share/ros2_control_test_assets/package.ps1'
[1.159s] INFO:colcon.colcon_core.shell:Creating package descriptor '/home/farah/ws_farah/install/ros2_control_test_assets/share/ros2_control_test_assets/package.dsv'
[1.160s] INFO:colcon.colcon_core.shell:Creating package script '/home/farah/ws_farah/install/ros2_control_test_assets/share/ros2_control_test_assets/package.sh'
[1.160s] INFO:colcon.colcon_core.shell:Creating package script '/home/farah/ws_farah/install/ros2_control_test_assets/share/ros2_control_test_assets/package.bash'
[1.161s] INFO:colcon.colcon_core.shell:Creating package script '/home/farah/ws_farah/install/ros2_control_test_assets/share/ros2_control_test_assets/package.zsh'
[1.161s] Level 1:colcon.colcon_core.environment:create_file_with_runtime_dependencies(/home/farah/ws_farah/install/ros2_control_test_assets/share/colcon-core/packages/ros2_control_test_assets)
[1.162s] Level 1:colcon.colcon_core.environment:create_environment_scripts_only(ros2_control_test_assets)
[1.162s] Level 1:colcon.colcon_core.environment:checking '/home/farah/ws_farah/install/ros2_control_test_assets' for CMake module files
[1.162s] Level 1:colcon.colcon_core.environment:checking '/home/farah/ws_farah/install/ros2_control_test_assets' for CMake config files
[1.163s] Level 1:colcon.colcon_core.shell:create_environment_hook('ros2_control_test_assets', 'cmake_prefix_path')
[1.163s] INFO:colcon.colcon_core.shell:Creating environment hook '/home/farah/ws_farah/install/ros2_control_test_assets/share/ros2_control_test_assets/hook/cmake_prefix_path.ps1'
[1.163s] INFO:colcon.colcon_core.shell:Creating environment descriptor '/home/farah/ws_farah/install/ros2_control_test_assets/share/ros2_control_test_assets/hook/cmake_prefix_path.dsv'
[1.163s] INFO:colcon.colcon_core.shell:Creating environment hook '/home/farah/ws_farah/install/ros2_control_test_assets/share/ros2_control_test_assets/hook/cmake_prefix_path.sh'
[1.164s] Level 1:colcon.colcon_core.environment:checking '/home/farah/ws_farah/install/ros2_control_test_assets/bin'
[1.164s] Level 1:colcon.colcon_core.environment:checking '/home/farah/ws_farah/install/ros2_control_test_assets/lib/pkgconfig/ros2_control_test_assets.pc'
[1.164s] Level 1:colcon.colcon_core.environment:checking '/home/farah/ws_farah/install/ros2_control_test_assets/lib/python3.10/site-packages'
[1.164s] Level 1:colcon.colcon_core.environment:checking '/home/farah/ws_farah/install/ros2_control_test_assets/bin'
[1.164s] INFO:colcon.colcon_core.shell:Creating package script '/home/farah/ws_farah/install/ros2_control_test_assets/share/ros2_control_test_assets/package.ps1'
[1.165s] INFO:colcon.colcon_core.shell:Creating package descriptor '/home/farah/ws_farah/install/ros2_control_test_assets/share/ros2_control_test_assets/package.dsv'
[1.165s] INFO:colcon.colcon_core.shell:Creating package script '/home/farah/ws_farah/install/ros2_control_test_assets/share/ros2_control_test_assets/package.sh'
[1.165s] INFO:colcon.colcon_core.shell:Creating package script '/home/farah/ws_farah/install/ros2_control_test_assets/share/ros2_control_test_assets/package.bash'
[1.166s] INFO:colcon.colcon_core.shell:Creating package script '/home/farah/ws_farah/install/ros2_control_test_assets/share/ros2_control_test_assets/package.zsh'
[1.166s] Level 1:colcon.colcon_core.environment:create_file_with_runtime_dependencies(/home/farah/ws_farah/install/ros2_control_test_assets/share/colcon-core/packages/ros2_control_test_assets)
[1.167s] INFO:colcon.colcon_ros.task.ament_cmake.build:Building ROS package in '/home/farah/ws_farah/src/ros2_control/hardware_interface' with build type 'ament_cmake'
[1.167s] INFO:colcon.colcon_cmake.task.cmake.build:Building CMake package in '/home/farah/ws_farah/src/ros2_control/hardware_interface'
[1.167s] INFO:colcon.colcon_core.shell:Skip shell extension 'powershell' for command environment: Not usable outside of PowerShell
[1.167s] DEBUG:colcon.colcon_core.shell:Skip shell extension 'dsv' for command environment
[1.175s] DEBUG:colcon.colcon_core.event_handler.log_command:Invoking command in '/home/farah/ws_farah/build/hardware_interface': CMAKE_PREFIX_PATH=/home/farah/ws_farah/install/ros2_control_test_assets:/home/farah/ws_farah/install/libserial_vendor:/home/farah/ws_farah/install/ros2_controllers:/home/farah/ws_farah/install/ros2_control_demos:/home/farah/ws_farah/install/ros2_control_demo_example_3:/home/farah/ws_farah/install/velocity_controllers:/home/farah/ws_farah/install/tricycle_steering_controller:/home/farah/ws_farah/install/tricycle_controller:/home/farah/ws_farah/install/ros2_control_demo_example_8:/home/farah/ws_farah/install/ros2_control:/home/farah/ws_farah/install/transmission_interface:/home/farah/ws_farah/install/ros2_control_demo_example_11:/home/farah/ws_farah/install/bicycle_steering_controller:/home/farah/ws_farah/install/ackermann_steering_controller:/home/farah/ws_farah/install/steering_controllers_library:/home/farah/ws_farah/install/ros2_control_demo_example_15:/home/farah/ws_farah/install/ros2_control_demo_example_1:/home/farah/ws_farah/install/ros2_control_demo_example_9:/home/farah/ws_farah/install/ros2_control_demo_example_7:/home/farah/ws_farah/install/ros2_control_demo_example_6:/home/farah/ws_farah/install/ros2_control_demo_example_13:/home/farah/ws_farah/install/ros2_control_demo_example_5:/home/farah/ws_farah/install/ros2_control_demo_example_4:/home/farah/ws_farah/install/ros2_control_demo_example_2:/home/farah/ws_farah/install/ros2_control_demo_example_14:/home/farah/ws_farah/install/ros2_control_demo_example_12:/home/farah/ws_farah/install/ros2_control_demo_example_10:/home/farah/ws_farah/install/hardware_interface_testing:/home/farah/ws_farah/install/ros2_control_demo_description:/home/farah/ws_farah/install/range_sensor_broadcaster:/home/farah/ws_farah/install/race_it:/home/farah/ws_farah/install/position_controllers:/home/farah/ws_farah/install/pose_broadcaster:/home/farah/ws_farah/install/pid_controller:/home/farah/ws_farah/install/mecanum_drive_controller:/home/farah/ws_farah/install/joint_trajectory_controller:/home/farah/ws_farah/install/joint_state_broadcaster:/home/farah/ws_farah/install/joint_limits:/home/farah/ws_farah/install/imu_sensor_broadcaster:/home/farah/ws_farah/install/gripper_controllers:/home/farah/ws_farah/install/gpio_controllers:/home/farah/ws_farah/install/effort_controllers:/home/farah/ws_farah/install/forward_command_controller:/home/farah/ws_farah/install/force_torque_sensor_broadcaster:/home/farah/ws_farah/install/diff_drive_controller:/home/farah/ws_farah/install/admittance_controller:/home/farah/ws_farah/install/controller_interface:/home/farah/ws_farah/install/hardware_interface:/home/farah/ws_farah/install/controller_manager_msgs:/home/farah/ws_farah/install/temp_teleop:/home/farah/ws_farah/install/rqt_joint_trajectory_controller:/home/farah/ws_farah/install/rqt_controller_manager:/home/farah/ws_farah/install/ros2controlcli:/home/farah/ws_farah/install/ros2_controllers_test_nodes:/opt/ros/humble /usr/bin/cmake /home/farah/ws_farah/src/ros2_control/hardware_interface -DCMAKE_INSTALL_PREFIX=/home/farah/ws_farah/install/hardware_interface
[2.549s] DEBUG:colcon.colcon_core.event_handler.log_command:Invoked command in '/home/farah/ws_farah/build/hardware_interface' returned '0': CMAKE_PREFIX_PATH=/home/farah/ws_farah/install/ros2_control_test_assets:/home/farah/ws_farah/install/libserial_vendor:/home/farah/ws_farah/install/ros2_controllers:/home/farah/ws_farah/install/ros2_control_demos:/home/farah/ws_farah/install/ros2_control_demo_example_3:/home/farah/ws_farah/install/velocity_controllers:/home/farah/ws_farah/install/tricycle_steering_controller:/home/farah/ws_farah/install/tricycle_controller:/home/farah/ws_farah/install/ros2_control_demo_example_8:/home/farah/ws_farah/install/ros2_control:/home/farah/ws_farah/install/transmission_interface:/home/farah/ws_farah/install/ros2_control_demo_example_11:/home/farah/ws_farah/install/bicycle_steering_controller:/home/farah/ws_farah/install/ackermann_steering_controller:/home/farah/ws_farah/install/steering_controllers_library:/home/farah/ws_farah/install/ros2_control_demo_example_15:/home/farah/ws_farah/install/ros2_control_demo_example_1:/home/farah/ws_farah/install/ros2_control_demo_example_9:/home/farah/ws_farah/install/ros2_control_demo_example_7:/home/farah/ws_farah/install/ros2_control_demo_example_6:/home/farah/ws_farah/install/ros2_control_demo_example_13:/home/farah/ws_farah/install/ros2_control_demo_example_5:/home/farah/ws_farah/install/ros2_control_demo_example_4:/home/farah/ws_farah/install/ros2_control_demo_example_2:/home/farah/ws_farah/install/ros2_control_demo_example_14:/home/farah/ws_farah/install/ros2_control_demo_example_12:/home/farah/ws_farah/install/ros2_control_demo_example_10:/home/farah/ws_farah/install/hardware_interface_testing:/home/farah/ws_farah/install/ros2_control_demo_description:/home/farah/ws_farah/install/range_sensor_broadcaster:/home/farah/ws_farah/install/race_it:/home/farah/ws_farah/install/position_controllers:/home/farah/ws_farah/install/pose_broadcaster:/home/farah/ws_farah/install/pid_controller:/home/farah/ws_farah/install/mecanum_drive_controller:/home/farah/ws_farah/install/joint_trajectory_controller:/home/farah/ws_farah/install/joint_state_broadcaster:/home/farah/ws_farah/install/joint_limits:/home/farah/ws_farah/install/imu_sensor_broadcaster:/home/farah/ws_farah/install/gripper_controllers:/home/farah/ws_farah/install/gpio_controllers:/home/farah/ws_farah/install/effort_controllers:/home/farah/ws_farah/install/forward_command_controller:/home/farah/ws_farah/install/force_torque_sensor_broadcaster:/home/farah/ws_farah/install/diff_drive_controller:/home/farah/ws_farah/install/admittance_controller:/home/farah/ws_farah/install/controller_interface:/home/farah/ws_farah/install/hardware_interface:/home/farah/ws_farah/install/controller_manager_msgs:/home/farah/ws_farah/install/temp_teleop:/home/farah/ws_farah/install/rqt_joint_trajectory_controller:/home/farah/ws_farah/install/rqt_controller_manager:/home/farah/ws_farah/install/ros2controlcli:/home/farah/ws_farah/install/ros2_controllers_test_nodes:/opt/ros/humble /usr/bin/cmake /home/farah/ws_farah/src/ros2_control/hardware_interface -DCMAKE_INSTALL_PREFIX=/home/farah/ws_farah/install/hardware_interface
[2.550s] DEBUG:colcon.colcon_core.event_handler.log_command:Invoking command in '/home/farah/ws_farah/build/hardware_interface': CMAKE_PREFIX_PATH=/home/farah/ws_farah/install/ros2_control_test_assets:/home/farah/ws_farah/install/libserial_vendor:/home/farah/ws_farah/install/ros2_controllers:/home/farah/ws_farah/install/ros2_control_demos:/home/farah/ws_farah/install/ros2_control_demo_example_3:/home/farah/ws_farah/install/velocity_controllers:/home/farah/ws_farah/install/tricycle_steering_controller:/home/farah/ws_farah/install/tricycle_controller:/home/farah/ws_farah/install/ros2_control_demo_example_8:/home/farah/ws_farah/install/ros2_control:/home/farah/ws_farah/install/transmission_interface:/home/farah/ws_farah/install/ros2_control_demo_example_11:/home/farah/ws_farah/install/bicycle_steering_controller:/home/farah/ws_farah/install/ackermann_steering_controller:/home/farah/ws_farah/install/steering_controllers_library:/home/farah/ws_farah/install/ros2_control_demo_example_15:/home/farah/ws_farah/install/ros2_control_demo_example_1:/home/farah/ws_farah/install/ros2_control_demo_example_9:/home/farah/ws_farah/install/ros2_control_demo_example_7:/home/farah/ws_farah/install/ros2_control_demo_example_6:/home/farah/ws_farah/install/ros2_control_demo_example_13:/home/farah/ws_farah/install/ros2_control_demo_example_5:/home/farah/ws_farah/install/ros2_control_demo_example_4:/home/farah/ws_farah/install/ros2_control_demo_example_2:/home/farah/ws_farah/install/ros2_control_demo_example_14:/home/farah/ws_farah/install/ros2_control_demo_example_12:/home/farah/ws_farah/install/ros2_control_demo_example_10:/home/farah/ws_farah/install/hardware_interface_testing:/home/farah/ws_farah/install/ros2_control_demo_description:/home/farah/ws_farah/install/range_sensor_broadcaster:/home/farah/ws_farah/install/race_it:/home/farah/ws_farah/install/position_controllers:/home/farah/ws_farah/install/pose_broadcaster:/home/farah/ws_farah/install/pid_controller:/home/farah/ws_farah/install/mecanum_drive_controller:/home/farah/ws_farah/install/joint_trajectory_controller:/home/farah/ws_farah/install/joint_state_broadcaster:/home/farah/ws_farah/install/joint_limits:/home/farah/ws_farah/install/imu_sensor_broadcaster:/home/farah/ws_farah/install/gripper_controllers:/home/farah/ws_farah/install/gpio_controllers:/home/farah/ws_farah/install/effort_controllers:/home/farah/ws_farah/install/forward_command_controller:/home/farah/ws_farah/install/force_torque_sensor_broadcaster:/home/farah/ws_farah/install/diff_drive_controller:/home/farah/ws_farah/install/admittance_controller:/home/farah/ws_farah/install/controller_interface:/home/farah/ws_farah/install/hardware_interface:/home/farah/ws_farah/install/controller_manager_msgs:/home/farah/ws_farah/install/temp_teleop:/home/farah/ws_farah/install/rqt_joint_trajectory_controller:/home/farah/ws_farah/install/rqt_controller_manager:/home/farah/ws_farah/install/ros2controlcli:/home/farah/ws_farah/install/ros2_controllers_test_nodes:/opt/ros/humble /usr/bin/cmake --build /home/farah/ws_farah/build/hardware_interface -- -j8 -l8
[15.344s] DEBUG:colcon.colcon_core.event_handler.log_command:Invoked command in '/home/farah/ws_farah/build/hardware_interface' returned '0': CMAKE_PREFIX_PATH=/home/farah/ws_farah/install/ros2_control_test_assets:/home/farah/ws_farah/install/libserial_vendor:/home/farah/ws_farah/install/ros2_controllers:/home/farah/ws_farah/install/ros2_control_demos:/home/farah/ws_farah/install/ros2_control_demo_example_3:/home/farah/ws_farah/install/velocity_controllers:/home/farah/ws_farah/install/tricycle_steering_controller:/home/farah/ws_farah/install/tricycle_controller:/home/farah/ws_farah/install/ros2_control_demo_example_8:/home/farah/ws_farah/install/ros2_control:/home/farah/ws_farah/install/transmission_interface:/home/farah/ws_farah/install/ros2_control_demo_example_11:/home/farah/ws_farah/install/bicycle_steering_controller:/home/farah/ws_farah/install/ackermann_steering_controller:/home/farah/ws_farah/install/steering_controllers_library:/home/farah/ws_farah/install/ros2_control_demo_example_15:/home/farah/ws_farah/install/ros2_control_demo_example_1:/home/farah/ws_farah/install/ros2_control_demo_example_9:/home/farah/ws_farah/install/ros2_control_demo_example_7:/home/farah/ws_farah/install/ros2_control_demo_example_6:/home/farah/ws_farah/install/ros2_control_demo_example_13:/home/farah/ws_farah/install/ros2_control_demo_example_5:/home/farah/ws_farah/install/ros2_control_demo_example_4:/home/farah/ws_farah/install/ros2_control_demo_example_2:/home/farah/ws_farah/install/ros2_control_demo_example_14:/home/farah/ws_farah/install/ros2_control_demo_example_12:/home/farah/ws_farah/install/ros2_control_demo_example_10:/home/farah/ws_farah/install/hardware_interface_testing:/home/farah/ws_farah/install/ros2_control_demo_description:/home/farah/ws_farah/install/range_sensor_broadcaster:/home/farah/ws_farah/install/race_it:/home/farah/ws_farah/install/position_controllers:/home/farah/ws_farah/install/pose_broadcaster:/home/farah/ws_farah/install/pid_controller:/home/farah/ws_farah/install/mecanum_drive_controller:/home/farah/ws_farah/install/joint_trajectory_controller:/home/farah/ws_farah/install/joint_state_broadcaster:/home/farah/ws_farah/install/joint_limits:/home/farah/ws_farah/install/imu_sensor_broadcaster:/home/farah/ws_farah/install/gripper_controllers:/home/farah/ws_farah/install/gpio_controllers:/home/farah/ws_farah/install/effort_controllers:/home/farah/ws_farah/install/forward_command_controller:/home/farah/ws_farah/install/force_torque_sensor_broadcaster:/home/farah/ws_farah/install/diff_drive_controller:/home/farah/ws_farah/install/admittance_controller:/home/farah/ws_farah/install/controller_interface:/home/farah/ws_farah/install/hardware_interface:/home/farah/ws_farah/install/controller_manager_msgs:/home/farah/ws_farah/install/temp_teleop:/home/farah/ws_farah/install/rqt_joint_trajectory_controller:/home/farah/ws_farah/install/rqt_controller_manager:/home/farah/ws_farah/install/ros2controlcli:/home/farah/ws_farah/install/ros2_controllers_test_nodes:/opt/ros/humble /usr/bin/cmake --build /home/farah/ws_farah/build/hardware_interface -- -j8 -l8
[15.345s] DEBUG:colcon.colcon_core.event_handler.log_command:Invoking command in '/home/farah/ws_farah/build/hardware_interface': CMAKE_PREFIX_PATH=/home/farah/ws_farah/install/ros2_control_test_assets:/home/farah/ws_farah/install/libserial_vendor:/home/farah/ws_farah/install/ros2_controllers:/home/farah/ws_farah/install/ros2_control_demos:/home/farah/ws_farah/install/ros2_control_demo_example_3:/home/farah/ws_farah/install/velocity_controllers:/home/farah/ws_farah/install/tricycle_steering_controller:/home/farah/ws_farah/install/tricycle_controller:/home/farah/ws_farah/install/ros2_control_demo_example_8:/home/farah/ws_farah/install/ros2_control:/home/farah/ws_farah/install/transmission_interface:/home/farah/ws_farah/install/ros2_control_demo_example_11:/home/farah/ws_farah/install/bicycle_steering_controller:/home/farah/ws_farah/install/ackermann_steering_controller:/home/farah/ws_farah/install/steering_controllers_library:/home/farah/ws_farah/install/ros2_control_demo_example_15:/home/farah/ws_farah/install/ros2_control_demo_example_1:/home/farah/ws_farah/install/ros2_control_demo_example_9:/home/farah/ws_farah/install/ros2_control_demo_example_7:/home/farah/ws_farah/install/ros2_control_demo_example_6:/home/farah/ws_farah/install/ros2_control_demo_example_13:/home/farah/ws_farah/install/ros2_control_demo_example_5:/home/farah/ws_farah/install/ros2_control_demo_example_4:/home/farah/ws_farah/install/ros2_control_demo_example_2:/home/farah/ws_farah/install/ros2_control_demo_example_14:/home/farah/ws_farah/install/ros2_control_demo_example_12:/home/farah/ws_farah/install/ros2_control_demo_example_10:/home/farah/ws_farah/install/hardware_interface_testing:/home/farah/ws_farah/install/ros2_control_demo_description:/home/farah/ws_farah/install/range_sensor_broadcaster:/home/farah/ws_farah/install/race_it:/home/farah/ws_farah/install/position_controllers:/home/farah/ws_farah/install/pose_broadcaster:/home/farah/ws_farah/install/pid_controller:/home/farah/ws_farah/install/mecanum_drive_controller:/home/farah/ws_farah/install/joint_trajectory_controller:/home/farah/ws_farah/install/joint_state_broadcaster:/home/farah/ws_farah/install/joint_limits:/home/farah/ws_farah/install/imu_sensor_broadcaster:/home/farah/ws_farah/install/gripper_controllers:/home/farah/ws_farah/install/gpio_controllers:/home/farah/ws_farah/install/effort_controllers:/home/farah/ws_farah/install/forward_command_controller:/home/farah/ws_farah/install/force_torque_sensor_broadcaster:/home/farah/ws_farah/install/diff_drive_controller:/home/farah/ws_farah/install/admittance_controller:/home/farah/ws_farah/install/controller_interface:/home/farah/ws_farah/install/hardware_interface:/home/farah/ws_farah/install/controller_manager_msgs:/home/farah/ws_farah/install/temp_teleop:/home/farah/ws_farah/install/rqt_joint_trajectory_controller:/home/farah/ws_farah/install/rqt_controller_manager:/home/farah/ws_farah/install/ros2controlcli:/home/farah/ws_farah/install/ros2_controllers_test_nodes:/opt/ros/humble /usr/bin/cmake --install /home/farah/ws_farah/build/hardware_interface
[15.366s] Level 1:colcon.colcon_core.environment:create_environment_scripts_only(hardware_interface)
[15.366s] Level 1:colcon.colcon_core.environment:checking '/home/farah/ws_farah/install/hardware_interface' for CMake module files
[15.366s] DEBUG:colcon.colcon_core.event_handler.log_command:Invoked command in '/home/farah/ws_farah/build/hardware_interface' returned '0': CMAKE_PREFIX_PATH=/home/farah/ws_farah/install/ros2_control_test_assets:/home/farah/ws_farah/install/libserial_vendor:/home/farah/ws_farah/install/ros2_controllers:/home/farah/ws_farah/install/ros2_control_demos:/home/farah/ws_farah/install/ros2_control_demo_example_3:/home/farah/ws_farah/install/velocity_controllers:/home/farah/ws_farah/install/tricycle_steering_controller:/home/farah/ws_farah/install/tricycle_controller:/home/farah/ws_farah/install/ros2_control_demo_example_8:/home/farah/ws_farah/install/ros2_control:/home/farah/ws_farah/install/transmission_interface:/home/farah/ws_farah/install/ros2_control_demo_example_11:/home/farah/ws_farah/install/bicycle_steering_controller:/home/farah/ws_farah/install/ackermann_steering_controller:/home/farah/ws_farah/install/steering_controllers_library:/home/farah/ws_farah/install/ros2_control_demo_example_15:/home/farah/ws_farah/install/ros2_control_demo_example_1:/home/farah/ws_farah/install/ros2_control_demo_example_9:/home/farah/ws_farah/install/ros2_control_demo_example_7:/home/farah/ws_farah/install/ros2_control_demo_example_6:/home/farah/ws_farah/install/ros2_control_demo_example_13:/home/farah/ws_farah/install/ros2_control_demo_example_5:/home/farah/ws_farah/install/ros2_control_demo_example_4:/home/farah/ws_farah/install/ros2_control_demo_example_2:/home/farah/ws_farah/install/ros2_control_demo_example_14:/home/farah/ws_farah/install/ros2_control_demo_example_12:/home/farah/ws_farah/install/ros2_control_demo_example_10:/home/farah/ws_farah/install/hardware_interface_testing:/home/farah/ws_farah/install/ros2_control_demo_description:/home/farah/ws_farah/install/range_sensor_broadcaster:/home/farah/ws_farah/install/race_it:/home/farah/ws_farah/install/position_controllers:/home/farah/ws_farah/install/pose_broadcaster:/home/farah/ws_farah/install/pid_controller:/home/farah/ws_farah/install/mecanum_drive_controller:/home/farah/ws_farah/install/joint_trajectory_controller:/home/farah/ws_farah/install/joint_state_broadcaster:/home/farah/ws_farah/install/joint_limits:/home/farah/ws_farah/install/imu_sensor_broadcaster:/home/farah/ws_farah/install/gripper_controllers:/home/farah/ws_farah/install/gpio_controllers:/home/farah/ws_farah/install/effort_controllers:/home/farah/ws_farah/install/forward_command_controller:/home/farah/ws_farah/install/force_torque_sensor_broadcaster:/home/farah/ws_farah/install/diff_drive_controller:/home/farah/ws_farah/install/admittance_controller:/home/farah/ws_farah/install/controller_interface:/home/farah/ws_farah/install/hardware_interface:/home/farah/ws_farah/install/controller_manager_msgs:/home/farah/ws_farah/install/temp_teleop:/home/farah/ws_farah/install/rqt_joint_trajectory_controller:/home/farah/ws_farah/install/rqt_controller_manager:/home/farah/ws_farah/install/ros2controlcli:/home/farah/ws_farah/install/ros2_controllers_test_nodes:/opt/ros/humble /usr/bin/cmake --install /home/farah/ws_farah/build/hardware_interface
[15.367s] Level 1:colcon.colcon_core.environment:checking '/home/farah/ws_farah/install/hardware_interface' for CMake config files
[15.367s] Level 1:colcon.colcon_core.shell:create_environment_hook('hardware_interface', 'cmake_prefix_path')
[15.367s] INFO:colcon.colcon_core.shell:Creating environment hook '/home/farah/ws_farah/install/hardware_interface/share/hardware_interface/hook/cmake_prefix_path.ps1'
[15.368s] INFO:colcon.colcon_core.shell:Creating environment descriptor '/home/farah/ws_farah/install/hardware_interface/share/hardware_interface/hook/cmake_prefix_path.dsv'
[15.368s] INFO:colcon.colcon_core.shell:Creating environment hook '/home/farah/ws_farah/install/hardware_interface/share/hardware_interface/hook/cmake_prefix_path.sh'
[15.369s] Level 1:colcon.colcon_core.environment:checking '/home/farah/ws_farah/install/hardware_interface/lib'
[15.369s] Level 1:colcon.colcon_core.shell:create_environment_hook('hardware_interface', 'ld_library_path_lib')
[15.369s] INFO:colcon.colcon_core.shell:Creating environment hook '/home/farah/ws_farah/install/hardware_interface/share/hardware_interface/hook/ld_library_path_lib.ps1'
[15.370s] INFO:colcon.colcon_core.shell:Creating environment descriptor '/home/farah/ws_farah/install/hardware_interface/share/hardware_interface/hook/ld_library_path_lib.dsv'
[15.370s] INFO:colcon.colcon_core.shell:Creating environment hook '/home/farah/ws_farah/install/hardware_interface/share/hardware_interface/hook/ld_library_path_lib.sh'
[15.370s] Level 1:colcon.colcon_core.environment:checking '/home/farah/ws_farah/install/hardware_interface/bin'
[15.370s] Level 1:colcon.colcon_core.environment:checking '/home/farah/ws_farah/install/hardware_interface/lib/pkgconfig/hardware_interface.pc'
[15.371s] Level 1:colcon.colcon_core.environment:checking '/home/farah/ws_farah/install/hardware_interface/lib/python3.10/site-packages'
[15.371s] Level 1:colcon.colcon_core.environment:checking '/home/farah/ws_farah/install/hardware_interface/bin'
[15.371s] INFO:colcon.colcon_core.shell:Creating package script '/home/farah/ws_farah/install/hardware_interface/share/hardware_interface/package.ps1'
[15.372s] INFO:colcon.colcon_core.shell:Creating package descriptor '/home/farah/ws_farah/install/hardware_interface/share/hardware_interface/package.dsv'
[15.372s] INFO:colcon.colcon_core.shell:Creating package script '/home/farah/ws_farah/install/hardware_interface/share/hardware_interface/package.sh'
[15.372s] INFO:colcon.colcon_core.shell:Creating package script '/home/farah/ws_farah/install/hardware_interface/share/hardware_interface/package.bash'
[15.373s] INFO:colcon.colcon_core.shell:Creating package script '/home/farah/ws_farah/install/hardware_interface/share/hardware_interface/package.zsh'
[15.374s] Level 1:colcon.colcon_core.environment:create_file_with_runtime_dependencies(/home/farah/ws_farah/install/hardware_interface/share/colcon-core/packages/hardware_interface)
[15.374s] Level 1:colcon.colcon_core.environment:create_environment_scripts_only(hardware_interface)
[15.374s] Level 1:colcon.colcon_core.environment:checking '/home/farah/ws_farah/install/hardware_interface' for CMake module files
[15.375s] Level 1:colcon.colcon_core.environment:checking '/home/farah/ws_farah/install/hardware_interface' for CMake config files
[15.375s] Level 1:colcon.colcon_core.shell:create_environment_hook('hardware_interface', 'cmake_prefix_path')
[15.375s] INFO:colcon.colcon_core.shell:Creating environment hook '/home/farah/ws_farah/install/hardware_interface/share/hardware_interface/hook/cmake_prefix_path.ps1'
[15.376s] INFO:colcon.colcon_core.shell:Creating environment descriptor '/home/farah/ws_farah/install/hardware_interface/share/hardware_interface/hook/cmake_prefix_path.dsv'
[15.376s] INFO:colcon.colcon_core.shell:Creating environment hook '/home/farah/ws_farah/install/hardware_interface/share/hardware_interface/hook/cmake_prefix_path.sh'
[15.376s] Level 1:colcon.colcon_core.environment:checking '/home/farah/ws_farah/install/hardware_interface/lib'
[15.376s] Level 1:colcon.colcon_core.shell:create_environment_hook('hardware_interface', 'ld_library_path_lib')
[15.376s] INFO:colcon.colcon_core.shell:Creating environment hook '/home/farah/ws_farah/install/hardware_interface/share/hardware_interface/hook/ld_library_path_lib.ps1'
[15.377s] INFO:colcon.colcon_core.shell:Creating environment descriptor '/home/farah/ws_farah/install/hardware_interface/share/hardware_interface/hook/ld_library_path_lib.dsv'
[15.377s] INFO:colcon.colcon_core.shell:Creating environment hook '/home/farah/ws_farah/install/hardware_interface/share/hardware_interface/hook/ld_library_path_lib.sh'
[15.377s] Level 1:colcon.colcon_core.environment:checking '/home/farah/ws_farah/install/hardware_interface/bin'
[15.377s] Level 1:colcon.colcon_core.environment:checking '/home/farah/ws_farah/install/hardware_interface/lib/pkgconfig/hardware_interface.pc'
[15.378s] Level 1:colcon.colcon_core.environment:checking '/home/farah/ws_farah/install/hardware_interface/lib/python3.10/site-packages'
[15.378s] Level 1:colcon.colcon_core.environment:checking '/home/farah/ws_farah/install/hardware_interface/bin'
[15.378s] INFO:colcon.colcon_core.shell:Creating package script '/home/farah/ws_farah/install/hardware_interface/share/hardware_interface/package.ps1'
[15.379s] INFO:colcon.colcon_core.shell:Creating package descriptor '/home/farah/ws_farah/install/hardware_interface/share/hardware_interface/package.dsv'
[15.379s] INFO:colcon.colcon_core.shell:Creating package script '/home/farah/ws_farah/install/hardware_interface/share/hardware_interface/package.sh'
[15.379s] INFO:colcon.colcon_core.shell:Creating package script '/home/farah/ws_farah/install/hardware_interface/share/hardware_interface/package.bash'
[15.380s] INFO:colcon.colcon_core.shell:Creating package script '/home/farah/ws_farah/install/hardware_interface/share/hardware_interface/package.zsh'
[15.380s] Level 1:colcon.colcon_core.environment:create_file_with_runtime_dependencies(/home/farah/ws_farah/install/hardware_interface/share/colcon-core/packages/hardware_interface)
[15.380s] INFO:colcon.colcon_ros.task.ament_cmake.build:Building ROS package in '/home/farah/ws_farah/src/ros2_control/controller_interface' with build type 'ament_cmake'
[15.381s] INFO:colcon.colcon_cmake.task.cmake.build:Building CMake package in '/home/farah/ws_farah/src/ros2_control/controller_interface'
[15.381s] INFO:colcon.colcon_core.shell:Skip shell extension 'powershell' for command environment: Not usable outside of PowerShell
[15.381s] DEBUG:colcon.colcon_core.shell:Skip shell extension 'dsv' for command environment
[15.393s] DEBUG:colcon.colcon_core.event_handler.log_command:Invoking command in '/home/farah/ws_farah/build/controller_interface': CMAKE_PREFIX_PATH=/home/farah/ws_farah/install/hardware_interface:/home/farah/ws_farah/install/ros2_control_test_assets:/home/farah/ws_farah/install/libserial_vendor:/home/farah/ws_farah/install/ros2_controllers:/home/farah/ws_farah/install/ros2_control_demos:/home/farah/ws_farah/install/ros2_control_demo_example_3:/home/farah/ws_farah/install/velocity_controllers:/home/farah/ws_farah/install/tricycle_steering_controller:/home/farah/ws_farah/install/tricycle_controller:/home/farah/ws_farah/install/ros2_control_demo_example_8:/home/farah/ws_farah/install/ros2_control:/home/farah/ws_farah/install/transmission_interface:/home/farah/ws_farah/install/ros2_control_demo_example_11:/home/farah/ws_farah/install/bicycle_steering_controller:/home/farah/ws_farah/install/ackermann_steering_controller:/home/farah/ws_farah/install/steering_controllers_library:/home/farah/ws_farah/install/ros2_control_demo_example_15:/home/farah/ws_farah/install/ros2_control_demo_example_1:/home/farah/ws_farah/install/ros2_control_demo_example_9:/home/farah/ws_farah/install/ros2_control_demo_example_7:/home/farah/ws_farah/install/ros2_control_demo_example_6:/home/farah/ws_farah/install/ros2_control_demo_example_13:/home/farah/ws_farah/install/ros2_control_demo_example_5:/home/farah/ws_farah/install/ros2_control_demo_example_4:/home/farah/ws_farah/install/ros2_control_demo_example_2:/home/farah/ws_farah/install/ros2_control_demo_example_14:/home/farah/ws_farah/install/ros2_control_demo_example_12:/home/farah/ws_farah/install/ros2_control_demo_example_10:/home/farah/ws_farah/install/hardware_interface_testing:/home/farah/ws_farah/install/ros2_control_demo_description:/home/farah/ws_farah/install/range_sensor_broadcaster:/home/farah/ws_farah/install/race_it:/home/farah/ws_farah/install/position_controllers:/home/farah/ws_farah/install/pose_broadcaster:/home/farah/ws_farah/install/pid_controller:/home/farah/ws_farah/install/mecanum_drive_controller:/home/farah/ws_farah/install/joint_trajectory_controller:/home/farah/ws_farah/install/joint_state_broadcaster:/home/farah/ws_farah/install/joint_limits:/home/farah/ws_farah/install/imu_sensor_broadcaster:/home/farah/ws_farah/install/gripper_controllers:/home/farah/ws_farah/install/gpio_controllers:/home/farah/ws_farah/install/effort_controllers:/home/farah/ws_farah/install/forward_command_controller:/home/farah/ws_farah/install/force_torque_sensor_broadcaster:/home/farah/ws_farah/install/diff_drive_controller:/home/farah/ws_farah/install/admittance_controller:/home/farah/ws_farah/install/controller_interface:/home/farah/ws_farah/install/controller_manager_msgs:/home/farah/ws_farah/install/temp_teleop:/home/farah/ws_farah/install/rqt_joint_trajectory_controller:/home/farah/ws_farah/install/rqt_controller_manager:/home/farah/ws_farah/install/ros2controlcli:/home/farah/ws_farah/install/ros2_controllers_test_nodes:/opt/ros/humble LD_LIBRARY_PATH=/home/farah/ws_farah/install/hardware_interface/lib:/home/farah/ws_farah/install/libserial_vendor/lib:/home/farah/ws_farah/install/race_it/lib:/home/farah/ws_farah/install/ros2_control_demo_example_3/lib:/home/farah/ws_farah/install/velocity_controllers/lib:/home/farah/ws_farah/install/tricycle_steering_controller/lib:/home/farah/ws_farah/install/tricycle_controller/lib:/home/farah/ws_farah/install/ros2_control_demo_example_8/lib:/home/farah/ws_farah/install/transmission_interface/lib:/home/farah/ws_farah/install/ros2_control_demo_example_11/lib:/home/farah/ws_farah/install/bicycle_steering_controller/lib:/home/farah/ws_farah/install/ackermann_steering_controller/lib:/home/farah/ws_farah/install/steering_controllers_library/lib:/home/farah/ws_farah/install/ros2_control_demo_example_1/lib:/home/farah/ws_farah/install/ros2_control_demo_example_9/lib:/home/farah/ws_farah/install/ros2_control_demo_example_7/lib:/home/farah/ws_farah/install/ros2_control_demo_example_6/lib:/home/farah/ws_farah/install/ros2_control_demo_example_5/lib:/home/farah/ws_farah/install/ros2_control_demo_example_4/lib:/home/farah/ws_farah/install/ros2_control_demo_example_2/lib:/home/farah/ws_farah/install/ros2_control_demo_example_14/lib:/home/farah/ws_farah/install/ros2_control_demo_example_12/lib:/home/farah/ws_farah/install/ros2_control_demo_example_10/lib:/home/farah/ws_farah/install/hardware_interface_testing/lib:/home/farah/ws_farah/install/range_sensor_broadcaster/lib:/home/farah/ws_farah/install/position_controllers/lib:/home/farah/ws_farah/install/pose_broadcaster/lib:/home/farah/ws_farah/install/pid_controller/lib:/home/farah/ws_farah/install/mecanum_drive_controller/lib:/home/farah/ws_farah/install/joint_trajectory_controller/lib:/home/farah/ws_farah/install/joint_state_broadcaster/lib:/home/farah/ws_farah/install/joint_limits/lib:/home/farah/ws_farah/install/imu_sensor_broadcaster/lib:/home/farah/ws_farah/install/gripper_controllers/lib:/home/farah/ws_farah/install/gpio_controllers/lib:/home/farah/ws_farah/install/effort_controllers/lib:/home/farah/ws_farah/install/forward_command_controller/lib:/home/farah/ws_farah/install/force_torque_sensor_broadcaster/lib:/home/farah/ws_farah/install/diff_drive_controller/lib:/home/farah/ws_farah/install/admittance_controller/lib:/home/farah/ws_farah/install/controller_interface/lib:/home/farah/ws_farah/install/controller_manager_msgs/lib:/usr/lib/x86_64-linux-gnu/gazebo-11/plugins:/opt/ros/humble/opt/rviz_ogre_vendor/lib:/opt/ros/humble/lib/x86_64-linux-gnu:/opt/ros/humble/lib /usr/bin/cmake /home/farah/ws_farah/src/ros2_control/controller_interface -DCMAKE_INSTALL_PREFIX=/home/farah/ws_farah/install/controller_interface
[17.119s] DEBUG:colcon.colcon_core.event_handler.log_command:Invoked command in '/home/farah/ws_farah/build/controller_interface' returned '0': CMAKE_PREFIX_PATH=/home/farah/ws_farah/install/hardware_interface:/home/farah/ws_farah/install/ros2_control_test_assets:/home/farah/ws_farah/install/libserial_vendor:/home/farah/ws_farah/install/ros2_controllers:/home/farah/ws_farah/install/ros2_control_demos:/home/farah/ws_farah/install/ros2_control_demo_example_3:/home/farah/ws_farah/install/velocity_controllers:/home/farah/ws_farah/install/tricycle_steering_controller:/home/farah/ws_farah/install/tricycle_controller:/home/farah/ws_farah/install/ros2_control_demo_example_8:/home/farah/ws_farah/install/ros2_control:/home/farah/ws_farah/install/transmission_interface:/home/farah/ws_farah/install/ros2_control_demo_example_11:/home/farah/ws_farah/install/bicycle_steering_controller:/home/farah/ws_farah/install/ackermann_steering_controller:/home/farah/ws_farah/install/steering_controllers_library:/home/farah/ws_farah/install/ros2_control_demo_example_15:/home/farah/ws_farah/install/ros2_control_demo_example_1:/home/farah/ws_farah/install/ros2_control_demo_example_9:/home/farah/ws_farah/install/ros2_control_demo_example_7:/home/farah/ws_farah/install/ros2_control_demo_example_6:/home/farah/ws_farah/install/ros2_control_demo_example_13:/home/farah/ws_farah/install/ros2_control_demo_example_5:/home/farah/ws_farah/install/ros2_control_demo_example_4:/home/farah/ws_farah/install/ros2_control_demo_example_2:/home/farah/ws_farah/install/ros2_control_demo_example_14:/home/farah/ws_farah/install/ros2_control_demo_example_12:/home/farah/ws_farah/install/ros2_control_demo_example_10:/home/farah/ws_farah/install/hardware_interface_testing:/home/farah/ws_farah/install/ros2_control_demo_description:/home/farah/ws_farah/install/range_sensor_broadcaster:/home/farah/ws_farah/install/race_it:/home/farah/ws_farah/install/position_controllers:/home/farah/ws_farah/install/pose_broadcaster:/home/farah/ws_farah/install/pid_controller:/home/farah/ws_farah/install/mecanum_drive_controller:/home/farah/ws_farah/install/joint_trajectory_controller:/home/farah/ws_farah/install/joint_state_broadcaster:/home/farah/ws_farah/install/joint_limits:/home/farah/ws_farah/install/imu_sensor_broadcaster:/home/farah/ws_farah/install/gripper_controllers:/home/farah/ws_farah/install/gpio_controllers:/home/farah/ws_farah/install/effort_controllers:/home/farah/ws_farah/install/forward_command_controller:/home/farah/ws_farah/install/force_torque_sensor_broadcaster:/home/farah/ws_farah/install/diff_drive_controller:/home/farah/ws_farah/install/admittance_controller:/home/farah/ws_farah/install/controller_interface:/home/farah/ws_farah/install/controller_manager_msgs:/home/farah/ws_farah/install/temp_teleop:/home/farah/ws_farah/install/rqt_joint_trajectory_controller:/home/farah/ws_farah/install/rqt_controller_manager:/home/farah/ws_farah/install/ros2controlcli:/home/farah/ws_farah/install/ros2_controllers_test_nodes:/opt/ros/humble LD_LIBRARY_PATH=/home/farah/ws_farah/install/hardware_interface/lib:/home/farah/ws_farah/install/libserial_vendor/lib:/home/farah/ws_farah/install/race_it/lib:/home/farah/ws_farah/install/ros2_control_demo_example_3/lib:/home/farah/ws_farah/install/velocity_controllers/lib:/home/farah/ws_farah/install/tricycle_steering_controller/lib:/home/farah/ws_farah/install/tricycle_controller/lib:/home/farah/ws_farah/install/ros2_control_demo_example_8/lib:/home/farah/ws_farah/install/transmission_interface/lib:/home/farah/ws_farah/install/ros2_control_demo_example_11/lib:/home/farah/ws_farah/install/bicycle_steering_controller/lib:/home/farah/ws_farah/install/ackermann_steering_controller/lib:/home/farah/ws_farah/install/steering_controllers_library/lib:/home/farah/ws_farah/install/ros2_control_demo_example_1/lib:/home/farah/ws_farah/install/ros2_control_demo_example_9/lib:/home/farah/ws_farah/install/ros2_control_demo_example_7/lib:/home/farah/ws_farah/install/ros2_control_demo_example_6/lib:/home/farah/ws_farah/install/ros2_control_demo_example_5/lib:/home/farah/ws_farah/install/ros2_control_demo_example_4/lib:/home/farah/ws_farah/install/ros2_control_demo_example_2/lib:/home/farah/ws_farah/install/ros2_control_demo_example_14/lib:/home/farah/ws_farah/install/ros2_control_demo_example_12/lib:/home/farah/ws_farah/install/ros2_control_demo_example_10/lib:/home/farah/ws_farah/install/hardware_interface_testing/lib:/home/farah/ws_farah/install/range_sensor_broadcaster/lib:/home/farah/ws_farah/install/position_controllers/lib:/home/farah/ws_farah/install/pose_broadcaster/lib:/home/farah/ws_farah/install/pid_controller/lib:/home/farah/ws_farah/install/mecanum_drive_controller/lib:/home/farah/ws_farah/install/joint_trajectory_controller/lib:/home/farah/ws_farah/install/joint_state_broadcaster/lib:/home/farah/ws_farah/install/joint_limits/lib:/home/farah/ws_farah/install/imu_sensor_broadcaster/lib:/home/farah/ws_farah/install/gripper_controllers/lib:/home/farah/ws_farah/install/gpio_controllers/lib:/home/farah/ws_farah/install/effort_controllers/lib:/home/farah/ws_farah/install/forward_command_controller/lib:/home/farah/ws_farah/install/force_torque_sensor_broadcaster/lib:/home/farah/ws_farah/install/diff_drive_controller/lib:/home/farah/ws_farah/install/admittance_controller/lib:/home/farah/ws_farah/install/controller_interface/lib:/home/farah/ws_farah/install/controller_manager_msgs/lib:/usr/lib/x86_64-linux-gnu/gazebo-11/plugins:/opt/ros/humble/opt/rviz_ogre_vendor/lib:/opt/ros/humble/lib/x86_64-linux-gnu:/opt/ros/humble/lib /usr/bin/cmake /home/farah/ws_farah/src/ros2_control/controller_interface -DCMAKE_INSTALL_PREFIX=/home/farah/ws_farah/install/controller_interface
[17.121s] DEBUG:colcon.colcon_core.event_handler.log_command:Invoking command in '/home/farah/ws_farah/build/controller_interface': CMAKE_PREFIX_PATH=/home/farah/ws_farah/install/hardware_interface:/home/farah/ws_farah/install/ros2_control_test_assets:/home/farah/ws_farah/install/libserial_vendor:/home/farah/ws_farah/install/ros2_controllers:/home/farah/ws_farah/install/ros2_control_demos:/home/farah/ws_farah/install/ros2_control_demo_example_3:/home/farah/ws_farah/install/velocity_controllers:/home/farah/ws_farah/install/tricycle_steering_controller:/home/farah/ws_farah/install/tricycle_controller:/home/farah/ws_farah/install/ros2_control_demo_example_8:/home/farah/ws_farah/install/ros2_control:/home/farah/ws_farah/install/transmission_interface:/home/farah/ws_farah/install/ros2_control_demo_example_11:/home/farah/ws_farah/install/bicycle_steering_controller:/home/farah/ws_farah/install/ackermann_steering_controller:/home/farah/ws_farah/install/steering_controllers_library:/home/farah/ws_farah/install/ros2_control_demo_example_15:/home/farah/ws_farah/install/ros2_control_demo_example_1:/home/farah/ws_farah/install/ros2_control_demo_example_9:/home/farah/ws_farah/install/ros2_control_demo_example_7:/home/farah/ws_farah/install/ros2_control_demo_example_6:/home/farah/ws_farah/install/ros2_control_demo_example_13:/home/farah/ws_farah/install/ros2_control_demo_example_5:/home/farah/ws_farah/install/ros2_control_demo_example_4:/home/farah/ws_farah/install/ros2_control_demo_example_2:/home/farah/ws_farah/install/ros2_control_demo_example_14:/home/farah/ws_farah/install/ros2_control_demo_example_12:/home/farah/ws_farah/install/ros2_control_demo_example_10:/home/farah/ws_farah/install/hardware_interface_testing:/home/farah/ws_farah/install/ros2_control_demo_description:/home/farah/ws_farah/install/range_sensor_broadcaster:/home/farah/ws_farah/install/race_it:/home/farah/ws_farah/install/position_controllers:/home/farah/ws_farah/install/pose_broadcaster:/home/farah/ws_farah/install/pid_controller:/home/farah/ws_farah/install/mecanum_drive_controller:/home/farah/ws_farah/install/joint_trajectory_controller:/home/farah/ws_farah/install/joint_state_broadcaster:/home/farah/ws_farah/install/joint_limits:/home/farah/ws_farah/install/imu_sensor_broadcaster:/home/farah/ws_farah/install/gripper_controllers:/home/farah/ws_farah/install/gpio_controllers:/home/farah/ws_farah/install/effort_controllers:/home/farah/ws_farah/install/forward_command_controller:/home/farah/ws_farah/install/force_torque_sensor_broadcaster:/home/farah/ws_farah/install/diff_drive_controller:/home/farah/ws_farah/install/admittance_controller:/home/farah/ws_farah/install/controller_interface:/home/farah/ws_farah/install/controller_manager_msgs:/home/farah/ws_farah/install/temp_teleop:/home/farah/ws_farah/install/rqt_joint_trajectory_controller:/home/farah/ws_farah/install/rqt_controller_manager:/home/farah/ws_farah/install/ros2controlcli:/home/farah/ws_farah/install/ros2_controllers_test_nodes:/opt/ros/humble LD_LIBRARY_PATH=/home/farah/ws_farah/install/hardware_interface/lib:/home/farah/ws_farah/install/libserial_vendor/lib:/home/farah/ws_farah/install/race_it/lib:/home/farah/ws_farah/install/ros2_control_demo_example_3/lib:/home/farah/ws_farah/install/velocity_controllers/lib:/home/farah/ws_farah/install/tricycle_steering_controller/lib:/home/farah/ws_farah/install/tricycle_controller/lib:/home/farah/ws_farah/install/ros2_control_demo_example_8/lib:/home/farah/ws_farah/install/transmission_interface/lib:/home/farah/ws_farah/install/ros2_control_demo_example_11/lib:/home/farah/ws_farah/install/bicycle_steering_controller/lib:/home/farah/ws_farah/install/ackermann_steering_controller/lib:/home/farah/ws_farah/install/steering_controllers_library/lib:/home/farah/ws_farah/install/ros2_control_demo_example_1/lib:/home/farah/ws_farah/install/ros2_control_demo_example_9/lib:/home/farah/ws_farah/install/ros2_control_demo_example_7/lib:/home/farah/ws_farah/install/ros2_control_demo_example_6/lib:/home/farah/ws_farah/install/ros2_control_demo_example_5/lib:/home/farah/ws_farah/install/ros2_control_demo_example_4/lib:/home/farah/ws_farah/install/ros2_control_demo_example_2/lib:/home/farah/ws_farah/install/ros2_control_demo_example_14/lib:/home/farah/ws_farah/install/ros2_control_demo_example_12/lib:/home/farah/ws_farah/install/ros2_control_demo_example_10/lib:/home/farah/ws_farah/install/hardware_interface_testing/lib:/home/farah/ws_farah/install/range_sensor_broadcaster/lib:/home/farah/ws_farah/install/position_controllers/lib:/home/farah/ws_farah/install/pose_broadcaster/lib:/home/farah/ws_farah/install/pid_controller/lib:/home/farah/ws_farah/install/mecanum_drive_controller/lib:/home/farah/ws_farah/install/joint_trajectory_controller/lib:/home/farah/ws_farah/install/joint_state_broadcaster/lib:/home/farah/ws_farah/install/joint_limits/lib:/home/farah/ws_farah/install/imu_sensor_broadcaster/lib:/home/farah/ws_farah/install/gripper_controllers/lib:/home/farah/ws_farah/install/gpio_controllers/lib:/home/farah/ws_farah/install/effort_controllers/lib:/home/farah/ws_farah/install/forward_command_controller/lib:/home/farah/ws_farah/install/force_torque_sensor_broadcaster/lib:/home/farah/ws_farah/install/diff_drive_controller/lib:/home/farah/ws_farah/install/admittance_controller/lib:/home/farah/ws_farah/install/controller_interface/lib:/home/farah/ws_farah/install/controller_manager_msgs/lib:/usr/lib/x86_64-linux-gnu/gazebo-11/plugins:/opt/ros/humble/opt/rviz_ogre_vendor/lib:/opt/ros/humble/lib/x86_64-linux-gnu:/opt/ros/humble/lib /usr/bin/cmake --build /home/farah/ws_farah/build/controller_interface -- -j8 -l8
[27.895s] DEBUG:colcon.colcon_core.event_handler.log_command:Invoked command in '/home/farah/ws_farah/build/controller_interface' returned '0': CMAKE_PREFIX_PATH=/home/farah/ws_farah/install/hardware_interface:/home/farah/ws_farah/install/ros2_control_test_assets:/home/farah/ws_farah/install/libserial_vendor:/home/farah/ws_farah/install/ros2_controllers:/home/farah/ws_farah/install/ros2_control_demos:/home/farah/ws_farah/install/ros2_control_demo_example_3:/home/farah/ws_farah/install/velocity_controllers:/home/farah/ws_farah/install/tricycle_steering_controller:/home/farah/ws_farah/install/tricycle_controller:/home/farah/ws_farah/install/ros2_control_demo_example_8:/home/farah/ws_farah/install/ros2_control:/home/farah/ws_farah/install/transmission_interface:/home/farah/ws_farah/install/ros2_control_demo_example_11:/home/farah/ws_farah/install/bicycle_steering_controller:/home/farah/ws_farah/install/ackermann_steering_controller:/home/farah/ws_farah/install/steering_controllers_library:/home/farah/ws_farah/install/ros2_control_demo_example_15:/home/farah/ws_farah/install/ros2_control_demo_example_1:/home/farah/ws_farah/install/ros2_control_demo_example_9:/home/farah/ws_farah/install/ros2_control_demo_example_7:/home/farah/ws_farah/install/ros2_control_demo_example_6:/home/farah/ws_farah/install/ros2_control_demo_example_13:/home/farah/ws_farah/install/ros2_control_demo_example_5:/home/farah/ws_farah/install/ros2_control_demo_example_4:/home/farah/ws_farah/install/ros2_control_demo_example_2:/home/farah/ws_farah/install/ros2_control_demo_example_14:/home/farah/ws_farah/install/ros2_control_demo_example_12:/home/farah/ws_farah/install/ros2_control_demo_example_10:/home/farah/ws_farah/install/hardware_interface_testing:/home/farah/ws_farah/install/ros2_control_demo_description:/home/farah/ws_farah/install/range_sensor_broadcaster:/home/farah/ws_farah/install/race_it:/home/farah/ws_farah/install/position_controllers:/home/farah/ws_farah/install/pose_broadcaster:/home/farah/ws_farah/install/pid_controller:/home/farah/ws_farah/install/mecanum_drive_controller:/home/farah/ws_farah/install/joint_trajectory_controller:/home/farah/ws_farah/install/joint_state_broadcaster:/home/farah/ws_farah/install/joint_limits:/home/farah/ws_farah/install/imu_sensor_broadcaster:/home/farah/ws_farah/install/gripper_controllers:/home/farah/ws_farah/install/gpio_controllers:/home/farah/ws_farah/install/effort_controllers:/home/farah/ws_farah/install/forward_command_controller:/home/farah/ws_farah/install/force_torque_sensor_broadcaster:/home/farah/ws_farah/install/diff_drive_controller:/home/farah/ws_farah/install/admittance_controller:/home/farah/ws_farah/install/controller_interface:/home/farah/ws_farah/install/controller_manager_msgs:/home/farah/ws_farah/install/temp_teleop:/home/farah/ws_farah/install/rqt_joint_trajectory_controller:/home/farah/ws_farah/install/rqt_controller_manager:/home/farah/ws_farah/install/ros2controlcli:/home/farah/ws_farah/install/ros2_controllers_test_nodes:/opt/ros/humble LD_LIBRARY_PATH=/home/farah/ws_farah/install/hardware_interface/lib:/home/farah/ws_farah/install/libserial_vendor/lib:/home/farah/ws_farah/install/race_it/lib:/home/farah/ws_farah/install/ros2_control_demo_example_3/lib:/home/farah/ws_farah/install/velocity_controllers/lib:/home/farah/ws_farah/install/tricycle_steering_controller/lib:/home/farah/ws_farah/install/tricycle_controller/lib:/home/farah/ws_farah/install/ros2_control_demo_example_8/lib:/home/farah/ws_farah/install/transmission_interface/lib:/home/farah/ws_farah/install/ros2_control_demo_example_11/lib:/home/farah/ws_farah/install/bicycle_steering_controller/lib:/home/farah/ws_farah/install/ackermann_steering_controller/lib:/home/farah/ws_farah/install/steering_controllers_library/lib:/home/farah/ws_farah/install/ros2_control_demo_example_1/lib:/home/farah/ws_farah/install/ros2_control_demo_example_9/lib:/home/farah/ws_farah/install/ros2_control_demo_example_7/lib:/home/farah/ws_farah/install/ros2_control_demo_example_6/lib:/home/farah/ws_farah/install/ros2_control_demo_example_5/lib:/home/farah/ws_farah/install/ros2_control_demo_example_4/lib:/home/farah/ws_farah/install/ros2_control_demo_example_2/lib:/home/farah/ws_farah/install/ros2_control_demo_example_14/lib:/home/farah/ws_farah/install/ros2_control_demo_example_12/lib:/home/farah/ws_farah/install/ros2_control_demo_example_10/lib:/home/farah/ws_farah/install/hardware_interface_testing/lib:/home/farah/ws_farah/install/range_sensor_broadcaster/lib:/home/farah/ws_farah/install/position_controllers/lib:/home/farah/ws_farah/install/pose_broadcaster/lib:/home/farah/ws_farah/install/pid_controller/lib:/home/farah/ws_farah/install/mecanum_drive_controller/lib:/home/farah/ws_farah/install/joint_trajectory_controller/lib:/home/farah/ws_farah/install/joint_state_broadcaster/lib:/home/farah/ws_farah/install/joint_limits/lib:/home/farah/ws_farah/install/imu_sensor_broadcaster/lib:/home/farah/ws_farah/install/gripper_controllers/lib:/home/farah/ws_farah/install/gpio_controllers/lib:/home/farah/ws_farah/install/effort_controllers/lib:/home/farah/ws_farah/install/forward_command_controller/lib:/home/farah/ws_farah/install/force_torque_sensor_broadcaster/lib:/home/farah/ws_farah/install/diff_drive_controller/lib:/home/farah/ws_farah/install/admittance_controller/lib:/home/farah/ws_farah/install/controller_interface/lib:/home/farah/ws_farah/install/controller_manager_msgs/lib:/usr/lib/x86_64-linux-gnu/gazebo-11/plugins:/opt/ros/humble/opt/rviz_ogre_vendor/lib:/opt/ros/humble/lib/x86_64-linux-gnu:/opt/ros/humble/lib /usr/bin/cmake --build /home/farah/ws_farah/build/controller_interface -- -j8 -l8
[27.896s] DEBUG:colcon.colcon_core.event_handler.log_command:Invoking command in '/home/farah/ws_farah/build/controller_interface': CMAKE_PREFIX_PATH=/home/farah/ws_farah/install/hardware_interface:/home/farah/ws_farah/install/ros2_control_test_assets:/home/farah/ws_farah/install/libserial_vendor:/home/farah/ws_farah/install/ros2_controllers:/home/farah/ws_farah/install/ros2_control_demos:/home/farah/ws_farah/install/ros2_control_demo_example_3:/home/farah/ws_farah/install/velocity_controllers:/home/farah/ws_farah/install/tricycle_steering_controller:/home/farah/ws_farah/install/tricycle_controller:/home/farah/ws_farah/install/ros2_control_demo_example_8:/home/farah/ws_farah/install/ros2_control:/home/farah/ws_farah/install/transmission_interface:/home/farah/ws_farah/install/ros2_control_demo_example_11:/home/farah/ws_farah/install/bicycle_steering_controller:/home/farah/ws_farah/install/ackermann_steering_controller:/home/farah/ws_farah/install/steering_controllers_library:/home/farah/ws_farah/install/ros2_control_demo_example_15:/home/farah/ws_farah/install/ros2_control_demo_example_1:/home/farah/ws_farah/install/ros2_control_demo_example_9:/home/farah/ws_farah/install/ros2_control_demo_example_7:/home/farah/ws_farah/install/ros2_control_demo_example_6:/home/farah/ws_farah/install/ros2_control_demo_example_13:/home/farah/ws_farah/install/ros2_control_demo_example_5:/home/farah/ws_farah/install/ros2_control_demo_example_4:/home/farah/ws_farah/install/ros2_control_demo_example_2:/home/farah/ws_farah/install/ros2_control_demo_example_14:/home/farah/ws_farah/install/ros2_control_demo_example_12:/home/farah/ws_farah/install/ros2_control_demo_example_10:/home/farah/ws_farah/install/hardware_interface_testing:/home/farah/ws_farah/install/ros2_control_demo_description:/home/farah/ws_farah/install/range_sensor_broadcaster:/home/farah/ws_farah/install/race_it:/home/farah/ws_farah/install/position_controllers:/home/farah/ws_farah/install/pose_broadcaster:/home/farah/ws_farah/install/pid_controller:/home/farah/ws_farah/install/mecanum_drive_controller:/home/farah/ws_farah/install/joint_trajectory_controller:/home/farah/ws_farah/install/joint_state_broadcaster:/home/farah/ws_farah/install/joint_limits:/home/farah/ws_farah/install/imu_sensor_broadcaster:/home/farah/ws_farah/install/gripper_controllers:/home/farah/ws_farah/install/gpio_controllers:/home/farah/ws_farah/install/effort_controllers:/home/farah/ws_farah/install/forward_command_controller:/home/farah/ws_farah/install/force_torque_sensor_broadcaster:/home/farah/ws_farah/install/diff_drive_controller:/home/farah/ws_farah/install/admittance_controller:/home/farah/ws_farah/install/controller_interface:/home/farah/ws_farah/install/controller_manager_msgs:/home/farah/ws_farah/install/temp_teleop:/home/farah/ws_farah/install/rqt_joint_trajectory_controller:/home/farah/ws_farah/install/rqt_controller_manager:/home/farah/ws_farah/install/ros2controlcli:/home/farah/ws_farah/install/ros2_controllers_test_nodes:/opt/ros/humble LD_LIBRARY_PATH=/home/farah/ws_farah/install/hardware_interface/lib:/home/farah/ws_farah/install/libserial_vendor/lib:/home/farah/ws_farah/install/race_it/lib:/home/farah/ws_farah/install/ros2_control_demo_example_3/lib:/home/farah/ws_farah/install/velocity_controllers/lib:/home/farah/ws_farah/install/tricycle_steering_controller/lib:/home/farah/ws_farah/install/tricycle_controller/lib:/home/farah/ws_farah/install/ros2_control_demo_example_8/lib:/home/farah/ws_farah/install/transmission_interface/lib:/home/farah/ws_farah/install/ros2_control_demo_example_11/lib:/home/farah/ws_farah/install/bicycle_steering_controller/lib:/home/farah/ws_farah/install/ackermann_steering_controller/lib:/home/farah/ws_farah/install/steering_controllers_library/lib:/home/farah/ws_farah/install/ros2_control_demo_example_1/lib:/home/farah/ws_farah/install/ros2_control_demo_example_9/lib:/home/farah/ws_farah/install/ros2_control_demo_example_7/lib:/home/farah/ws_farah/install/ros2_control_demo_example_6/lib:/home/farah/ws_farah/install/ros2_control_demo_example_5/lib:/home/farah/ws_farah/install/ros2_control_demo_example_4/lib:/home/farah/ws_farah/install/ros2_control_demo_example_2/lib:/home/farah/ws_farah/install/ros2_control_demo_example_14/lib:/home/farah/ws_farah/install/ros2_control_demo_example_12/lib:/home/farah/ws_farah/install/ros2_control_demo_example_10/lib:/home/farah/ws_farah/install/hardware_interface_testing/lib:/home/farah/ws_farah/install/range_sensor_broadcaster/lib:/home/farah/ws_farah/install/position_controllers/lib:/home/farah/ws_farah/install/pose_broadcaster/lib:/home/farah/ws_farah/install/pid_controller/lib:/home/farah/ws_farah/install/mecanum_drive_controller/lib:/home/farah/ws_farah/install/joint_trajectory_controller/lib:/home/farah/ws_farah/install/joint_state_broadcaster/lib:/home/farah/ws_farah/install/joint_limits/lib:/home/farah/ws_farah/install/imu_sensor_broadcaster/lib:/home/farah/ws_farah/install/gripper_controllers/lib:/home/farah/ws_farah/install/gpio_controllers/lib:/home/farah/ws_farah/install/effort_controllers/lib:/home/farah/ws_farah/install/forward_command_controller/lib:/home/farah/ws_farah/install/force_torque_sensor_broadcaster/lib:/home/farah/ws_farah/install/diff_drive_controller/lib:/home/farah/ws_farah/install/admittance_controller/lib:/home/farah/ws_farah/install/controller_interface/lib:/home/farah/ws_farah/install/controller_manager_msgs/lib:/usr/lib/x86_64-linux-gnu/gazebo-11/plugins:/opt/ros/humble/opt/rviz_ogre_vendor/lib:/opt/ros/humble/lib/x86_64-linux-gnu:/opt/ros/humble/lib /usr/bin/cmake --install /home/farah/ws_farah/build/controller_interface
[27.908s] Level 1:colcon.colcon_core.environment:create_environment_scripts_only(controller_interface)
[27.908s] Level 1:colcon.colcon_core.environment:checking '/home/farah/ws_farah/install/controller_interface' for CMake module files
[27.908s] DEBUG:colcon.colcon_core.event_handler.log_command:Invoked command in '/home/farah/ws_farah/build/controller_interface' returned '0': CMAKE_PREFIX_PATH=/home/farah/ws_farah/install/hardware_interface:/home/farah/ws_farah/install/ros2_control_test_assets:/home/farah/ws_farah/install/libserial_vendor:/home/farah/ws_farah/install/ros2_controllers:/home/farah/ws_farah/install/ros2_control_demos:/home/farah/ws_farah/install/ros2_control_demo_example_3:/home/farah/ws_farah/install/velocity_controllers:/home/farah/ws_farah/install/tricycle_steering_controller:/home/farah/ws_farah/install/tricycle_controller:/home/farah/ws_farah/install/ros2_control_demo_example_8:/home/farah/ws_farah/install/ros2_control:/home/farah/ws_farah/install/transmission_interface:/home/farah/ws_farah/install/ros2_control_demo_example_11:/home/farah/ws_farah/install/bicycle_steering_controller:/home/farah/ws_farah/install/ackermann_steering_controller:/home/farah/ws_farah/install/steering_controllers_library:/home/farah/ws_farah/install/ros2_control_demo_example_15:/home/farah/ws_farah/install/ros2_control_demo_example_1:/home/farah/ws_farah/install/ros2_control_demo_example_9:/home/farah/ws_farah/install/ros2_control_demo_example_7:/home/farah/ws_farah/install/ros2_control_demo_example_6:/home/farah/ws_farah/install/ros2_control_demo_example_13:/home/farah/ws_farah/install/ros2_control_demo_example_5:/home/farah/ws_farah/install/ros2_control_demo_example_4:/home/farah/ws_farah/install/ros2_control_demo_example_2:/home/farah/ws_farah/install/ros2_control_demo_example_14:/home/farah/ws_farah/install/ros2_control_demo_example_12:/home/farah/ws_farah/install/ros2_control_demo_example_10:/home/farah/ws_farah/install/hardware_interface_testing:/home/farah/ws_farah/install/ros2_control_demo_description:/home/farah/ws_farah/install/range_sensor_broadcaster:/home/farah/ws_farah/install/race_it:/home/farah/ws_farah/install/position_controllers:/home/farah/ws_farah/install/pose_broadcaster:/home/farah/ws_farah/install/pid_controller:/home/farah/ws_farah/install/mecanum_drive_controller:/home/farah/ws_farah/install/joint_trajectory_controller:/home/farah/ws_farah/install/joint_state_broadcaster:/home/farah/ws_farah/install/joint_limits:/home/farah/ws_farah/install/imu_sensor_broadcaster:/home/farah/ws_farah/install/gripper_controllers:/home/farah/ws_farah/install/gpio_controllers:/home/farah/ws_farah/install/effort_controllers:/home/farah/ws_farah/install/forward_command_controller:/home/farah/ws_farah/install/force_torque_sensor_broadcaster:/home/farah/ws_farah/install/diff_drive_controller:/home/farah/ws_farah/install/admittance_controller:/home/farah/ws_farah/install/controller_interface:/home/farah/ws_farah/install/controller_manager_msgs:/home/farah/ws_farah/install/temp_teleop:/home/farah/ws_farah/install/rqt_joint_trajectory_controller:/home/farah/ws_farah/install/rqt_controller_manager:/home/farah/ws_farah/install/ros2controlcli:/home/farah/ws_farah/install/ros2_controllers_test_nodes:/opt/ros/humble LD_LIBRARY_PATH=/home/farah/ws_farah/install/hardware_interface/lib:/home/farah/ws_farah/install/libserial_vendor/lib:/home/farah/ws_farah/install/race_it/lib:/home/farah/ws_farah/install/ros2_control_demo_example_3/lib:/home/farah/ws_farah/install/velocity_controllers/lib:/home/farah/ws_farah/install/tricycle_steering_controller/lib:/home/farah/ws_farah/install/tricycle_controller/lib:/home/farah/ws_farah/install/ros2_control_demo_example_8/lib:/home/farah/ws_farah/install/transmission_interface/lib:/home/farah/ws_farah/install/ros2_control_demo_example_11/lib:/home/farah/ws_farah/install/bicycle_steering_controller/lib:/home/farah/ws_farah/install/ackermann_steering_controller/lib:/home/farah/ws_farah/install/steering_controllers_library/lib:/home/farah/ws_farah/install/ros2_control_demo_example_1/lib:/home/farah/ws_farah/install/ros2_control_demo_example_9/lib:/home/farah/ws_farah/install/ros2_control_demo_example_7/lib:/home/farah/ws_farah/install/ros2_control_demo_example_6/lib:/home/farah/ws_farah/install/ros2_control_demo_example_5/lib:/home/farah/ws_farah/install/ros2_control_demo_example_4/lib:/home/farah/ws_farah/install/ros2_control_demo_example_2/lib:/home/farah/ws_farah/install/ros2_control_demo_example_14/lib:/home/farah/ws_farah/install/ros2_control_demo_example_12/lib:/home/farah/ws_farah/install/ros2_control_demo_example_10/lib:/home/farah/ws_farah/install/hardware_interface_testing/lib:/home/farah/ws_farah/install/range_sensor_broadcaster/lib:/home/farah/ws_farah/install/position_controllers/lib:/home/farah/ws_farah/install/pose_broadcaster/lib:/home/farah/ws_farah/install/pid_controller/lib:/home/farah/ws_farah/install/mecanum_drive_controller/lib:/home/farah/ws_farah/install/joint_trajectory_controller/lib:/home/farah/ws_farah/install/joint_state_broadcaster/lib:/home/farah/ws_farah/install/joint_limits/lib:/home/farah/ws_farah/install/imu_sensor_broadcaster/lib:/home/farah/ws_farah/install/gripper_controllers/lib:/home/farah/ws_farah/install/gpio_controllers/lib:/home/farah/ws_farah/install/effort_controllers/lib:/home/farah/ws_farah/install/forward_command_controller/lib:/home/farah/ws_farah/install/force_torque_sensor_broadcaster/lib:/home/farah/ws_farah/install/diff_drive_controller/lib:/home/farah/ws_farah/install/admittance_controller/lib:/home/farah/ws_farah/install/controller_interface/lib:/home/farah/ws_farah/install/controller_manager_msgs/lib:/usr/lib/x86_64-linux-gnu/gazebo-11/plugins:/opt/ros/humble/opt/rviz_ogre_vendor/lib:/opt/ros/humble/lib/x86_64-linux-gnu:/opt/ros/humble/lib /usr/bin/cmake --install /home/farah/ws_farah/build/controller_interface
[27.909s] Level 1:colcon.colcon_core.environment:checking '/home/farah/ws_farah/install/controller_interface' for CMake config files
[27.909s] Level 1:colcon.colcon_core.shell:create_environment_hook('controller_interface', 'cmake_prefix_path')
[27.909s] INFO:colcon.colcon_core.shell:Creating environment hook '/home/farah/ws_farah/install/controller_interface/share/controller_interface/hook/cmake_prefix_path.ps1'
[27.910s] INFO:colcon.colcon_core.shell:Creating environment descriptor '/home/farah/ws_farah/install/controller_interface/share/controller_interface/hook/cmake_prefix_path.dsv'
[27.911s] INFO:colcon.colcon_core.shell:Creating environment hook '/home/farah/ws_farah/install/controller_interface/share/controller_interface/hook/cmake_prefix_path.sh'
[27.911s] Level 1:colcon.colcon_core.environment:checking '/home/farah/ws_farah/install/controller_interface/lib'
[27.911s] Level 1:colcon.colcon_core.shell:create_environment_hook('controller_interface', 'ld_library_path_lib')
[27.911s] INFO:colcon.colcon_core.shell:Creating environment hook '/home/farah/ws_farah/install/controller_interface/share/controller_interface/hook/ld_library_path_lib.ps1'
[27.912s] INFO:colcon.colcon_core.shell:Creating environment descriptor '/home/farah/ws_farah/install/controller_interface/share/controller_interface/hook/ld_library_path_lib.dsv'
[27.912s] INFO:colcon.colcon_core.shell:Creating environment hook '/home/farah/ws_farah/install/controller_interface/share/controller_interface/hook/ld_library_path_lib.sh'
[27.912s] Level 1:colcon.colcon_core.environment:checking '/home/farah/ws_farah/install/controller_interface/bin'
[27.912s] Level 1:colcon.colcon_core.environment:checking '/home/farah/ws_farah/install/controller_interface/lib/pkgconfig/controller_interface.pc'
[27.912s] Level 1:colcon.colcon_core.environment:checking '/home/farah/ws_farah/install/controller_interface/lib/python3.10/site-packages'
[27.913s] Level 1:colcon.colcon_core.environment:checking '/home/farah/ws_farah/install/controller_interface/bin'
[27.913s] INFO:colcon.colcon_core.shell:Creating package script '/home/farah/ws_farah/install/controller_interface/share/controller_interface/package.ps1'
[27.913s] INFO:colcon.colcon_core.shell:Creating package descriptor '/home/farah/ws_farah/install/controller_interface/share/controller_interface/package.dsv'
[27.914s] INFO:colcon.colcon_core.shell:Creating package script '/home/farah/ws_farah/install/controller_interface/share/controller_interface/package.sh'
[27.914s] INFO:colcon.colcon_core.shell:Creating package script '/home/farah/ws_farah/install/controller_interface/share/controller_interface/package.bash'
[27.915s] INFO:colcon.colcon_core.shell:Creating package script '/home/farah/ws_farah/install/controller_interface/share/controller_interface/package.zsh'
[27.916s] Level 1:colcon.colcon_core.environment:create_file_with_runtime_dependencies(/home/farah/ws_farah/install/controller_interface/share/colcon-core/packages/controller_interface)
[27.916s] Level 1:colcon.colcon_core.environment:create_environment_scripts_only(controller_interface)
[27.916s] Level 1:colcon.colcon_core.environment:checking '/home/farah/ws_farah/install/controller_interface' for CMake module files
[27.917s] Level 1:colcon.colcon_core.environment:checking '/home/farah/ws_farah/install/controller_interface' for CMake config files
[27.917s] Level 1:colcon.colcon_core.shell:create_environment_hook('controller_interface', 'cmake_prefix_path')
[27.917s] INFO:colcon.colcon_core.shell:Creating environment hook '/home/farah/ws_farah/install/controller_interface/share/controller_interface/hook/cmake_prefix_path.ps1'
[27.917s] INFO:colcon.colcon_core.shell:Creating environment descriptor '/home/farah/ws_farah/install/controller_interface/share/controller_interface/hook/cmake_prefix_path.dsv'
[27.918s] INFO:colcon.colcon_core.shell:Creating environment hook '/home/farah/ws_farah/install/controller_interface/share/controller_interface/hook/cmake_prefix_path.sh'
[27.918s] Level 1:colcon.colcon_core.environment:checking '/home/farah/ws_farah/install/controller_interface/lib'
[27.918s] Level 1:colcon.colcon_core.shell:create_environment_hook('controller_interface', 'ld_library_path_lib')
[27.918s] INFO:colcon.colcon_core.shell:Creating environment hook '/home/farah/ws_farah/install/controller_interface/share/controller_interface/hook/ld_library_path_lib.ps1'
[27.919s] INFO:colcon.colcon_core.shell:Creating environment descriptor '/home/farah/ws_farah/install/controller_interface/share/controller_interface/hook/ld_library_path_lib.dsv'
[27.919s] INFO:colcon.colcon_core.shell:Creating environment hook '/home/farah/ws_farah/install/controller_interface/share/controller_interface/hook/ld_library_path_lib.sh'
[27.919s] Level 1:colcon.colcon_core.environment:checking '/home/farah/ws_farah/install/controller_interface/bin'
[27.919s] Level 1:colcon.colcon_core.environment:checking '/home/farah/ws_farah/install/controller_interface/lib/pkgconfig/controller_interface.pc'
[27.919s] Level 1:colcon.colcon_core.environment:checking '/home/farah/ws_farah/install/controller_interface/lib/python3.10/site-packages'
[27.919s] Level 1:colcon.colcon_core.environment:checking '/home/farah/ws_farah/install/controller_interface/bin'
[27.920s] INFO:colcon.colcon_core.shell:Creating package script '/home/farah/ws_farah/install/controller_interface/share/controller_interface/package.ps1'
[27.920s] INFO:colcon.colcon_core.shell:Creating package descriptor '/home/farah/ws_farah/install/controller_interface/share/controller_interface/package.dsv'
[27.921s] INFO:colcon.colcon_core.shell:Creating package script '/home/farah/ws_farah/install/controller_interface/share/controller_interface/package.sh'
[27.921s] INFO:colcon.colcon_core.shell:Creating package script '/home/farah/ws_farah/install/controller_interface/share/controller_interface/package.bash'
[27.922s] INFO:colcon.colcon_core.shell:Creating package script '/home/farah/ws_farah/install/controller_interface/share/controller_interface/package.zsh'
[27.922s] Level 1:colcon.colcon_core.environment:create_file_with_runtime_dependencies(/home/farah/ws_farah/install/controller_interface/share/colcon-core/packages/controller_interface)
[27.922s] INFO:colcon.colcon_ros.task.ament_cmake.build:Building ROS package in '/home/farah/ws_farah/src/ros2_control/hardware_interface_testing' with build type 'ament_cmake'
[27.923s] INFO:colcon.colcon_cmake.task.cmake.build:Building CMake package in '/home/farah/ws_farah/src/ros2_control/hardware_interface_testing'
[27.923s] INFO:colcon.colcon_core.shell:Skip shell extension 'powershell' for command environment: Not usable outside of PowerShell
[27.923s] DEBUG:colcon.colcon_core.shell:Skip shell extension 'dsv' for command environment
[27.939s] DEBUG:colcon.colcon_core.event_handler.log_command:Invoking command in '/home/farah/ws_farah/build/hardware_interface_testing': CMAKE_PREFIX_PATH=/home/farah/ws_farah/install/hardware_interface:/home/farah/ws_farah/install/ros2_control_test_assets:/home/farah/ws_farah/install/libserial_vendor:/home/farah/ws_farah/install/ros2_controllers:/home/farah/ws_farah/install/ros2_control_demos:/home/farah/ws_farah/install/ros2_control_demo_example_3:/home/farah/ws_farah/install/velocity_controllers:/home/farah/ws_farah/install/tricycle_steering_controller:/home/farah/ws_farah/install/tricycle_controller:/home/farah/ws_farah/install/ros2_control_demo_example_8:/home/farah/ws_farah/install/ros2_control:/home/farah/ws_farah/install/transmission_interface:/home/farah/ws_farah/install/ros2_control_demo_example_11:/home/farah/ws_farah/install/bicycle_steering_controller:/home/farah/ws_farah/install/ackermann_steering_controller:/home/farah/ws_farah/install/steering_controllers_library:/home/farah/ws_farah/install/ros2_control_demo_example_15:/home/farah/ws_farah/install/ros2_control_demo_example_1:/home/farah/ws_farah/install/ros2_control_demo_example_9:/home/farah/ws_farah/install/ros2_control_demo_example_7:/home/farah/ws_farah/install/ros2_control_demo_example_6:/home/farah/ws_farah/install/ros2_control_demo_example_13:/home/farah/ws_farah/install/ros2_control_demo_example_5:/home/farah/ws_farah/install/ros2_control_demo_example_4:/home/farah/ws_farah/install/ros2_control_demo_example_2:/home/farah/ws_farah/install/ros2_control_demo_example_14:/home/farah/ws_farah/install/ros2_control_demo_example_12:/home/farah/ws_farah/install/ros2_control_demo_example_10:/home/farah/ws_farah/install/hardware_interface_testing:/home/farah/ws_farah/install/ros2_control_demo_description:/home/farah/ws_farah/install/range_sensor_broadcaster:/home/farah/ws_farah/install/race_it:/home/farah/ws_farah/install/position_controllers:/home/farah/ws_farah/install/pose_broadcaster:/home/farah/ws_farah/install/pid_controller:/home/farah/ws_farah/install/mecanum_drive_controller:/home/farah/ws_farah/install/joint_trajectory_controller:/home/farah/ws_farah/install/joint_state_broadcaster:/home/farah/ws_farah/install/joint_limits:/home/farah/ws_farah/install/imu_sensor_broadcaster:/home/farah/ws_farah/install/gripper_controllers:/home/farah/ws_farah/install/gpio_controllers:/home/farah/ws_farah/install/effort_controllers:/home/farah/ws_farah/install/forward_command_controller:/home/farah/ws_farah/install/force_torque_sensor_broadcaster:/home/farah/ws_farah/install/diff_drive_controller:/home/farah/ws_farah/install/admittance_controller:/home/farah/ws_farah/install/controller_interface:/home/farah/ws_farah/install/controller_manager_msgs:/home/farah/ws_farah/install/temp_teleop:/home/farah/ws_farah/install/rqt_joint_trajectory_controller:/home/farah/ws_farah/install/rqt_controller_manager:/home/farah/ws_farah/install/ros2controlcli:/home/farah/ws_farah/install/ros2_controllers_test_nodes:/opt/ros/humble LD_LIBRARY_PATH=/home/farah/ws_farah/install/hardware_interface/lib:/home/farah/ws_farah/install/libserial_vendor/lib:/home/farah/ws_farah/install/race_it/lib:/home/farah/ws_farah/install/ros2_control_demo_example_3/lib:/home/farah/ws_farah/install/velocity_controllers/lib:/home/farah/ws_farah/install/tricycle_steering_controller/lib:/home/farah/ws_farah/install/tricycle_controller/lib:/home/farah/ws_farah/install/ros2_control_demo_example_8/lib:/home/farah/ws_farah/install/transmission_interface/lib:/home/farah/ws_farah/install/ros2_control_demo_example_11/lib:/home/farah/ws_farah/install/bicycle_steering_controller/lib:/home/farah/ws_farah/install/ackermann_steering_controller/lib:/home/farah/ws_farah/install/steering_controllers_library/lib:/home/farah/ws_farah/install/ros2_control_demo_example_1/lib:/home/farah/ws_farah/install/ros2_control_demo_example_9/lib:/home/farah/ws_farah/install/ros2_control_demo_example_7/lib:/home/farah/ws_farah/install/ros2_control_demo_example_6/lib:/home/farah/ws_farah/install/ros2_control_demo_example_5/lib:/home/farah/ws_farah/install/ros2_control_demo_example_4/lib:/home/farah/ws_farah/install/ros2_control_demo_example_2/lib:/home/farah/ws_farah/install/ros2_control_demo_example_14/lib:/home/farah/ws_farah/install/ros2_control_demo_example_12/lib:/home/farah/ws_farah/install/ros2_control_demo_example_10/lib:/home/farah/ws_farah/install/hardware_interface_testing/lib:/home/farah/ws_farah/install/range_sensor_broadcaster/lib:/home/farah/ws_farah/install/position_controllers/lib:/home/farah/ws_farah/install/pose_broadcaster/lib:/home/farah/ws_farah/install/pid_controller/lib:/home/farah/ws_farah/install/mecanum_drive_controller/lib:/home/farah/ws_farah/install/joint_trajectory_controller/lib:/home/farah/ws_farah/install/joint_state_broadcaster/lib:/home/farah/ws_farah/install/joint_limits/lib:/home/farah/ws_farah/install/imu_sensor_broadcaster/lib:/home/farah/ws_farah/install/gripper_controllers/lib:/home/farah/ws_farah/install/gpio_controllers/lib:/home/farah/ws_farah/install/effort_controllers/lib:/home/farah/ws_farah/install/forward_command_controller/lib:/home/farah/ws_farah/install/force_torque_sensor_broadcaster/lib:/home/farah/ws_farah/install/diff_drive_controller/lib:/home/farah/ws_farah/install/admittance_controller/lib:/home/farah/ws_farah/install/controller_interface/lib:/home/farah/ws_farah/install/controller_manager_msgs/lib:/usr/lib/x86_64-linux-gnu/gazebo-11/plugins:/opt/ros/humble/opt/rviz_ogre_vendor/lib:/opt/ros/humble/lib/x86_64-linux-gnu:/opt/ros/humble/lib /usr/bin/cmake /home/farah/ws_farah/src/ros2_control/hardware_interface_testing -DCMAKE_INSTALL_PREFIX=/home/farah/ws_farah/install/hardware_interface_testing
[29.623s] DEBUG:colcon.colcon_core.event_handler.log_command:Invoked command in '/home/farah/ws_farah/build/hardware_interface_testing' returned '0': CMAKE_PREFIX_PATH=/home/farah/ws_farah/install/hardware_interface:/home/farah/ws_farah/install/ros2_control_test_assets:/home/farah/ws_farah/install/libserial_vendor:/home/farah/ws_farah/install/ros2_controllers:/home/farah/ws_farah/install/ros2_control_demos:/home/farah/ws_farah/install/ros2_control_demo_example_3:/home/farah/ws_farah/install/velocity_controllers:/home/farah/ws_farah/install/tricycle_steering_controller:/home/farah/ws_farah/install/tricycle_controller:/home/farah/ws_farah/install/ros2_control_demo_example_8:/home/farah/ws_farah/install/ros2_control:/home/farah/ws_farah/install/transmission_interface:/home/farah/ws_farah/install/ros2_control_demo_example_11:/home/farah/ws_farah/install/bicycle_steering_controller:/home/farah/ws_farah/install/ackermann_steering_controller:/home/farah/ws_farah/install/steering_controllers_library:/home/farah/ws_farah/install/ros2_control_demo_example_15:/home/farah/ws_farah/install/ros2_control_demo_example_1:/home/farah/ws_farah/install/ros2_control_demo_example_9:/home/farah/ws_farah/install/ros2_control_demo_example_7:/home/farah/ws_farah/install/ros2_control_demo_example_6:/home/farah/ws_farah/install/ros2_control_demo_example_13:/home/farah/ws_farah/install/ros2_control_demo_example_5:/home/farah/ws_farah/install/ros2_control_demo_example_4:/home/farah/ws_farah/install/ros2_control_demo_example_2:/home/farah/ws_farah/install/ros2_control_demo_example_14:/home/farah/ws_farah/install/ros2_control_demo_example_12:/home/farah/ws_farah/install/ros2_control_demo_example_10:/home/farah/ws_farah/install/hardware_interface_testing:/home/farah/ws_farah/install/ros2_control_demo_description:/home/farah/ws_farah/install/range_sensor_broadcaster:/home/farah/ws_farah/install/race_it:/home/farah/ws_farah/install/position_controllers:/home/farah/ws_farah/install/pose_broadcaster:/home/farah/ws_farah/install/pid_controller:/home/farah/ws_farah/install/mecanum_drive_controller:/home/farah/ws_farah/install/joint_trajectory_controller:/home/farah/ws_farah/install/joint_state_broadcaster:/home/farah/ws_farah/install/joint_limits:/home/farah/ws_farah/install/imu_sensor_broadcaster:/home/farah/ws_farah/install/gripper_controllers:/home/farah/ws_farah/install/gpio_controllers:/home/farah/ws_farah/install/effort_controllers:/home/farah/ws_farah/install/forward_command_controller:/home/farah/ws_farah/install/force_torque_sensor_broadcaster:/home/farah/ws_farah/install/diff_drive_controller:/home/farah/ws_farah/install/admittance_controller:/home/farah/ws_farah/install/controller_interface:/home/farah/ws_farah/install/controller_manager_msgs:/home/farah/ws_farah/install/temp_teleop:/home/farah/ws_farah/install/rqt_joint_trajectory_controller:/home/farah/ws_farah/install/rqt_controller_manager:/home/farah/ws_farah/install/ros2controlcli:/home/farah/ws_farah/install/ros2_controllers_test_nodes:/opt/ros/humble LD_LIBRARY_PATH=/home/farah/ws_farah/install/hardware_interface/lib:/home/farah/ws_farah/install/libserial_vendor/lib:/home/farah/ws_farah/install/race_it/lib:/home/farah/ws_farah/install/ros2_control_demo_example_3/lib:/home/farah/ws_farah/install/velocity_controllers/lib:/home/farah/ws_farah/install/tricycle_steering_controller/lib:/home/farah/ws_farah/install/tricycle_controller/lib:/home/farah/ws_farah/install/ros2_control_demo_example_8/lib:/home/farah/ws_farah/install/transmission_interface/lib:/home/farah/ws_farah/install/ros2_control_demo_example_11/lib:/home/farah/ws_farah/install/bicycle_steering_controller/lib:/home/farah/ws_farah/install/ackermann_steering_controller/lib:/home/farah/ws_farah/install/steering_controllers_library/lib:/home/farah/ws_farah/install/ros2_control_demo_example_1/lib:/home/farah/ws_farah/install/ros2_control_demo_example_9/lib:/home/farah/ws_farah/install/ros2_control_demo_example_7/lib:/home/farah/ws_farah/install/ros2_control_demo_example_6/lib:/home/farah/ws_farah/install/ros2_control_demo_example_5/lib:/home/farah/ws_farah/install/ros2_control_demo_example_4/lib:/home/farah/ws_farah/install/ros2_control_demo_example_2/lib:/home/farah/ws_farah/install/ros2_control_demo_example_14/lib:/home/farah/ws_farah/install/ros2_control_demo_example_12/lib:/home/farah/ws_farah/install/ros2_control_demo_example_10/lib:/home/farah/ws_farah/install/hardware_interface_testing/lib:/home/farah/ws_farah/install/range_sensor_broadcaster/lib:/home/farah/ws_farah/install/position_controllers/lib:/home/farah/ws_farah/install/pose_broadcaster/lib:/home/farah/ws_farah/install/pid_controller/lib:/home/farah/ws_farah/install/mecanum_drive_controller/lib:/home/farah/ws_farah/install/joint_trajectory_controller/lib:/home/farah/ws_farah/install/joint_state_broadcaster/lib:/home/farah/ws_farah/install/joint_limits/lib:/home/farah/ws_farah/install/imu_sensor_broadcaster/lib:/home/farah/ws_farah/install/gripper_controllers/lib:/home/farah/ws_farah/install/gpio_controllers/lib:/home/farah/ws_farah/install/effort_controllers/lib:/home/farah/ws_farah/install/forward_command_controller/lib:/home/farah/ws_farah/install/force_torque_sensor_broadcaster/lib:/home/farah/ws_farah/install/diff_drive_controller/lib:/home/farah/ws_farah/install/admittance_controller/lib:/home/farah/ws_farah/install/controller_interface/lib:/home/farah/ws_farah/install/controller_manager_msgs/lib:/usr/lib/x86_64-linux-gnu/gazebo-11/plugins:/opt/ros/humble/opt/rviz_ogre_vendor/lib:/opt/ros/humble/lib/x86_64-linux-gnu:/opt/ros/humble/lib /usr/bin/cmake /home/farah/ws_farah/src/ros2_control/hardware_interface_testing -DCMAKE_INSTALL_PREFIX=/home/farah/ws_farah/install/hardware_interface_testing
[29.624s] DEBUG:colcon.colcon_core.event_handler.log_command:Invoking command in '/home/farah/ws_farah/build/hardware_interface_testing': CMAKE_PREFIX_PATH=/home/farah/ws_farah/install/hardware_interface:/home/farah/ws_farah/install/ros2_control_test_assets:/home/farah/ws_farah/install/libserial_vendor:/home/farah/ws_farah/install/ros2_controllers:/home/farah/ws_farah/install/ros2_control_demos:/home/farah/ws_farah/install/ros2_control_demo_example_3:/home/farah/ws_farah/install/velocity_controllers:/home/farah/ws_farah/install/tricycle_steering_controller:/home/farah/ws_farah/install/tricycle_controller:/home/farah/ws_farah/install/ros2_control_demo_example_8:/home/farah/ws_farah/install/ros2_control:/home/farah/ws_farah/install/transmission_interface:/home/farah/ws_farah/install/ros2_control_demo_example_11:/home/farah/ws_farah/install/bicycle_steering_controller:/home/farah/ws_farah/install/ackermann_steering_controller:/home/farah/ws_farah/install/steering_controllers_library:/home/farah/ws_farah/install/ros2_control_demo_example_15:/home/farah/ws_farah/install/ros2_control_demo_example_1:/home/farah/ws_farah/install/ros2_control_demo_example_9:/home/farah/ws_farah/install/ros2_control_demo_example_7:/home/farah/ws_farah/install/ros2_control_demo_example_6:/home/farah/ws_farah/install/ros2_control_demo_example_13:/home/farah/ws_farah/install/ros2_control_demo_example_5:/home/farah/ws_farah/install/ros2_control_demo_example_4:/home/farah/ws_farah/install/ros2_control_demo_example_2:/home/farah/ws_farah/install/ros2_control_demo_example_14:/home/farah/ws_farah/install/ros2_control_demo_example_12:/home/farah/ws_farah/install/ros2_control_demo_example_10:/home/farah/ws_farah/install/hardware_interface_testing:/home/farah/ws_farah/install/ros2_control_demo_description:/home/farah/ws_farah/install/range_sensor_broadcaster:/home/farah/ws_farah/install/race_it:/home/farah/ws_farah/install/position_controllers:/home/farah/ws_farah/install/pose_broadcaster:/home/farah/ws_farah/install/pid_controller:/home/farah/ws_farah/install/mecanum_drive_controller:/home/farah/ws_farah/install/joint_trajectory_controller:/home/farah/ws_farah/install/joint_state_broadcaster:/home/farah/ws_farah/install/joint_limits:/home/farah/ws_farah/install/imu_sensor_broadcaster:/home/farah/ws_farah/install/gripper_controllers:/home/farah/ws_farah/install/gpio_controllers:/home/farah/ws_farah/install/effort_controllers:/home/farah/ws_farah/install/forward_command_controller:/home/farah/ws_farah/install/force_torque_sensor_broadcaster:/home/farah/ws_farah/install/diff_drive_controller:/home/farah/ws_farah/install/admittance_controller:/home/farah/ws_farah/install/controller_interface:/home/farah/ws_farah/install/controller_manager_msgs:/home/farah/ws_farah/install/temp_teleop:/home/farah/ws_farah/install/rqt_joint_trajectory_controller:/home/farah/ws_farah/install/rqt_controller_manager:/home/farah/ws_farah/install/ros2controlcli:/home/farah/ws_farah/install/ros2_controllers_test_nodes:/opt/ros/humble LD_LIBRARY_PATH=/home/farah/ws_farah/install/hardware_interface/lib:/home/farah/ws_farah/install/libserial_vendor/lib:/home/farah/ws_farah/install/race_it/lib:/home/farah/ws_farah/install/ros2_control_demo_example_3/lib:/home/farah/ws_farah/install/velocity_controllers/lib:/home/farah/ws_farah/install/tricycle_steering_controller/lib:/home/farah/ws_farah/install/tricycle_controller/lib:/home/farah/ws_farah/install/ros2_control_demo_example_8/lib:/home/farah/ws_farah/install/transmission_interface/lib:/home/farah/ws_farah/install/ros2_control_demo_example_11/lib:/home/farah/ws_farah/install/bicycle_steering_controller/lib:/home/farah/ws_farah/install/ackermann_steering_controller/lib:/home/farah/ws_farah/install/steering_controllers_library/lib:/home/farah/ws_farah/install/ros2_control_demo_example_1/lib:/home/farah/ws_farah/install/ros2_control_demo_example_9/lib:/home/farah/ws_farah/install/ros2_control_demo_example_7/lib:/home/farah/ws_farah/install/ros2_control_demo_example_6/lib:/home/farah/ws_farah/install/ros2_control_demo_example_5/lib:/home/farah/ws_farah/install/ros2_control_demo_example_4/lib:/home/farah/ws_farah/install/ros2_control_demo_example_2/lib:/home/farah/ws_farah/install/ros2_control_demo_example_14/lib:/home/farah/ws_farah/install/ros2_control_demo_example_12/lib:/home/farah/ws_farah/install/ros2_control_demo_example_10/lib:/home/farah/ws_farah/install/hardware_interface_testing/lib:/home/farah/ws_farah/install/range_sensor_broadcaster/lib:/home/farah/ws_farah/install/position_controllers/lib:/home/farah/ws_farah/install/pose_broadcaster/lib:/home/farah/ws_farah/install/pid_controller/lib:/home/farah/ws_farah/install/mecanum_drive_controller/lib:/home/farah/ws_farah/install/joint_trajectory_controller/lib:/home/farah/ws_farah/install/joint_state_broadcaster/lib:/home/farah/ws_farah/install/joint_limits/lib:/home/farah/ws_farah/install/imu_sensor_broadcaster/lib:/home/farah/ws_farah/install/gripper_controllers/lib:/home/farah/ws_farah/install/gpio_controllers/lib:/home/farah/ws_farah/install/effort_controllers/lib:/home/farah/ws_farah/install/forward_command_controller/lib:/home/farah/ws_farah/install/force_torque_sensor_broadcaster/lib:/home/farah/ws_farah/install/diff_drive_controller/lib:/home/farah/ws_farah/install/admittance_controller/lib:/home/farah/ws_farah/install/controller_interface/lib:/home/farah/ws_farah/install/controller_manager_msgs/lib:/usr/lib/x86_64-linux-gnu/gazebo-11/plugins:/opt/ros/humble/opt/rviz_ogre_vendor/lib:/opt/ros/humble/lib/x86_64-linux-gnu:/opt/ros/humble/lib /usr/bin/cmake --build /home/farah/ws_farah/build/hardware_interface_testing -- -j8 -l8
[36.844s] DEBUG:colcon.colcon_core.event_handler.log_command:Invoked command in '/home/farah/ws_farah/build/hardware_interface_testing' returned '0': CMAKE_PREFIX_PATH=/home/farah/ws_farah/install/hardware_interface:/home/farah/ws_farah/install/ros2_control_test_assets:/home/farah/ws_farah/install/libserial_vendor:/home/farah/ws_farah/install/ros2_controllers:/home/farah/ws_farah/install/ros2_control_demos:/home/farah/ws_farah/install/ros2_control_demo_example_3:/home/farah/ws_farah/install/velocity_controllers:/home/farah/ws_farah/install/tricycle_steering_controller:/home/farah/ws_farah/install/tricycle_controller:/home/farah/ws_farah/install/ros2_control_demo_example_8:/home/farah/ws_farah/install/ros2_control:/home/farah/ws_farah/install/transmission_interface:/home/farah/ws_farah/install/ros2_control_demo_example_11:/home/farah/ws_farah/install/bicycle_steering_controller:/home/farah/ws_farah/install/ackermann_steering_controller:/home/farah/ws_farah/install/steering_controllers_library:/home/farah/ws_farah/install/ros2_control_demo_example_15:/home/farah/ws_farah/install/ros2_control_demo_example_1:/home/farah/ws_farah/install/ros2_control_demo_example_9:/home/farah/ws_farah/install/ros2_control_demo_example_7:/home/farah/ws_farah/install/ros2_control_demo_example_6:/home/farah/ws_farah/install/ros2_control_demo_example_13:/home/farah/ws_farah/install/ros2_control_demo_example_5:/home/farah/ws_farah/install/ros2_control_demo_example_4:/home/farah/ws_farah/install/ros2_control_demo_example_2:/home/farah/ws_farah/install/ros2_control_demo_example_14:/home/farah/ws_farah/install/ros2_control_demo_example_12:/home/farah/ws_farah/install/ros2_control_demo_example_10:/home/farah/ws_farah/install/hardware_interface_testing:/home/farah/ws_farah/install/ros2_control_demo_description:/home/farah/ws_farah/install/range_sensor_broadcaster:/home/farah/ws_farah/install/race_it:/home/farah/ws_farah/install/position_controllers:/home/farah/ws_farah/install/pose_broadcaster:/home/farah/ws_farah/install/pid_controller:/home/farah/ws_farah/install/mecanum_drive_controller:/home/farah/ws_farah/install/joint_trajectory_controller:/home/farah/ws_farah/install/joint_state_broadcaster:/home/farah/ws_farah/install/joint_limits:/home/farah/ws_farah/install/imu_sensor_broadcaster:/home/farah/ws_farah/install/gripper_controllers:/home/farah/ws_farah/install/gpio_controllers:/home/farah/ws_farah/install/effort_controllers:/home/farah/ws_farah/install/forward_command_controller:/home/farah/ws_farah/install/force_torque_sensor_broadcaster:/home/farah/ws_farah/install/diff_drive_controller:/home/farah/ws_farah/install/admittance_controller:/home/farah/ws_farah/install/controller_interface:/home/farah/ws_farah/install/controller_manager_msgs:/home/farah/ws_farah/install/temp_teleop:/home/farah/ws_farah/install/rqt_joint_trajectory_controller:/home/farah/ws_farah/install/rqt_controller_manager:/home/farah/ws_farah/install/ros2controlcli:/home/farah/ws_farah/install/ros2_controllers_test_nodes:/opt/ros/humble LD_LIBRARY_PATH=/home/farah/ws_farah/install/hardware_interface/lib:/home/farah/ws_farah/install/libserial_vendor/lib:/home/farah/ws_farah/install/race_it/lib:/home/farah/ws_farah/install/ros2_control_demo_example_3/lib:/home/farah/ws_farah/install/velocity_controllers/lib:/home/farah/ws_farah/install/tricycle_steering_controller/lib:/home/farah/ws_farah/install/tricycle_controller/lib:/home/farah/ws_farah/install/ros2_control_demo_example_8/lib:/home/farah/ws_farah/install/transmission_interface/lib:/home/farah/ws_farah/install/ros2_control_demo_example_11/lib:/home/farah/ws_farah/install/bicycle_steering_controller/lib:/home/farah/ws_farah/install/ackermann_steering_controller/lib:/home/farah/ws_farah/install/steering_controllers_library/lib:/home/farah/ws_farah/install/ros2_control_demo_example_1/lib:/home/farah/ws_farah/install/ros2_control_demo_example_9/lib:/home/farah/ws_farah/install/ros2_control_demo_example_7/lib:/home/farah/ws_farah/install/ros2_control_demo_example_6/lib:/home/farah/ws_farah/install/ros2_control_demo_example_5/lib:/home/farah/ws_farah/install/ros2_control_demo_example_4/lib:/home/farah/ws_farah/install/ros2_control_demo_example_2/lib:/home/farah/ws_farah/install/ros2_control_demo_example_14/lib:/home/farah/ws_farah/install/ros2_control_demo_example_12/lib:/home/farah/ws_farah/install/ros2_control_demo_example_10/lib:/home/farah/ws_farah/install/hardware_interface_testing/lib:/home/farah/ws_farah/install/range_sensor_broadcaster/lib:/home/farah/ws_farah/install/position_controllers/lib:/home/farah/ws_farah/install/pose_broadcaster/lib:/home/farah/ws_farah/install/pid_controller/lib:/home/farah/ws_farah/install/mecanum_drive_controller/lib:/home/farah/ws_farah/install/joint_trajectory_controller/lib:/home/farah/ws_farah/install/joint_state_broadcaster/lib:/home/farah/ws_farah/install/joint_limits/lib:/home/farah/ws_farah/install/imu_sensor_broadcaster/lib:/home/farah/ws_farah/install/gripper_controllers/lib:/home/farah/ws_farah/install/gpio_controllers/lib:/home/farah/ws_farah/install/effort_controllers/lib:/home/farah/ws_farah/install/forward_command_controller/lib:/home/farah/ws_farah/install/force_torque_sensor_broadcaster/lib:/home/farah/ws_farah/install/diff_drive_controller/lib:/home/farah/ws_farah/install/admittance_controller/lib:/home/farah/ws_farah/install/controller_interface/lib:/home/farah/ws_farah/install/controller_manager_msgs/lib:/usr/lib/x86_64-linux-gnu/gazebo-11/plugins:/opt/ros/humble/opt/rviz_ogre_vendor/lib:/opt/ros/humble/lib/x86_64-linux-gnu:/opt/ros/humble/lib /usr/bin/cmake --build /home/farah/ws_farah/build/hardware_interface_testing -- -j8 -l8
[36.845s] DEBUG:colcon.colcon_core.event_handler.log_command:Invoking command in '/home/farah/ws_farah/build/hardware_interface_testing': CMAKE_PREFIX_PATH=/home/farah/ws_farah/install/hardware_interface:/home/farah/ws_farah/install/ros2_control_test_assets:/home/farah/ws_farah/install/libserial_vendor:/home/farah/ws_farah/install/ros2_controllers:/home/farah/ws_farah/install/ros2_control_demos:/home/farah/ws_farah/install/ros2_control_demo_example_3:/home/farah/ws_farah/install/velocity_controllers:/home/farah/ws_farah/install/tricycle_steering_controller:/home/farah/ws_farah/install/tricycle_controller:/home/farah/ws_farah/install/ros2_control_demo_example_8:/home/farah/ws_farah/install/ros2_control:/home/farah/ws_farah/install/transmission_interface:/home/farah/ws_farah/install/ros2_control_demo_example_11:/home/farah/ws_farah/install/bicycle_steering_controller:/home/farah/ws_farah/install/ackermann_steering_controller:/home/farah/ws_farah/install/steering_controllers_library:/home/farah/ws_farah/install/ros2_control_demo_example_15:/home/farah/ws_farah/install/ros2_control_demo_example_1:/home/farah/ws_farah/install/ros2_control_demo_example_9:/home/farah/ws_farah/install/ros2_control_demo_example_7:/home/farah/ws_farah/install/ros2_control_demo_example_6:/home/farah/ws_farah/install/ros2_control_demo_example_13:/home/farah/ws_farah/install/ros2_control_demo_example_5:/home/farah/ws_farah/install/ros2_control_demo_example_4:/home/farah/ws_farah/install/ros2_control_demo_example_2:/home/farah/ws_farah/install/ros2_control_demo_example_14:/home/farah/ws_farah/install/ros2_control_demo_example_12:/home/farah/ws_farah/install/ros2_control_demo_example_10:/home/farah/ws_farah/install/hardware_interface_testing:/home/farah/ws_farah/install/ros2_control_demo_description:/home/farah/ws_farah/install/range_sensor_broadcaster:/home/farah/ws_farah/install/race_it:/home/farah/ws_farah/install/position_controllers:/home/farah/ws_farah/install/pose_broadcaster:/home/farah/ws_farah/install/pid_controller:/home/farah/ws_farah/install/mecanum_drive_controller:/home/farah/ws_farah/install/joint_trajectory_controller:/home/farah/ws_farah/install/joint_state_broadcaster:/home/farah/ws_farah/install/joint_limits:/home/farah/ws_farah/install/imu_sensor_broadcaster:/home/farah/ws_farah/install/gripper_controllers:/home/farah/ws_farah/install/gpio_controllers:/home/farah/ws_farah/install/effort_controllers:/home/farah/ws_farah/install/forward_command_controller:/home/farah/ws_farah/install/force_torque_sensor_broadcaster:/home/farah/ws_farah/install/diff_drive_controller:/home/farah/ws_farah/install/admittance_controller:/home/farah/ws_farah/install/controller_interface:/home/farah/ws_farah/install/controller_manager_msgs:/home/farah/ws_farah/install/temp_teleop:/home/farah/ws_farah/install/rqt_joint_trajectory_controller:/home/farah/ws_farah/install/rqt_controller_manager:/home/farah/ws_farah/install/ros2controlcli:/home/farah/ws_farah/install/ros2_controllers_test_nodes:/opt/ros/humble LD_LIBRARY_PATH=/home/farah/ws_farah/install/hardware_interface/lib:/home/farah/ws_farah/install/libserial_vendor/lib:/home/farah/ws_farah/install/race_it/lib:/home/farah/ws_farah/install/ros2_control_demo_example_3/lib:/home/farah/ws_farah/install/velocity_controllers/lib:/home/farah/ws_farah/install/tricycle_steering_controller/lib:/home/farah/ws_farah/install/tricycle_controller/lib:/home/farah/ws_farah/install/ros2_control_demo_example_8/lib:/home/farah/ws_farah/install/transmission_interface/lib:/home/farah/ws_farah/install/ros2_control_demo_example_11/lib:/home/farah/ws_farah/install/bicycle_steering_controller/lib:/home/farah/ws_farah/install/ackermann_steering_controller/lib:/home/farah/ws_farah/install/steering_controllers_library/lib:/home/farah/ws_farah/install/ros2_control_demo_example_1/lib:/home/farah/ws_farah/install/ros2_control_demo_example_9/lib:/home/farah/ws_farah/install/ros2_control_demo_example_7/lib:/home/farah/ws_farah/install/ros2_control_demo_example_6/lib:/home/farah/ws_farah/install/ros2_control_demo_example_5/lib:/home/farah/ws_farah/install/ros2_control_demo_example_4/lib:/home/farah/ws_farah/install/ros2_control_demo_example_2/lib:/home/farah/ws_farah/install/ros2_control_demo_example_14/lib:/home/farah/ws_farah/install/ros2_control_demo_example_12/lib:/home/farah/ws_farah/install/ros2_control_demo_example_10/lib:/home/farah/ws_farah/install/hardware_interface_testing/lib:/home/farah/ws_farah/install/range_sensor_broadcaster/lib:/home/farah/ws_farah/install/position_controllers/lib:/home/farah/ws_farah/install/pose_broadcaster/lib:/home/farah/ws_farah/install/pid_controller/lib:/home/farah/ws_farah/install/mecanum_drive_controller/lib:/home/farah/ws_farah/install/joint_trajectory_controller/lib:/home/farah/ws_farah/install/joint_state_broadcaster/lib:/home/farah/ws_farah/install/joint_limits/lib:/home/farah/ws_farah/install/imu_sensor_broadcaster/lib:/home/farah/ws_farah/install/gripper_controllers/lib:/home/farah/ws_farah/install/gpio_controllers/lib:/home/farah/ws_farah/install/effort_controllers/lib:/home/farah/ws_farah/install/forward_command_controller/lib:/home/farah/ws_farah/install/force_torque_sensor_broadcaster/lib:/home/farah/ws_farah/install/diff_drive_controller/lib:/home/farah/ws_farah/install/admittance_controller/lib:/home/farah/ws_farah/install/controller_interface/lib:/home/farah/ws_farah/install/controller_manager_msgs/lib:/usr/lib/x86_64-linux-gnu/gazebo-11/plugins:/opt/ros/humble/opt/rviz_ogre_vendor/lib:/opt/ros/humble/lib/x86_64-linux-gnu:/opt/ros/humble/lib /usr/bin/cmake --install /home/farah/ws_farah/build/hardware_interface_testing
[36.855s] Level 1:colcon.colcon_core.environment:create_environment_scripts_only(hardware_interface_testing)
[36.856s] Level 1:colcon.colcon_core.environment:checking '/home/farah/ws_farah/install/hardware_interface_testing' for CMake module files
[36.856s] DEBUG:colcon.colcon_core.event_handler.log_command:Invoked command in '/home/farah/ws_farah/build/hardware_interface_testing' returned '0': CMAKE_PREFIX_PATH=/home/farah/ws_farah/install/hardware_interface:/home/farah/ws_farah/install/ros2_control_test_assets:/home/farah/ws_farah/install/libserial_vendor:/home/farah/ws_farah/install/ros2_controllers:/home/farah/ws_farah/install/ros2_control_demos:/home/farah/ws_farah/install/ros2_control_demo_example_3:/home/farah/ws_farah/install/velocity_controllers:/home/farah/ws_farah/install/tricycle_steering_controller:/home/farah/ws_farah/install/tricycle_controller:/home/farah/ws_farah/install/ros2_control_demo_example_8:/home/farah/ws_farah/install/ros2_control:/home/farah/ws_farah/install/transmission_interface:/home/farah/ws_farah/install/ros2_control_demo_example_11:/home/farah/ws_farah/install/bicycle_steering_controller:/home/farah/ws_farah/install/ackermann_steering_controller:/home/farah/ws_farah/install/steering_controllers_library:/home/farah/ws_farah/install/ros2_control_demo_example_15:/home/farah/ws_farah/install/ros2_control_demo_example_1:/home/farah/ws_farah/install/ros2_control_demo_example_9:/home/farah/ws_farah/install/ros2_control_demo_example_7:/home/farah/ws_farah/install/ros2_control_demo_example_6:/home/farah/ws_farah/install/ros2_control_demo_example_13:/home/farah/ws_farah/install/ros2_control_demo_example_5:/home/farah/ws_farah/install/ros2_control_demo_example_4:/home/farah/ws_farah/install/ros2_control_demo_example_2:/home/farah/ws_farah/install/ros2_control_demo_example_14:/home/farah/ws_farah/install/ros2_control_demo_example_12:/home/farah/ws_farah/install/ros2_control_demo_example_10:/home/farah/ws_farah/install/hardware_interface_testing:/home/farah/ws_farah/install/ros2_control_demo_description:/home/farah/ws_farah/install/range_sensor_broadcaster:/home/farah/ws_farah/install/race_it:/home/farah/ws_farah/install/position_controllers:/home/farah/ws_farah/install/pose_broadcaster:/home/farah/ws_farah/install/pid_controller:/home/farah/ws_farah/install/mecanum_drive_controller:/home/farah/ws_farah/install/joint_trajectory_controller:/home/farah/ws_farah/install/joint_state_broadcaster:/home/farah/ws_farah/install/joint_limits:/home/farah/ws_farah/install/imu_sensor_broadcaster:/home/farah/ws_farah/install/gripper_controllers:/home/farah/ws_farah/install/gpio_controllers:/home/farah/ws_farah/install/effort_controllers:/home/farah/ws_farah/install/forward_command_controller:/home/farah/ws_farah/install/force_torque_sensor_broadcaster:/home/farah/ws_farah/install/diff_drive_controller:/home/farah/ws_farah/install/admittance_controller:/home/farah/ws_farah/install/controller_interface:/home/farah/ws_farah/install/controller_manager_msgs:/home/farah/ws_farah/install/temp_teleop:/home/farah/ws_farah/install/rqt_joint_trajectory_controller:/home/farah/ws_farah/install/rqt_controller_manager:/home/farah/ws_farah/install/ros2controlcli:/home/farah/ws_farah/install/ros2_controllers_test_nodes:/opt/ros/humble LD_LIBRARY_PATH=/home/farah/ws_farah/install/hardware_interface/lib:/home/farah/ws_farah/install/libserial_vendor/lib:/home/farah/ws_farah/install/race_it/lib:/home/farah/ws_farah/install/ros2_control_demo_example_3/lib:/home/farah/ws_farah/install/velocity_controllers/lib:/home/farah/ws_farah/install/tricycle_steering_controller/lib:/home/farah/ws_farah/install/tricycle_controller/lib:/home/farah/ws_farah/install/ros2_control_demo_example_8/lib:/home/farah/ws_farah/install/transmission_interface/lib:/home/farah/ws_farah/install/ros2_control_demo_example_11/lib:/home/farah/ws_farah/install/bicycle_steering_controller/lib:/home/farah/ws_farah/install/ackermann_steering_controller/lib:/home/farah/ws_farah/install/steering_controllers_library/lib:/home/farah/ws_farah/install/ros2_control_demo_example_1/lib:/home/farah/ws_farah/install/ros2_control_demo_example_9/lib:/home/farah/ws_farah/install/ros2_control_demo_example_7/lib:/home/farah/ws_farah/install/ros2_control_demo_example_6/lib:/home/farah/ws_farah/install/ros2_control_demo_example_5/lib:/home/farah/ws_farah/install/ros2_control_demo_example_4/lib:/home/farah/ws_farah/install/ros2_control_demo_example_2/lib:/home/farah/ws_farah/install/ros2_control_demo_example_14/lib:/home/farah/ws_farah/install/ros2_control_demo_example_12/lib:/home/farah/ws_farah/install/ros2_control_demo_example_10/lib:/home/farah/ws_farah/install/hardware_interface_testing/lib:/home/farah/ws_farah/install/range_sensor_broadcaster/lib:/home/farah/ws_farah/install/position_controllers/lib:/home/farah/ws_farah/install/pose_broadcaster/lib:/home/farah/ws_farah/install/pid_controller/lib:/home/farah/ws_farah/install/mecanum_drive_controller/lib:/home/farah/ws_farah/install/joint_trajectory_controller/lib:/home/farah/ws_farah/install/joint_state_broadcaster/lib:/home/farah/ws_farah/install/joint_limits/lib:/home/farah/ws_farah/install/imu_sensor_broadcaster/lib:/home/farah/ws_farah/install/gripper_controllers/lib:/home/farah/ws_farah/install/gpio_controllers/lib:/home/farah/ws_farah/install/effort_controllers/lib:/home/farah/ws_farah/install/forward_command_controller/lib:/home/farah/ws_farah/install/force_torque_sensor_broadcaster/lib:/home/farah/ws_farah/install/diff_drive_controller/lib:/home/farah/ws_farah/install/admittance_controller/lib:/home/farah/ws_farah/install/controller_interface/lib:/home/farah/ws_farah/install/controller_manager_msgs/lib:/usr/lib/x86_64-linux-gnu/gazebo-11/plugins:/opt/ros/humble/opt/rviz_ogre_vendor/lib:/opt/ros/humble/lib/x86_64-linux-gnu:/opt/ros/humble/lib /usr/bin/cmake --install /home/farah/ws_farah/build/hardware_interface_testing
[36.857s] Level 1:colcon.colcon_core.environment:checking '/home/farah/ws_farah/install/hardware_interface_testing' for CMake config files
[36.857s] Level 1:colcon.colcon_core.shell:create_environment_hook('hardware_interface_testing', 'cmake_prefix_path')
[36.857s] INFO:colcon.colcon_core.shell:Creating environment hook '/home/farah/ws_farah/install/hardware_interface_testing/share/hardware_interface_testing/hook/cmake_prefix_path.ps1'
[36.858s] INFO:colcon.colcon_core.shell:Creating environment descriptor '/home/farah/ws_farah/install/hardware_interface_testing/share/hardware_interface_testing/hook/cmake_prefix_path.dsv'
[36.858s] INFO:colcon.colcon_core.shell:Creating environment hook '/home/farah/ws_farah/install/hardware_interface_testing/share/hardware_interface_testing/hook/cmake_prefix_path.sh'
[36.859s] Level 1:colcon.colcon_core.environment:checking '/home/farah/ws_farah/install/hardware_interface_testing/lib'
[36.859s] Level 1:colcon.colcon_core.shell:create_environment_hook('hardware_interface_testing', 'ld_library_path_lib')
[36.859s] INFO:colcon.colcon_core.shell:Creating environment hook '/home/farah/ws_farah/install/hardware_interface_testing/share/hardware_interface_testing/hook/ld_library_path_lib.ps1'
[36.859s] INFO:colcon.colcon_core.shell:Creating environment descriptor '/home/farah/ws_farah/install/hardware_interface_testing/share/hardware_interface_testing/hook/ld_library_path_lib.dsv'
[36.860s] INFO:colcon.colcon_core.shell:Creating environment hook '/home/farah/ws_farah/install/hardware_interface_testing/share/hardware_interface_testing/hook/ld_library_path_lib.sh'
[36.860s] Level 1:colcon.colcon_core.environment:checking '/home/farah/ws_farah/install/hardware_interface_testing/bin'
[36.860s] Level 1:colcon.colcon_core.environment:checking '/home/farah/ws_farah/install/hardware_interface_testing/lib/pkgconfig/hardware_interface_testing.pc'
[36.861s] Level 1:colcon.colcon_core.environment:checking '/home/farah/ws_farah/install/hardware_interface_testing/lib/python3.10/site-packages'
[36.861s] Level 1:colcon.colcon_core.environment:checking '/home/farah/ws_farah/install/hardware_interface_testing/bin'
[36.861s] INFO:colcon.colcon_core.shell:Creating package script '/home/farah/ws_farah/install/hardware_interface_testing/share/hardware_interface_testing/package.ps1'
[36.861s] INFO:colcon.colcon_core.shell:Creating package descriptor '/home/farah/ws_farah/install/hardware_interface_testing/share/hardware_interface_testing/package.dsv'
[36.862s] INFO:colcon.colcon_core.shell:Creating package script '/home/farah/ws_farah/install/hardware_interface_testing/share/hardware_interface_testing/package.sh'
[36.862s] INFO:colcon.colcon_core.shell:Creating package script '/home/farah/ws_farah/install/hardware_interface_testing/share/hardware_interface_testing/package.bash'
[36.863s] INFO:colcon.colcon_core.shell:Creating package script '/home/farah/ws_farah/install/hardware_interface_testing/share/hardware_interface_testing/package.zsh'
[36.863s] Level 1:colcon.colcon_core.environment:create_file_with_runtime_dependencies(/home/farah/ws_farah/install/hardware_interface_testing/share/colcon-core/packages/hardware_interface_testing)
[36.863s] Level 1:colcon.colcon_core.environment:create_environment_scripts_only(hardware_interface_testing)
[36.864s] Level 1:colcon.colcon_core.environment:checking '/home/farah/ws_farah/install/hardware_interface_testing' for CMake module files
[36.864s] Level 1:colcon.colcon_core.environment:checking '/home/farah/ws_farah/install/hardware_interface_testing' for CMake config files
[36.864s] Level 1:colcon.colcon_core.shell:create_environment_hook('hardware_interface_testing', 'cmake_prefix_path')
[36.864s] INFO:colcon.colcon_core.shell:Creating environment hook '/home/farah/ws_farah/install/hardware_interface_testing/share/hardware_interface_testing/hook/cmake_prefix_path.ps1'
[36.865s] INFO:colcon.colcon_core.shell:Creating environment descriptor '/home/farah/ws_farah/install/hardware_interface_testing/share/hardware_interface_testing/hook/cmake_prefix_path.dsv'
[36.865s] INFO:colcon.colcon_core.shell:Creating environment hook '/home/farah/ws_farah/install/hardware_interface_testing/share/hardware_interface_testing/hook/cmake_prefix_path.sh'
[36.865s] Level 1:colcon.colcon_core.environment:checking '/home/farah/ws_farah/install/hardware_interface_testing/lib'
[36.865s] Level 1:colcon.colcon_core.shell:create_environment_hook('hardware_interface_testing', 'ld_library_path_lib')
[36.866s] INFO:colcon.colcon_core.shell:Creating environment hook '/home/farah/ws_farah/install/hardware_interface_testing/share/hardware_interface_testing/hook/ld_library_path_lib.ps1'
[36.866s] INFO:colcon.colcon_core.shell:Creating environment descriptor '/home/farah/ws_farah/install/hardware_interface_testing/share/hardware_interface_testing/hook/ld_library_path_lib.dsv'
[36.866s] INFO:colcon.colcon_core.shell:Creating environment hook '/home/farah/ws_farah/install/hardware_interface_testing/share/hardware_interface_testing/hook/ld_library_path_lib.sh'
[36.867s] Level 1:colcon.colcon_core.environment:checking '/home/farah/ws_farah/install/hardware_interface_testing/bin'
[36.867s] Level 1:colcon.colcon_core.environment:checking '/home/farah/ws_farah/install/hardware_interface_testing/lib/pkgconfig/hardware_interface_testing.pc'
[36.867s] Level 1:colcon.colcon_core.environment:checking '/home/farah/ws_farah/install/hardware_interface_testing/lib/python3.10/site-packages'
[36.867s] Level 1:colcon.colcon_core.environment:checking '/home/farah/ws_farah/install/hardware_interface_testing/bin'
[36.867s] INFO:colcon.colcon_core.shell:Creating package script '/home/farah/ws_farah/install/hardware_interface_testing/share/hardware_interface_testing/package.ps1'
[36.868s] INFO:colcon.colcon_core.shell:Creating package descriptor '/home/farah/ws_farah/install/hardware_interface_testing/share/hardware_interface_testing/package.dsv'
[36.868s] INFO:colcon.colcon_core.shell:Creating package script '/home/farah/ws_farah/install/hardware_interface_testing/share/hardware_interface_testing/package.sh'
[36.869s] INFO:colcon.colcon_core.shell:Creating package script '/home/farah/ws_farah/install/hardware_interface_testing/share/hardware_interface_testing/package.bash'
[36.869s] INFO:colcon.colcon_core.shell:Creating package script '/home/farah/ws_farah/install/hardware_interface_testing/share/hardware_interface_testing/package.zsh'
[36.870s] Level 1:colcon.colcon_core.environment:create_file_with_runtime_dependencies(/home/farah/ws_farah/install/hardware_interface_testing/share/colcon-core/packages/hardware_interface_testing)
[36.870s] INFO:colcon.colcon_ros.task.ament_cmake.build:Building ROS package in '/home/farah/ws_farah/src/ros2_control/controller_manager_msgs' with build type 'ament_cmake'
[36.870s] INFO:colcon.colcon_cmake.task.cmake.build:Building CMake package in '/home/farah/ws_farah/src/ros2_control/controller_manager_msgs'
[36.870s] INFO:colcon.colcon_core.shell:Skip shell extension 'powershell' for command environment: Not usable outside of PowerShell
[36.870s] DEBUG:colcon.colcon_core.shell:Skip shell extension 'dsv' for command environment
[36.879s] DEBUG:colcon.colcon_core.event_handler.log_command:Invoking command in '/home/farah/ws_farah/build/controller_manager_msgs': CMAKE_PREFIX_PATH=${CMAKE_PREFIX_PATH}:/home/farah/ws_farah/install/temp_teleop:/home/farah/ws_farah/install/rqt_joint_trajectory_controller:/home/farah/ws_farah/install/rqt_controller_manager:/home/farah/ws_farah/install/ros2controlcli:/home/farah/ws_farah/install/ros2_controllers_test_nodes:/opt/ros/humble /usr/bin/cmake /home/farah/ws_farah/src/ros2_control/controller_manager_msgs -DCMAKE_INSTALL_PREFIX=/home/farah/ws_farah/install/controller_manager_msgs
[38.589s] DEBUG:colcon.colcon_core.event_handler.log_command:Invoked command in '/home/farah/ws_farah/build/controller_manager_msgs' returned '0': CMAKE_PREFIX_PATH=${CMAKE_PREFIX_PATH}:/home/farah/ws_farah/install/temp_teleop:/home/farah/ws_farah/install/rqt_joint_trajectory_controller:/home/farah/ws_farah/install/rqt_controller_manager:/home/farah/ws_farah/install/ros2controlcli:/home/farah/ws_farah/install/ros2_controllers_test_nodes:/opt/ros/humble /usr/bin/cmake /home/farah/ws_farah/src/ros2_control/controller_manager_msgs -DCMAKE_INSTALL_PREFIX=/home/farah/ws_farah/install/controller_manager_msgs
[38.589s] DEBUG:colcon.colcon_core.event_handler.log_command:Invoking command in '/home/farah/ws_farah/build/controller_manager_msgs': CMAKE_PREFIX_PATH=${CMAKE_PREFIX_PATH}:/home/farah/ws_farah/install/temp_teleop:/home/farah/ws_farah/install/rqt_joint_trajectory_controller:/home/farah/ws_farah/install/rqt_controller_manager:/home/farah/ws_farah/install/ros2controlcli:/home/farah/ws_farah/install/ros2_controllers_test_nodes:/opt/ros/humble /usr/bin/cmake --build /home/farah/ws_farah/build/controller_manager_msgs -- -j8 -l8
[50.483s] DEBUG:colcon.colcon_core.event_handler.log_command:Invoked command in '/home/farah/ws_farah/build/controller_manager_msgs' returned '0': CMAKE_PREFIX_PATH=${CMAKE_PREFIX_PATH}:/home/farah/ws_farah/install/temp_teleop:/home/farah/ws_farah/install/rqt_joint_trajectory_controller:/home/farah/ws_farah/install/rqt_controller_manager:/home/farah/ws_farah/install/ros2controlcli:/home/farah/ws_farah/install/ros2_controllers_test_nodes:/opt/ros/humble /usr/bin/cmake --build /home/farah/ws_farah/build/controller_manager_msgs -- -j8 -l8
[50.484s] DEBUG:colcon.colcon_core.event_handler.log_command:Invoking command in '/home/farah/ws_farah/build/controller_manager_msgs': CMAKE_PREFIX_PATH=${CMAKE_PREFIX_PATH}:/home/farah/ws_farah/install/temp_teleop:/home/farah/ws_farah/install/rqt_joint_trajectory_controller:/home/farah/ws_farah/install/rqt_controller_manager:/home/farah/ws_farah/install/ros2controlcli:/home/farah/ws_farah/install/ros2_controllers_test_nodes:/opt/ros/humble /usr/bin/cmake --install /home/farah/ws_farah/build/controller_manager_msgs
[50.596s] Level 1:colcon.colcon_core.environment:create_environment_scripts_only(controller_manager_msgs)
[50.596s] Level 1:colcon.colcon_core.environment:checking '/home/farah/ws_farah/install/controller_manager_msgs' for CMake module files
[50.597s] DEBUG:colcon.colcon_core.event_handler.log_command:Invoked command in '/home/farah/ws_farah/build/controller_manager_msgs' returned '0': CMAKE_PREFIX_PATH=${CMAKE_PREFIX_PATH}:/home/farah/ws_farah/install/temp_teleop:/home/farah/ws_farah/install/rqt_joint_trajectory_controller:/home/farah/ws_farah/install/rqt_controller_manager:/home/farah/ws_farah/install/ros2controlcli:/home/farah/ws_farah/install/ros2_controllers_test_nodes:/opt/ros/humble /usr/bin/cmake --install /home/farah/ws_farah/build/controller_manager_msgs
[50.597s] Level 1:colcon.colcon_core.environment:checking '/home/farah/ws_farah/install/controller_manager_msgs' for CMake config files
[50.598s] Level 1:colcon.colcon_core.shell:create_environment_hook('controller_manager_msgs', 'cmake_prefix_path')
[50.598s] INFO:colcon.colcon_core.shell:Creating environment hook '/home/farah/ws_farah/install/controller_manager_msgs/share/controller_manager_msgs/hook/cmake_prefix_path.ps1'
[50.598s] INFO:colcon.colcon_core.shell:Creating environment descriptor '/home/farah/ws_farah/install/controller_manager_msgs/share/controller_manager_msgs/hook/cmake_prefix_path.dsv'
[50.599s] INFO:colcon.colcon_core.shell:Creating environment hook '/home/farah/ws_farah/install/controller_manager_msgs/share/controller_manager_msgs/hook/cmake_prefix_path.sh'
[50.599s] Level 1:colcon.colcon_core.environment:checking '/home/farah/ws_farah/install/controller_manager_msgs/lib'
[50.599s] Level 1:colcon.colcon_core.shell:create_environment_hook('controller_manager_msgs', 'ld_library_path_lib')
[50.599s] INFO:colcon.colcon_core.shell:Creating environment hook '/home/farah/ws_farah/install/controller_manager_msgs/share/controller_manager_msgs/hook/ld_library_path_lib.ps1'
[50.600s] INFO:colcon.colcon_core.shell:Creating environment descriptor '/home/farah/ws_farah/install/controller_manager_msgs/share/controller_manager_msgs/hook/ld_library_path_lib.dsv'
[50.600s] INFO:colcon.colcon_core.shell:Creating environment hook '/home/farah/ws_farah/install/controller_manager_msgs/share/controller_manager_msgs/hook/ld_library_path_lib.sh'
[50.600s] Level 1:colcon.colcon_core.environment:checking '/home/farah/ws_farah/install/controller_manager_msgs/bin'
[50.600s] Level 1:colcon.colcon_core.environment:checking '/home/farah/ws_farah/install/controller_manager_msgs/lib/pkgconfig/controller_manager_msgs.pc'
[50.600s] Level 1:colcon.colcon_core.environment:checking '/home/farah/ws_farah/install/controller_manager_msgs/lib/python3.10/site-packages'
[50.601s] Level 1:colcon.colcon_core.environment:checking '/home/farah/ws_farah/install/controller_manager_msgs/bin'
[50.601s] INFO:colcon.colcon_core.shell:Creating package script '/home/farah/ws_farah/install/controller_manager_msgs/share/controller_manager_msgs/package.ps1'
[50.601s] INFO:colcon.colcon_core.shell:Creating package descriptor '/home/farah/ws_farah/install/controller_manager_msgs/share/controller_manager_msgs/package.dsv'
[50.602s] INFO:colcon.colcon_core.shell:Creating package script '/home/farah/ws_farah/install/controller_manager_msgs/share/controller_manager_msgs/package.sh'
[50.602s] INFO:colcon.colcon_core.shell:Creating package script '/home/farah/ws_farah/install/controller_manager_msgs/share/controller_manager_msgs/package.bash'
[50.602s] INFO:colcon.colcon_core.shell:Creating package script '/home/farah/ws_farah/install/controller_manager_msgs/share/controller_manager_msgs/package.zsh'
[50.603s] Level 1:colcon.colcon_core.environment:create_file_with_runtime_dependencies(/home/farah/ws_farah/install/controller_manager_msgs/share/colcon-core/packages/controller_manager_msgs)
[50.603s] Level 1:colcon.colcon_core.environment:create_environment_scripts_only(controller_manager_msgs)
[50.603s] Level 1:colcon.colcon_core.environment:checking '/home/farah/ws_farah/install/controller_manager_msgs' for CMake module files
[50.604s] Level 1:colcon.colcon_core.environment:checking '/home/farah/ws_farah/install/controller_manager_msgs' for CMake config files
[50.605s] Level 1:colcon.colcon_core.shell:create_environment_hook('controller_manager_msgs', 'cmake_prefix_path')
[50.605s] INFO:colcon.colcon_core.shell:Creating environment hook '/home/farah/ws_farah/install/controller_manager_msgs/share/controller_manager_msgs/hook/cmake_prefix_path.ps1'
[50.605s] INFO:colcon.colcon_core.shell:Creating environment descriptor '/home/farah/ws_farah/install/controller_manager_msgs/share/controller_manager_msgs/hook/cmake_prefix_path.dsv'
[50.605s] INFO:colcon.colcon_core.shell:Creating environment hook '/home/farah/ws_farah/install/controller_manager_msgs/share/controller_manager_msgs/hook/cmake_prefix_path.sh'
[50.606s] Level 1:colcon.colcon_core.environment:checking '/home/farah/ws_farah/install/controller_manager_msgs/lib'
[50.606s] Level 1:colcon.colcon_core.shell:create_environment_hook('controller_manager_msgs', 'ld_library_path_lib')
[50.606s] INFO:colcon.colcon_core.shell:Creating environment hook '/home/farah/ws_farah/install/controller_manager_msgs/share/controller_manager_msgs/hook/ld_library_path_lib.ps1'
[50.606s] INFO:colcon.colcon_core.shell:Creating environment descriptor '/home/farah/ws_farah/install/controller_manager_msgs/share/controller_manager_msgs/hook/ld_library_path_lib.dsv'
[50.607s] INFO:colcon.colcon_core.shell:Creating environment hook '/home/farah/ws_farah/install/controller_manager_msgs/share/controller_manager_msgs/hook/ld_library_path_lib.sh'
[50.607s] Level 1:colcon.colcon_core.environment:checking '/home/farah/ws_farah/install/controller_manager_msgs/bin'
[50.607s] Level 1:colcon.colcon_core.environment:checking '/home/farah/ws_farah/install/controller_manager_msgs/lib/pkgconfig/controller_manager_msgs.pc'
[50.607s] Level 1:colcon.colcon_core.environment:checking '/home/farah/ws_farah/install/controller_manager_msgs/lib/python3.10/site-packages'
[50.608s] Level 1:colcon.colcon_core.environment:checking '/home/farah/ws_farah/install/controller_manager_msgs/bin'
[50.608s] INFO:colcon.colcon_core.shell:Creating package script '/home/farah/ws_farah/install/controller_manager_msgs/share/controller_manager_msgs/package.ps1'
[50.608s] INFO:colcon.colcon_core.shell:Creating package descriptor '/home/farah/ws_farah/install/controller_manager_msgs/share/controller_manager_msgs/package.dsv'
[50.609s] INFO:colcon.colcon_core.shell:Creating package script '/home/farah/ws_farah/install/controller_manager_msgs/share/controller_manager_msgs/package.sh'
[50.609s] INFO:colcon.colcon_core.shell:Creating package script '/home/farah/ws_farah/install/controller_manager_msgs/share/controller_manager_msgs/package.bash'
[50.609s] INFO:colcon.colcon_core.shell:Creating package script '/home/farah/ws_farah/install/controller_manager_msgs/share/controller_manager_msgs/package.zsh'
[50.610s] Level 1:colcon.colcon_core.environment:create_file_with_runtime_dependencies(/home/farah/ws_farah/install/controller_manager_msgs/share/colcon-core/packages/controller_manager_msgs)
[50.610s] INFO:colcon.colcon_ros.task.ament_python.build:Building ROS package in '/home/farah/ws_farah/src/ros2_control/ros2controlcli' with build type 'ament_python'
[50.610s] Level 1:colcon.colcon_core.shell:create_environment_hook('ros2controlcli', 'ament_prefix_path')
[50.610s] INFO:colcon.colcon_core.shell:Creating environment hook '/home/farah/ws_farah/install/ros2controlcli/share/ros2controlcli/hook/ament_prefix_path.ps1'
[50.611s] INFO:colcon.colcon_core.shell:Creating environment descriptor '/home/farah/ws_farah/install/ros2controlcli/share/ros2controlcli/hook/ament_prefix_path.dsv'
[50.612s] INFO:colcon.colcon_core.shell:Creating environment hook '/home/farah/ws_farah/install/ros2controlcli/share/ros2controlcli/hook/ament_prefix_path.sh'
[50.612s] INFO:colcon.colcon_core.shell:Skip shell extension 'powershell' for command environment: Not usable outside of PowerShell
[50.612s] DEBUG:colcon.colcon_core.shell:Skip shell extension 'dsv' for command environment
[50.815s] INFO:colcon.colcon_core.task.python.build:Building Python package in '/home/farah/ws_farah/src/ros2_control/ros2controlcli'
[50.815s] INFO:colcon.colcon_core.shell:Skip shell extension 'powershell' for command environment: Not usable outside of PowerShell
[50.815s] DEBUG:colcon.colcon_core.shell:Skip shell extension 'dsv' for command environment
[51.657s] DEBUG:colcon.colcon_core.event_handler.log_command:Invoking command in '/home/farah/ws_farah/src/ros2_control/ros2controlcli': CMAKE_PREFIX_PATH=/home/farah/ws_farah/install/controller_manager_msgs:/home/farah/ws_farah/install/libserial_vendor:/home/farah/ws_farah/install/ros2_controllers:/home/farah/ws_farah/install/ros2_control_demos:/home/farah/ws_farah/install/ros2_control_demo_example_3:/home/farah/ws_farah/install/velocity_controllers:/home/farah/ws_farah/install/tricycle_steering_controller:/home/farah/ws_farah/install/tricycle_controller:/home/farah/ws_farah/install/ros2_control_demo_example_8:/home/farah/ws_farah/install/ros2_control:/home/farah/ws_farah/install/transmission_interface:/home/farah/ws_farah/install/ros2_control_demo_example_11:/home/farah/ws_farah/install/bicycle_steering_controller:/home/farah/ws_farah/install/ackermann_steering_controller:/home/farah/ws_farah/install/steering_controllers_library:/home/farah/ws_farah/install/ros2_control_demo_example_15:/home/farah/ws_farah/install/ros2_control_demo_example_1:/home/farah/ws_farah/install/ros2_control_demo_example_9:/home/farah/ws_farah/install/ros2_control_demo_example_7:/home/farah/ws_farah/install/ros2_control_demo_example_6:/home/farah/ws_farah/install/ros2_control_demo_example_13:/home/farah/ws_farah/install/ros2_control_demo_example_5:/home/farah/ws_farah/install/ros2_control_demo_example_4:/home/farah/ws_farah/install/ros2_control_demo_example_2:/home/farah/ws_farah/install/ros2_control_demo_example_14:/home/farah/ws_farah/install/ros2_control_demo_example_12:/home/farah/ws_farah/install/ros2_control_demo_example_10:/home/farah/ws_farah/install/hardware_interface_testing:/home/farah/ws_farah/install/ros2_control_test_assets:/home/farah/ws_farah/install/ros2_control_demo_description:/home/farah/ws_farah/install/range_sensor_broadcaster:/home/farah/ws_farah/install/race_it:/home/farah/ws_farah/install/position_controllers:/home/farah/ws_farah/install/pose_broadcaster:/home/farah/ws_farah/install/pid_controller:/home/farah/ws_farah/install/mecanum_drive_controller:/home/farah/ws_farah/install/joint_trajectory_controller:/home/farah/ws_farah/install/joint_state_broadcaster:/home/farah/ws_farah/install/joint_limits:/home/farah/ws_farah/install/imu_sensor_broadcaster:/home/farah/ws_farah/install/gripper_controllers:/home/farah/ws_farah/install/gpio_controllers:/home/farah/ws_farah/install/effort_controllers:/home/farah/ws_farah/install/forward_command_controller:/home/farah/ws_farah/install/force_torque_sensor_broadcaster:/home/farah/ws_farah/install/diff_drive_controller:/home/farah/ws_farah/install/admittance_controller:/home/farah/ws_farah/install/controller_interface:/home/farah/ws_farah/install/hardware_interface LD_LIBRARY_PATH=/home/farah/ws_farah/install/controller_manager_msgs/lib:/home/farah/ws_farah/install/libserial_vendor/lib:/home/farah/ws_farah/install/race_it/lib:/home/farah/ws_farah/install/ros2_control_demo_example_3/lib:/home/farah/ws_farah/install/velocity_controllers/lib:/home/farah/ws_farah/install/tricycle_steering_controller/lib:/home/farah/ws_farah/install/tricycle_controller/lib:/home/farah/ws_farah/install/ros2_control_demo_example_8/lib:/home/farah/ws_farah/install/transmission_interface/lib:/home/farah/ws_farah/install/ros2_control_demo_example_11/lib:/home/farah/ws_farah/install/bicycle_steering_controller/lib:/home/farah/ws_farah/install/ackermann_steering_controller/lib:/home/farah/ws_farah/install/steering_controllers_library/lib:/home/farah/ws_farah/install/ros2_control_demo_example_1/lib:/home/farah/ws_farah/install/ros2_control_demo_example_9/lib:/home/farah/ws_farah/install/ros2_control_demo_example_7/lib:/home/farah/ws_farah/install/ros2_control_demo_example_6/lib:/home/farah/ws_farah/install/ros2_control_demo_example_5/lib:/home/farah/ws_farah/install/ros2_control_demo_example_4/lib:/home/farah/ws_farah/install/ros2_control_demo_example_2/lib:/home/farah/ws_farah/install/ros2_control_demo_example_14/lib:/home/farah/ws_farah/install/ros2_control_demo_example_12/lib:/home/farah/ws_farah/install/ros2_control_demo_example_10/lib:/home/farah/ws_farah/install/hardware_interface_testing/lib:/home/farah/ws_farah/install/range_sensor_broadcaster/lib:/home/farah/ws_farah/install/position_controllers/lib:/home/farah/ws_farah/install/pose_broadcaster/lib:/home/farah/ws_farah/install/pid_controller/lib:/home/farah/ws_farah/install/mecanum_drive_controller/lib:/home/farah/ws_farah/install/joint_trajectory_controller/lib:/home/farah/ws_farah/install/joint_state_broadcaster/lib:/home/farah/ws_farah/install/joint_limits/lib:/home/farah/ws_farah/install/imu_sensor_broadcaster/lib:/home/farah/ws_farah/install/gripper_controllers/lib:/home/farah/ws_farah/install/gpio_controllers/lib:/home/farah/ws_farah/install/effort_controllers/lib:/home/farah/ws_farah/install/forward_command_controller/lib:/home/farah/ws_farah/install/force_torque_sensor_broadcaster/lib:/home/farah/ws_farah/install/diff_drive_controller/lib:/home/farah/ws_farah/install/admittance_controller/lib:/home/farah/ws_farah/install/controller_interface/lib:/home/farah/ws_farah/install/hardware_interface/lib:/usr/lib/x86_64-linux-gnu/gazebo-11/plugins:/opt/ros/humble/opt/rviz_ogre_vendor/lib:/opt/ros/humble/lib/x86_64-linux-gnu:/opt/ros/humble/lib PYTHONPATH=/home/farah/ws_farah/build/ros2controlcli/prefix_override:/usr/lib/python3/dist-packages/colcon_core/task/python/colcon_distutils_commands:/home/farah/ws_farah/install/ros2controlcli/lib/python3.10/site-packages:${PYTHONPATH} /usr/bin/python3 -W ignore:setup.py install is deprecated -W ignore:easy_install command is deprecated setup.py egg_info --egg-base ../../../build/ros2controlcli build --build-base /home/farah/ws_farah/build/ros2controlcli/build install --record /home/farah/ws_farah/build/ros2controlcli/install.log --single-version-externally-managed install_data
[52.200s] Level 1:colcon.colcon_core.environment:checking '/home/farah/ws_farah/install/ros2controlcli' for CMake module files
[52.201s] DEBUG:colcon.colcon_core.event_handler.log_command:Invoked command in '/home/farah/ws_farah/src/ros2_control/ros2controlcli' returned '0': CMAKE_PREFIX_PATH=/home/farah/ws_farah/install/controller_manager_msgs:/home/farah/ws_farah/install/libserial_vendor:/home/farah/ws_farah/install/ros2_controllers:/home/farah/ws_farah/install/ros2_control_demos:/home/farah/ws_farah/install/ros2_control_demo_example_3:/home/farah/ws_farah/install/velocity_controllers:/home/farah/ws_farah/install/tricycle_steering_controller:/home/farah/ws_farah/install/tricycle_controller:/home/farah/ws_farah/install/ros2_control_demo_example_8:/home/farah/ws_farah/install/ros2_control:/home/farah/ws_farah/install/transmission_interface:/home/farah/ws_farah/install/ros2_control_demo_example_11:/home/farah/ws_farah/install/bicycle_steering_controller:/home/farah/ws_farah/install/ackermann_steering_controller:/home/farah/ws_farah/install/steering_controllers_library:/home/farah/ws_farah/install/ros2_control_demo_example_15:/home/farah/ws_farah/install/ros2_control_demo_example_1:/home/farah/ws_farah/install/ros2_control_demo_example_9:/home/farah/ws_farah/install/ros2_control_demo_example_7:/home/farah/ws_farah/install/ros2_control_demo_example_6:/home/farah/ws_farah/install/ros2_control_demo_example_13:/home/farah/ws_farah/install/ros2_control_demo_example_5:/home/farah/ws_farah/install/ros2_control_demo_example_4:/home/farah/ws_farah/install/ros2_control_demo_example_2:/home/farah/ws_farah/install/ros2_control_demo_example_14:/home/farah/ws_farah/install/ros2_control_demo_example_12:/home/farah/ws_farah/install/ros2_control_demo_example_10:/home/farah/ws_farah/install/hardware_interface_testing:/home/farah/ws_farah/install/ros2_control_test_assets:/home/farah/ws_farah/install/ros2_control_demo_description:/home/farah/ws_farah/install/range_sensor_broadcaster:/home/farah/ws_farah/install/race_it:/home/farah/ws_farah/install/position_controllers:/home/farah/ws_farah/install/pose_broadcaster:/home/farah/ws_farah/install/pid_controller:/home/farah/ws_farah/install/mecanum_drive_controller:/home/farah/ws_farah/install/joint_trajectory_controller:/home/farah/ws_farah/install/joint_state_broadcaster:/home/farah/ws_farah/install/joint_limits:/home/farah/ws_farah/install/imu_sensor_broadcaster:/home/farah/ws_farah/install/gripper_controllers:/home/farah/ws_farah/install/gpio_controllers:/home/farah/ws_farah/install/effort_controllers:/home/farah/ws_farah/install/forward_command_controller:/home/farah/ws_farah/install/force_torque_sensor_broadcaster:/home/farah/ws_farah/install/diff_drive_controller:/home/farah/ws_farah/install/admittance_controller:/home/farah/ws_farah/install/controller_interface:/home/farah/ws_farah/install/hardware_interface LD_LIBRARY_PATH=/home/farah/ws_farah/install/controller_manager_msgs/lib:/home/farah/ws_farah/install/libserial_vendor/lib:/home/farah/ws_farah/install/race_it/lib:/home/farah/ws_farah/install/ros2_control_demo_example_3/lib:/home/farah/ws_farah/install/velocity_controllers/lib:/home/farah/ws_farah/install/tricycle_steering_controller/lib:/home/farah/ws_farah/install/tricycle_controller/lib:/home/farah/ws_farah/install/ros2_control_demo_example_8/lib:/home/farah/ws_farah/install/transmission_interface/lib:/home/farah/ws_farah/install/ros2_control_demo_example_11/lib:/home/farah/ws_farah/install/bicycle_steering_controller/lib:/home/farah/ws_farah/install/ackermann_steering_controller/lib:/home/farah/ws_farah/install/steering_controllers_library/lib:/home/farah/ws_farah/install/ros2_control_demo_example_1/lib:/home/farah/ws_farah/install/ros2_control_demo_example_9/lib:/home/farah/ws_farah/install/ros2_control_demo_example_7/lib:/home/farah/ws_farah/install/ros2_control_demo_example_6/lib:/home/farah/ws_farah/install/ros2_control_demo_example_5/lib:/home/farah/ws_farah/install/ros2_control_demo_example_4/lib:/home/farah/ws_farah/install/ros2_control_demo_example_2/lib:/home/farah/ws_farah/install/ros2_control_demo_example_14/lib:/home/farah/ws_farah/install/ros2_control_demo_example_12/lib:/home/farah/ws_farah/install/ros2_control_demo_example_10/lib:/home/farah/ws_farah/install/hardware_interface_testing/lib:/home/farah/ws_farah/install/range_sensor_broadcaster/lib:/home/farah/ws_farah/install/position_controllers/lib:/home/farah/ws_farah/install/pose_broadcaster/lib:/home/farah/ws_farah/install/pid_controller/lib:/home/farah/ws_farah/install/mecanum_drive_controller/lib:/home/farah/ws_farah/install/joint_trajectory_controller/lib:/home/farah/ws_farah/install/joint_state_broadcaster/lib:/home/farah/ws_farah/install/joint_limits/lib:/home/farah/ws_farah/install/imu_sensor_broadcaster/lib:/home/farah/ws_farah/install/gripper_controllers/lib:/home/farah/ws_farah/install/gpio_controllers/lib:/home/farah/ws_farah/install/effort_controllers/lib:/home/farah/ws_farah/install/forward_command_controller/lib:/home/farah/ws_farah/install/force_torque_sensor_broadcaster/lib:/home/farah/ws_farah/install/diff_drive_controller/lib:/home/farah/ws_farah/install/admittance_controller/lib:/home/farah/ws_farah/install/controller_interface/lib:/home/farah/ws_farah/install/hardware_interface/lib:/usr/lib/x86_64-linux-gnu/gazebo-11/plugins:/opt/ros/humble/opt/rviz_ogre_vendor/lib:/opt/ros/humble/lib/x86_64-linux-gnu:/opt/ros/humble/lib PYTHONPATH=/home/farah/ws_farah/build/ros2controlcli/prefix_override:/usr/lib/python3/dist-packages/colcon_core/task/python/colcon_distutils_commands:/home/farah/ws_farah/install/ros2controlcli/lib/python3.10/site-packages:${PYTHONPATH} /usr/bin/python3 -W ignore:setup.py install is deprecated -W ignore:easy_install command is deprecated setup.py egg_info --egg-base ../../../build/ros2controlcli build --build-base /home/farah/ws_farah/build/ros2controlcli/build install --record /home/farah/ws_farah/build/ros2controlcli/install.log --single-version-externally-managed install_data
[52.201s] Level 1:colcon.colcon_core.environment:checking '/home/farah/ws_farah/install/ros2controlcli' for CMake config files
[52.202s] Level 1:colcon.colcon_core.environment:checking '/home/farah/ws_farah/install/ros2controlcli/lib'
[52.202s] Level 1:colcon.colcon_core.environment:checking '/home/farah/ws_farah/install/ros2controlcli/bin'
[52.202s] Level 1:colcon.colcon_core.environment:checking '/home/farah/ws_farah/install/ros2controlcli/lib/pkgconfig/ros2controlcli.pc'
[52.202s] Level 1:colcon.colcon_core.environment:checking '/home/farah/ws_farah/install/ros2controlcli/lib/python3.10/site-packages'
[52.202s] Level 1:colcon.colcon_core.shell:create_environment_hook('ros2controlcli', 'pythonpath')
[52.202s] INFO:colcon.colcon_core.shell:Creating environment hook '/home/farah/ws_farah/install/ros2controlcli/share/ros2controlcli/hook/pythonpath.ps1'
[52.203s] INFO:colcon.colcon_core.shell:Creating environment descriptor '/home/farah/ws_farah/install/ros2controlcli/share/ros2controlcli/hook/pythonpath.dsv'
[52.203s] INFO:colcon.colcon_core.shell:Creating environment hook '/home/farah/ws_farah/install/ros2controlcli/share/ros2controlcli/hook/pythonpath.sh'
[52.203s] Level 1:colcon.colcon_core.environment:checking '/home/farah/ws_farah/install/ros2controlcli/bin'
[52.203s] Level 1:colcon.colcon_core.environment:create_environment_scripts_only(ros2controlcli)
[52.204s] INFO:colcon.colcon_core.shell:Creating package script '/home/farah/ws_farah/install/ros2controlcli/share/ros2controlcli/package.ps1'
[52.204s] INFO:colcon.colcon_core.shell:Creating package descriptor '/home/farah/ws_farah/install/ros2controlcli/share/ros2controlcli/package.dsv'
[52.204s] INFO:colcon.colcon_core.shell:Creating package script '/home/farah/ws_farah/install/ros2controlcli/share/ros2controlcli/package.sh'
[52.205s] INFO:colcon.colcon_core.shell:Creating package script '/home/farah/ws_farah/install/ros2controlcli/share/ros2controlcli/package.bash'
[52.205s] INFO:colcon.colcon_core.shell:Creating package script '/home/farah/ws_farah/install/ros2controlcli/share/ros2controlcli/package.zsh'
[52.205s] Level 1:colcon.colcon_core.environment:create_file_with_runtime_dependencies(/home/farah/ws_farah/install/ros2controlcli/share/colcon-core/packages/ros2controlcli)
[52.205s] INFO:colcon.colcon_ros.task.ament_cmake.build:Building ROS package in '/home/farah/ws_farah/src/ros2_controllers/forward_command_controller' with build type 'ament_cmake'
[52.206s] INFO:colcon.colcon_cmake.task.cmake.build:Building CMake package in '/home/farah/ws_farah/src/ros2_controllers/forward_command_controller'
[52.206s] INFO:colcon.colcon_core.shell:Skip shell extension 'powershell' for command environment: Not usable outside of PowerShell
[52.206s] DEBUG:colcon.colcon_core.shell:Skip shell extension 'dsv' for command environment
[52.221s] DEBUG:colcon.colcon_core.event_handler.log_command:Invoking command in '/home/farah/ws_farah/build/forward_command_controller': CMAKE_PREFIX_PATH=/home/farah/ws_farah/install/hardware_interface_testing:/home/farah/ws_farah/install/controller_interface:/home/farah/ws_farah/install/hardware_interface:/home/farah/ws_farah/install/ros2_control_test_assets:/home/farah/ws_farah/install/libserial_vendor:/home/farah/ws_farah/install/ros2_controllers:/home/farah/ws_farah/install/ros2_control_demos:/home/farah/ws_farah/install/ros2_control_demo_example_3:/home/farah/ws_farah/install/velocity_controllers:/home/farah/ws_farah/install/tricycle_steering_controller:/home/farah/ws_farah/install/tricycle_controller:/home/farah/ws_farah/install/ros2_control_demo_example_8:/home/farah/ws_farah/install/ros2_control:/home/farah/ws_farah/install/transmission_interface:/home/farah/ws_farah/install/ros2_control_demo_example_11:/home/farah/ws_farah/install/bicycle_steering_controller:/home/farah/ws_farah/install/ackermann_steering_controller:/home/farah/ws_farah/install/steering_controllers_library:/home/farah/ws_farah/install/ros2_control_demo_example_15:/home/farah/ws_farah/install/ros2_control_demo_example_1:/home/farah/ws_farah/install/ros2_control_demo_example_9:/home/farah/ws_farah/install/ros2_control_demo_example_7:/home/farah/ws_farah/install/ros2_control_demo_example_6:/home/farah/ws_farah/install/ros2_control_demo_example_13:/home/farah/ws_farah/install/ros2_control_demo_example_5:/home/farah/ws_farah/install/ros2_control_demo_example_4:/home/farah/ws_farah/install/ros2_control_demo_example_2:/home/farah/ws_farah/install/ros2_control_demo_example_14:/home/farah/ws_farah/install/ros2_control_demo_example_12:/home/farah/ws_farah/install/ros2_control_demo_example_10:/home/farah/ws_farah/install/ros2_control_demo_description:/home/farah/ws_farah/install/range_sensor_broadcaster:/home/farah/ws_farah/install/race_it:/home/farah/ws_farah/install/position_controllers:/home/farah/ws_farah/install/pose_broadcaster:/home/farah/ws_farah/install/pid_controller:/home/farah/ws_farah/install/mecanum_drive_controller:/home/farah/ws_farah/install/joint_trajectory_controller:/home/farah/ws_farah/install/joint_state_broadcaster:/home/farah/ws_farah/install/joint_limits:/home/farah/ws_farah/install/imu_sensor_broadcaster:/home/farah/ws_farah/install/gripper_controllers:/home/farah/ws_farah/install/gpio_controllers:/home/farah/ws_farah/install/effort_controllers:/home/farah/ws_farah/install/forward_command_controller:/home/farah/ws_farah/install/force_torque_sensor_broadcaster:/home/farah/ws_farah/install/diff_drive_controller:/home/farah/ws_farah/install/admittance_controller:/home/farah/ws_farah/install/controller_manager_msgs:/home/farah/ws_farah/install/temp_teleop:/home/farah/ws_farah/install/rqt_joint_trajectory_controller:/home/farah/ws_farah/install/rqt_controller_manager:/home/farah/ws_farah/install/ros2controlcli:/home/farah/ws_farah/install/ros2_controllers_test_nodes:/opt/ros/humble LD_LIBRARY_PATH=/home/farah/ws_farah/install/hardware_interface_testing/lib:/home/farah/ws_farah/install/controller_interface/lib:/home/farah/ws_farah/install/hardware_interface/lib:/home/farah/ws_farah/install/libserial_vendor/lib:/home/farah/ws_farah/install/race_it/lib:/home/farah/ws_farah/install/ros2_control_demo_example_3/lib:/home/farah/ws_farah/install/velocity_controllers/lib:/home/farah/ws_farah/install/tricycle_steering_controller/lib:/home/farah/ws_farah/install/tricycle_controller/lib:/home/farah/ws_farah/install/ros2_control_demo_example_8/lib:/home/farah/ws_farah/install/transmission_interface/lib:/home/farah/ws_farah/install/ros2_control_demo_example_11/lib:/home/farah/ws_farah/install/bicycle_steering_controller/lib:/home/farah/ws_farah/install/ackermann_steering_controller/lib:/home/farah/ws_farah/install/steering_controllers_library/lib:/home/farah/ws_farah/install/ros2_control_demo_example_1/lib:/home/farah/ws_farah/install/ros2_control_demo_example_9/lib:/home/farah/ws_farah/install/ros2_control_demo_example_7/lib:/home/farah/ws_farah/install/ros2_control_demo_example_6/lib:/home/farah/ws_farah/install/ros2_control_demo_example_5/lib:/home/farah/ws_farah/install/ros2_control_demo_example_4/lib:/home/farah/ws_farah/install/ros2_control_demo_example_2/lib:/home/farah/ws_farah/install/ros2_control_demo_example_14/lib:/home/farah/ws_farah/install/ros2_control_demo_example_12/lib:/home/farah/ws_farah/install/ros2_control_demo_example_10/lib:/home/farah/ws_farah/install/range_sensor_broadcaster/lib:/home/farah/ws_farah/install/position_controllers/lib:/home/farah/ws_farah/install/pose_broadcaster/lib:/home/farah/ws_farah/install/pid_controller/lib:/home/farah/ws_farah/install/mecanum_drive_controller/lib:/home/farah/ws_farah/install/joint_trajectory_controller/lib:/home/farah/ws_farah/install/joint_state_broadcaster/lib:/home/farah/ws_farah/install/joint_limits/lib:/home/farah/ws_farah/install/imu_sensor_broadcaster/lib:/home/farah/ws_farah/install/gripper_controllers/lib:/home/farah/ws_farah/install/gpio_controllers/lib:/home/farah/ws_farah/install/effort_controllers/lib:/home/farah/ws_farah/install/forward_command_controller/lib:/home/farah/ws_farah/install/force_torque_sensor_broadcaster/lib:/home/farah/ws_farah/install/diff_drive_controller/lib:/home/farah/ws_farah/install/admittance_controller/lib:/home/farah/ws_farah/install/controller_manager_msgs/lib:/usr/lib/x86_64-linux-gnu/gazebo-11/plugins:/opt/ros/humble/opt/rviz_ogre_vendor/lib:/opt/ros/humble/lib/x86_64-linux-gnu:/opt/ros/humble/lib /usr/bin/cmake /home/farah/ws_farah/src/ros2_controllers/forward_command_controller -DCMAKE_INSTALL_PREFIX=/home/farah/ws_farah/install/forward_command_controller
[53.935s] DEBUG:colcon.colcon_core.event_handler.log_command:Invoked command in '/home/farah/ws_farah/build/forward_command_controller' returned '0': CMAKE_PREFIX_PATH=/home/farah/ws_farah/install/hardware_interface_testing:/home/farah/ws_farah/install/controller_interface:/home/farah/ws_farah/install/hardware_interface:/home/farah/ws_farah/install/ros2_control_test_assets:/home/farah/ws_farah/install/libserial_vendor:/home/farah/ws_farah/install/ros2_controllers:/home/farah/ws_farah/install/ros2_control_demos:/home/farah/ws_farah/install/ros2_control_demo_example_3:/home/farah/ws_farah/install/velocity_controllers:/home/farah/ws_farah/install/tricycle_steering_controller:/home/farah/ws_farah/install/tricycle_controller:/home/farah/ws_farah/install/ros2_control_demo_example_8:/home/farah/ws_farah/install/ros2_control:/home/farah/ws_farah/install/transmission_interface:/home/farah/ws_farah/install/ros2_control_demo_example_11:/home/farah/ws_farah/install/bicycle_steering_controller:/home/farah/ws_farah/install/ackermann_steering_controller:/home/farah/ws_farah/install/steering_controllers_library:/home/farah/ws_farah/install/ros2_control_demo_example_15:/home/farah/ws_farah/install/ros2_control_demo_example_1:/home/farah/ws_farah/install/ros2_control_demo_example_9:/home/farah/ws_farah/install/ros2_control_demo_example_7:/home/farah/ws_farah/install/ros2_control_demo_example_6:/home/farah/ws_farah/install/ros2_control_demo_example_13:/home/farah/ws_farah/install/ros2_control_demo_example_5:/home/farah/ws_farah/install/ros2_control_demo_example_4:/home/farah/ws_farah/install/ros2_control_demo_example_2:/home/farah/ws_farah/install/ros2_control_demo_example_14:/home/farah/ws_farah/install/ros2_control_demo_example_12:/home/farah/ws_farah/install/ros2_control_demo_example_10:/home/farah/ws_farah/install/ros2_control_demo_description:/home/farah/ws_farah/install/range_sensor_broadcaster:/home/farah/ws_farah/install/race_it:/home/farah/ws_farah/install/position_controllers:/home/farah/ws_farah/install/pose_broadcaster:/home/farah/ws_farah/install/pid_controller:/home/farah/ws_farah/install/mecanum_drive_controller:/home/farah/ws_farah/install/joint_trajectory_controller:/home/farah/ws_farah/install/joint_state_broadcaster:/home/farah/ws_farah/install/joint_limits:/home/farah/ws_farah/install/imu_sensor_broadcaster:/home/farah/ws_farah/install/gripper_controllers:/home/farah/ws_farah/install/gpio_controllers:/home/farah/ws_farah/install/effort_controllers:/home/farah/ws_farah/install/forward_command_controller:/home/farah/ws_farah/install/force_torque_sensor_broadcaster:/home/farah/ws_farah/install/diff_drive_controller:/home/farah/ws_farah/install/admittance_controller:/home/farah/ws_farah/install/controller_manager_msgs:/home/farah/ws_farah/install/temp_teleop:/home/farah/ws_farah/install/rqt_joint_trajectory_controller:/home/farah/ws_farah/install/rqt_controller_manager:/home/farah/ws_farah/install/ros2controlcli:/home/farah/ws_farah/install/ros2_controllers_test_nodes:/opt/ros/humble LD_LIBRARY_PATH=/home/farah/ws_farah/install/hardware_interface_testing/lib:/home/farah/ws_farah/install/controller_interface/lib:/home/farah/ws_farah/install/hardware_interface/lib:/home/farah/ws_farah/install/libserial_vendor/lib:/home/farah/ws_farah/install/race_it/lib:/home/farah/ws_farah/install/ros2_control_demo_example_3/lib:/home/farah/ws_farah/install/velocity_controllers/lib:/home/farah/ws_farah/install/tricycle_steering_controller/lib:/home/farah/ws_farah/install/tricycle_controller/lib:/home/farah/ws_farah/install/ros2_control_demo_example_8/lib:/home/farah/ws_farah/install/transmission_interface/lib:/home/farah/ws_farah/install/ros2_control_demo_example_11/lib:/home/farah/ws_farah/install/bicycle_steering_controller/lib:/home/farah/ws_farah/install/ackermann_steering_controller/lib:/home/farah/ws_farah/install/steering_controllers_library/lib:/home/farah/ws_farah/install/ros2_control_demo_example_1/lib:/home/farah/ws_farah/install/ros2_control_demo_example_9/lib:/home/farah/ws_farah/install/ros2_control_demo_example_7/lib:/home/farah/ws_farah/install/ros2_control_demo_example_6/lib:/home/farah/ws_farah/install/ros2_control_demo_example_5/lib:/home/farah/ws_farah/install/ros2_control_demo_example_4/lib:/home/farah/ws_farah/install/ros2_control_demo_example_2/lib:/home/farah/ws_farah/install/ros2_control_demo_example_14/lib:/home/farah/ws_farah/install/ros2_control_demo_example_12/lib:/home/farah/ws_farah/install/ros2_control_demo_example_10/lib:/home/farah/ws_farah/install/range_sensor_broadcaster/lib:/home/farah/ws_farah/install/position_controllers/lib:/home/farah/ws_farah/install/pose_broadcaster/lib:/home/farah/ws_farah/install/pid_controller/lib:/home/farah/ws_farah/install/mecanum_drive_controller/lib:/home/farah/ws_farah/install/joint_trajectory_controller/lib:/home/farah/ws_farah/install/joint_state_broadcaster/lib:/home/farah/ws_farah/install/joint_limits/lib:/home/farah/ws_farah/install/imu_sensor_broadcaster/lib:/home/farah/ws_farah/install/gripper_controllers/lib:/home/farah/ws_farah/install/gpio_controllers/lib:/home/farah/ws_farah/install/effort_controllers/lib:/home/farah/ws_farah/install/forward_command_controller/lib:/home/farah/ws_farah/install/force_torque_sensor_broadcaster/lib:/home/farah/ws_farah/install/diff_drive_controller/lib:/home/farah/ws_farah/install/admittance_controller/lib:/home/farah/ws_farah/install/controller_manager_msgs/lib:/usr/lib/x86_64-linux-gnu/gazebo-11/plugins:/opt/ros/humble/opt/rviz_ogre_vendor/lib:/opt/ros/humble/lib/x86_64-linux-gnu:/opt/ros/humble/lib /usr/bin/cmake /home/farah/ws_farah/src/ros2_controllers/forward_command_controller -DCMAKE_INSTALL_PREFIX=/home/farah/ws_farah/install/forward_command_controller
[53.937s] DEBUG:colcon.colcon_core.event_handler.log_command:Invoking command in '/home/farah/ws_farah/build/forward_command_controller': CMAKE_PREFIX_PATH=/home/farah/ws_farah/install/hardware_interface_testing:/home/farah/ws_farah/install/controller_interface:/home/farah/ws_farah/install/hardware_interface:/home/farah/ws_farah/install/ros2_control_test_assets:/home/farah/ws_farah/install/libserial_vendor:/home/farah/ws_farah/install/ros2_controllers:/home/farah/ws_farah/install/ros2_control_demos:/home/farah/ws_farah/install/ros2_control_demo_example_3:/home/farah/ws_farah/install/velocity_controllers:/home/farah/ws_farah/install/tricycle_steering_controller:/home/farah/ws_farah/install/tricycle_controller:/home/farah/ws_farah/install/ros2_control_demo_example_8:/home/farah/ws_farah/install/ros2_control:/home/farah/ws_farah/install/transmission_interface:/home/farah/ws_farah/install/ros2_control_demo_example_11:/home/farah/ws_farah/install/bicycle_steering_controller:/home/farah/ws_farah/install/ackermann_steering_controller:/home/farah/ws_farah/install/steering_controllers_library:/home/farah/ws_farah/install/ros2_control_demo_example_15:/home/farah/ws_farah/install/ros2_control_demo_example_1:/home/farah/ws_farah/install/ros2_control_demo_example_9:/home/farah/ws_farah/install/ros2_control_demo_example_7:/home/farah/ws_farah/install/ros2_control_demo_example_6:/home/farah/ws_farah/install/ros2_control_demo_example_13:/home/farah/ws_farah/install/ros2_control_demo_example_5:/home/farah/ws_farah/install/ros2_control_demo_example_4:/home/farah/ws_farah/install/ros2_control_demo_example_2:/home/farah/ws_farah/install/ros2_control_demo_example_14:/home/farah/ws_farah/install/ros2_control_demo_example_12:/home/farah/ws_farah/install/ros2_control_demo_example_10:/home/farah/ws_farah/install/ros2_control_demo_description:/home/farah/ws_farah/install/range_sensor_broadcaster:/home/farah/ws_farah/install/race_it:/home/farah/ws_farah/install/position_controllers:/home/farah/ws_farah/install/pose_broadcaster:/home/farah/ws_farah/install/pid_controller:/home/farah/ws_farah/install/mecanum_drive_controller:/home/farah/ws_farah/install/joint_trajectory_controller:/home/farah/ws_farah/install/joint_state_broadcaster:/home/farah/ws_farah/install/joint_limits:/home/farah/ws_farah/install/imu_sensor_broadcaster:/home/farah/ws_farah/install/gripper_controllers:/home/farah/ws_farah/install/gpio_controllers:/home/farah/ws_farah/install/effort_controllers:/home/farah/ws_farah/install/forward_command_controller:/home/farah/ws_farah/install/force_torque_sensor_broadcaster:/home/farah/ws_farah/install/diff_drive_controller:/home/farah/ws_farah/install/admittance_controller:/home/farah/ws_farah/install/controller_manager_msgs:/home/farah/ws_farah/install/temp_teleop:/home/farah/ws_farah/install/rqt_joint_trajectory_controller:/home/farah/ws_farah/install/rqt_controller_manager:/home/farah/ws_farah/install/ros2controlcli:/home/farah/ws_farah/install/ros2_controllers_test_nodes:/opt/ros/humble LD_LIBRARY_PATH=/home/farah/ws_farah/install/hardware_interface_testing/lib:/home/farah/ws_farah/install/controller_interface/lib:/home/farah/ws_farah/install/hardware_interface/lib:/home/farah/ws_farah/install/libserial_vendor/lib:/home/farah/ws_farah/install/race_it/lib:/home/farah/ws_farah/install/ros2_control_demo_example_3/lib:/home/farah/ws_farah/install/velocity_controllers/lib:/home/farah/ws_farah/install/tricycle_steering_controller/lib:/home/farah/ws_farah/install/tricycle_controller/lib:/home/farah/ws_farah/install/ros2_control_demo_example_8/lib:/home/farah/ws_farah/install/transmission_interface/lib:/home/farah/ws_farah/install/ros2_control_demo_example_11/lib:/home/farah/ws_farah/install/bicycle_steering_controller/lib:/home/farah/ws_farah/install/ackermann_steering_controller/lib:/home/farah/ws_farah/install/steering_controllers_library/lib:/home/farah/ws_farah/install/ros2_control_demo_example_1/lib:/home/farah/ws_farah/install/ros2_control_demo_example_9/lib:/home/farah/ws_farah/install/ros2_control_demo_example_7/lib:/home/farah/ws_farah/install/ros2_control_demo_example_6/lib:/home/farah/ws_farah/install/ros2_control_demo_example_5/lib:/home/farah/ws_farah/install/ros2_control_demo_example_4/lib:/home/farah/ws_farah/install/ros2_control_demo_example_2/lib:/home/farah/ws_farah/install/ros2_control_demo_example_14/lib:/home/farah/ws_farah/install/ros2_control_demo_example_12/lib:/home/farah/ws_farah/install/ros2_control_demo_example_10/lib:/home/farah/ws_farah/install/range_sensor_broadcaster/lib:/home/farah/ws_farah/install/position_controllers/lib:/home/farah/ws_farah/install/pose_broadcaster/lib:/home/farah/ws_farah/install/pid_controller/lib:/home/farah/ws_farah/install/mecanum_drive_controller/lib:/home/farah/ws_farah/install/joint_trajectory_controller/lib:/home/farah/ws_farah/install/joint_state_broadcaster/lib:/home/farah/ws_farah/install/joint_limits/lib:/home/farah/ws_farah/install/imu_sensor_broadcaster/lib:/home/farah/ws_farah/install/gripper_controllers/lib:/home/farah/ws_farah/install/gpio_controllers/lib:/home/farah/ws_farah/install/effort_controllers/lib:/home/farah/ws_farah/install/forward_command_controller/lib:/home/farah/ws_farah/install/force_torque_sensor_broadcaster/lib:/home/farah/ws_farah/install/diff_drive_controller/lib:/home/farah/ws_farah/install/admittance_controller/lib:/home/farah/ws_farah/install/controller_manager_msgs/lib:/usr/lib/x86_64-linux-gnu/gazebo-11/plugins:/opt/ros/humble/opt/rviz_ogre_vendor/lib:/opt/ros/humble/lib/x86_64-linux-gnu:/opt/ros/humble/lib /usr/bin/cmake --build /home/farah/ws_farah/build/forward_command_controller -- -j8 -l8
[72.492s] DEBUG:colcon.colcon_core.event_handler.log_command:Invoked command in '/home/farah/ws_farah/build/forward_command_controller' returned '0': CMAKE_PREFIX_PATH=/home/farah/ws_farah/install/hardware_interface_testing:/home/farah/ws_farah/install/controller_interface:/home/farah/ws_farah/install/hardware_interface:/home/farah/ws_farah/install/ros2_control_test_assets:/home/farah/ws_farah/install/libserial_vendor:/home/farah/ws_farah/install/ros2_controllers:/home/farah/ws_farah/install/ros2_control_demos:/home/farah/ws_farah/install/ros2_control_demo_example_3:/home/farah/ws_farah/install/velocity_controllers:/home/farah/ws_farah/install/tricycle_steering_controller:/home/farah/ws_farah/install/tricycle_controller:/home/farah/ws_farah/install/ros2_control_demo_example_8:/home/farah/ws_farah/install/ros2_control:/home/farah/ws_farah/install/transmission_interface:/home/farah/ws_farah/install/ros2_control_demo_example_11:/home/farah/ws_farah/install/bicycle_steering_controller:/home/farah/ws_farah/install/ackermann_steering_controller:/home/farah/ws_farah/install/steering_controllers_library:/home/farah/ws_farah/install/ros2_control_demo_example_15:/home/farah/ws_farah/install/ros2_control_demo_example_1:/home/farah/ws_farah/install/ros2_control_demo_example_9:/home/farah/ws_farah/install/ros2_control_demo_example_7:/home/farah/ws_farah/install/ros2_control_demo_example_6:/home/farah/ws_farah/install/ros2_control_demo_example_13:/home/farah/ws_farah/install/ros2_control_demo_example_5:/home/farah/ws_farah/install/ros2_control_demo_example_4:/home/farah/ws_farah/install/ros2_control_demo_example_2:/home/farah/ws_farah/install/ros2_control_demo_example_14:/home/farah/ws_farah/install/ros2_control_demo_example_12:/home/farah/ws_farah/install/ros2_control_demo_example_10:/home/farah/ws_farah/install/ros2_control_demo_description:/home/farah/ws_farah/install/range_sensor_broadcaster:/home/farah/ws_farah/install/race_it:/home/farah/ws_farah/install/position_controllers:/home/farah/ws_farah/install/pose_broadcaster:/home/farah/ws_farah/install/pid_controller:/home/farah/ws_farah/install/mecanum_drive_controller:/home/farah/ws_farah/install/joint_trajectory_controller:/home/farah/ws_farah/install/joint_state_broadcaster:/home/farah/ws_farah/install/joint_limits:/home/farah/ws_farah/install/imu_sensor_broadcaster:/home/farah/ws_farah/install/gripper_controllers:/home/farah/ws_farah/install/gpio_controllers:/home/farah/ws_farah/install/effort_controllers:/home/farah/ws_farah/install/forward_command_controller:/home/farah/ws_farah/install/force_torque_sensor_broadcaster:/home/farah/ws_farah/install/diff_drive_controller:/home/farah/ws_farah/install/admittance_controller:/home/farah/ws_farah/install/controller_manager_msgs:/home/farah/ws_farah/install/temp_teleop:/home/farah/ws_farah/install/rqt_joint_trajectory_controller:/home/farah/ws_farah/install/rqt_controller_manager:/home/farah/ws_farah/install/ros2controlcli:/home/farah/ws_farah/install/ros2_controllers_test_nodes:/opt/ros/humble LD_LIBRARY_PATH=/home/farah/ws_farah/install/hardware_interface_testing/lib:/home/farah/ws_farah/install/controller_interface/lib:/home/farah/ws_farah/install/hardware_interface/lib:/home/farah/ws_farah/install/libserial_vendor/lib:/home/farah/ws_farah/install/race_it/lib:/home/farah/ws_farah/install/ros2_control_demo_example_3/lib:/home/farah/ws_farah/install/velocity_controllers/lib:/home/farah/ws_farah/install/tricycle_steering_controller/lib:/home/farah/ws_farah/install/tricycle_controller/lib:/home/farah/ws_farah/install/ros2_control_demo_example_8/lib:/home/farah/ws_farah/install/transmission_interface/lib:/home/farah/ws_farah/install/ros2_control_demo_example_11/lib:/home/farah/ws_farah/install/bicycle_steering_controller/lib:/home/farah/ws_farah/install/ackermann_steering_controller/lib:/home/farah/ws_farah/install/steering_controllers_library/lib:/home/farah/ws_farah/install/ros2_control_demo_example_1/lib:/home/farah/ws_farah/install/ros2_control_demo_example_9/lib:/home/farah/ws_farah/install/ros2_control_demo_example_7/lib:/home/farah/ws_farah/install/ros2_control_demo_example_6/lib:/home/farah/ws_farah/install/ros2_control_demo_example_5/lib:/home/farah/ws_farah/install/ros2_control_demo_example_4/lib:/home/farah/ws_farah/install/ros2_control_demo_example_2/lib:/home/farah/ws_farah/install/ros2_control_demo_example_14/lib:/home/farah/ws_farah/install/ros2_control_demo_example_12/lib:/home/farah/ws_farah/install/ros2_control_demo_example_10/lib:/home/farah/ws_farah/install/range_sensor_broadcaster/lib:/home/farah/ws_farah/install/position_controllers/lib:/home/farah/ws_farah/install/pose_broadcaster/lib:/home/farah/ws_farah/install/pid_controller/lib:/home/farah/ws_farah/install/mecanum_drive_controller/lib:/home/farah/ws_farah/install/joint_trajectory_controller/lib:/home/farah/ws_farah/install/joint_state_broadcaster/lib:/home/farah/ws_farah/install/joint_limits/lib:/home/farah/ws_farah/install/imu_sensor_broadcaster/lib:/home/farah/ws_farah/install/gripper_controllers/lib:/home/farah/ws_farah/install/gpio_controllers/lib:/home/farah/ws_farah/install/effort_controllers/lib:/home/farah/ws_farah/install/forward_command_controller/lib:/home/farah/ws_farah/install/force_torque_sensor_broadcaster/lib:/home/farah/ws_farah/install/diff_drive_controller/lib:/home/farah/ws_farah/install/admittance_controller/lib:/home/farah/ws_farah/install/controller_manager_msgs/lib:/usr/lib/x86_64-linux-gnu/gazebo-11/plugins:/opt/ros/humble/opt/rviz_ogre_vendor/lib:/opt/ros/humble/lib/x86_64-linux-gnu:/opt/ros/humble/lib /usr/bin/cmake --build /home/farah/ws_farah/build/forward_command_controller -- -j8 -l8
[72.496s] DEBUG:colcon.colcon_core.event_handler.log_command:Invoking command in '/home/farah/ws_farah/build/forward_command_controller': CMAKE_PREFIX_PATH=/home/farah/ws_farah/install/hardware_interface_testing:/home/farah/ws_farah/install/controller_interface:/home/farah/ws_farah/install/hardware_interface:/home/farah/ws_farah/install/ros2_control_test_assets:/home/farah/ws_farah/install/libserial_vendor:/home/farah/ws_farah/install/ros2_controllers:/home/farah/ws_farah/install/ros2_control_demos:/home/farah/ws_farah/install/ros2_control_demo_example_3:/home/farah/ws_farah/install/velocity_controllers:/home/farah/ws_farah/install/tricycle_steering_controller:/home/farah/ws_farah/install/tricycle_controller:/home/farah/ws_farah/install/ros2_control_demo_example_8:/home/farah/ws_farah/install/ros2_control:/home/farah/ws_farah/install/transmission_interface:/home/farah/ws_farah/install/ros2_control_demo_example_11:/home/farah/ws_farah/install/bicycle_steering_controller:/home/farah/ws_farah/install/ackermann_steering_controller:/home/farah/ws_farah/install/steering_controllers_library:/home/farah/ws_farah/install/ros2_control_demo_example_15:/home/farah/ws_farah/install/ros2_control_demo_example_1:/home/farah/ws_farah/install/ros2_control_demo_example_9:/home/farah/ws_farah/install/ros2_control_demo_example_7:/home/farah/ws_farah/install/ros2_control_demo_example_6:/home/farah/ws_farah/install/ros2_control_demo_example_13:/home/farah/ws_farah/install/ros2_control_demo_example_5:/home/farah/ws_farah/install/ros2_control_demo_example_4:/home/farah/ws_farah/install/ros2_control_demo_example_2:/home/farah/ws_farah/install/ros2_control_demo_example_14:/home/farah/ws_farah/install/ros2_control_demo_example_12:/home/farah/ws_farah/install/ros2_control_demo_example_10:/home/farah/ws_farah/install/ros2_control_demo_description:/home/farah/ws_farah/install/range_sensor_broadcaster:/home/farah/ws_farah/install/race_it:/home/farah/ws_farah/install/position_controllers:/home/farah/ws_farah/install/pose_broadcaster:/home/farah/ws_farah/install/pid_controller:/home/farah/ws_farah/install/mecanum_drive_controller:/home/farah/ws_farah/install/joint_trajectory_controller:/home/farah/ws_farah/install/joint_state_broadcaster:/home/farah/ws_farah/install/joint_limits:/home/farah/ws_farah/install/imu_sensor_broadcaster:/home/farah/ws_farah/install/gripper_controllers:/home/farah/ws_farah/install/gpio_controllers:/home/farah/ws_farah/install/effort_controllers:/home/farah/ws_farah/install/forward_command_controller:/home/farah/ws_farah/install/force_torque_sensor_broadcaster:/home/farah/ws_farah/install/diff_drive_controller:/home/farah/ws_farah/install/admittance_controller:/home/farah/ws_farah/install/controller_manager_msgs:/home/farah/ws_farah/install/temp_teleop:/home/farah/ws_farah/install/rqt_joint_trajectory_controller:/home/farah/ws_farah/install/rqt_controller_manager:/home/farah/ws_farah/install/ros2controlcli:/home/farah/ws_farah/install/ros2_controllers_test_nodes:/opt/ros/humble LD_LIBRARY_PATH=/home/farah/ws_farah/install/hardware_interface_testing/lib:/home/farah/ws_farah/install/controller_interface/lib:/home/farah/ws_farah/install/hardware_interface/lib:/home/farah/ws_farah/install/libserial_vendor/lib:/home/farah/ws_farah/install/race_it/lib:/home/farah/ws_farah/install/ros2_control_demo_example_3/lib:/home/farah/ws_farah/install/velocity_controllers/lib:/home/farah/ws_farah/install/tricycle_steering_controller/lib:/home/farah/ws_farah/install/tricycle_controller/lib:/home/farah/ws_farah/install/ros2_control_demo_example_8/lib:/home/farah/ws_farah/install/transmission_interface/lib:/home/farah/ws_farah/install/ros2_control_demo_example_11/lib:/home/farah/ws_farah/install/bicycle_steering_controller/lib:/home/farah/ws_farah/install/ackermann_steering_controller/lib:/home/farah/ws_farah/install/steering_controllers_library/lib:/home/farah/ws_farah/install/ros2_control_demo_example_1/lib:/home/farah/ws_farah/install/ros2_control_demo_example_9/lib:/home/farah/ws_farah/install/ros2_control_demo_example_7/lib:/home/farah/ws_farah/install/ros2_control_demo_example_6/lib:/home/farah/ws_farah/install/ros2_control_demo_example_5/lib:/home/farah/ws_farah/install/ros2_control_demo_example_4/lib:/home/farah/ws_farah/install/ros2_control_demo_example_2/lib:/home/farah/ws_farah/install/ros2_control_demo_example_14/lib:/home/farah/ws_farah/install/ros2_control_demo_example_12/lib:/home/farah/ws_farah/install/ros2_control_demo_example_10/lib:/home/farah/ws_farah/install/range_sensor_broadcaster/lib:/home/farah/ws_farah/install/position_controllers/lib:/home/farah/ws_farah/install/pose_broadcaster/lib:/home/farah/ws_farah/install/pid_controller/lib:/home/farah/ws_farah/install/mecanum_drive_controller/lib:/home/farah/ws_farah/install/joint_trajectory_controller/lib:/home/farah/ws_farah/install/joint_state_broadcaster/lib:/home/farah/ws_farah/install/joint_limits/lib:/home/farah/ws_farah/install/imu_sensor_broadcaster/lib:/home/farah/ws_farah/install/gripper_controllers/lib:/home/farah/ws_farah/install/gpio_controllers/lib:/home/farah/ws_farah/install/effort_controllers/lib:/home/farah/ws_farah/install/forward_command_controller/lib:/home/farah/ws_farah/install/force_torque_sensor_broadcaster/lib:/home/farah/ws_farah/install/diff_drive_controller/lib:/home/farah/ws_farah/install/admittance_controller/lib:/home/farah/ws_farah/install/controller_manager_msgs/lib:/usr/lib/x86_64-linux-gnu/gazebo-11/plugins:/opt/ros/humble/opt/rviz_ogre_vendor/lib:/opt/ros/humble/lib/x86_64-linux-gnu:/opt/ros/humble/lib /usr/bin/cmake --install /home/farah/ws_farah/build/forward_command_controller
[72.531s] Level 1:colcon.colcon_core.environment:create_environment_scripts_only(forward_command_controller)
[72.531s] Level 1:colcon.colcon_core.environment:checking '/home/farah/ws_farah/install/forward_command_controller' for CMake module files
[72.532s] DEBUG:colcon.colcon_core.event_handler.log_command:Invoked command in '/home/farah/ws_farah/build/forward_command_controller' returned '0': CMAKE_PREFIX_PATH=/home/farah/ws_farah/install/hardware_interface_testing:/home/farah/ws_farah/install/controller_interface:/home/farah/ws_farah/install/hardware_interface:/home/farah/ws_farah/install/ros2_control_test_assets:/home/farah/ws_farah/install/libserial_vendor:/home/farah/ws_farah/install/ros2_controllers:/home/farah/ws_farah/install/ros2_control_demos:/home/farah/ws_farah/install/ros2_control_demo_example_3:/home/farah/ws_farah/install/velocity_controllers:/home/farah/ws_farah/install/tricycle_steering_controller:/home/farah/ws_farah/install/tricycle_controller:/home/farah/ws_farah/install/ros2_control_demo_example_8:/home/farah/ws_farah/install/ros2_control:/home/farah/ws_farah/install/transmission_interface:/home/farah/ws_farah/install/ros2_control_demo_example_11:/home/farah/ws_farah/install/bicycle_steering_controller:/home/farah/ws_farah/install/ackermann_steering_controller:/home/farah/ws_farah/install/steering_controllers_library:/home/farah/ws_farah/install/ros2_control_demo_example_15:/home/farah/ws_farah/install/ros2_control_demo_example_1:/home/farah/ws_farah/install/ros2_control_demo_example_9:/home/farah/ws_farah/install/ros2_control_demo_example_7:/home/farah/ws_farah/install/ros2_control_demo_example_6:/home/farah/ws_farah/install/ros2_control_demo_example_13:/home/farah/ws_farah/install/ros2_control_demo_example_5:/home/farah/ws_farah/install/ros2_control_demo_example_4:/home/farah/ws_farah/install/ros2_control_demo_example_2:/home/farah/ws_farah/install/ros2_control_demo_example_14:/home/farah/ws_farah/install/ros2_control_demo_example_12:/home/farah/ws_farah/install/ros2_control_demo_example_10:/home/farah/ws_farah/install/ros2_control_demo_description:/home/farah/ws_farah/install/range_sensor_broadcaster:/home/farah/ws_farah/install/race_it:/home/farah/ws_farah/install/position_controllers:/home/farah/ws_farah/install/pose_broadcaster:/home/farah/ws_farah/install/pid_controller:/home/farah/ws_farah/install/mecanum_drive_controller:/home/farah/ws_farah/install/joint_trajectory_controller:/home/farah/ws_farah/install/joint_state_broadcaster:/home/farah/ws_farah/install/joint_limits:/home/farah/ws_farah/install/imu_sensor_broadcaster:/home/farah/ws_farah/install/gripper_controllers:/home/farah/ws_farah/install/gpio_controllers:/home/farah/ws_farah/install/effort_controllers:/home/farah/ws_farah/install/forward_command_controller:/home/farah/ws_farah/install/force_torque_sensor_broadcaster:/home/farah/ws_farah/install/diff_drive_controller:/home/farah/ws_farah/install/admittance_controller:/home/farah/ws_farah/install/controller_manager_msgs:/home/farah/ws_farah/install/temp_teleop:/home/farah/ws_farah/install/rqt_joint_trajectory_controller:/home/farah/ws_farah/install/rqt_controller_manager:/home/farah/ws_farah/install/ros2controlcli:/home/farah/ws_farah/install/ros2_controllers_test_nodes:/opt/ros/humble LD_LIBRARY_PATH=/home/farah/ws_farah/install/hardware_interface_testing/lib:/home/farah/ws_farah/install/controller_interface/lib:/home/farah/ws_farah/install/hardware_interface/lib:/home/farah/ws_farah/install/libserial_vendor/lib:/home/farah/ws_farah/install/race_it/lib:/home/farah/ws_farah/install/ros2_control_demo_example_3/lib:/home/farah/ws_farah/install/velocity_controllers/lib:/home/farah/ws_farah/install/tricycle_steering_controller/lib:/home/farah/ws_farah/install/tricycle_controller/lib:/home/farah/ws_farah/install/ros2_control_demo_example_8/lib:/home/farah/ws_farah/install/transmission_interface/lib:/home/farah/ws_farah/install/ros2_control_demo_example_11/lib:/home/farah/ws_farah/install/bicycle_steering_controller/lib:/home/farah/ws_farah/install/ackermann_steering_controller/lib:/home/farah/ws_farah/install/steering_controllers_library/lib:/home/farah/ws_farah/install/ros2_control_demo_example_1/lib:/home/farah/ws_farah/install/ros2_control_demo_example_9/lib:/home/farah/ws_farah/install/ros2_control_demo_example_7/lib:/home/farah/ws_farah/install/ros2_control_demo_example_6/lib:/home/farah/ws_farah/install/ros2_control_demo_example_5/lib:/home/farah/ws_farah/install/ros2_control_demo_example_4/lib:/home/farah/ws_farah/install/ros2_control_demo_example_2/lib:/home/farah/ws_farah/install/ros2_control_demo_example_14/lib:/home/farah/ws_farah/install/ros2_control_demo_example_12/lib:/home/farah/ws_farah/install/ros2_control_demo_example_10/lib:/home/farah/ws_farah/install/range_sensor_broadcaster/lib:/home/farah/ws_farah/install/position_controllers/lib:/home/farah/ws_farah/install/pose_broadcaster/lib:/home/farah/ws_farah/install/pid_controller/lib:/home/farah/ws_farah/install/mecanum_drive_controller/lib:/home/farah/ws_farah/install/joint_trajectory_controller/lib:/home/farah/ws_farah/install/joint_state_broadcaster/lib:/home/farah/ws_farah/install/joint_limits/lib:/home/farah/ws_farah/install/imu_sensor_broadcaster/lib:/home/farah/ws_farah/install/gripper_controllers/lib:/home/farah/ws_farah/install/gpio_controllers/lib:/home/farah/ws_farah/install/effort_controllers/lib:/home/farah/ws_farah/install/forward_command_controller/lib:/home/farah/ws_farah/install/force_torque_sensor_broadcaster/lib:/home/farah/ws_farah/install/diff_drive_controller/lib:/home/farah/ws_farah/install/admittance_controller/lib:/home/farah/ws_farah/install/controller_manager_msgs/lib:/usr/lib/x86_64-linux-gnu/gazebo-11/plugins:/opt/ros/humble/opt/rviz_ogre_vendor/lib:/opt/ros/humble/lib/x86_64-linux-gnu:/opt/ros/humble/lib /usr/bin/cmake --install /home/farah/ws_farah/build/forward_command_controller
[72.533s] Level 1:colcon.colcon_core.environment:checking '/home/farah/ws_farah/install/forward_command_controller' for CMake config files
[72.533s] Level 1:colcon.colcon_core.shell:create_environment_hook('forward_command_controller', 'cmake_prefix_path')
[72.534s] INFO:colcon.colcon_core.shell:Creating environment hook '/home/farah/ws_farah/install/forward_command_controller/share/forward_command_controller/hook/cmake_prefix_path.ps1'
[72.537s] INFO:colcon.colcon_core.shell:Creating environment descriptor '/home/farah/ws_farah/install/forward_command_controller/share/forward_command_controller/hook/cmake_prefix_path.dsv'
[72.538s] INFO:colcon.colcon_core.shell:Creating environment hook '/home/farah/ws_farah/install/forward_command_controller/share/forward_command_controller/hook/cmake_prefix_path.sh'
[72.539s] Level 1:colcon.colcon_core.environment:checking '/home/farah/ws_farah/install/forward_command_controller/lib'
[72.540s] Level 1:colcon.colcon_core.shell:create_environment_hook('forward_command_controller', 'ld_library_path_lib')
[72.540s] INFO:colcon.colcon_core.shell:Creating environment hook '/home/farah/ws_farah/install/forward_command_controller/share/forward_command_controller/hook/ld_library_path_lib.ps1'
[72.540s] INFO:colcon.colcon_core.shell:Creating environment descriptor '/home/farah/ws_farah/install/forward_command_controller/share/forward_command_controller/hook/ld_library_path_lib.dsv'
[72.540s] INFO:colcon.colcon_core.shell:Creating environment hook '/home/farah/ws_farah/install/forward_command_controller/share/forward_command_controller/hook/ld_library_path_lib.sh'
[72.541s] Level 1:colcon.colcon_core.environment:checking '/home/farah/ws_farah/install/forward_command_controller/bin'
[72.541s] Level 1:colcon.colcon_core.environment:checking '/home/farah/ws_farah/install/forward_command_controller/lib/pkgconfig/forward_command_controller.pc'
[72.541s] Level 1:colcon.colcon_core.environment:checking '/home/farah/ws_farah/install/forward_command_controller/lib/python3.10/site-packages'
[72.541s] Level 1:colcon.colcon_core.environment:checking '/home/farah/ws_farah/install/forward_command_controller/bin'
[72.541s] INFO:colcon.colcon_core.shell:Creating package script '/home/farah/ws_farah/install/forward_command_controller/share/forward_command_controller/package.ps1'
[72.542s] INFO:colcon.colcon_core.shell:Creating package descriptor '/home/farah/ws_farah/install/forward_command_controller/share/forward_command_controller/package.dsv'
[72.542s] INFO:colcon.colcon_core.shell:Creating package script '/home/farah/ws_farah/install/forward_command_controller/share/forward_command_controller/package.sh'
[72.543s] INFO:colcon.colcon_core.shell:Creating package script '/home/farah/ws_farah/install/forward_command_controller/share/forward_command_controller/package.bash'
[72.544s] INFO:colcon.colcon_core.shell:Creating package script '/home/farah/ws_farah/install/forward_command_controller/share/forward_command_controller/package.zsh'
[72.546s] Level 1:colcon.colcon_core.environment:create_file_with_runtime_dependencies(/home/farah/ws_farah/install/forward_command_controller/share/colcon-core/packages/forward_command_controller)
[72.546s] Level 1:colcon.colcon_core.environment:create_environment_scripts_only(forward_command_controller)
[72.546s] Level 1:colcon.colcon_core.environment:checking '/home/farah/ws_farah/install/forward_command_controller' for CMake module files
[72.547s] Level 1:colcon.colcon_core.environment:checking '/home/farah/ws_farah/install/forward_command_controller' for CMake config files
[72.547s] Level 1:colcon.colcon_core.shell:create_environment_hook('forward_command_controller', 'cmake_prefix_path')
[72.547s] INFO:colcon.colcon_core.shell:Creating environment hook '/home/farah/ws_farah/install/forward_command_controller/share/forward_command_controller/hook/cmake_prefix_path.ps1'
[72.547s] INFO:colcon.colcon_core.shell:Creating environment descriptor '/home/farah/ws_farah/install/forward_command_controller/share/forward_command_controller/hook/cmake_prefix_path.dsv'
[72.548s] INFO:colcon.colcon_core.shell:Creating environment hook '/home/farah/ws_farah/install/forward_command_controller/share/forward_command_controller/hook/cmake_prefix_path.sh'
[72.548s] Level 1:colcon.colcon_core.environment:checking '/home/farah/ws_farah/install/forward_command_controller/lib'
[72.548s] Level 1:colcon.colcon_core.shell:create_environment_hook('forward_command_controller', 'ld_library_path_lib')
[72.548s] INFO:colcon.colcon_core.shell:Creating environment hook '/home/farah/ws_farah/install/forward_command_controller/share/forward_command_controller/hook/ld_library_path_lib.ps1'
[72.548s] INFO:colcon.colcon_core.shell:Creating environment descriptor '/home/farah/ws_farah/install/forward_command_controller/share/forward_command_controller/hook/ld_library_path_lib.dsv'
[72.549s] INFO:colcon.colcon_core.shell:Creating environment hook '/home/farah/ws_farah/install/forward_command_controller/share/forward_command_controller/hook/ld_library_path_lib.sh'
[72.549s] Level 1:colcon.colcon_core.environment:checking '/home/farah/ws_farah/install/forward_command_controller/bin'
[72.549s] Level 1:colcon.colcon_core.environment:checking '/home/farah/ws_farah/install/forward_command_controller/lib/pkgconfig/forward_command_controller.pc'
[72.549s] Level 1:colcon.colcon_core.environment:checking '/home/farah/ws_farah/install/forward_command_controller/lib/python3.10/site-packages'
[72.549s] Level 1:colcon.colcon_core.environment:checking '/home/farah/ws_farah/install/forward_command_controller/bin'
[72.550s] INFO:colcon.colcon_core.shell:Creating package script '/home/farah/ws_farah/install/forward_command_controller/share/forward_command_controller/package.ps1'
[72.550s] INFO:colcon.colcon_core.shell:Creating package descriptor '/home/farah/ws_farah/install/forward_command_controller/share/forward_command_controller/package.dsv'
[72.550s] INFO:colcon.colcon_core.shell:Creating package script '/home/farah/ws_farah/install/forward_command_controller/share/forward_command_controller/package.sh'
[72.551s] INFO:colcon.colcon_core.shell:Creating package script '/home/farah/ws_farah/install/forward_command_controller/share/forward_command_controller/package.bash'
[72.551s] INFO:colcon.colcon_core.shell:Creating package script '/home/farah/ws_farah/install/forward_command_controller/share/forward_command_controller/package.zsh'
[72.551s] Level 1:colcon.colcon_core.environment:create_file_with_runtime_dependencies(/home/farah/ws_farah/install/forward_command_controller/share/colcon-core/packages/forward_command_controller)
[72.552s] INFO:colcon.colcon_ros.task.ament_cmake.build:Building ROS package in '/home/farah/ws_farah/src/ros2_controllers/joint_state_broadcaster' with build type 'ament_cmake'
[72.552s] INFO:colcon.colcon_cmake.task.cmake.build:Building CMake package in '/home/farah/ws_farah/src/ros2_controllers/joint_state_broadcaster'
[72.552s] INFO:colcon.colcon_core.shell:Skip shell extension 'powershell' for command environment: Not usable outside of PowerShell
[72.552s] DEBUG:colcon.colcon_core.shell:Skip shell extension 'dsv' for command environment
[72.578s] DEBUG:colcon.colcon_core.event_handler.log_command:Invoking command in '/home/farah/ws_farah/build/joint_state_broadcaster': CMAKE_PREFIX_PATH=/home/farah/ws_farah/install/hardware_interface_testing:/home/farah/ws_farah/install/controller_interface:/home/farah/ws_farah/install/hardware_interface:/home/farah/ws_farah/install/ros2_control_test_assets:/home/farah/ws_farah/install/libserial_vendor:/home/farah/ws_farah/install/ros2_controllers:/home/farah/ws_farah/install/ros2_control_demos:/home/farah/ws_farah/install/ros2_control_demo_example_3:/home/farah/ws_farah/install/velocity_controllers:/home/farah/ws_farah/install/tricycle_steering_controller:/home/farah/ws_farah/install/tricycle_controller:/home/farah/ws_farah/install/ros2_control_demo_example_8:/home/farah/ws_farah/install/ros2_control:/home/farah/ws_farah/install/transmission_interface:/home/farah/ws_farah/install/ros2_control_demo_example_11:/home/farah/ws_farah/install/bicycle_steering_controller:/home/farah/ws_farah/install/ackermann_steering_controller:/home/farah/ws_farah/install/steering_controllers_library:/home/farah/ws_farah/install/ros2_control_demo_example_15:/home/farah/ws_farah/install/ros2_control_demo_example_1:/home/farah/ws_farah/install/ros2_control_demo_example_9:/home/farah/ws_farah/install/ros2_control_demo_example_7:/home/farah/ws_farah/install/ros2_control_demo_example_6:/home/farah/ws_farah/install/ros2_control_demo_example_13:/home/farah/ws_farah/install/ros2_control_demo_example_5:/home/farah/ws_farah/install/ros2_control_demo_example_4:/home/farah/ws_farah/install/ros2_control_demo_example_2:/home/farah/ws_farah/install/ros2_control_demo_example_14:/home/farah/ws_farah/install/ros2_control_demo_example_12:/home/farah/ws_farah/install/ros2_control_demo_example_10:/home/farah/ws_farah/install/ros2_control_demo_description:/home/farah/ws_farah/install/range_sensor_broadcaster:/home/farah/ws_farah/install/race_it:/home/farah/ws_farah/install/position_controllers:/home/farah/ws_farah/install/pose_broadcaster:/home/farah/ws_farah/install/pid_controller:/home/farah/ws_farah/install/mecanum_drive_controller:/home/farah/ws_farah/install/joint_trajectory_controller:/home/farah/ws_farah/install/joint_state_broadcaster:/home/farah/ws_farah/install/joint_limits:/home/farah/ws_farah/install/imu_sensor_broadcaster:/home/farah/ws_farah/install/gripper_controllers:/home/farah/ws_farah/install/gpio_controllers:/home/farah/ws_farah/install/effort_controllers:/home/farah/ws_farah/install/forward_command_controller:/home/farah/ws_farah/install/force_torque_sensor_broadcaster:/home/farah/ws_farah/install/diff_drive_controller:/home/farah/ws_farah/install/admittance_controller:/home/farah/ws_farah/install/controller_manager_msgs:/home/farah/ws_farah/install/temp_teleop:/home/farah/ws_farah/install/rqt_joint_trajectory_controller:/home/farah/ws_farah/install/rqt_controller_manager:/home/farah/ws_farah/install/ros2controlcli:/home/farah/ws_farah/install/ros2_controllers_test_nodes:/opt/ros/humble LD_LIBRARY_PATH=/home/farah/ws_farah/install/hardware_interface_testing/lib:/home/farah/ws_farah/install/controller_interface/lib:/home/farah/ws_farah/install/hardware_interface/lib:/home/farah/ws_farah/install/libserial_vendor/lib:/home/farah/ws_farah/install/race_it/lib:/home/farah/ws_farah/install/ros2_control_demo_example_3/lib:/home/farah/ws_farah/install/velocity_controllers/lib:/home/farah/ws_farah/install/tricycle_steering_controller/lib:/home/farah/ws_farah/install/tricycle_controller/lib:/home/farah/ws_farah/install/ros2_control_demo_example_8/lib:/home/farah/ws_farah/install/transmission_interface/lib:/home/farah/ws_farah/install/ros2_control_demo_example_11/lib:/home/farah/ws_farah/install/bicycle_steering_controller/lib:/home/farah/ws_farah/install/ackermann_steering_controller/lib:/home/farah/ws_farah/install/steering_controllers_library/lib:/home/farah/ws_farah/install/ros2_control_demo_example_1/lib:/home/farah/ws_farah/install/ros2_control_demo_example_9/lib:/home/farah/ws_farah/install/ros2_control_demo_example_7/lib:/home/farah/ws_farah/install/ros2_control_demo_example_6/lib:/home/farah/ws_farah/install/ros2_control_demo_example_5/lib:/home/farah/ws_farah/install/ros2_control_demo_example_4/lib:/home/farah/ws_farah/install/ros2_control_demo_example_2/lib:/home/farah/ws_farah/install/ros2_control_demo_example_14/lib:/home/farah/ws_farah/install/ros2_control_demo_example_12/lib:/home/farah/ws_farah/install/ros2_control_demo_example_10/lib:/home/farah/ws_farah/install/range_sensor_broadcaster/lib:/home/farah/ws_farah/install/position_controllers/lib:/home/farah/ws_farah/install/pose_broadcaster/lib:/home/farah/ws_farah/install/pid_controller/lib:/home/farah/ws_farah/install/mecanum_drive_controller/lib:/home/farah/ws_farah/install/joint_trajectory_controller/lib:/home/farah/ws_farah/install/joint_state_broadcaster/lib:/home/farah/ws_farah/install/joint_limits/lib:/home/farah/ws_farah/install/imu_sensor_broadcaster/lib:/home/farah/ws_farah/install/gripper_controllers/lib:/home/farah/ws_farah/install/gpio_controllers/lib:/home/farah/ws_farah/install/effort_controllers/lib:/home/farah/ws_farah/install/forward_command_controller/lib:/home/farah/ws_farah/install/force_torque_sensor_broadcaster/lib:/home/farah/ws_farah/install/diff_drive_controller/lib:/home/farah/ws_farah/install/admittance_controller/lib:/home/farah/ws_farah/install/controller_manager_msgs/lib:/usr/lib/x86_64-linux-gnu/gazebo-11/plugins:/opt/ros/humble/opt/rviz_ogre_vendor/lib:/opt/ros/humble/lib/x86_64-linux-gnu:/opt/ros/humble/lib /usr/bin/cmake /home/farah/ws_farah/src/ros2_controllers/joint_state_broadcaster -DCMAKE_INSTALL_PREFIX=/home/farah/ws_farah/install/joint_state_broadcaster
[74.806s] DEBUG:colcon.colcon_core.event_handler.log_command:Invoked command in '/home/farah/ws_farah/build/joint_state_broadcaster' returned '0': CMAKE_PREFIX_PATH=/home/farah/ws_farah/install/hardware_interface_testing:/home/farah/ws_farah/install/controller_interface:/home/farah/ws_farah/install/hardware_interface:/home/farah/ws_farah/install/ros2_control_test_assets:/home/farah/ws_farah/install/libserial_vendor:/home/farah/ws_farah/install/ros2_controllers:/home/farah/ws_farah/install/ros2_control_demos:/home/farah/ws_farah/install/ros2_control_demo_example_3:/home/farah/ws_farah/install/velocity_controllers:/home/farah/ws_farah/install/tricycle_steering_controller:/home/farah/ws_farah/install/tricycle_controller:/home/farah/ws_farah/install/ros2_control_demo_example_8:/home/farah/ws_farah/install/ros2_control:/home/farah/ws_farah/install/transmission_interface:/home/farah/ws_farah/install/ros2_control_demo_example_11:/home/farah/ws_farah/install/bicycle_steering_controller:/home/farah/ws_farah/install/ackermann_steering_controller:/home/farah/ws_farah/install/steering_controllers_library:/home/farah/ws_farah/install/ros2_control_demo_example_15:/home/farah/ws_farah/install/ros2_control_demo_example_1:/home/farah/ws_farah/install/ros2_control_demo_example_9:/home/farah/ws_farah/install/ros2_control_demo_example_7:/home/farah/ws_farah/install/ros2_control_demo_example_6:/home/farah/ws_farah/install/ros2_control_demo_example_13:/home/farah/ws_farah/install/ros2_control_demo_example_5:/home/farah/ws_farah/install/ros2_control_demo_example_4:/home/farah/ws_farah/install/ros2_control_demo_example_2:/home/farah/ws_farah/install/ros2_control_demo_example_14:/home/farah/ws_farah/install/ros2_control_demo_example_12:/home/farah/ws_farah/install/ros2_control_demo_example_10:/home/farah/ws_farah/install/ros2_control_demo_description:/home/farah/ws_farah/install/range_sensor_broadcaster:/home/farah/ws_farah/install/race_it:/home/farah/ws_farah/install/position_controllers:/home/farah/ws_farah/install/pose_broadcaster:/home/farah/ws_farah/install/pid_controller:/home/farah/ws_farah/install/mecanum_drive_controller:/home/farah/ws_farah/install/joint_trajectory_controller:/home/farah/ws_farah/install/joint_state_broadcaster:/home/farah/ws_farah/install/joint_limits:/home/farah/ws_farah/install/imu_sensor_broadcaster:/home/farah/ws_farah/install/gripper_controllers:/home/farah/ws_farah/install/gpio_controllers:/home/farah/ws_farah/install/effort_controllers:/home/farah/ws_farah/install/forward_command_controller:/home/farah/ws_farah/install/force_torque_sensor_broadcaster:/home/farah/ws_farah/install/diff_drive_controller:/home/farah/ws_farah/install/admittance_controller:/home/farah/ws_farah/install/controller_manager_msgs:/home/farah/ws_farah/install/temp_teleop:/home/farah/ws_farah/install/rqt_joint_trajectory_controller:/home/farah/ws_farah/install/rqt_controller_manager:/home/farah/ws_farah/install/ros2controlcli:/home/farah/ws_farah/install/ros2_controllers_test_nodes:/opt/ros/humble LD_LIBRARY_PATH=/home/farah/ws_farah/install/hardware_interface_testing/lib:/home/farah/ws_farah/install/controller_interface/lib:/home/farah/ws_farah/install/hardware_interface/lib:/home/farah/ws_farah/install/libserial_vendor/lib:/home/farah/ws_farah/install/race_it/lib:/home/farah/ws_farah/install/ros2_control_demo_example_3/lib:/home/farah/ws_farah/install/velocity_controllers/lib:/home/farah/ws_farah/install/tricycle_steering_controller/lib:/home/farah/ws_farah/install/tricycle_controller/lib:/home/farah/ws_farah/install/ros2_control_demo_example_8/lib:/home/farah/ws_farah/install/transmission_interface/lib:/home/farah/ws_farah/install/ros2_control_demo_example_11/lib:/home/farah/ws_farah/install/bicycle_steering_controller/lib:/home/farah/ws_farah/install/ackermann_steering_controller/lib:/home/farah/ws_farah/install/steering_controllers_library/lib:/home/farah/ws_farah/install/ros2_control_demo_example_1/lib:/home/farah/ws_farah/install/ros2_control_demo_example_9/lib:/home/farah/ws_farah/install/ros2_control_demo_example_7/lib:/home/farah/ws_farah/install/ros2_control_demo_example_6/lib:/home/farah/ws_farah/install/ros2_control_demo_example_5/lib:/home/farah/ws_farah/install/ros2_control_demo_example_4/lib:/home/farah/ws_farah/install/ros2_control_demo_example_2/lib:/home/farah/ws_farah/install/ros2_control_demo_example_14/lib:/home/farah/ws_farah/install/ros2_control_demo_example_12/lib:/home/farah/ws_farah/install/ros2_control_demo_example_10/lib:/home/farah/ws_farah/install/range_sensor_broadcaster/lib:/home/farah/ws_farah/install/position_controllers/lib:/home/farah/ws_farah/install/pose_broadcaster/lib:/home/farah/ws_farah/install/pid_controller/lib:/home/farah/ws_farah/install/mecanum_drive_controller/lib:/home/farah/ws_farah/install/joint_trajectory_controller/lib:/home/farah/ws_farah/install/joint_state_broadcaster/lib:/home/farah/ws_farah/install/joint_limits/lib:/home/farah/ws_farah/install/imu_sensor_broadcaster/lib:/home/farah/ws_farah/install/gripper_controllers/lib:/home/farah/ws_farah/install/gpio_controllers/lib:/home/farah/ws_farah/install/effort_controllers/lib:/home/farah/ws_farah/install/forward_command_controller/lib:/home/farah/ws_farah/install/force_torque_sensor_broadcaster/lib:/home/farah/ws_farah/install/diff_drive_controller/lib:/home/farah/ws_farah/install/admittance_controller/lib:/home/farah/ws_farah/install/controller_manager_msgs/lib:/usr/lib/x86_64-linux-gnu/gazebo-11/plugins:/opt/ros/humble/opt/rviz_ogre_vendor/lib:/opt/ros/humble/lib/x86_64-linux-gnu:/opt/ros/humble/lib /usr/bin/cmake /home/farah/ws_farah/src/ros2_controllers/joint_state_broadcaster -DCMAKE_INSTALL_PREFIX=/home/farah/ws_farah/install/joint_state_broadcaster
[74.807s] DEBUG:colcon.colcon_core.event_handler.log_command:Invoking command in '/home/farah/ws_farah/build/joint_state_broadcaster': CMAKE_PREFIX_PATH=/home/farah/ws_farah/install/hardware_interface_testing:/home/farah/ws_farah/install/controller_interface:/home/farah/ws_farah/install/hardware_interface:/home/farah/ws_farah/install/ros2_control_test_assets:/home/farah/ws_farah/install/libserial_vendor:/home/farah/ws_farah/install/ros2_controllers:/home/farah/ws_farah/install/ros2_control_demos:/home/farah/ws_farah/install/ros2_control_demo_example_3:/home/farah/ws_farah/install/velocity_controllers:/home/farah/ws_farah/install/tricycle_steering_controller:/home/farah/ws_farah/install/tricycle_controller:/home/farah/ws_farah/install/ros2_control_demo_example_8:/home/farah/ws_farah/install/ros2_control:/home/farah/ws_farah/install/transmission_interface:/home/farah/ws_farah/install/ros2_control_demo_example_11:/home/farah/ws_farah/install/bicycle_steering_controller:/home/farah/ws_farah/install/ackermann_steering_controller:/home/farah/ws_farah/install/steering_controllers_library:/home/farah/ws_farah/install/ros2_control_demo_example_15:/home/farah/ws_farah/install/ros2_control_demo_example_1:/home/farah/ws_farah/install/ros2_control_demo_example_9:/home/farah/ws_farah/install/ros2_control_demo_example_7:/home/farah/ws_farah/install/ros2_control_demo_example_6:/home/farah/ws_farah/install/ros2_control_demo_example_13:/home/farah/ws_farah/install/ros2_control_demo_example_5:/home/farah/ws_farah/install/ros2_control_demo_example_4:/home/farah/ws_farah/install/ros2_control_demo_example_2:/home/farah/ws_farah/install/ros2_control_demo_example_14:/home/farah/ws_farah/install/ros2_control_demo_example_12:/home/farah/ws_farah/install/ros2_control_demo_example_10:/home/farah/ws_farah/install/ros2_control_demo_description:/home/farah/ws_farah/install/range_sensor_broadcaster:/home/farah/ws_farah/install/race_it:/home/farah/ws_farah/install/position_controllers:/home/farah/ws_farah/install/pose_broadcaster:/home/farah/ws_farah/install/pid_controller:/home/farah/ws_farah/install/mecanum_drive_controller:/home/farah/ws_farah/install/joint_trajectory_controller:/home/farah/ws_farah/install/joint_state_broadcaster:/home/farah/ws_farah/install/joint_limits:/home/farah/ws_farah/install/imu_sensor_broadcaster:/home/farah/ws_farah/install/gripper_controllers:/home/farah/ws_farah/install/gpio_controllers:/home/farah/ws_farah/install/effort_controllers:/home/farah/ws_farah/install/forward_command_controller:/home/farah/ws_farah/install/force_torque_sensor_broadcaster:/home/farah/ws_farah/install/diff_drive_controller:/home/farah/ws_farah/install/admittance_controller:/home/farah/ws_farah/install/controller_manager_msgs:/home/farah/ws_farah/install/temp_teleop:/home/farah/ws_farah/install/rqt_joint_trajectory_controller:/home/farah/ws_farah/install/rqt_controller_manager:/home/farah/ws_farah/install/ros2controlcli:/home/farah/ws_farah/install/ros2_controllers_test_nodes:/opt/ros/humble LD_LIBRARY_PATH=/home/farah/ws_farah/install/hardware_interface_testing/lib:/home/farah/ws_farah/install/controller_interface/lib:/home/farah/ws_farah/install/hardware_interface/lib:/home/farah/ws_farah/install/libserial_vendor/lib:/home/farah/ws_farah/install/race_it/lib:/home/farah/ws_farah/install/ros2_control_demo_example_3/lib:/home/farah/ws_farah/install/velocity_controllers/lib:/home/farah/ws_farah/install/tricycle_steering_controller/lib:/home/farah/ws_farah/install/tricycle_controller/lib:/home/farah/ws_farah/install/ros2_control_demo_example_8/lib:/home/farah/ws_farah/install/transmission_interface/lib:/home/farah/ws_farah/install/ros2_control_demo_example_11/lib:/home/farah/ws_farah/install/bicycle_steering_controller/lib:/home/farah/ws_farah/install/ackermann_steering_controller/lib:/home/farah/ws_farah/install/steering_controllers_library/lib:/home/farah/ws_farah/install/ros2_control_demo_example_1/lib:/home/farah/ws_farah/install/ros2_control_demo_example_9/lib:/home/farah/ws_farah/install/ros2_control_demo_example_7/lib:/home/farah/ws_farah/install/ros2_control_demo_example_6/lib:/home/farah/ws_farah/install/ros2_control_demo_example_5/lib:/home/farah/ws_farah/install/ros2_control_demo_example_4/lib:/home/farah/ws_farah/install/ros2_control_demo_example_2/lib:/home/farah/ws_farah/install/ros2_control_demo_example_14/lib:/home/farah/ws_farah/install/ros2_control_demo_example_12/lib:/home/farah/ws_farah/install/ros2_control_demo_example_10/lib:/home/farah/ws_farah/install/range_sensor_broadcaster/lib:/home/farah/ws_farah/install/position_controllers/lib:/home/farah/ws_farah/install/pose_broadcaster/lib:/home/farah/ws_farah/install/pid_controller/lib:/home/farah/ws_farah/install/mecanum_drive_controller/lib:/home/farah/ws_farah/install/joint_trajectory_controller/lib:/home/farah/ws_farah/install/joint_state_broadcaster/lib:/home/farah/ws_farah/install/joint_limits/lib:/home/farah/ws_farah/install/imu_sensor_broadcaster/lib:/home/farah/ws_farah/install/gripper_controllers/lib:/home/farah/ws_farah/install/gpio_controllers/lib:/home/farah/ws_farah/install/effort_controllers/lib:/home/farah/ws_farah/install/forward_command_controller/lib:/home/farah/ws_farah/install/force_torque_sensor_broadcaster/lib:/home/farah/ws_farah/install/diff_drive_controller/lib:/home/farah/ws_farah/install/admittance_controller/lib:/home/farah/ws_farah/install/controller_manager_msgs/lib:/usr/lib/x86_64-linux-gnu/gazebo-11/plugins:/opt/ros/humble/opt/rviz_ogre_vendor/lib:/opt/ros/humble/lib/x86_64-linux-gnu:/opt/ros/humble/lib /usr/bin/cmake --build /home/farah/ws_farah/build/joint_state_broadcaster -- -j8 -l8
[93.763s] DEBUG:colcon.colcon_core.event_handler.log_command:Invoked command in '/home/farah/ws_farah/build/joint_state_broadcaster' returned '0': CMAKE_PREFIX_PATH=/home/farah/ws_farah/install/hardware_interface_testing:/home/farah/ws_farah/install/controller_interface:/home/farah/ws_farah/install/hardware_interface:/home/farah/ws_farah/install/ros2_control_test_assets:/home/farah/ws_farah/install/libserial_vendor:/home/farah/ws_farah/install/ros2_controllers:/home/farah/ws_farah/install/ros2_control_demos:/home/farah/ws_farah/install/ros2_control_demo_example_3:/home/farah/ws_farah/install/velocity_controllers:/home/farah/ws_farah/install/tricycle_steering_controller:/home/farah/ws_farah/install/tricycle_controller:/home/farah/ws_farah/install/ros2_control_demo_example_8:/home/farah/ws_farah/install/ros2_control:/home/farah/ws_farah/install/transmission_interface:/home/farah/ws_farah/install/ros2_control_demo_example_11:/home/farah/ws_farah/install/bicycle_steering_controller:/home/farah/ws_farah/install/ackermann_steering_controller:/home/farah/ws_farah/install/steering_controllers_library:/home/farah/ws_farah/install/ros2_control_demo_example_15:/home/farah/ws_farah/install/ros2_control_demo_example_1:/home/farah/ws_farah/install/ros2_control_demo_example_9:/home/farah/ws_farah/install/ros2_control_demo_example_7:/home/farah/ws_farah/install/ros2_control_demo_example_6:/home/farah/ws_farah/install/ros2_control_demo_example_13:/home/farah/ws_farah/install/ros2_control_demo_example_5:/home/farah/ws_farah/install/ros2_control_demo_example_4:/home/farah/ws_farah/install/ros2_control_demo_example_2:/home/farah/ws_farah/install/ros2_control_demo_example_14:/home/farah/ws_farah/install/ros2_control_demo_example_12:/home/farah/ws_farah/install/ros2_control_demo_example_10:/home/farah/ws_farah/install/ros2_control_demo_description:/home/farah/ws_farah/install/range_sensor_broadcaster:/home/farah/ws_farah/install/race_it:/home/farah/ws_farah/install/position_controllers:/home/farah/ws_farah/install/pose_broadcaster:/home/farah/ws_farah/install/pid_controller:/home/farah/ws_farah/install/mecanum_drive_controller:/home/farah/ws_farah/install/joint_trajectory_controller:/home/farah/ws_farah/install/joint_state_broadcaster:/home/farah/ws_farah/install/joint_limits:/home/farah/ws_farah/install/imu_sensor_broadcaster:/home/farah/ws_farah/install/gripper_controllers:/home/farah/ws_farah/install/gpio_controllers:/home/farah/ws_farah/install/effort_controllers:/home/farah/ws_farah/install/forward_command_controller:/home/farah/ws_farah/install/force_torque_sensor_broadcaster:/home/farah/ws_farah/install/diff_drive_controller:/home/farah/ws_farah/install/admittance_controller:/home/farah/ws_farah/install/controller_manager_msgs:/home/farah/ws_farah/install/temp_teleop:/home/farah/ws_farah/install/rqt_joint_trajectory_controller:/home/farah/ws_farah/install/rqt_controller_manager:/home/farah/ws_farah/install/ros2controlcli:/home/farah/ws_farah/install/ros2_controllers_test_nodes:/opt/ros/humble LD_LIBRARY_PATH=/home/farah/ws_farah/install/hardware_interface_testing/lib:/home/farah/ws_farah/install/controller_interface/lib:/home/farah/ws_farah/install/hardware_interface/lib:/home/farah/ws_farah/install/libserial_vendor/lib:/home/farah/ws_farah/install/race_it/lib:/home/farah/ws_farah/install/ros2_control_demo_example_3/lib:/home/farah/ws_farah/install/velocity_controllers/lib:/home/farah/ws_farah/install/tricycle_steering_controller/lib:/home/farah/ws_farah/install/tricycle_controller/lib:/home/farah/ws_farah/install/ros2_control_demo_example_8/lib:/home/farah/ws_farah/install/transmission_interface/lib:/home/farah/ws_farah/install/ros2_control_demo_example_11/lib:/home/farah/ws_farah/install/bicycle_steering_controller/lib:/home/farah/ws_farah/install/ackermann_steering_controller/lib:/home/farah/ws_farah/install/steering_controllers_library/lib:/home/farah/ws_farah/install/ros2_control_demo_example_1/lib:/home/farah/ws_farah/install/ros2_control_demo_example_9/lib:/home/farah/ws_farah/install/ros2_control_demo_example_7/lib:/home/farah/ws_farah/install/ros2_control_demo_example_6/lib:/home/farah/ws_farah/install/ros2_control_demo_example_5/lib:/home/farah/ws_farah/install/ros2_control_demo_example_4/lib:/home/farah/ws_farah/install/ros2_control_demo_example_2/lib:/home/farah/ws_farah/install/ros2_control_demo_example_14/lib:/home/farah/ws_farah/install/ros2_control_demo_example_12/lib:/home/farah/ws_farah/install/ros2_control_demo_example_10/lib:/home/farah/ws_farah/install/range_sensor_broadcaster/lib:/home/farah/ws_farah/install/position_controllers/lib:/home/farah/ws_farah/install/pose_broadcaster/lib:/home/farah/ws_farah/install/pid_controller/lib:/home/farah/ws_farah/install/mecanum_drive_controller/lib:/home/farah/ws_farah/install/joint_trajectory_controller/lib:/home/farah/ws_farah/install/joint_state_broadcaster/lib:/home/farah/ws_farah/install/joint_limits/lib:/home/farah/ws_farah/install/imu_sensor_broadcaster/lib:/home/farah/ws_farah/install/gripper_controllers/lib:/home/farah/ws_farah/install/gpio_controllers/lib:/home/farah/ws_farah/install/effort_controllers/lib:/home/farah/ws_farah/install/forward_command_controller/lib:/home/farah/ws_farah/install/force_torque_sensor_broadcaster/lib:/home/farah/ws_farah/install/diff_drive_controller/lib:/home/farah/ws_farah/install/admittance_controller/lib:/home/farah/ws_farah/install/controller_manager_msgs/lib:/usr/lib/x86_64-linux-gnu/gazebo-11/plugins:/opt/ros/humble/opt/rviz_ogre_vendor/lib:/opt/ros/humble/lib/x86_64-linux-gnu:/opt/ros/humble/lib /usr/bin/cmake --build /home/farah/ws_farah/build/joint_state_broadcaster -- -j8 -l8
[93.765s] DEBUG:colcon.colcon_core.event_handler.log_command:Invoking command in '/home/farah/ws_farah/build/joint_state_broadcaster': CMAKE_PREFIX_PATH=/home/farah/ws_farah/install/hardware_interface_testing:/home/farah/ws_farah/install/controller_interface:/home/farah/ws_farah/install/hardware_interface:/home/farah/ws_farah/install/ros2_control_test_assets:/home/farah/ws_farah/install/libserial_vendor:/home/farah/ws_farah/install/ros2_controllers:/home/farah/ws_farah/install/ros2_control_demos:/home/farah/ws_farah/install/ros2_control_demo_example_3:/home/farah/ws_farah/install/velocity_controllers:/home/farah/ws_farah/install/tricycle_steering_controller:/home/farah/ws_farah/install/tricycle_controller:/home/farah/ws_farah/install/ros2_control_demo_example_8:/home/farah/ws_farah/install/ros2_control:/home/farah/ws_farah/install/transmission_interface:/home/farah/ws_farah/install/ros2_control_demo_example_11:/home/farah/ws_farah/install/bicycle_steering_controller:/home/farah/ws_farah/install/ackermann_steering_controller:/home/farah/ws_farah/install/steering_controllers_library:/home/farah/ws_farah/install/ros2_control_demo_example_15:/home/farah/ws_farah/install/ros2_control_demo_example_1:/home/farah/ws_farah/install/ros2_control_demo_example_9:/home/farah/ws_farah/install/ros2_control_demo_example_7:/home/farah/ws_farah/install/ros2_control_demo_example_6:/home/farah/ws_farah/install/ros2_control_demo_example_13:/home/farah/ws_farah/install/ros2_control_demo_example_5:/home/farah/ws_farah/install/ros2_control_demo_example_4:/home/farah/ws_farah/install/ros2_control_demo_example_2:/home/farah/ws_farah/install/ros2_control_demo_example_14:/home/farah/ws_farah/install/ros2_control_demo_example_12:/home/farah/ws_farah/install/ros2_control_demo_example_10:/home/farah/ws_farah/install/ros2_control_demo_description:/home/farah/ws_farah/install/range_sensor_broadcaster:/home/farah/ws_farah/install/race_it:/home/farah/ws_farah/install/position_controllers:/home/farah/ws_farah/install/pose_broadcaster:/home/farah/ws_farah/install/pid_controller:/home/farah/ws_farah/install/mecanum_drive_controller:/home/farah/ws_farah/install/joint_trajectory_controller:/home/farah/ws_farah/install/joint_state_broadcaster:/home/farah/ws_farah/install/joint_limits:/home/farah/ws_farah/install/imu_sensor_broadcaster:/home/farah/ws_farah/install/gripper_controllers:/home/farah/ws_farah/install/gpio_controllers:/home/farah/ws_farah/install/effort_controllers:/home/farah/ws_farah/install/forward_command_controller:/home/farah/ws_farah/install/force_torque_sensor_broadcaster:/home/farah/ws_farah/install/diff_drive_controller:/home/farah/ws_farah/install/admittance_controller:/home/farah/ws_farah/install/controller_manager_msgs:/home/farah/ws_farah/install/temp_teleop:/home/farah/ws_farah/install/rqt_joint_trajectory_controller:/home/farah/ws_farah/install/rqt_controller_manager:/home/farah/ws_farah/install/ros2controlcli:/home/farah/ws_farah/install/ros2_controllers_test_nodes:/opt/ros/humble LD_LIBRARY_PATH=/home/farah/ws_farah/install/hardware_interface_testing/lib:/home/farah/ws_farah/install/controller_interface/lib:/home/farah/ws_farah/install/hardware_interface/lib:/home/farah/ws_farah/install/libserial_vendor/lib:/home/farah/ws_farah/install/race_it/lib:/home/farah/ws_farah/install/ros2_control_demo_example_3/lib:/home/farah/ws_farah/install/velocity_controllers/lib:/home/farah/ws_farah/install/tricycle_steering_controller/lib:/home/farah/ws_farah/install/tricycle_controller/lib:/home/farah/ws_farah/install/ros2_control_demo_example_8/lib:/home/farah/ws_farah/install/transmission_interface/lib:/home/farah/ws_farah/install/ros2_control_demo_example_11/lib:/home/farah/ws_farah/install/bicycle_steering_controller/lib:/home/farah/ws_farah/install/ackermann_steering_controller/lib:/home/farah/ws_farah/install/steering_controllers_library/lib:/home/farah/ws_farah/install/ros2_control_demo_example_1/lib:/home/farah/ws_farah/install/ros2_control_demo_example_9/lib:/home/farah/ws_farah/install/ros2_control_demo_example_7/lib:/home/farah/ws_farah/install/ros2_control_demo_example_6/lib:/home/farah/ws_farah/install/ros2_control_demo_example_5/lib:/home/farah/ws_farah/install/ros2_control_demo_example_4/lib:/home/farah/ws_farah/install/ros2_control_demo_example_2/lib:/home/farah/ws_farah/install/ros2_control_demo_example_14/lib:/home/farah/ws_farah/install/ros2_control_demo_example_12/lib:/home/farah/ws_farah/install/ros2_control_demo_example_10/lib:/home/farah/ws_farah/install/range_sensor_broadcaster/lib:/home/farah/ws_farah/install/position_controllers/lib:/home/farah/ws_farah/install/pose_broadcaster/lib:/home/farah/ws_farah/install/pid_controller/lib:/home/farah/ws_farah/install/mecanum_drive_controller/lib:/home/farah/ws_farah/install/joint_trajectory_controller/lib:/home/farah/ws_farah/install/joint_state_broadcaster/lib:/home/farah/ws_farah/install/joint_limits/lib:/home/farah/ws_farah/install/imu_sensor_broadcaster/lib:/home/farah/ws_farah/install/gripper_controllers/lib:/home/farah/ws_farah/install/gpio_controllers/lib:/home/farah/ws_farah/install/effort_controllers/lib:/home/farah/ws_farah/install/forward_command_controller/lib:/home/farah/ws_farah/install/force_torque_sensor_broadcaster/lib:/home/farah/ws_farah/install/diff_drive_controller/lib:/home/farah/ws_farah/install/admittance_controller/lib:/home/farah/ws_farah/install/controller_manager_msgs/lib:/usr/lib/x86_64-linux-gnu/gazebo-11/plugins:/opt/ros/humble/opt/rviz_ogre_vendor/lib:/opt/ros/humble/lib/x86_64-linux-gnu:/opt/ros/humble/lib /usr/bin/cmake --install /home/farah/ws_farah/build/joint_state_broadcaster
[93.778s] Level 1:colcon.colcon_core.environment:create_environment_scripts_only(joint_state_broadcaster)
[93.779s] Level 1:colcon.colcon_core.environment:checking '/home/farah/ws_farah/install/joint_state_broadcaster' for CMake module files
[93.779s] DEBUG:colcon.colcon_core.event_handler.log_command:Invoked command in '/home/farah/ws_farah/build/joint_state_broadcaster' returned '0': CMAKE_PREFIX_PATH=/home/farah/ws_farah/install/hardware_interface_testing:/home/farah/ws_farah/install/controller_interface:/home/farah/ws_farah/install/hardware_interface:/home/farah/ws_farah/install/ros2_control_test_assets:/home/farah/ws_farah/install/libserial_vendor:/home/farah/ws_farah/install/ros2_controllers:/home/farah/ws_farah/install/ros2_control_demos:/home/farah/ws_farah/install/ros2_control_demo_example_3:/home/farah/ws_farah/install/velocity_controllers:/home/farah/ws_farah/install/tricycle_steering_controller:/home/farah/ws_farah/install/tricycle_controller:/home/farah/ws_farah/install/ros2_control_demo_example_8:/home/farah/ws_farah/install/ros2_control:/home/farah/ws_farah/install/transmission_interface:/home/farah/ws_farah/install/ros2_control_demo_example_11:/home/farah/ws_farah/install/bicycle_steering_controller:/home/farah/ws_farah/install/ackermann_steering_controller:/home/farah/ws_farah/install/steering_controllers_library:/home/farah/ws_farah/install/ros2_control_demo_example_15:/home/farah/ws_farah/install/ros2_control_demo_example_1:/home/farah/ws_farah/install/ros2_control_demo_example_9:/home/farah/ws_farah/install/ros2_control_demo_example_7:/home/farah/ws_farah/install/ros2_control_demo_example_6:/home/farah/ws_farah/install/ros2_control_demo_example_13:/home/farah/ws_farah/install/ros2_control_demo_example_5:/home/farah/ws_farah/install/ros2_control_demo_example_4:/home/farah/ws_farah/install/ros2_control_demo_example_2:/home/farah/ws_farah/install/ros2_control_demo_example_14:/home/farah/ws_farah/install/ros2_control_demo_example_12:/home/farah/ws_farah/install/ros2_control_demo_example_10:/home/farah/ws_farah/install/ros2_control_demo_description:/home/farah/ws_farah/install/range_sensor_broadcaster:/home/farah/ws_farah/install/race_it:/home/farah/ws_farah/install/position_controllers:/home/farah/ws_farah/install/pose_broadcaster:/home/farah/ws_farah/install/pid_controller:/home/farah/ws_farah/install/mecanum_drive_controller:/home/farah/ws_farah/install/joint_trajectory_controller:/home/farah/ws_farah/install/joint_state_broadcaster:/home/farah/ws_farah/install/joint_limits:/home/farah/ws_farah/install/imu_sensor_broadcaster:/home/farah/ws_farah/install/gripper_controllers:/home/farah/ws_farah/install/gpio_controllers:/home/farah/ws_farah/install/effort_controllers:/home/farah/ws_farah/install/forward_command_controller:/home/farah/ws_farah/install/force_torque_sensor_broadcaster:/home/farah/ws_farah/install/diff_drive_controller:/home/farah/ws_farah/install/admittance_controller:/home/farah/ws_farah/install/controller_manager_msgs:/home/farah/ws_farah/install/temp_teleop:/home/farah/ws_farah/install/rqt_joint_trajectory_controller:/home/farah/ws_farah/install/rqt_controller_manager:/home/farah/ws_farah/install/ros2controlcli:/home/farah/ws_farah/install/ros2_controllers_test_nodes:/opt/ros/humble LD_LIBRARY_PATH=/home/farah/ws_farah/install/hardware_interface_testing/lib:/home/farah/ws_farah/install/controller_interface/lib:/home/farah/ws_farah/install/hardware_interface/lib:/home/farah/ws_farah/install/libserial_vendor/lib:/home/farah/ws_farah/install/race_it/lib:/home/farah/ws_farah/install/ros2_control_demo_example_3/lib:/home/farah/ws_farah/install/velocity_controllers/lib:/home/farah/ws_farah/install/tricycle_steering_controller/lib:/home/farah/ws_farah/install/tricycle_controller/lib:/home/farah/ws_farah/install/ros2_control_demo_example_8/lib:/home/farah/ws_farah/install/transmission_interface/lib:/home/farah/ws_farah/install/ros2_control_demo_example_11/lib:/home/farah/ws_farah/install/bicycle_steering_controller/lib:/home/farah/ws_farah/install/ackermann_steering_controller/lib:/home/farah/ws_farah/install/steering_controllers_library/lib:/home/farah/ws_farah/install/ros2_control_demo_example_1/lib:/home/farah/ws_farah/install/ros2_control_demo_example_9/lib:/home/farah/ws_farah/install/ros2_control_demo_example_7/lib:/home/farah/ws_farah/install/ros2_control_demo_example_6/lib:/home/farah/ws_farah/install/ros2_control_demo_example_5/lib:/home/farah/ws_farah/install/ros2_control_demo_example_4/lib:/home/farah/ws_farah/install/ros2_control_demo_example_2/lib:/home/farah/ws_farah/install/ros2_control_demo_example_14/lib:/home/farah/ws_farah/install/ros2_control_demo_example_12/lib:/home/farah/ws_farah/install/ros2_control_demo_example_10/lib:/home/farah/ws_farah/install/range_sensor_broadcaster/lib:/home/farah/ws_farah/install/position_controllers/lib:/home/farah/ws_farah/install/pose_broadcaster/lib:/home/farah/ws_farah/install/pid_controller/lib:/home/farah/ws_farah/install/mecanum_drive_controller/lib:/home/farah/ws_farah/install/joint_trajectory_controller/lib:/home/farah/ws_farah/install/joint_state_broadcaster/lib:/home/farah/ws_farah/install/joint_limits/lib:/home/farah/ws_farah/install/imu_sensor_broadcaster/lib:/home/farah/ws_farah/install/gripper_controllers/lib:/home/farah/ws_farah/install/gpio_controllers/lib:/home/farah/ws_farah/install/effort_controllers/lib:/home/farah/ws_farah/install/forward_command_controller/lib:/home/farah/ws_farah/install/force_torque_sensor_broadcaster/lib:/home/farah/ws_farah/install/diff_drive_controller/lib:/home/farah/ws_farah/install/admittance_controller/lib:/home/farah/ws_farah/install/controller_manager_msgs/lib:/usr/lib/x86_64-linux-gnu/gazebo-11/plugins:/opt/ros/humble/opt/rviz_ogre_vendor/lib:/opt/ros/humble/lib/x86_64-linux-gnu:/opt/ros/humble/lib /usr/bin/cmake --install /home/farah/ws_farah/build/joint_state_broadcaster
[93.779s] Level 1:colcon.colcon_core.environment:checking '/home/farah/ws_farah/install/joint_state_broadcaster' for CMake config files
[93.780s] Level 1:colcon.colcon_core.shell:create_environment_hook('joint_state_broadcaster', 'cmake_prefix_path')
[93.780s] INFO:colcon.colcon_core.shell:Creating environment hook '/home/farah/ws_farah/install/joint_state_broadcaster/share/joint_state_broadcaster/hook/cmake_prefix_path.ps1'
[93.780s] INFO:colcon.colcon_core.shell:Creating environment descriptor '/home/farah/ws_farah/install/joint_state_broadcaster/share/joint_state_broadcaster/hook/cmake_prefix_path.dsv'
[93.780s] INFO:colcon.colcon_core.shell:Creating environment hook '/home/farah/ws_farah/install/joint_state_broadcaster/share/joint_state_broadcaster/hook/cmake_prefix_path.sh'
[93.781s] Level 1:colcon.colcon_core.environment:checking '/home/farah/ws_farah/install/joint_state_broadcaster/lib'
[93.781s] Level 1:colcon.colcon_core.shell:create_environment_hook('joint_state_broadcaster', 'ld_library_path_lib')
[93.781s] INFO:colcon.colcon_core.shell:Creating environment hook '/home/farah/ws_farah/install/joint_state_broadcaster/share/joint_state_broadcaster/hook/ld_library_path_lib.ps1'
[93.781s] INFO:colcon.colcon_core.shell:Creating environment descriptor '/home/farah/ws_farah/install/joint_state_broadcaster/share/joint_state_broadcaster/hook/ld_library_path_lib.dsv'
[93.781s] INFO:colcon.colcon_core.shell:Creating environment hook '/home/farah/ws_farah/install/joint_state_broadcaster/share/joint_state_broadcaster/hook/ld_library_path_lib.sh'
[93.782s] Level 1:colcon.colcon_core.environment:checking '/home/farah/ws_farah/install/joint_state_broadcaster/bin'
[93.782s] Level 1:colcon.colcon_core.environment:checking '/home/farah/ws_farah/install/joint_state_broadcaster/lib/pkgconfig/joint_state_broadcaster.pc'
[93.782s] Level 1:colcon.colcon_core.environment:checking '/home/farah/ws_farah/install/joint_state_broadcaster/lib/python3.10/site-packages'
[93.782s] Level 1:colcon.colcon_core.environment:checking '/home/farah/ws_farah/install/joint_state_broadcaster/bin'
[93.782s] INFO:colcon.colcon_core.shell:Creating package script '/home/farah/ws_farah/install/joint_state_broadcaster/share/joint_state_broadcaster/package.ps1'
[93.783s] INFO:colcon.colcon_core.shell:Creating package descriptor '/home/farah/ws_farah/install/joint_state_broadcaster/share/joint_state_broadcaster/package.dsv'
[93.783s] INFO:colcon.colcon_core.shell:Creating package script '/home/farah/ws_farah/install/joint_state_broadcaster/share/joint_state_broadcaster/package.sh'
[93.784s] INFO:colcon.colcon_core.shell:Creating package script '/home/farah/ws_farah/install/joint_state_broadcaster/share/joint_state_broadcaster/package.bash'
[93.784s] INFO:colcon.colcon_core.shell:Creating package script '/home/farah/ws_farah/install/joint_state_broadcaster/share/joint_state_broadcaster/package.zsh'
[93.784s] Level 1:colcon.colcon_core.environment:create_file_with_runtime_dependencies(/home/farah/ws_farah/install/joint_state_broadcaster/share/colcon-core/packages/joint_state_broadcaster)
[93.785s] Level 1:colcon.colcon_core.environment:create_environment_scripts_only(joint_state_broadcaster)
[93.785s] Level 1:colcon.colcon_core.environment:checking '/home/farah/ws_farah/install/joint_state_broadcaster' for CMake module files
[93.785s] Level 1:colcon.colcon_core.environment:checking '/home/farah/ws_farah/install/joint_state_broadcaster' for CMake config files
[93.785s] Level 1:colcon.colcon_core.shell:create_environment_hook('joint_state_broadcaster', 'cmake_prefix_path')
[93.785s] INFO:colcon.colcon_core.shell:Creating environment hook '/home/farah/ws_farah/install/joint_state_broadcaster/share/joint_state_broadcaster/hook/cmake_prefix_path.ps1'
[93.786s] INFO:colcon.colcon_core.shell:Creating environment descriptor '/home/farah/ws_farah/install/joint_state_broadcaster/share/joint_state_broadcaster/hook/cmake_prefix_path.dsv'
[93.786s] INFO:colcon.colcon_core.shell:Creating environment hook '/home/farah/ws_farah/install/joint_state_broadcaster/share/joint_state_broadcaster/hook/cmake_prefix_path.sh'
[93.786s] Level 1:colcon.colcon_core.environment:checking '/home/farah/ws_farah/install/joint_state_broadcaster/lib'
[93.786s] Level 1:colcon.colcon_core.shell:create_environment_hook('joint_state_broadcaster', 'ld_library_path_lib')
[93.787s] INFO:colcon.colcon_core.shell:Creating environment hook '/home/farah/ws_farah/install/joint_state_broadcaster/share/joint_state_broadcaster/hook/ld_library_path_lib.ps1'
[93.787s] INFO:colcon.colcon_core.shell:Creating environment descriptor '/home/farah/ws_farah/install/joint_state_broadcaster/share/joint_state_broadcaster/hook/ld_library_path_lib.dsv'
[93.787s] INFO:colcon.colcon_core.shell:Creating environment hook '/home/farah/ws_farah/install/joint_state_broadcaster/share/joint_state_broadcaster/hook/ld_library_path_lib.sh'
[93.787s] Level 1:colcon.colcon_core.environment:checking '/home/farah/ws_farah/install/joint_state_broadcaster/bin'
[93.787s] Level 1:colcon.colcon_core.environment:checking '/home/farah/ws_farah/install/joint_state_broadcaster/lib/pkgconfig/joint_state_broadcaster.pc'
[93.788s] Level 1:colcon.colcon_core.environment:checking '/home/farah/ws_farah/install/joint_state_broadcaster/lib/python3.10/site-packages'
[93.788s] Level 1:colcon.colcon_core.environment:checking '/home/farah/ws_farah/install/joint_state_broadcaster/bin'
[93.788s] INFO:colcon.colcon_core.shell:Creating package script '/home/farah/ws_farah/install/joint_state_broadcaster/share/joint_state_broadcaster/package.ps1'
[93.789s] INFO:colcon.colcon_core.shell:Creating package descriptor '/home/farah/ws_farah/install/joint_state_broadcaster/share/joint_state_broadcaster/package.dsv'
[93.789s] INFO:colcon.colcon_core.shell:Creating package script '/home/farah/ws_farah/install/joint_state_broadcaster/share/joint_state_broadcaster/package.sh'
[93.789s] INFO:colcon.colcon_core.shell:Creating package script '/home/farah/ws_farah/install/joint_state_broadcaster/share/joint_state_broadcaster/package.bash'
[93.790s] INFO:colcon.colcon_core.shell:Creating package script '/home/farah/ws_farah/install/joint_state_broadcaster/share/joint_state_broadcaster/package.zsh'
[93.790s] Level 1:colcon.colcon_core.environment:create_file_with_runtime_dependencies(/home/farah/ws_farah/install/joint_state_broadcaster/share/colcon-core/packages/joint_state_broadcaster)
[93.790s] INFO:colcon.colcon_ros.task.ament_cmake.build:Building ROS package in '/home/farah/ws_farah/src/ros2_control_demos/ros2_control_demo_description' with build type 'ament_cmake'
[93.790s] INFO:colcon.colcon_cmake.task.cmake.build:Building CMake package in '/home/farah/ws_farah/src/ros2_control_demos/ros2_control_demo_description'
[93.791s] INFO:colcon.colcon_core.shell:Skip shell extension 'powershell' for command environment: Not usable outside of PowerShell
[93.791s] DEBUG:colcon.colcon_core.shell:Skip shell extension 'dsv' for command environment
[93.800s] DEBUG:colcon.colcon_core.event_handler.log_command:Invoking command in '/home/farah/ws_farah/build/ros2_control_demo_description': CMAKE_PREFIX_PATH=${CMAKE_PREFIX_PATH}:/home/farah/ws_farah/install/temp_teleop:/home/farah/ws_farah/install/rqt_joint_trajectory_controller:/home/farah/ws_farah/install/rqt_controller_manager:/home/farah/ws_farah/install/ros2controlcli:/home/farah/ws_farah/install/ros2_controllers_test_nodes:/opt/ros/humble /usr/bin/cmake /home/farah/ws_farah/src/ros2_control_demos/ros2_control_demo_description -DCMAKE_INSTALL_PREFIX=/home/farah/ws_farah/install/ros2_control_demo_description
[94.528s] DEBUG:colcon.colcon_core.event_handler.log_command:Invoked command in '/home/farah/ws_farah/build/ros2_control_demo_description' returned '0': CMAKE_PREFIX_PATH=${CMAKE_PREFIX_PATH}:/home/farah/ws_farah/install/temp_teleop:/home/farah/ws_farah/install/rqt_joint_trajectory_controller:/home/farah/ws_farah/install/rqt_controller_manager:/home/farah/ws_farah/install/ros2controlcli:/home/farah/ws_farah/install/ros2_controllers_test_nodes:/opt/ros/humble /usr/bin/cmake /home/farah/ws_farah/src/ros2_control_demos/ros2_control_demo_description -DCMAKE_INSTALL_PREFIX=/home/farah/ws_farah/install/ros2_control_demo_description
[94.529s] DEBUG:colcon.colcon_core.event_handler.log_command:Invoking command in '/home/farah/ws_farah/build/ros2_control_demo_description': CMAKE_PREFIX_PATH=${CMAKE_PREFIX_PATH}:/home/farah/ws_farah/install/temp_teleop:/home/farah/ws_farah/install/rqt_joint_trajectory_controller:/home/farah/ws_farah/install/rqt_controller_manager:/home/farah/ws_farah/install/ros2controlcli:/home/farah/ws_farah/install/ros2_controllers_test_nodes:/opt/ros/humble /usr/bin/cmake --build /home/farah/ws_farah/build/ros2_control_demo_description -- -j8 -l8
[94.562s] DEBUG:colcon.colcon_core.event_handler.log_command:Invoked command in '/home/farah/ws_farah/build/ros2_control_demo_description' returned '0': CMAKE_PREFIX_PATH=${CMAKE_PREFIX_PATH}:/home/farah/ws_farah/install/temp_teleop:/home/farah/ws_farah/install/rqt_joint_trajectory_controller:/home/farah/ws_farah/install/rqt_controller_manager:/home/farah/ws_farah/install/ros2controlcli:/home/farah/ws_farah/install/ros2_controllers_test_nodes:/opt/ros/humble /usr/bin/cmake --build /home/farah/ws_farah/build/ros2_control_demo_description -- -j8 -l8
[94.564s] DEBUG:colcon.colcon_core.event_handler.log_command:Invoking command in '/home/farah/ws_farah/build/ros2_control_demo_description': CMAKE_PREFIX_PATH=${CMAKE_PREFIX_PATH}:/home/farah/ws_farah/install/temp_teleop:/home/farah/ws_farah/install/rqt_joint_trajectory_controller:/home/farah/ws_farah/install/rqt_controller_manager:/home/farah/ws_farah/install/ros2controlcli:/home/farah/ws_farah/install/ros2_controllers_test_nodes:/opt/ros/humble /usr/bin/cmake --install /home/farah/ws_farah/build/ros2_control_demo_description
[94.601s] Level 1:colcon.colcon_core.environment:create_environment_scripts_only(ros2_control_demo_description)
[94.602s] Level 1:colcon.colcon_core.environment:checking '/home/farah/ws_farah/install/ros2_control_demo_description' for CMake module files
[94.602s] DEBUG:colcon.colcon_core.event_handler.log_command:Invoked command in '/home/farah/ws_farah/build/ros2_control_demo_description' returned '0': CMAKE_PREFIX_PATH=${CMAKE_PREFIX_PATH}:/home/farah/ws_farah/install/temp_teleop:/home/farah/ws_farah/install/rqt_joint_trajectory_controller:/home/farah/ws_farah/install/rqt_controller_manager:/home/farah/ws_farah/install/ros2controlcli:/home/farah/ws_farah/install/ros2_controllers_test_nodes:/opt/ros/humble /usr/bin/cmake --install /home/farah/ws_farah/build/ros2_control_demo_description
[94.602s] Level 1:colcon.colcon_core.environment:checking '/home/farah/ws_farah/install/ros2_control_demo_description' for CMake config files
[94.602s] Level 1:colcon.colcon_core.shell:create_environment_hook('ros2_control_demo_description', 'cmake_prefix_path')
[94.602s] INFO:colcon.colcon_core.shell:Creating environment hook '/home/farah/ws_farah/install/ros2_control_demo_description/share/ros2_control_demo_description/hook/cmake_prefix_path.ps1'
[94.603s] INFO:colcon.colcon_core.shell:Creating environment descriptor '/home/farah/ws_farah/install/ros2_control_demo_description/share/ros2_control_demo_description/hook/cmake_prefix_path.dsv'
[94.603s] INFO:colcon.colcon_core.shell:Creating environment hook '/home/farah/ws_farah/install/ros2_control_demo_description/share/ros2_control_demo_description/hook/cmake_prefix_path.sh'
[94.604s] Level 1:colcon.colcon_core.environment:checking '/home/farah/ws_farah/install/ros2_control_demo_description/bin'
[94.604s] Level 1:colcon.colcon_core.environment:checking '/home/farah/ws_farah/install/ros2_control_demo_description/lib/pkgconfig/ros2_control_demo_description.pc'
[94.604s] Level 1:colcon.colcon_core.environment:checking '/home/farah/ws_farah/install/ros2_control_demo_description/lib/python3.10/site-packages'
[94.604s] Level 1:colcon.colcon_core.environment:checking '/home/farah/ws_farah/install/ros2_control_demo_description/bin'
[94.604s] INFO:colcon.colcon_core.shell:Creating package script '/home/farah/ws_farah/install/ros2_control_demo_description/share/ros2_control_demo_description/package.ps1'
[94.605s] INFO:colcon.colcon_core.shell:Creating package descriptor '/home/farah/ws_farah/install/ros2_control_demo_description/share/ros2_control_demo_description/package.dsv'
[94.605s] INFO:colcon.colcon_core.shell:Creating package script '/home/farah/ws_farah/install/ros2_control_demo_description/share/ros2_control_demo_description/package.sh'
[94.605s] INFO:colcon.colcon_core.shell:Creating package script '/home/farah/ws_farah/install/ros2_control_demo_description/share/ros2_control_demo_description/package.bash'
[94.606s] INFO:colcon.colcon_core.shell:Creating package script '/home/farah/ws_farah/install/ros2_control_demo_description/share/ros2_control_demo_description/package.zsh'
[94.606s] Level 1:colcon.colcon_core.environment:create_file_with_runtime_dependencies(/home/farah/ws_farah/install/ros2_control_demo_description/share/colcon-core/packages/ros2_control_demo_description)
[94.606s] Level 1:colcon.colcon_core.environment:create_environment_scripts_only(ros2_control_demo_description)
[94.607s] Level 1:colcon.colcon_core.environment:checking '/home/farah/ws_farah/install/ros2_control_demo_description' for CMake module files
[94.607s] Level 1:colcon.colcon_core.environment:checking '/home/farah/ws_farah/install/ros2_control_demo_description' for CMake config files
[94.607s] Level 1:colcon.colcon_core.shell:create_environment_hook('ros2_control_demo_description', 'cmake_prefix_path')
[94.607s] INFO:colcon.colcon_core.shell:Creating environment hook '/home/farah/ws_farah/install/ros2_control_demo_description/share/ros2_control_demo_description/hook/cmake_prefix_path.ps1'
[94.608s] INFO:colcon.colcon_core.shell:Creating environment descriptor '/home/farah/ws_farah/install/ros2_control_demo_description/share/ros2_control_demo_description/hook/cmake_prefix_path.dsv'
[94.608s] INFO:colcon.colcon_core.shell:Creating environment hook '/home/farah/ws_farah/install/ros2_control_demo_description/share/ros2_control_demo_description/hook/cmake_prefix_path.sh'
[94.608s] Level 1:colcon.colcon_core.environment:checking '/home/farah/ws_farah/install/ros2_control_demo_description/bin'
[94.608s] Level 1:colcon.colcon_core.environment:checking '/home/farah/ws_farah/install/ros2_control_demo_description/lib/pkgconfig/ros2_control_demo_description.pc'
[94.608s] Level 1:colcon.colcon_core.environment:checking '/home/farah/ws_farah/install/ros2_control_demo_description/lib/python3.10/site-packages'
[94.609s] Level 1:colcon.colcon_core.environment:checking '/home/farah/ws_farah/install/ros2_control_demo_description/bin'
[94.609s] INFO:colcon.colcon_core.shell:Creating package script '/home/farah/ws_farah/install/ros2_control_demo_description/share/ros2_control_demo_description/package.ps1'
[94.609s] INFO:colcon.colcon_core.shell:Creating package descriptor '/home/farah/ws_farah/install/ros2_control_demo_description/share/ros2_control_demo_description/package.dsv'
[94.610s] INFO:colcon.colcon_core.shell:Creating package script '/home/farah/ws_farah/install/ros2_control_demo_description/share/ros2_control_demo_description/package.sh'
[94.610s] INFO:colcon.colcon_core.shell:Creating package script '/home/farah/ws_farah/install/ros2_control_demo_description/share/ros2_control_demo_description/package.bash'
[94.610s] INFO:colcon.colcon_core.shell:Creating package script '/home/farah/ws_farah/install/ros2_control_demo_description/share/ros2_control_demo_description/package.zsh'
[94.611s] Level 1:colcon.colcon_core.environment:create_file_with_runtime_dependencies(/home/farah/ws_farah/install/ros2_control_demo_description/share/colcon-core/packages/ros2_control_demo_description)
[94.611s] INFO:colcon.colcon_ros.task.ament_python.build:Building ROS package in '/home/farah/ws_farah/src/ros2_controllers/ros2_controllers_test_nodes' with build type 'ament_python'
[94.611s] Level 1:colcon.colcon_core.shell:create_environment_hook('ros2_controllers_test_nodes', 'ament_prefix_path')
[94.611s] INFO:colcon.colcon_core.shell:Creating environment hook '/home/farah/ws_farah/install/ros2_controllers_test_nodes/share/ros2_controllers_test_nodes/hook/ament_prefix_path.ps1'
[94.612s] INFO:colcon.colcon_core.shell:Creating environment descriptor '/home/farah/ws_farah/install/ros2_controllers_test_nodes/share/ros2_controllers_test_nodes/hook/ament_prefix_path.dsv'
[94.612s] INFO:colcon.colcon_core.shell:Creating environment hook '/home/farah/ws_farah/install/ros2_controllers_test_nodes/share/ros2_controllers_test_nodes/hook/ament_prefix_path.sh'
[94.613s] INFO:colcon.colcon_core.shell:Skip shell extension 'powershell' for command environment: Not usable outside of PowerShell
[94.613s] DEBUG:colcon.colcon_core.shell:Skip shell extension 'dsv' for command environment
[94.943s] INFO:colcon.colcon_core.task.python.build:Building Python package in '/home/farah/ws_farah/src/ros2_controllers/ros2_controllers_test_nodes'
[94.943s] INFO:colcon.colcon_core.shell:Skip shell extension 'powershell' for command environment: Not usable outside of PowerShell
[94.943s] DEBUG:colcon.colcon_core.shell:Skip shell extension 'dsv' for command environment
[95.666s] DEBUG:colcon.colcon_core.event_handler.log_command:Invoking command in '/home/farah/ws_farah/src/ros2_controllers/ros2_controllers_test_nodes': PYTHONPATH=/home/farah/ws_farah/build/ros2_controllers_test_nodes/prefix_override:/usr/lib/python3/dist-packages/colcon_core/task/python/colcon_distutils_commands:/home/farah/ws_farah/install/ros2_controllers_test_nodes/lib/python3.10/site-packages:${PYTHONPATH} /usr/bin/python3 -W ignore:setup.py install is deprecated -W ignore:easy_install command is deprecated setup.py egg_info --egg-base ../../../build/ros2_controllers_test_nodes build --build-base /home/farah/ws_farah/build/ros2_controllers_test_nodes/build install --record /home/farah/ws_farah/build/ros2_controllers_test_nodes/install.log --single-version-externally-managed install_data
[96.204s] Level 1:colcon.colcon_core.environment:checking '/home/farah/ws_farah/install/ros2_controllers_test_nodes' for CMake module files
[96.204s] DEBUG:colcon.colcon_core.event_handler.log_command:Invoked command in '/home/farah/ws_farah/src/ros2_controllers/ros2_controllers_test_nodes' returned '0': PYTHONPATH=/home/farah/ws_farah/build/ros2_controllers_test_nodes/prefix_override:/usr/lib/python3/dist-packages/colcon_core/task/python/colcon_distutils_commands:/home/farah/ws_farah/install/ros2_controllers_test_nodes/lib/python3.10/site-packages:${PYTHONPATH} /usr/bin/python3 -W ignore:setup.py install is deprecated -W ignore:easy_install command is deprecated setup.py egg_info --egg-base ../../../build/ros2_controllers_test_nodes build --build-base /home/farah/ws_farah/build/ros2_controllers_test_nodes/build install --record /home/farah/ws_farah/build/ros2_controllers_test_nodes/install.log --single-version-externally-managed install_data
[96.205s] Level 1:colcon.colcon_core.environment:checking '/home/farah/ws_farah/install/ros2_controllers_test_nodes' for CMake config files
[96.205s] Level 1:colcon.colcon_core.environment:checking '/home/farah/ws_farah/install/ros2_controllers_test_nodes/lib'
[96.205s] Level 1:colcon.colcon_core.environment:checking '/home/farah/ws_farah/install/ros2_controllers_test_nodes/bin'
[96.205s] Level 1:colcon.colcon_core.environment:checking '/home/farah/ws_farah/install/ros2_controllers_test_nodes/lib/pkgconfig/ros2_controllers_test_nodes.pc'
[96.205s] Level 1:colcon.colcon_core.environment:checking '/home/farah/ws_farah/install/ros2_controllers_test_nodes/lib/python3.10/site-packages'
[96.206s] Level 1:colcon.colcon_core.shell:create_environment_hook('ros2_controllers_test_nodes', 'pythonpath')
[96.206s] INFO:colcon.colcon_core.shell:Creating environment hook '/home/farah/ws_farah/install/ros2_controllers_test_nodes/share/ros2_controllers_test_nodes/hook/pythonpath.ps1'
[96.206s] INFO:colcon.colcon_core.shell:Creating environment descriptor '/home/farah/ws_farah/install/ros2_controllers_test_nodes/share/ros2_controllers_test_nodes/hook/pythonpath.dsv'
[96.206s] INFO:colcon.colcon_core.shell:Creating environment hook '/home/farah/ws_farah/install/ros2_controllers_test_nodes/share/ros2_controllers_test_nodes/hook/pythonpath.sh'
[96.207s] Level 1:colcon.colcon_core.environment:checking '/home/farah/ws_farah/install/ros2_controllers_test_nodes/bin'
[96.207s] Level 1:colcon.colcon_core.environment:create_environment_scripts_only(ros2_controllers_test_nodes)
[96.207s] INFO:colcon.colcon_core.shell:Creating package script '/home/farah/ws_farah/install/ros2_controllers_test_nodes/share/ros2_controllers_test_nodes/package.ps1'
[96.207s] INFO:colcon.colcon_core.shell:Creating package descriptor '/home/farah/ws_farah/install/ros2_controllers_test_nodes/share/ros2_controllers_test_nodes/package.dsv'
[96.208s] INFO:colcon.colcon_core.shell:Creating package script '/home/farah/ws_farah/install/ros2_controllers_test_nodes/share/ros2_controllers_test_nodes/package.sh'
[96.208s] INFO:colcon.colcon_core.shell:Creating package script '/home/farah/ws_farah/install/ros2_controllers_test_nodes/share/ros2_controllers_test_nodes/package.bash'
[96.209s] INFO:colcon.colcon_core.shell:Creating package script '/home/farah/ws_farah/install/ros2_controllers_test_nodes/share/ros2_controllers_test_nodes/package.zsh'
[96.209s] Level 1:colcon.colcon_core.environment:create_file_with_runtime_dependencies(/home/farah/ws_farah/install/ros2_controllers_test_nodes/share/colcon-core/packages/ros2_controllers_test_nodes)
[96.209s] INFO:colcon.colcon_ros.task.ament_cmake.build:Building ROS package in '/home/farah/ws_farah/src/ros2_controllers/force_torque_sensor_broadcaster' with build type 'ament_cmake'
[96.209s] INFO:colcon.colcon_cmake.task.cmake.build:Building CMake package in '/home/farah/ws_farah/src/ros2_controllers/force_torque_sensor_broadcaster'
[96.210s] INFO:colcon.colcon_core.shell:Skip shell extension 'powershell' for command environment: Not usable outside of PowerShell
[96.210s] DEBUG:colcon.colcon_core.shell:Skip shell extension 'dsv' for command environment
[96.224s] DEBUG:colcon.colcon_core.event_handler.log_command:Invoking command in '/home/farah/ws_farah/build/force_torque_sensor_broadcaster': CMAKE_PREFIX_PATH=/home/farah/ws_farah/install/hardware_interface_testing:/home/farah/ws_farah/install/controller_interface:/home/farah/ws_farah/install/hardware_interface:/home/farah/ws_farah/install/ros2_control_test_assets:/home/farah/ws_farah/install/libserial_vendor:/home/farah/ws_farah/install/ros2_controllers:/home/farah/ws_farah/install/ros2_control_demos:/home/farah/ws_farah/install/ros2_control_demo_example_3:/home/farah/ws_farah/install/velocity_controllers:/home/farah/ws_farah/install/tricycle_steering_controller:/home/farah/ws_farah/install/tricycle_controller:/home/farah/ws_farah/install/ros2_control_demo_example_8:/home/farah/ws_farah/install/ros2_control:/home/farah/ws_farah/install/transmission_interface:/home/farah/ws_farah/install/ros2_control_demo_example_11:/home/farah/ws_farah/install/bicycle_steering_controller:/home/farah/ws_farah/install/ackermann_steering_controller:/home/farah/ws_farah/install/steering_controllers_library:/home/farah/ws_farah/install/ros2_control_demo_example_15:/home/farah/ws_farah/install/ros2_control_demo_example_1:/home/farah/ws_farah/install/ros2_control_demo_example_9:/home/farah/ws_farah/install/ros2_control_demo_example_7:/home/farah/ws_farah/install/ros2_control_demo_example_6:/home/farah/ws_farah/install/ros2_control_demo_example_13:/home/farah/ws_farah/install/ros2_control_demo_example_5:/home/farah/ws_farah/install/ros2_control_demo_example_4:/home/farah/ws_farah/install/ros2_control_demo_example_2:/home/farah/ws_farah/install/ros2_control_demo_example_14:/home/farah/ws_farah/install/ros2_control_demo_example_12:/home/farah/ws_farah/install/ros2_control_demo_example_10:/home/farah/ws_farah/install/ros2_control_demo_description:/home/farah/ws_farah/install/range_sensor_broadcaster:/home/farah/ws_farah/install/race_it:/home/farah/ws_farah/install/position_controllers:/home/farah/ws_farah/install/pose_broadcaster:/home/farah/ws_farah/install/pid_controller:/home/farah/ws_farah/install/mecanum_drive_controller:/home/farah/ws_farah/install/joint_trajectory_controller:/home/farah/ws_farah/install/joint_state_broadcaster:/home/farah/ws_farah/install/joint_limits:/home/farah/ws_farah/install/imu_sensor_broadcaster:/home/farah/ws_farah/install/gripper_controllers:/home/farah/ws_farah/install/gpio_controllers:/home/farah/ws_farah/install/effort_controllers:/home/farah/ws_farah/install/forward_command_controller:/home/farah/ws_farah/install/force_torque_sensor_broadcaster:/home/farah/ws_farah/install/diff_drive_controller:/home/farah/ws_farah/install/admittance_controller:/home/farah/ws_farah/install/controller_manager_msgs:/home/farah/ws_farah/install/temp_teleop:/home/farah/ws_farah/install/rqt_joint_trajectory_controller:/home/farah/ws_farah/install/rqt_controller_manager:/home/farah/ws_farah/install/ros2controlcli:/home/farah/ws_farah/install/ros2_controllers_test_nodes:/opt/ros/humble LD_LIBRARY_PATH=/home/farah/ws_farah/install/hardware_interface_testing/lib:/home/farah/ws_farah/install/controller_interface/lib:/home/farah/ws_farah/install/hardware_interface/lib:/home/farah/ws_farah/install/libserial_vendor/lib:/home/farah/ws_farah/install/race_it/lib:/home/farah/ws_farah/install/ros2_control_demo_example_3/lib:/home/farah/ws_farah/install/velocity_controllers/lib:/home/farah/ws_farah/install/tricycle_steering_controller/lib:/home/farah/ws_farah/install/tricycle_controller/lib:/home/farah/ws_farah/install/ros2_control_demo_example_8/lib:/home/farah/ws_farah/install/transmission_interface/lib:/home/farah/ws_farah/install/ros2_control_demo_example_11/lib:/home/farah/ws_farah/install/bicycle_steering_controller/lib:/home/farah/ws_farah/install/ackermann_steering_controller/lib:/home/farah/ws_farah/install/steering_controllers_library/lib:/home/farah/ws_farah/install/ros2_control_demo_example_1/lib:/home/farah/ws_farah/install/ros2_control_demo_example_9/lib:/home/farah/ws_farah/install/ros2_control_demo_example_7/lib:/home/farah/ws_farah/install/ros2_control_demo_example_6/lib:/home/farah/ws_farah/install/ros2_control_demo_example_5/lib:/home/farah/ws_farah/install/ros2_control_demo_example_4/lib:/home/farah/ws_farah/install/ros2_control_demo_example_2/lib:/home/farah/ws_farah/install/ros2_control_demo_example_14/lib:/home/farah/ws_farah/install/ros2_control_demo_example_12/lib:/home/farah/ws_farah/install/ros2_control_demo_example_10/lib:/home/farah/ws_farah/install/range_sensor_broadcaster/lib:/home/farah/ws_farah/install/position_controllers/lib:/home/farah/ws_farah/install/pose_broadcaster/lib:/home/farah/ws_farah/install/pid_controller/lib:/home/farah/ws_farah/install/mecanum_drive_controller/lib:/home/farah/ws_farah/install/joint_trajectory_controller/lib:/home/farah/ws_farah/install/joint_state_broadcaster/lib:/home/farah/ws_farah/install/joint_limits/lib:/home/farah/ws_farah/install/imu_sensor_broadcaster/lib:/home/farah/ws_farah/install/gripper_controllers/lib:/home/farah/ws_farah/install/gpio_controllers/lib:/home/farah/ws_farah/install/effort_controllers/lib:/home/farah/ws_farah/install/forward_command_controller/lib:/home/farah/ws_farah/install/force_torque_sensor_broadcaster/lib:/home/farah/ws_farah/install/diff_drive_controller/lib:/home/farah/ws_farah/install/admittance_controller/lib:/home/farah/ws_farah/install/controller_manager_msgs/lib:/usr/lib/x86_64-linux-gnu/gazebo-11/plugins:/opt/ros/humble/opt/rviz_ogre_vendor/lib:/opt/ros/humble/lib/x86_64-linux-gnu:/opt/ros/humble/lib /usr/bin/cmake /home/farah/ws_farah/src/ros2_controllers/force_torque_sensor_broadcaster -DCMAKE_INSTALL_PREFIX=/home/farah/ws_farah/install/force_torque_sensor_broadcaster
[97.851s] DEBUG:colcon.colcon_core.event_handler.log_command:Invoked command in '/home/farah/ws_farah/build/force_torque_sensor_broadcaster' returned '0': CMAKE_PREFIX_PATH=/home/farah/ws_farah/install/hardware_interface_testing:/home/farah/ws_farah/install/controller_interface:/home/farah/ws_farah/install/hardware_interface:/home/farah/ws_farah/install/ros2_control_test_assets:/home/farah/ws_farah/install/libserial_vendor:/home/farah/ws_farah/install/ros2_controllers:/home/farah/ws_farah/install/ros2_control_demos:/home/farah/ws_farah/install/ros2_control_demo_example_3:/home/farah/ws_farah/install/velocity_controllers:/home/farah/ws_farah/install/tricycle_steering_controller:/home/farah/ws_farah/install/tricycle_controller:/home/farah/ws_farah/install/ros2_control_demo_example_8:/home/farah/ws_farah/install/ros2_control:/home/farah/ws_farah/install/transmission_interface:/home/farah/ws_farah/install/ros2_control_demo_example_11:/home/farah/ws_farah/install/bicycle_steering_controller:/home/farah/ws_farah/install/ackermann_steering_controller:/home/farah/ws_farah/install/steering_controllers_library:/home/farah/ws_farah/install/ros2_control_demo_example_15:/home/farah/ws_farah/install/ros2_control_demo_example_1:/home/farah/ws_farah/install/ros2_control_demo_example_9:/home/farah/ws_farah/install/ros2_control_demo_example_7:/home/farah/ws_farah/install/ros2_control_demo_example_6:/home/farah/ws_farah/install/ros2_control_demo_example_13:/home/farah/ws_farah/install/ros2_control_demo_example_5:/home/farah/ws_farah/install/ros2_control_demo_example_4:/home/farah/ws_farah/install/ros2_control_demo_example_2:/home/farah/ws_farah/install/ros2_control_demo_example_14:/home/farah/ws_farah/install/ros2_control_demo_example_12:/home/farah/ws_farah/install/ros2_control_demo_example_10:/home/farah/ws_farah/install/ros2_control_demo_description:/home/farah/ws_farah/install/range_sensor_broadcaster:/home/farah/ws_farah/install/race_it:/home/farah/ws_farah/install/position_controllers:/home/farah/ws_farah/install/pose_broadcaster:/home/farah/ws_farah/install/pid_controller:/home/farah/ws_farah/install/mecanum_drive_controller:/home/farah/ws_farah/install/joint_trajectory_controller:/home/farah/ws_farah/install/joint_state_broadcaster:/home/farah/ws_farah/install/joint_limits:/home/farah/ws_farah/install/imu_sensor_broadcaster:/home/farah/ws_farah/install/gripper_controllers:/home/farah/ws_farah/install/gpio_controllers:/home/farah/ws_farah/install/effort_controllers:/home/farah/ws_farah/install/forward_command_controller:/home/farah/ws_farah/install/force_torque_sensor_broadcaster:/home/farah/ws_farah/install/diff_drive_controller:/home/farah/ws_farah/install/admittance_controller:/home/farah/ws_farah/install/controller_manager_msgs:/home/farah/ws_farah/install/temp_teleop:/home/farah/ws_farah/install/rqt_joint_trajectory_controller:/home/farah/ws_farah/install/rqt_controller_manager:/home/farah/ws_farah/install/ros2controlcli:/home/farah/ws_farah/install/ros2_controllers_test_nodes:/opt/ros/humble LD_LIBRARY_PATH=/home/farah/ws_farah/install/hardware_interface_testing/lib:/home/farah/ws_farah/install/controller_interface/lib:/home/farah/ws_farah/install/hardware_interface/lib:/home/farah/ws_farah/install/libserial_vendor/lib:/home/farah/ws_farah/install/race_it/lib:/home/farah/ws_farah/install/ros2_control_demo_example_3/lib:/home/farah/ws_farah/install/velocity_controllers/lib:/home/farah/ws_farah/install/tricycle_steering_controller/lib:/home/farah/ws_farah/install/tricycle_controller/lib:/home/farah/ws_farah/install/ros2_control_demo_example_8/lib:/home/farah/ws_farah/install/transmission_interface/lib:/home/farah/ws_farah/install/ros2_control_demo_example_11/lib:/home/farah/ws_farah/install/bicycle_steering_controller/lib:/home/farah/ws_farah/install/ackermann_steering_controller/lib:/home/farah/ws_farah/install/steering_controllers_library/lib:/home/farah/ws_farah/install/ros2_control_demo_example_1/lib:/home/farah/ws_farah/install/ros2_control_demo_example_9/lib:/home/farah/ws_farah/install/ros2_control_demo_example_7/lib:/home/farah/ws_farah/install/ros2_control_demo_example_6/lib:/home/farah/ws_farah/install/ros2_control_demo_example_5/lib:/home/farah/ws_farah/install/ros2_control_demo_example_4/lib:/home/farah/ws_farah/install/ros2_control_demo_example_2/lib:/home/farah/ws_farah/install/ros2_control_demo_example_14/lib:/home/farah/ws_farah/install/ros2_control_demo_example_12/lib:/home/farah/ws_farah/install/ros2_control_demo_example_10/lib:/home/farah/ws_farah/install/range_sensor_broadcaster/lib:/home/farah/ws_farah/install/position_controllers/lib:/home/farah/ws_farah/install/pose_broadcaster/lib:/home/farah/ws_farah/install/pid_controller/lib:/home/farah/ws_farah/install/mecanum_drive_controller/lib:/home/farah/ws_farah/install/joint_trajectory_controller/lib:/home/farah/ws_farah/install/joint_state_broadcaster/lib:/home/farah/ws_farah/install/joint_limits/lib:/home/farah/ws_farah/install/imu_sensor_broadcaster/lib:/home/farah/ws_farah/install/gripper_controllers/lib:/home/farah/ws_farah/install/gpio_controllers/lib:/home/farah/ws_farah/install/effort_controllers/lib:/home/farah/ws_farah/install/forward_command_controller/lib:/home/farah/ws_farah/install/force_torque_sensor_broadcaster/lib:/home/farah/ws_farah/install/diff_drive_controller/lib:/home/farah/ws_farah/install/admittance_controller/lib:/home/farah/ws_farah/install/controller_manager_msgs/lib:/usr/lib/x86_64-linux-gnu/gazebo-11/plugins:/opt/ros/humble/opt/rviz_ogre_vendor/lib:/opt/ros/humble/lib/x86_64-linux-gnu:/opt/ros/humble/lib /usr/bin/cmake /home/farah/ws_farah/src/ros2_controllers/force_torque_sensor_broadcaster -DCMAKE_INSTALL_PREFIX=/home/farah/ws_farah/install/force_torque_sensor_broadcaster
[97.853s] DEBUG:colcon.colcon_core.event_handler.log_command:Invoking command in '/home/farah/ws_farah/build/force_torque_sensor_broadcaster': CMAKE_PREFIX_PATH=/home/farah/ws_farah/install/hardware_interface_testing:/home/farah/ws_farah/install/controller_interface:/home/farah/ws_farah/install/hardware_interface:/home/farah/ws_farah/install/ros2_control_test_assets:/home/farah/ws_farah/install/libserial_vendor:/home/farah/ws_farah/install/ros2_controllers:/home/farah/ws_farah/install/ros2_control_demos:/home/farah/ws_farah/install/ros2_control_demo_example_3:/home/farah/ws_farah/install/velocity_controllers:/home/farah/ws_farah/install/tricycle_steering_controller:/home/farah/ws_farah/install/tricycle_controller:/home/farah/ws_farah/install/ros2_control_demo_example_8:/home/farah/ws_farah/install/ros2_control:/home/farah/ws_farah/install/transmission_interface:/home/farah/ws_farah/install/ros2_control_demo_example_11:/home/farah/ws_farah/install/bicycle_steering_controller:/home/farah/ws_farah/install/ackermann_steering_controller:/home/farah/ws_farah/install/steering_controllers_library:/home/farah/ws_farah/install/ros2_control_demo_example_15:/home/farah/ws_farah/install/ros2_control_demo_example_1:/home/farah/ws_farah/install/ros2_control_demo_example_9:/home/farah/ws_farah/install/ros2_control_demo_example_7:/home/farah/ws_farah/install/ros2_control_demo_example_6:/home/farah/ws_farah/install/ros2_control_demo_example_13:/home/farah/ws_farah/install/ros2_control_demo_example_5:/home/farah/ws_farah/install/ros2_control_demo_example_4:/home/farah/ws_farah/install/ros2_control_demo_example_2:/home/farah/ws_farah/install/ros2_control_demo_example_14:/home/farah/ws_farah/install/ros2_control_demo_example_12:/home/farah/ws_farah/install/ros2_control_demo_example_10:/home/farah/ws_farah/install/ros2_control_demo_description:/home/farah/ws_farah/install/range_sensor_broadcaster:/home/farah/ws_farah/install/race_it:/home/farah/ws_farah/install/position_controllers:/home/farah/ws_farah/install/pose_broadcaster:/home/farah/ws_farah/install/pid_controller:/home/farah/ws_farah/install/mecanum_drive_controller:/home/farah/ws_farah/install/joint_trajectory_controller:/home/farah/ws_farah/install/joint_state_broadcaster:/home/farah/ws_farah/install/joint_limits:/home/farah/ws_farah/install/imu_sensor_broadcaster:/home/farah/ws_farah/install/gripper_controllers:/home/farah/ws_farah/install/gpio_controllers:/home/farah/ws_farah/install/effort_controllers:/home/farah/ws_farah/install/forward_command_controller:/home/farah/ws_farah/install/force_torque_sensor_broadcaster:/home/farah/ws_farah/install/diff_drive_controller:/home/farah/ws_farah/install/admittance_controller:/home/farah/ws_farah/install/controller_manager_msgs:/home/farah/ws_farah/install/temp_teleop:/home/farah/ws_farah/install/rqt_joint_trajectory_controller:/home/farah/ws_farah/install/rqt_controller_manager:/home/farah/ws_farah/install/ros2controlcli:/home/farah/ws_farah/install/ros2_controllers_test_nodes:/opt/ros/humble LD_LIBRARY_PATH=/home/farah/ws_farah/install/hardware_interface_testing/lib:/home/farah/ws_farah/install/controller_interface/lib:/home/farah/ws_farah/install/hardware_interface/lib:/home/farah/ws_farah/install/libserial_vendor/lib:/home/farah/ws_farah/install/race_it/lib:/home/farah/ws_farah/install/ros2_control_demo_example_3/lib:/home/farah/ws_farah/install/velocity_controllers/lib:/home/farah/ws_farah/install/tricycle_steering_controller/lib:/home/farah/ws_farah/install/tricycle_controller/lib:/home/farah/ws_farah/install/ros2_control_demo_example_8/lib:/home/farah/ws_farah/install/transmission_interface/lib:/home/farah/ws_farah/install/ros2_control_demo_example_11/lib:/home/farah/ws_farah/install/bicycle_steering_controller/lib:/home/farah/ws_farah/install/ackermann_steering_controller/lib:/home/farah/ws_farah/install/steering_controllers_library/lib:/home/farah/ws_farah/install/ros2_control_demo_example_1/lib:/home/farah/ws_farah/install/ros2_control_demo_example_9/lib:/home/farah/ws_farah/install/ros2_control_demo_example_7/lib:/home/farah/ws_farah/install/ros2_control_demo_example_6/lib:/home/farah/ws_farah/install/ros2_control_demo_example_5/lib:/home/farah/ws_farah/install/ros2_control_demo_example_4/lib:/home/farah/ws_farah/install/ros2_control_demo_example_2/lib:/home/farah/ws_farah/install/ros2_control_demo_example_14/lib:/home/farah/ws_farah/install/ros2_control_demo_example_12/lib:/home/farah/ws_farah/install/ros2_control_demo_example_10/lib:/home/farah/ws_farah/install/range_sensor_broadcaster/lib:/home/farah/ws_farah/install/position_controllers/lib:/home/farah/ws_farah/install/pose_broadcaster/lib:/home/farah/ws_farah/install/pid_controller/lib:/home/farah/ws_farah/install/mecanum_drive_controller/lib:/home/farah/ws_farah/install/joint_trajectory_controller/lib:/home/farah/ws_farah/install/joint_state_broadcaster/lib:/home/farah/ws_farah/install/joint_limits/lib:/home/farah/ws_farah/install/imu_sensor_broadcaster/lib:/home/farah/ws_farah/install/gripper_controllers/lib:/home/farah/ws_farah/install/gpio_controllers/lib:/home/farah/ws_farah/install/effort_controllers/lib:/home/farah/ws_farah/install/forward_command_controller/lib:/home/farah/ws_farah/install/force_torque_sensor_broadcaster/lib:/home/farah/ws_farah/install/diff_drive_controller/lib:/home/farah/ws_farah/install/admittance_controller/lib:/home/farah/ws_farah/install/controller_manager_msgs/lib:/usr/lib/x86_64-linux-gnu/gazebo-11/plugins:/opt/ros/humble/opt/rviz_ogre_vendor/lib:/opt/ros/humble/lib/x86_64-linux-gnu:/opt/ros/humble/lib /usr/bin/cmake --build /home/farah/ws_farah/build/force_torque_sensor_broadcaster -- -j8 -l8
[112.944s] DEBUG:colcon.colcon_core.event_handler.log_command:Invoked command in '/home/farah/ws_farah/build/force_torque_sensor_broadcaster' returned '0': CMAKE_PREFIX_PATH=/home/farah/ws_farah/install/hardware_interface_testing:/home/farah/ws_farah/install/controller_interface:/home/farah/ws_farah/install/hardware_interface:/home/farah/ws_farah/install/ros2_control_test_assets:/home/farah/ws_farah/install/libserial_vendor:/home/farah/ws_farah/install/ros2_controllers:/home/farah/ws_farah/install/ros2_control_demos:/home/farah/ws_farah/install/ros2_control_demo_example_3:/home/farah/ws_farah/install/velocity_controllers:/home/farah/ws_farah/install/tricycle_steering_controller:/home/farah/ws_farah/install/tricycle_controller:/home/farah/ws_farah/install/ros2_control_demo_example_8:/home/farah/ws_farah/install/ros2_control:/home/farah/ws_farah/install/transmission_interface:/home/farah/ws_farah/install/ros2_control_demo_example_11:/home/farah/ws_farah/install/bicycle_steering_controller:/home/farah/ws_farah/install/ackermann_steering_controller:/home/farah/ws_farah/install/steering_controllers_library:/home/farah/ws_farah/install/ros2_control_demo_example_15:/home/farah/ws_farah/install/ros2_control_demo_example_1:/home/farah/ws_farah/install/ros2_control_demo_example_9:/home/farah/ws_farah/install/ros2_control_demo_example_7:/home/farah/ws_farah/install/ros2_control_demo_example_6:/home/farah/ws_farah/install/ros2_control_demo_example_13:/home/farah/ws_farah/install/ros2_control_demo_example_5:/home/farah/ws_farah/install/ros2_control_demo_example_4:/home/farah/ws_farah/install/ros2_control_demo_example_2:/home/farah/ws_farah/install/ros2_control_demo_example_14:/home/farah/ws_farah/install/ros2_control_demo_example_12:/home/farah/ws_farah/install/ros2_control_demo_example_10:/home/farah/ws_farah/install/ros2_control_demo_description:/home/farah/ws_farah/install/range_sensor_broadcaster:/home/farah/ws_farah/install/race_it:/home/farah/ws_farah/install/position_controllers:/home/farah/ws_farah/install/pose_broadcaster:/home/farah/ws_farah/install/pid_controller:/home/farah/ws_farah/install/mecanum_drive_controller:/home/farah/ws_farah/install/joint_trajectory_controller:/home/farah/ws_farah/install/joint_state_broadcaster:/home/farah/ws_farah/install/joint_limits:/home/farah/ws_farah/install/imu_sensor_broadcaster:/home/farah/ws_farah/install/gripper_controllers:/home/farah/ws_farah/install/gpio_controllers:/home/farah/ws_farah/install/effort_controllers:/home/farah/ws_farah/install/forward_command_controller:/home/farah/ws_farah/install/force_torque_sensor_broadcaster:/home/farah/ws_farah/install/diff_drive_controller:/home/farah/ws_farah/install/admittance_controller:/home/farah/ws_farah/install/controller_manager_msgs:/home/farah/ws_farah/install/temp_teleop:/home/farah/ws_farah/install/rqt_joint_trajectory_controller:/home/farah/ws_farah/install/rqt_controller_manager:/home/farah/ws_farah/install/ros2controlcli:/home/farah/ws_farah/install/ros2_controllers_test_nodes:/opt/ros/humble LD_LIBRARY_PATH=/home/farah/ws_farah/install/hardware_interface_testing/lib:/home/farah/ws_farah/install/controller_interface/lib:/home/farah/ws_farah/install/hardware_interface/lib:/home/farah/ws_farah/install/libserial_vendor/lib:/home/farah/ws_farah/install/race_it/lib:/home/farah/ws_farah/install/ros2_control_demo_example_3/lib:/home/farah/ws_farah/install/velocity_controllers/lib:/home/farah/ws_farah/install/tricycle_steering_controller/lib:/home/farah/ws_farah/install/tricycle_controller/lib:/home/farah/ws_farah/install/ros2_control_demo_example_8/lib:/home/farah/ws_farah/install/transmission_interface/lib:/home/farah/ws_farah/install/ros2_control_demo_example_11/lib:/home/farah/ws_farah/install/bicycle_steering_controller/lib:/home/farah/ws_farah/install/ackermann_steering_controller/lib:/home/farah/ws_farah/install/steering_controllers_library/lib:/home/farah/ws_farah/install/ros2_control_demo_example_1/lib:/home/farah/ws_farah/install/ros2_control_demo_example_9/lib:/home/farah/ws_farah/install/ros2_control_demo_example_7/lib:/home/farah/ws_farah/install/ros2_control_demo_example_6/lib:/home/farah/ws_farah/install/ros2_control_demo_example_5/lib:/home/farah/ws_farah/install/ros2_control_demo_example_4/lib:/home/farah/ws_farah/install/ros2_control_demo_example_2/lib:/home/farah/ws_farah/install/ros2_control_demo_example_14/lib:/home/farah/ws_farah/install/ros2_control_demo_example_12/lib:/home/farah/ws_farah/install/ros2_control_demo_example_10/lib:/home/farah/ws_farah/install/range_sensor_broadcaster/lib:/home/farah/ws_farah/install/position_controllers/lib:/home/farah/ws_farah/install/pose_broadcaster/lib:/home/farah/ws_farah/install/pid_controller/lib:/home/farah/ws_farah/install/mecanum_drive_controller/lib:/home/farah/ws_farah/install/joint_trajectory_controller/lib:/home/farah/ws_farah/install/joint_state_broadcaster/lib:/home/farah/ws_farah/install/joint_limits/lib:/home/farah/ws_farah/install/imu_sensor_broadcaster/lib:/home/farah/ws_farah/install/gripper_controllers/lib:/home/farah/ws_farah/install/gpio_controllers/lib:/home/farah/ws_farah/install/effort_controllers/lib:/home/farah/ws_farah/install/forward_command_controller/lib:/home/farah/ws_farah/install/force_torque_sensor_broadcaster/lib:/home/farah/ws_farah/install/diff_drive_controller/lib:/home/farah/ws_farah/install/admittance_controller/lib:/home/farah/ws_farah/install/controller_manager_msgs/lib:/usr/lib/x86_64-linux-gnu/gazebo-11/plugins:/opt/ros/humble/opt/rviz_ogre_vendor/lib:/opt/ros/humble/lib/x86_64-linux-gnu:/opt/ros/humble/lib /usr/bin/cmake --build /home/farah/ws_farah/build/force_torque_sensor_broadcaster -- -j8 -l8
[112.946s] DEBUG:colcon.colcon_core.event_handler.log_command:Invoking command in '/home/farah/ws_farah/build/force_torque_sensor_broadcaster': CMAKE_PREFIX_PATH=/home/farah/ws_farah/install/hardware_interface_testing:/home/farah/ws_farah/install/controller_interface:/home/farah/ws_farah/install/hardware_interface:/home/farah/ws_farah/install/ros2_control_test_assets:/home/farah/ws_farah/install/libserial_vendor:/home/farah/ws_farah/install/ros2_controllers:/home/farah/ws_farah/install/ros2_control_demos:/home/farah/ws_farah/install/ros2_control_demo_example_3:/home/farah/ws_farah/install/velocity_controllers:/home/farah/ws_farah/install/tricycle_steering_controller:/home/farah/ws_farah/install/tricycle_controller:/home/farah/ws_farah/install/ros2_control_demo_example_8:/home/farah/ws_farah/install/ros2_control:/home/farah/ws_farah/install/transmission_interface:/home/farah/ws_farah/install/ros2_control_demo_example_11:/home/farah/ws_farah/install/bicycle_steering_controller:/home/farah/ws_farah/install/ackermann_steering_controller:/home/farah/ws_farah/install/steering_controllers_library:/home/farah/ws_farah/install/ros2_control_demo_example_15:/home/farah/ws_farah/install/ros2_control_demo_example_1:/home/farah/ws_farah/install/ros2_control_demo_example_9:/home/farah/ws_farah/install/ros2_control_demo_example_7:/home/farah/ws_farah/install/ros2_control_demo_example_6:/home/farah/ws_farah/install/ros2_control_demo_example_13:/home/farah/ws_farah/install/ros2_control_demo_example_5:/home/farah/ws_farah/install/ros2_control_demo_example_4:/home/farah/ws_farah/install/ros2_control_demo_example_2:/home/farah/ws_farah/install/ros2_control_demo_example_14:/home/farah/ws_farah/install/ros2_control_demo_example_12:/home/farah/ws_farah/install/ros2_control_demo_example_10:/home/farah/ws_farah/install/ros2_control_demo_description:/home/farah/ws_farah/install/range_sensor_broadcaster:/home/farah/ws_farah/install/race_it:/home/farah/ws_farah/install/position_controllers:/home/farah/ws_farah/install/pose_broadcaster:/home/farah/ws_farah/install/pid_controller:/home/farah/ws_farah/install/mecanum_drive_controller:/home/farah/ws_farah/install/joint_trajectory_controller:/home/farah/ws_farah/install/joint_state_broadcaster:/home/farah/ws_farah/install/joint_limits:/home/farah/ws_farah/install/imu_sensor_broadcaster:/home/farah/ws_farah/install/gripper_controllers:/home/farah/ws_farah/install/gpio_controllers:/home/farah/ws_farah/install/effort_controllers:/home/farah/ws_farah/install/forward_command_controller:/home/farah/ws_farah/install/force_torque_sensor_broadcaster:/home/farah/ws_farah/install/diff_drive_controller:/home/farah/ws_farah/install/admittance_controller:/home/farah/ws_farah/install/controller_manager_msgs:/home/farah/ws_farah/install/temp_teleop:/home/farah/ws_farah/install/rqt_joint_trajectory_controller:/home/farah/ws_farah/install/rqt_controller_manager:/home/farah/ws_farah/install/ros2controlcli:/home/farah/ws_farah/install/ros2_controllers_test_nodes:/opt/ros/humble LD_LIBRARY_PATH=/home/farah/ws_farah/install/hardware_interface_testing/lib:/home/farah/ws_farah/install/controller_interface/lib:/home/farah/ws_farah/install/hardware_interface/lib:/home/farah/ws_farah/install/libserial_vendor/lib:/home/farah/ws_farah/install/race_it/lib:/home/farah/ws_farah/install/ros2_control_demo_example_3/lib:/home/farah/ws_farah/install/velocity_controllers/lib:/home/farah/ws_farah/install/tricycle_steering_controller/lib:/home/farah/ws_farah/install/tricycle_controller/lib:/home/farah/ws_farah/install/ros2_control_demo_example_8/lib:/home/farah/ws_farah/install/transmission_interface/lib:/home/farah/ws_farah/install/ros2_control_demo_example_11/lib:/home/farah/ws_farah/install/bicycle_steering_controller/lib:/home/farah/ws_farah/install/ackermann_steering_controller/lib:/home/farah/ws_farah/install/steering_controllers_library/lib:/home/farah/ws_farah/install/ros2_control_demo_example_1/lib:/home/farah/ws_farah/install/ros2_control_demo_example_9/lib:/home/farah/ws_farah/install/ros2_control_demo_example_7/lib:/home/farah/ws_farah/install/ros2_control_demo_example_6/lib:/home/farah/ws_farah/install/ros2_control_demo_example_5/lib:/home/farah/ws_farah/install/ros2_control_demo_example_4/lib:/home/farah/ws_farah/install/ros2_control_demo_example_2/lib:/home/farah/ws_farah/install/ros2_control_demo_example_14/lib:/home/farah/ws_farah/install/ros2_control_demo_example_12/lib:/home/farah/ws_farah/install/ros2_control_demo_example_10/lib:/home/farah/ws_farah/install/range_sensor_broadcaster/lib:/home/farah/ws_farah/install/position_controllers/lib:/home/farah/ws_farah/install/pose_broadcaster/lib:/home/farah/ws_farah/install/pid_controller/lib:/home/farah/ws_farah/install/mecanum_drive_controller/lib:/home/farah/ws_farah/install/joint_trajectory_controller/lib:/home/farah/ws_farah/install/joint_state_broadcaster/lib:/home/farah/ws_farah/install/joint_limits/lib:/home/farah/ws_farah/install/imu_sensor_broadcaster/lib:/home/farah/ws_farah/install/gripper_controllers/lib:/home/farah/ws_farah/install/gpio_controllers/lib:/home/farah/ws_farah/install/effort_controllers/lib:/home/farah/ws_farah/install/forward_command_controller/lib:/home/farah/ws_farah/install/force_torque_sensor_broadcaster/lib:/home/farah/ws_farah/install/diff_drive_controller/lib:/home/farah/ws_farah/install/admittance_controller/lib:/home/farah/ws_farah/install/controller_manager_msgs/lib:/usr/lib/x86_64-linux-gnu/gazebo-11/plugins:/opt/ros/humble/opt/rviz_ogre_vendor/lib:/opt/ros/humble/lib/x86_64-linux-gnu:/opt/ros/humble/lib /usr/bin/cmake --install /home/farah/ws_farah/build/force_torque_sensor_broadcaster
[112.957s] Level 1:colcon.colcon_core.environment:create_environment_scripts_only(force_torque_sensor_broadcaster)
[112.958s] Level 1:colcon.colcon_core.environment:checking '/home/farah/ws_farah/install/force_torque_sensor_broadcaster' for CMake module files
[112.958s] DEBUG:colcon.colcon_core.event_handler.log_command:Invoked command in '/home/farah/ws_farah/build/force_torque_sensor_broadcaster' returned '0': CMAKE_PREFIX_PATH=/home/farah/ws_farah/install/hardware_interface_testing:/home/farah/ws_farah/install/controller_interface:/home/farah/ws_farah/install/hardware_interface:/home/farah/ws_farah/install/ros2_control_test_assets:/home/farah/ws_farah/install/libserial_vendor:/home/farah/ws_farah/install/ros2_controllers:/home/farah/ws_farah/install/ros2_control_demos:/home/farah/ws_farah/install/ros2_control_demo_example_3:/home/farah/ws_farah/install/velocity_controllers:/home/farah/ws_farah/install/tricycle_steering_controller:/home/farah/ws_farah/install/tricycle_controller:/home/farah/ws_farah/install/ros2_control_demo_example_8:/home/farah/ws_farah/install/ros2_control:/home/farah/ws_farah/install/transmission_interface:/home/farah/ws_farah/install/ros2_control_demo_example_11:/home/farah/ws_farah/install/bicycle_steering_controller:/home/farah/ws_farah/install/ackermann_steering_controller:/home/farah/ws_farah/install/steering_controllers_library:/home/farah/ws_farah/install/ros2_control_demo_example_15:/home/farah/ws_farah/install/ros2_control_demo_example_1:/home/farah/ws_farah/install/ros2_control_demo_example_9:/home/farah/ws_farah/install/ros2_control_demo_example_7:/home/farah/ws_farah/install/ros2_control_demo_example_6:/home/farah/ws_farah/install/ros2_control_demo_example_13:/home/farah/ws_farah/install/ros2_control_demo_example_5:/home/farah/ws_farah/install/ros2_control_demo_example_4:/home/farah/ws_farah/install/ros2_control_demo_example_2:/home/farah/ws_farah/install/ros2_control_demo_example_14:/home/farah/ws_farah/install/ros2_control_demo_example_12:/home/farah/ws_farah/install/ros2_control_demo_example_10:/home/farah/ws_farah/install/ros2_control_demo_description:/home/farah/ws_farah/install/range_sensor_broadcaster:/home/farah/ws_farah/install/race_it:/home/farah/ws_farah/install/position_controllers:/home/farah/ws_farah/install/pose_broadcaster:/home/farah/ws_farah/install/pid_controller:/home/farah/ws_farah/install/mecanum_drive_controller:/home/farah/ws_farah/install/joint_trajectory_controller:/home/farah/ws_farah/install/joint_state_broadcaster:/home/farah/ws_farah/install/joint_limits:/home/farah/ws_farah/install/imu_sensor_broadcaster:/home/farah/ws_farah/install/gripper_controllers:/home/farah/ws_farah/install/gpio_controllers:/home/farah/ws_farah/install/effort_controllers:/home/farah/ws_farah/install/forward_command_controller:/home/farah/ws_farah/install/force_torque_sensor_broadcaster:/home/farah/ws_farah/install/diff_drive_controller:/home/farah/ws_farah/install/admittance_controller:/home/farah/ws_farah/install/controller_manager_msgs:/home/farah/ws_farah/install/temp_teleop:/home/farah/ws_farah/install/rqt_joint_trajectory_controller:/home/farah/ws_farah/install/rqt_controller_manager:/home/farah/ws_farah/install/ros2controlcli:/home/farah/ws_farah/install/ros2_controllers_test_nodes:/opt/ros/humble LD_LIBRARY_PATH=/home/farah/ws_farah/install/hardware_interface_testing/lib:/home/farah/ws_farah/install/controller_interface/lib:/home/farah/ws_farah/install/hardware_interface/lib:/home/farah/ws_farah/install/libserial_vendor/lib:/home/farah/ws_farah/install/race_it/lib:/home/farah/ws_farah/install/ros2_control_demo_example_3/lib:/home/farah/ws_farah/install/velocity_controllers/lib:/home/farah/ws_farah/install/tricycle_steering_controller/lib:/home/farah/ws_farah/install/tricycle_controller/lib:/home/farah/ws_farah/install/ros2_control_demo_example_8/lib:/home/farah/ws_farah/install/transmission_interface/lib:/home/farah/ws_farah/install/ros2_control_demo_example_11/lib:/home/farah/ws_farah/install/bicycle_steering_controller/lib:/home/farah/ws_farah/install/ackermann_steering_controller/lib:/home/farah/ws_farah/install/steering_controllers_library/lib:/home/farah/ws_farah/install/ros2_control_demo_example_1/lib:/home/farah/ws_farah/install/ros2_control_demo_example_9/lib:/home/farah/ws_farah/install/ros2_control_demo_example_7/lib:/home/farah/ws_farah/install/ros2_control_demo_example_6/lib:/home/farah/ws_farah/install/ros2_control_demo_example_5/lib:/home/farah/ws_farah/install/ros2_control_demo_example_4/lib:/home/farah/ws_farah/install/ros2_control_demo_example_2/lib:/home/farah/ws_farah/install/ros2_control_demo_example_14/lib:/home/farah/ws_farah/install/ros2_control_demo_example_12/lib:/home/farah/ws_farah/install/ros2_control_demo_example_10/lib:/home/farah/ws_farah/install/range_sensor_broadcaster/lib:/home/farah/ws_farah/install/position_controllers/lib:/home/farah/ws_farah/install/pose_broadcaster/lib:/home/farah/ws_farah/install/pid_controller/lib:/home/farah/ws_farah/install/mecanum_drive_controller/lib:/home/farah/ws_farah/install/joint_trajectory_controller/lib:/home/farah/ws_farah/install/joint_state_broadcaster/lib:/home/farah/ws_farah/install/joint_limits/lib:/home/farah/ws_farah/install/imu_sensor_broadcaster/lib:/home/farah/ws_farah/install/gripper_controllers/lib:/home/farah/ws_farah/install/gpio_controllers/lib:/home/farah/ws_farah/install/effort_controllers/lib:/home/farah/ws_farah/install/forward_command_controller/lib:/home/farah/ws_farah/install/force_torque_sensor_broadcaster/lib:/home/farah/ws_farah/install/diff_drive_controller/lib:/home/farah/ws_farah/install/admittance_controller/lib:/home/farah/ws_farah/install/controller_manager_msgs/lib:/usr/lib/x86_64-linux-gnu/gazebo-11/plugins:/opt/ros/humble/opt/rviz_ogre_vendor/lib:/opt/ros/humble/lib/x86_64-linux-gnu:/opt/ros/humble/lib /usr/bin/cmake --install /home/farah/ws_farah/build/force_torque_sensor_broadcaster
[112.958s] Level 1:colcon.colcon_core.environment:checking '/home/farah/ws_farah/install/force_torque_sensor_broadcaster' for CMake config files
[112.959s] Level 1:colcon.colcon_core.shell:create_environment_hook('force_torque_sensor_broadcaster', 'cmake_prefix_path')
[112.959s] INFO:colcon.colcon_core.shell:Creating environment hook '/home/farah/ws_farah/install/force_torque_sensor_broadcaster/share/force_torque_sensor_broadcaster/hook/cmake_prefix_path.ps1'
[112.959s] INFO:colcon.colcon_core.shell:Creating environment descriptor '/home/farah/ws_farah/install/force_torque_sensor_broadcaster/share/force_torque_sensor_broadcaster/hook/cmake_prefix_path.dsv'
[112.959s] INFO:colcon.colcon_core.shell:Creating environment hook '/home/farah/ws_farah/install/force_torque_sensor_broadcaster/share/force_torque_sensor_broadcaster/hook/cmake_prefix_path.sh'
[112.960s] Level 1:colcon.colcon_core.environment:checking '/home/farah/ws_farah/install/force_torque_sensor_broadcaster/lib'
[112.960s] Level 1:colcon.colcon_core.shell:create_environment_hook('force_torque_sensor_broadcaster', 'ld_library_path_lib')
[112.960s] INFO:colcon.colcon_core.shell:Creating environment hook '/home/farah/ws_farah/install/force_torque_sensor_broadcaster/share/force_torque_sensor_broadcaster/hook/ld_library_path_lib.ps1'
[112.960s] INFO:colcon.colcon_core.shell:Creating environment descriptor '/home/farah/ws_farah/install/force_torque_sensor_broadcaster/share/force_torque_sensor_broadcaster/hook/ld_library_path_lib.dsv'
[112.960s] INFO:colcon.colcon_core.shell:Creating environment hook '/home/farah/ws_farah/install/force_torque_sensor_broadcaster/share/force_torque_sensor_broadcaster/hook/ld_library_path_lib.sh'
[112.961s] Level 1:colcon.colcon_core.environment:checking '/home/farah/ws_farah/install/force_torque_sensor_broadcaster/bin'
[112.961s] Level 1:colcon.colcon_core.environment:checking '/home/farah/ws_farah/install/force_torque_sensor_broadcaster/lib/pkgconfig/force_torque_sensor_broadcaster.pc'
[112.961s] Level 1:colcon.colcon_core.environment:checking '/home/farah/ws_farah/install/force_torque_sensor_broadcaster/lib/python3.10/site-packages'
[112.961s] Level 1:colcon.colcon_core.environment:checking '/home/farah/ws_farah/install/force_torque_sensor_broadcaster/bin'
[112.961s] INFO:colcon.colcon_core.shell:Creating package script '/home/farah/ws_farah/install/force_torque_sensor_broadcaster/share/force_torque_sensor_broadcaster/package.ps1'
[112.962s] INFO:colcon.colcon_core.shell:Creating package descriptor '/home/farah/ws_farah/install/force_torque_sensor_broadcaster/share/force_torque_sensor_broadcaster/package.dsv'
[112.962s] INFO:colcon.colcon_core.shell:Creating package script '/home/farah/ws_farah/install/force_torque_sensor_broadcaster/share/force_torque_sensor_broadcaster/package.sh'
[112.963s] INFO:colcon.colcon_core.shell:Creating package script '/home/farah/ws_farah/install/force_torque_sensor_broadcaster/share/force_torque_sensor_broadcaster/package.bash'
[112.963s] INFO:colcon.colcon_core.shell:Creating package script '/home/farah/ws_farah/install/force_torque_sensor_broadcaster/share/force_torque_sensor_broadcaster/package.zsh'
[112.963s] Level 1:colcon.colcon_core.environment:create_file_with_runtime_dependencies(/home/farah/ws_farah/install/force_torque_sensor_broadcaster/share/colcon-core/packages/force_torque_sensor_broadcaster)
[112.964s] Level 1:colcon.colcon_core.environment:create_environment_scripts_only(force_torque_sensor_broadcaster)
[112.964s] Level 1:colcon.colcon_core.environment:checking '/home/farah/ws_farah/install/force_torque_sensor_broadcaster' for CMake module files
[112.964s] Level 1:colcon.colcon_core.environment:checking '/home/farah/ws_farah/install/force_torque_sensor_broadcaster' for CMake config files
[112.964s] Level 1:colcon.colcon_core.shell:create_environment_hook('force_torque_sensor_broadcaster', 'cmake_prefix_path')
[112.965s] INFO:colcon.colcon_core.shell:Creating environment hook '/home/farah/ws_farah/install/force_torque_sensor_broadcaster/share/force_torque_sensor_broadcaster/hook/cmake_prefix_path.ps1'
[112.965s] INFO:colcon.colcon_core.shell:Creating environment descriptor '/home/farah/ws_farah/install/force_torque_sensor_broadcaster/share/force_torque_sensor_broadcaster/hook/cmake_prefix_path.dsv'
[112.965s] INFO:colcon.colcon_core.shell:Creating environment hook '/home/farah/ws_farah/install/force_torque_sensor_broadcaster/share/force_torque_sensor_broadcaster/hook/cmake_prefix_path.sh'
[112.965s] Level 1:colcon.colcon_core.environment:checking '/home/farah/ws_farah/install/force_torque_sensor_broadcaster/lib'
[112.966s] Level 1:colcon.colcon_core.shell:create_environment_hook('force_torque_sensor_broadcaster', 'ld_library_path_lib')
[112.966s] INFO:colcon.colcon_core.shell:Creating environment hook '/home/farah/ws_farah/install/force_torque_sensor_broadcaster/share/force_torque_sensor_broadcaster/hook/ld_library_path_lib.ps1'
[112.966s] INFO:colcon.colcon_core.shell:Creating environment descriptor '/home/farah/ws_farah/install/force_torque_sensor_broadcaster/share/force_torque_sensor_broadcaster/hook/ld_library_path_lib.dsv'
[112.966s] INFO:colcon.colcon_core.shell:Creating environment hook '/home/farah/ws_farah/install/force_torque_sensor_broadcaster/share/force_torque_sensor_broadcaster/hook/ld_library_path_lib.sh'
[112.967s] Level 1:colcon.colcon_core.environment:checking '/home/farah/ws_farah/install/force_torque_sensor_broadcaster/bin'
[112.967s] Level 1:colcon.colcon_core.environment:checking '/home/farah/ws_farah/install/force_torque_sensor_broadcaster/lib/pkgconfig/force_torque_sensor_broadcaster.pc'
[112.967s] Level 1:colcon.colcon_core.environment:checking '/home/farah/ws_farah/install/force_torque_sensor_broadcaster/lib/python3.10/site-packages'
[112.967s] Level 1:colcon.colcon_core.environment:checking '/home/farah/ws_farah/install/force_torque_sensor_broadcaster/bin'
[112.967s] INFO:colcon.colcon_core.shell:Creating package script '/home/farah/ws_farah/install/force_torque_sensor_broadcaster/share/force_torque_sensor_broadcaster/package.ps1'
[112.968s] INFO:colcon.colcon_core.shell:Creating package descriptor '/home/farah/ws_farah/install/force_torque_sensor_broadcaster/share/force_torque_sensor_broadcaster/package.dsv'
[112.968s] INFO:colcon.colcon_core.shell:Creating package script '/home/farah/ws_farah/install/force_torque_sensor_broadcaster/share/force_torque_sensor_broadcaster/package.sh'
[112.969s] INFO:colcon.colcon_core.shell:Creating package script '/home/farah/ws_farah/install/force_torque_sensor_broadcaster/share/force_torque_sensor_broadcaster/package.bash'
[112.969s] INFO:colcon.colcon_core.shell:Creating package script '/home/farah/ws_farah/install/force_torque_sensor_broadcaster/share/force_torque_sensor_broadcaster/package.zsh'
[112.969s] Level 1:colcon.colcon_core.environment:create_file_with_runtime_dependencies(/home/farah/ws_farah/install/force_torque_sensor_broadcaster/share/colcon-core/packages/force_torque_sensor_broadcaster)
[112.970s] INFO:colcon.colcon_ros.task.ament_cmake.build:Building ROS package in '/home/farah/ws_farah/src/ros2_controllers/joint_trajectory_controller' with build type 'ament_cmake'
[112.970s] INFO:colcon.colcon_cmake.task.cmake.build:Building CMake package in '/home/farah/ws_farah/src/ros2_controllers/joint_trajectory_controller'
[112.970s] INFO:colcon.colcon_core.shell:Skip shell extension 'powershell' for command environment: Not usable outside of PowerShell
[112.970s] DEBUG:colcon.colcon_core.shell:Skip shell extension 'dsv' for command environment
[112.984s] DEBUG:colcon.colcon_core.event_handler.log_command:Invoking command in '/home/farah/ws_farah/build/joint_trajectory_controller': CMAKE_PREFIX_PATH=/home/farah/ws_farah/install/hardware_interface_testing:/home/farah/ws_farah/install/controller_interface:/home/farah/ws_farah/install/hardware_interface:/home/farah/ws_farah/install/ros2_control_test_assets:/home/farah/ws_farah/install/libserial_vendor:/home/farah/ws_farah/install/ros2_controllers:/home/farah/ws_farah/install/ros2_control_demos:/home/farah/ws_farah/install/ros2_control_demo_example_3:/home/farah/ws_farah/install/velocity_controllers:/home/farah/ws_farah/install/tricycle_steering_controller:/home/farah/ws_farah/install/tricycle_controller:/home/farah/ws_farah/install/ros2_control_demo_example_8:/home/farah/ws_farah/install/ros2_control:/home/farah/ws_farah/install/transmission_interface:/home/farah/ws_farah/install/ros2_control_demo_example_11:/home/farah/ws_farah/install/bicycle_steering_controller:/home/farah/ws_farah/install/ackermann_steering_controller:/home/farah/ws_farah/install/steering_controllers_library:/home/farah/ws_farah/install/ros2_control_demo_example_15:/home/farah/ws_farah/install/ros2_control_demo_example_1:/home/farah/ws_farah/install/ros2_control_demo_example_9:/home/farah/ws_farah/install/ros2_control_demo_example_7:/home/farah/ws_farah/install/ros2_control_demo_example_6:/home/farah/ws_farah/install/ros2_control_demo_example_13:/home/farah/ws_farah/install/ros2_control_demo_example_5:/home/farah/ws_farah/install/ros2_control_demo_example_4:/home/farah/ws_farah/install/ros2_control_demo_example_2:/home/farah/ws_farah/install/ros2_control_demo_example_14:/home/farah/ws_farah/install/ros2_control_demo_example_12:/home/farah/ws_farah/install/ros2_control_demo_example_10:/home/farah/ws_farah/install/ros2_control_demo_description:/home/farah/ws_farah/install/range_sensor_broadcaster:/home/farah/ws_farah/install/race_it:/home/farah/ws_farah/install/position_controllers:/home/farah/ws_farah/install/pose_broadcaster:/home/farah/ws_farah/install/pid_controller:/home/farah/ws_farah/install/mecanum_drive_controller:/home/farah/ws_farah/install/joint_trajectory_controller:/home/farah/ws_farah/install/joint_state_broadcaster:/home/farah/ws_farah/install/joint_limits:/home/farah/ws_farah/install/imu_sensor_broadcaster:/home/farah/ws_farah/install/gripper_controllers:/home/farah/ws_farah/install/gpio_controllers:/home/farah/ws_farah/install/effort_controllers:/home/farah/ws_farah/install/forward_command_controller:/home/farah/ws_farah/install/force_torque_sensor_broadcaster:/home/farah/ws_farah/install/diff_drive_controller:/home/farah/ws_farah/install/admittance_controller:/home/farah/ws_farah/install/controller_manager_msgs:/home/farah/ws_farah/install/temp_teleop:/home/farah/ws_farah/install/rqt_joint_trajectory_controller:/home/farah/ws_farah/install/rqt_controller_manager:/home/farah/ws_farah/install/ros2controlcli:/home/farah/ws_farah/install/ros2_controllers_test_nodes:/opt/ros/humble LD_LIBRARY_PATH=/home/farah/ws_farah/install/hardware_interface_testing/lib:/home/farah/ws_farah/install/controller_interface/lib:/home/farah/ws_farah/install/hardware_interface/lib:/home/farah/ws_farah/install/libserial_vendor/lib:/home/farah/ws_farah/install/race_it/lib:/home/farah/ws_farah/install/ros2_control_demo_example_3/lib:/home/farah/ws_farah/install/velocity_controllers/lib:/home/farah/ws_farah/install/tricycle_steering_controller/lib:/home/farah/ws_farah/install/tricycle_controller/lib:/home/farah/ws_farah/install/ros2_control_demo_example_8/lib:/home/farah/ws_farah/install/transmission_interface/lib:/home/farah/ws_farah/install/ros2_control_demo_example_11/lib:/home/farah/ws_farah/install/bicycle_steering_controller/lib:/home/farah/ws_farah/install/ackermann_steering_controller/lib:/home/farah/ws_farah/install/steering_controllers_library/lib:/home/farah/ws_farah/install/ros2_control_demo_example_1/lib:/home/farah/ws_farah/install/ros2_control_demo_example_9/lib:/home/farah/ws_farah/install/ros2_control_demo_example_7/lib:/home/farah/ws_farah/install/ros2_control_demo_example_6/lib:/home/farah/ws_farah/install/ros2_control_demo_example_5/lib:/home/farah/ws_farah/install/ros2_control_demo_example_4/lib:/home/farah/ws_farah/install/ros2_control_demo_example_2/lib:/home/farah/ws_farah/install/ros2_control_demo_example_14/lib:/home/farah/ws_farah/install/ros2_control_demo_example_12/lib:/home/farah/ws_farah/install/ros2_control_demo_example_10/lib:/home/farah/ws_farah/install/range_sensor_broadcaster/lib:/home/farah/ws_farah/install/position_controllers/lib:/home/farah/ws_farah/install/pose_broadcaster/lib:/home/farah/ws_farah/install/pid_controller/lib:/home/farah/ws_farah/install/mecanum_drive_controller/lib:/home/farah/ws_farah/install/joint_trajectory_controller/lib:/home/farah/ws_farah/install/joint_state_broadcaster/lib:/home/farah/ws_farah/install/joint_limits/lib:/home/farah/ws_farah/install/imu_sensor_broadcaster/lib:/home/farah/ws_farah/install/gripper_controllers/lib:/home/farah/ws_farah/install/gpio_controllers/lib:/home/farah/ws_farah/install/effort_controllers/lib:/home/farah/ws_farah/install/forward_command_controller/lib:/home/farah/ws_farah/install/force_torque_sensor_broadcaster/lib:/home/farah/ws_farah/install/diff_drive_controller/lib:/home/farah/ws_farah/install/admittance_controller/lib:/home/farah/ws_farah/install/controller_manager_msgs/lib:/usr/lib/x86_64-linux-gnu/gazebo-11/plugins:/opt/ros/humble/opt/rviz_ogre_vendor/lib:/opt/ros/humble/lib/x86_64-linux-gnu:/opt/ros/humble/lib /usr/bin/cmake /home/farah/ws_farah/src/ros2_controllers/joint_trajectory_controller -DCMAKE_INSTALL_PREFIX=/home/farah/ws_farah/install/joint_trajectory_controller
[114.714s] DEBUG:colcon.colcon_core.event_handler.log_command:Invoked command in '/home/farah/ws_farah/build/joint_trajectory_controller' returned '0': CMAKE_PREFIX_PATH=/home/farah/ws_farah/install/hardware_interface_testing:/home/farah/ws_farah/install/controller_interface:/home/farah/ws_farah/install/hardware_interface:/home/farah/ws_farah/install/ros2_control_test_assets:/home/farah/ws_farah/install/libserial_vendor:/home/farah/ws_farah/install/ros2_controllers:/home/farah/ws_farah/install/ros2_control_demos:/home/farah/ws_farah/install/ros2_control_demo_example_3:/home/farah/ws_farah/install/velocity_controllers:/home/farah/ws_farah/install/tricycle_steering_controller:/home/farah/ws_farah/install/tricycle_controller:/home/farah/ws_farah/install/ros2_control_demo_example_8:/home/farah/ws_farah/install/ros2_control:/home/farah/ws_farah/install/transmission_interface:/home/farah/ws_farah/install/ros2_control_demo_example_11:/home/farah/ws_farah/install/bicycle_steering_controller:/home/farah/ws_farah/install/ackermann_steering_controller:/home/farah/ws_farah/install/steering_controllers_library:/home/farah/ws_farah/install/ros2_control_demo_example_15:/home/farah/ws_farah/install/ros2_control_demo_example_1:/home/farah/ws_farah/install/ros2_control_demo_example_9:/home/farah/ws_farah/install/ros2_control_demo_example_7:/home/farah/ws_farah/install/ros2_control_demo_example_6:/home/farah/ws_farah/install/ros2_control_demo_example_13:/home/farah/ws_farah/install/ros2_control_demo_example_5:/home/farah/ws_farah/install/ros2_control_demo_example_4:/home/farah/ws_farah/install/ros2_control_demo_example_2:/home/farah/ws_farah/install/ros2_control_demo_example_14:/home/farah/ws_farah/install/ros2_control_demo_example_12:/home/farah/ws_farah/install/ros2_control_demo_example_10:/home/farah/ws_farah/install/ros2_control_demo_description:/home/farah/ws_farah/install/range_sensor_broadcaster:/home/farah/ws_farah/install/race_it:/home/farah/ws_farah/install/position_controllers:/home/farah/ws_farah/install/pose_broadcaster:/home/farah/ws_farah/install/pid_controller:/home/farah/ws_farah/install/mecanum_drive_controller:/home/farah/ws_farah/install/joint_trajectory_controller:/home/farah/ws_farah/install/joint_state_broadcaster:/home/farah/ws_farah/install/joint_limits:/home/farah/ws_farah/install/imu_sensor_broadcaster:/home/farah/ws_farah/install/gripper_controllers:/home/farah/ws_farah/install/gpio_controllers:/home/farah/ws_farah/install/effort_controllers:/home/farah/ws_farah/install/forward_command_controller:/home/farah/ws_farah/install/force_torque_sensor_broadcaster:/home/farah/ws_farah/install/diff_drive_controller:/home/farah/ws_farah/install/admittance_controller:/home/farah/ws_farah/install/controller_manager_msgs:/home/farah/ws_farah/install/temp_teleop:/home/farah/ws_farah/install/rqt_joint_trajectory_controller:/home/farah/ws_farah/install/rqt_controller_manager:/home/farah/ws_farah/install/ros2controlcli:/home/farah/ws_farah/install/ros2_controllers_test_nodes:/opt/ros/humble LD_LIBRARY_PATH=/home/farah/ws_farah/install/hardware_interface_testing/lib:/home/farah/ws_farah/install/controller_interface/lib:/home/farah/ws_farah/install/hardware_interface/lib:/home/farah/ws_farah/install/libserial_vendor/lib:/home/farah/ws_farah/install/race_it/lib:/home/farah/ws_farah/install/ros2_control_demo_example_3/lib:/home/farah/ws_farah/install/velocity_controllers/lib:/home/farah/ws_farah/install/tricycle_steering_controller/lib:/home/farah/ws_farah/install/tricycle_controller/lib:/home/farah/ws_farah/install/ros2_control_demo_example_8/lib:/home/farah/ws_farah/install/transmission_interface/lib:/home/farah/ws_farah/install/ros2_control_demo_example_11/lib:/home/farah/ws_farah/install/bicycle_steering_controller/lib:/home/farah/ws_farah/install/ackermann_steering_controller/lib:/home/farah/ws_farah/install/steering_controllers_library/lib:/home/farah/ws_farah/install/ros2_control_demo_example_1/lib:/home/farah/ws_farah/install/ros2_control_demo_example_9/lib:/home/farah/ws_farah/install/ros2_control_demo_example_7/lib:/home/farah/ws_farah/install/ros2_control_demo_example_6/lib:/home/farah/ws_farah/install/ros2_control_demo_example_5/lib:/home/farah/ws_farah/install/ros2_control_demo_example_4/lib:/home/farah/ws_farah/install/ros2_control_demo_example_2/lib:/home/farah/ws_farah/install/ros2_control_demo_example_14/lib:/home/farah/ws_farah/install/ros2_control_demo_example_12/lib:/home/farah/ws_farah/install/ros2_control_demo_example_10/lib:/home/farah/ws_farah/install/range_sensor_broadcaster/lib:/home/farah/ws_farah/install/position_controllers/lib:/home/farah/ws_farah/install/pose_broadcaster/lib:/home/farah/ws_farah/install/pid_controller/lib:/home/farah/ws_farah/install/mecanum_drive_controller/lib:/home/farah/ws_farah/install/joint_trajectory_controller/lib:/home/farah/ws_farah/install/joint_state_broadcaster/lib:/home/farah/ws_farah/install/joint_limits/lib:/home/farah/ws_farah/install/imu_sensor_broadcaster/lib:/home/farah/ws_farah/install/gripper_controllers/lib:/home/farah/ws_farah/install/gpio_controllers/lib:/home/farah/ws_farah/install/effort_controllers/lib:/home/farah/ws_farah/install/forward_command_controller/lib:/home/farah/ws_farah/install/force_torque_sensor_broadcaster/lib:/home/farah/ws_farah/install/diff_drive_controller/lib:/home/farah/ws_farah/install/admittance_controller/lib:/home/farah/ws_farah/install/controller_manager_msgs/lib:/usr/lib/x86_64-linux-gnu/gazebo-11/plugins:/opt/ros/humble/opt/rviz_ogre_vendor/lib:/opt/ros/humble/lib/x86_64-linux-gnu:/opt/ros/humble/lib /usr/bin/cmake /home/farah/ws_farah/src/ros2_controllers/joint_trajectory_controller -DCMAKE_INSTALL_PREFIX=/home/farah/ws_farah/install/joint_trajectory_controller
[114.715s] DEBUG:colcon.colcon_core.event_handler.log_command:Invoking command in '/home/farah/ws_farah/build/joint_trajectory_controller': CMAKE_PREFIX_PATH=/home/farah/ws_farah/install/hardware_interface_testing:/home/farah/ws_farah/install/controller_interface:/home/farah/ws_farah/install/hardware_interface:/home/farah/ws_farah/install/ros2_control_test_assets:/home/farah/ws_farah/install/libserial_vendor:/home/farah/ws_farah/install/ros2_controllers:/home/farah/ws_farah/install/ros2_control_demos:/home/farah/ws_farah/install/ros2_control_demo_example_3:/home/farah/ws_farah/install/velocity_controllers:/home/farah/ws_farah/install/tricycle_steering_controller:/home/farah/ws_farah/install/tricycle_controller:/home/farah/ws_farah/install/ros2_control_demo_example_8:/home/farah/ws_farah/install/ros2_control:/home/farah/ws_farah/install/transmission_interface:/home/farah/ws_farah/install/ros2_control_demo_example_11:/home/farah/ws_farah/install/bicycle_steering_controller:/home/farah/ws_farah/install/ackermann_steering_controller:/home/farah/ws_farah/install/steering_controllers_library:/home/farah/ws_farah/install/ros2_control_demo_example_15:/home/farah/ws_farah/install/ros2_control_demo_example_1:/home/farah/ws_farah/install/ros2_control_demo_example_9:/home/farah/ws_farah/install/ros2_control_demo_example_7:/home/farah/ws_farah/install/ros2_control_demo_example_6:/home/farah/ws_farah/install/ros2_control_demo_example_13:/home/farah/ws_farah/install/ros2_control_demo_example_5:/home/farah/ws_farah/install/ros2_control_demo_example_4:/home/farah/ws_farah/install/ros2_control_demo_example_2:/home/farah/ws_farah/install/ros2_control_demo_example_14:/home/farah/ws_farah/install/ros2_control_demo_example_12:/home/farah/ws_farah/install/ros2_control_demo_example_10:/home/farah/ws_farah/install/ros2_control_demo_description:/home/farah/ws_farah/install/range_sensor_broadcaster:/home/farah/ws_farah/install/race_it:/home/farah/ws_farah/install/position_controllers:/home/farah/ws_farah/install/pose_broadcaster:/home/farah/ws_farah/install/pid_controller:/home/farah/ws_farah/install/mecanum_drive_controller:/home/farah/ws_farah/install/joint_trajectory_controller:/home/farah/ws_farah/install/joint_state_broadcaster:/home/farah/ws_farah/install/joint_limits:/home/farah/ws_farah/install/imu_sensor_broadcaster:/home/farah/ws_farah/install/gripper_controllers:/home/farah/ws_farah/install/gpio_controllers:/home/farah/ws_farah/install/effort_controllers:/home/farah/ws_farah/install/forward_command_controller:/home/farah/ws_farah/install/force_torque_sensor_broadcaster:/home/farah/ws_farah/install/diff_drive_controller:/home/farah/ws_farah/install/admittance_controller:/home/farah/ws_farah/install/controller_manager_msgs:/home/farah/ws_farah/install/temp_teleop:/home/farah/ws_farah/install/rqt_joint_trajectory_controller:/home/farah/ws_farah/install/rqt_controller_manager:/home/farah/ws_farah/install/ros2controlcli:/home/farah/ws_farah/install/ros2_controllers_test_nodes:/opt/ros/humble LD_LIBRARY_PATH=/home/farah/ws_farah/install/hardware_interface_testing/lib:/home/farah/ws_farah/install/controller_interface/lib:/home/farah/ws_farah/install/hardware_interface/lib:/home/farah/ws_farah/install/libserial_vendor/lib:/home/farah/ws_farah/install/race_it/lib:/home/farah/ws_farah/install/ros2_control_demo_example_3/lib:/home/farah/ws_farah/install/velocity_controllers/lib:/home/farah/ws_farah/install/tricycle_steering_controller/lib:/home/farah/ws_farah/install/tricycle_controller/lib:/home/farah/ws_farah/install/ros2_control_demo_example_8/lib:/home/farah/ws_farah/install/transmission_interface/lib:/home/farah/ws_farah/install/ros2_control_demo_example_11/lib:/home/farah/ws_farah/install/bicycle_steering_controller/lib:/home/farah/ws_farah/install/ackermann_steering_controller/lib:/home/farah/ws_farah/install/steering_controllers_library/lib:/home/farah/ws_farah/install/ros2_control_demo_example_1/lib:/home/farah/ws_farah/install/ros2_control_demo_example_9/lib:/home/farah/ws_farah/install/ros2_control_demo_example_7/lib:/home/farah/ws_farah/install/ros2_control_demo_example_6/lib:/home/farah/ws_farah/install/ros2_control_demo_example_5/lib:/home/farah/ws_farah/install/ros2_control_demo_example_4/lib:/home/farah/ws_farah/install/ros2_control_demo_example_2/lib:/home/farah/ws_farah/install/ros2_control_demo_example_14/lib:/home/farah/ws_farah/install/ros2_control_demo_example_12/lib:/home/farah/ws_farah/install/ros2_control_demo_example_10/lib:/home/farah/ws_farah/install/range_sensor_broadcaster/lib:/home/farah/ws_farah/install/position_controllers/lib:/home/farah/ws_farah/install/pose_broadcaster/lib:/home/farah/ws_farah/install/pid_controller/lib:/home/farah/ws_farah/install/mecanum_drive_controller/lib:/home/farah/ws_farah/install/joint_trajectory_controller/lib:/home/farah/ws_farah/install/joint_state_broadcaster/lib:/home/farah/ws_farah/install/joint_limits/lib:/home/farah/ws_farah/install/imu_sensor_broadcaster/lib:/home/farah/ws_farah/install/gripper_controllers/lib:/home/farah/ws_farah/install/gpio_controllers/lib:/home/farah/ws_farah/install/effort_controllers/lib:/home/farah/ws_farah/install/forward_command_controller/lib:/home/farah/ws_farah/install/force_torque_sensor_broadcaster/lib:/home/farah/ws_farah/install/diff_drive_controller/lib:/home/farah/ws_farah/install/admittance_controller/lib:/home/farah/ws_farah/install/controller_manager_msgs/lib:/usr/lib/x86_64-linux-gnu/gazebo-11/plugins:/opt/ros/humble/opt/rviz_ogre_vendor/lib:/opt/ros/humble/lib/x86_64-linux-gnu:/opt/ros/humble/lib /usr/bin/cmake --build /home/farah/ws_farah/build/joint_trajectory_controller -- -j8 -l8
