[0.124s] DEBUG:colcon:Command line arguments: ['/home/farah/.local/bin/colcon', 'build', '--packages-select', 'race_it']
[0.124s] DEBUG:colcon:Parsed command line arguments: Namespace(log_base=None, log_level=None, verb_name='build', build_base='build', install_base='install', merge_install=False, symlink_install=False, test_result_base=None, continue_on_error=False, executor='parallel', parallel_workers=8, event_handlers=None, ignore_user_meta=False, metas=['./colcon.meta'], base_paths=['.'], packages_ignore=None, packages_ignore_regex=None, paths=None, packages_up_to=None, packages_up_to_regex=None, packages_above=None, packages_above_and_dependencies=None, packages_above_depth=None, packages_select_by_dep=None, packages_skip_by_dep=None, packages_skip_up_to=None, packages_select_build_failed=False, packages_skip_build_finished=False, packages_select_test_failures=False, packages_skip_test_passed=False, packages_select=['race_it'], packages_skip=None, packages_select_regex=None, packages_skip_regex=None, packages_start=None, packages_end=None, allow_overriding=[], cmake_args=None, cmake_target=None, cmake_target_skip_unavailable=False, cmake_clean_cache=False, cmake_clean_first=False, cmake_force_configure=False, ament_cmake_args=None, catkin_cmake_args=None, catkin_skip_building_tests=False, mixin_files=None, mixin=None, verb_parser=<colcon_mixin.mixin.mixin_argument.MixinArgumentDecorator object at 0x7c77afa7d240>, verb_extension=<colcon_core.verb.build.BuildVerb object at 0x7c77afb9a0e0>, main=<bound method BuildVerb.main of <colcon_core.verb.build.BuildVerb object at 0x7c77afb9a0e0>>, mixin_verb=('build',))
[0.154s] Level 1:colcon.colcon_core.package_discovery:discover_packages(colcon_meta) check parameters
[0.155s] Level 1:colcon.colcon_core.package_discovery:discover_packages(recursive) check parameters
[0.155s] Level 1:colcon.colcon_core.package_discovery:discover_packages(ignore) check parameters
[0.155s] Level 1:colcon.colcon_core.package_discovery:discover_packages(path) check parameters
[0.155s] Level 1:colcon.colcon_core.package_discovery:discover_packages(colcon_meta) discover
[0.155s] Level 1:colcon.colcon_core.package_discovery:discover_packages(recursive) discover
[0.155s] INFO:colcon.colcon_core.package_discovery:Crawling recursively for packages in '/home/farah/ws_farah'
[0.155s] Level 1:colcon.colcon_core.package_identification:_identify(.) by extensions ['ignore', 'ignore_ament_install']
[0.155s] Level 1:colcon.colcon_core.package_identification:_identify(.) by extension 'ignore'
[0.155s] Level 1:colcon.colcon_core.package_identification:_identify(.) by extension 'ignore_ament_install'
[0.155s] Level 1:colcon.colcon_core.package_identification:_identify(.) by extensions ['colcon_pkg']
[0.155s] Level 1:colcon.colcon_core.package_identification:_identify(.) by extension 'colcon_pkg'
[0.155s] Level 1:colcon.colcon_core.package_identification:_identify(.) by extensions ['colcon_meta']
[0.155s] Level 1:colcon.colcon_core.package_identification:_identify(.) by extension 'colcon_meta'
[0.155s] Level 1:colcon.colcon_core.package_identification:_identify(.) by extensions ['ros']
[0.155s] Level 1:colcon.colcon_core.package_identification:_identify(.) by extension 'ros'
[0.168s] Level 1:colcon.colcon_core.package_identification:_identify(.) by extensions ['cmake', 'python']
[0.168s] Level 1:colcon.colcon_core.package_identification:_identify(.) by extension 'cmake'
[0.168s] Level 1:colcon.colcon_core.package_identification:_identify(.) by extension 'python'
[0.168s] Level 1:colcon.colcon_core.package_identification:_identify(.) by extensions ['python_setup_py']
[0.168s] Level 1:colcon.colcon_core.package_identification:_identify(.) by extension 'python_setup_py'
[0.168s] Level 1:colcon.colcon_core.package_identification:_identify(build) by extensions ['ignore', 'ignore_ament_install']
[0.168s] Level 1:colcon.colcon_core.package_identification:_identify(build) by extension 'ignore'
[0.168s] Level 1:colcon.colcon_core.package_identification:_identify(build) ignored
[0.169s] Level 1:colcon.colcon_core.package_identification:_identify(install) by extensions ['ignore', 'ignore_ament_install']
[0.169s] Level 1:colcon.colcon_core.package_identification:_identify(install) by extension 'ignore'
[0.169s] Level 1:colcon.colcon_core.package_identification:_identify(install) ignored
[0.169s] Level 1:colcon.colcon_core.package_identification:_identify(log) by extensions ['ignore', 'ignore_ament_install']
[0.169s] Level 1:colcon.colcon_core.package_identification:_identify(log) by extension 'ignore'
[0.169s] Level 1:colcon.colcon_core.package_identification:_identify(log) ignored
[0.169s] Level 1:colcon.colcon_core.package_identification:_identify(src) by extensions ['ignore', 'ignore_ament_install']
[0.169s] Level 1:colcon.colcon_core.package_identification:_identify(src) by extension 'ignore'
[0.169s] Level 1:colcon.colcon_core.package_identification:_identify(src) by extension 'ignore_ament_install'
[0.169s] Level 1:colcon.colcon_core.package_identification:_identify(src) by extensions ['colcon_pkg']
[0.169s] Level 1:colcon.colcon_core.package_identification:_identify(src) by extension 'colcon_pkg'
[0.169s] Level 1:colcon.colcon_core.package_identification:_identify(src) by extensions ['colcon_meta']
[0.169s] Level 1:colcon.colcon_core.package_identification:_identify(src) by extension 'colcon_meta'
[0.170s] Level 1:colcon.colcon_core.package_identification:_identify(src) by extensions ['ros']
[0.170s] Level 1:colcon.colcon_core.package_identification:_identify(src) by extension 'ros'
[0.170s] Level 1:colcon.colcon_core.package_identification:_identify(src) by extensions ['cmake', 'python']
[0.170s] Level 1:colcon.colcon_core.package_identification:_identify(src) by extension 'cmake'
[0.170s] Level 1:colcon.colcon_core.package_identification:_identify(src) by extension 'python'
[0.170s] Level 1:colcon.colcon_core.package_identification:_identify(src) by extensions ['python_setup_py']
[0.170s] Level 1:colcon.colcon_core.package_identification:_identify(src) by extension 'python_setup_py'
[0.170s] Level 1:colcon.colcon_core.package_identification:_identify(src/ros2_acker) by extensions ['ignore', 'ignore_ament_install']
[0.170s] Level 1:colcon.colcon_core.package_identification:_identify(src/ros2_acker) by extension 'ignore'
[0.170s] Level 1:colcon.colcon_core.package_identification:_identify(src/ros2_acker) by extension 'ignore_ament_install'
[0.170s] Level 1:colcon.colcon_core.package_identification:_identify(src/ros2_acker) by extensions ['colcon_pkg']
[0.170s] Level 1:colcon.colcon_core.package_identification:_identify(src/ros2_acker) by extension 'colcon_pkg'
[0.170s] Level 1:colcon.colcon_core.package_identification:_identify(src/ros2_acker) by extensions ['colcon_meta']
[0.170s] Level 1:colcon.colcon_core.package_identification:_identify(src/ros2_acker) by extension 'colcon_meta'
[0.170s] Level 1:colcon.colcon_core.package_identification:_identify(src/ros2_acker) by extensions ['ros']
[0.170s] Level 1:colcon.colcon_core.package_identification:_identify(src/ros2_acker) by extension 'ros'
[0.171s] Level 1:colcon.colcon_core.package_identification:_identify(src/ros2_acker) by extensions ['cmake', 'python']
[0.171s] Level 1:colcon.colcon_core.package_identification:_identify(src/ros2_acker) by extension 'cmake'
[0.171s] Level 1:colcon.colcon_core.package_identification:_identify(src/ros2_acker) by extension 'python'
[0.171s] Level 1:colcon.colcon_core.package_identification:_identify(src/ros2_acker) by extensions ['python_setup_py']
[0.171s] Level 1:colcon.colcon_core.package_identification:_identify(src/ros2_acker) by extension 'python_setup_py'
[0.171s] Level 1:colcon.colcon_core.package_identification:_identify(src/ros2_acker/race_it) by extensions ['ignore', 'ignore_ament_install']
[0.171s] Level 1:colcon.colcon_core.package_identification:_identify(src/ros2_acker/race_it) by extension 'ignore'
[0.171s] Level 1:colcon.colcon_core.package_identification:_identify(src/ros2_acker/race_it) by extension 'ignore_ament_install'
[0.171s] Level 1:colcon.colcon_core.package_identification:_identify(src/ros2_acker/race_it) by extensions ['colcon_pkg']
[0.171s] Level 1:colcon.colcon_core.package_identification:_identify(src/ros2_acker/race_it) by extension 'colcon_pkg'
[0.171s] Level 1:colcon.colcon_core.package_identification:_identify(src/ros2_acker/race_it) by extensions ['colcon_meta']
[0.171s] Level 1:colcon.colcon_core.package_identification:_identify(src/ros2_acker/race_it) by extension 'colcon_meta'
[0.171s] Level 1:colcon.colcon_core.package_identification:_identify(src/ros2_acker/race_it) by extensions ['ros']
[0.171s] Level 1:colcon.colcon_core.package_identification:_identify(src/ros2_acker/race_it) by extension 'ros'
[0.174s] DEBUG:colcon.colcon_core.package_identification:Package 'src/ros2_acker/race_it' with type 'ros.ament_cmake' and name 'race_it'
[0.174s] Level 1:colcon.colcon_core.package_identification:_identify(src/ros2_acker/temp_teleop) by extensions ['ignore', 'ignore_ament_install']
[0.174s] Level 1:colcon.colcon_core.package_identification:_identify(src/ros2_acker/temp_teleop) by extension 'ignore'
[0.174s] Level 1:colcon.colcon_core.package_identification:_identify(src/ros2_acker/temp_teleop) by extension 'ignore_ament_install'
[0.174s] Level 1:colcon.colcon_core.package_identification:_identify(src/ros2_acker/temp_teleop) by extensions ['colcon_pkg']
[0.174s] Level 1:colcon.colcon_core.package_identification:_identify(src/ros2_acker/temp_teleop) by extension 'colcon_pkg'
[0.174s] Level 1:colcon.colcon_core.package_identification:_identify(src/ros2_acker/temp_teleop) by extensions ['colcon_meta']
[0.175s] Level 1:colcon.colcon_core.package_identification:_identify(src/ros2_acker/temp_teleop) by extension 'colcon_meta'
[0.175s] Level 1:colcon.colcon_core.package_identification:_identify(src/ros2_acker/temp_teleop) by extensions ['ros']
[0.175s] Level 1:colcon.colcon_core.package_identification:_identify(src/ros2_acker/temp_teleop) by extension 'ros'
[0.175s] DEBUG:colcon.colcon_core.package_identification:Package 'src/ros2_acker/temp_teleop' with type 'ros.ament_python' and name 'temp_teleop'
[0.175s] Level 1:colcon.colcon_core.package_identification:_identify(src/ros2_control) by extensions ['ignore', 'ignore_ament_install']
[0.175s] Level 1:colcon.colcon_core.package_identification:_identify(src/ros2_control) by extension 'ignore'
[0.176s] Level 1:colcon.colcon_core.package_identification:_identify(src/ros2_control) by extension 'ignore_ament_install'
[0.176s] Level 1:colcon.colcon_core.package_identification:_identify(src/ros2_control) by extensions ['colcon_pkg']
[0.176s] Level 1:colcon.colcon_core.package_identification:_identify(src/ros2_control) by extension 'colcon_pkg'
[0.176s] Level 1:colcon.colcon_core.package_identification:_identify(src/ros2_control) by extensions ['colcon_meta']
[0.176s] Level 1:colcon.colcon_core.package_identification:_identify(src/ros2_control) by extension 'colcon_meta'
[0.176s] Level 1:colcon.colcon_core.package_identification:_identify(src/ros2_control) by extensions ['ros']
[0.176s] Level 1:colcon.colcon_core.package_identification:_identify(src/ros2_control) by extension 'ros'
[0.176s] Level 1:colcon.colcon_core.package_identification:_identify(src/ros2_control) by extensions ['cmake', 'python']
[0.176s] Level 1:colcon.colcon_core.package_identification:_identify(src/ros2_control) by extension 'cmake'
[0.176s] Level 1:colcon.colcon_core.package_identification:_identify(src/ros2_control) by extension 'python'
[0.176s] Level 1:colcon.colcon_core.package_identification:_identify(src/ros2_control) by extensions ['python_setup_py']
[0.176s] Level 1:colcon.colcon_core.package_identification:_identify(src/ros2_control) by extension 'python_setup_py'
[0.176s] Level 1:colcon.colcon_core.package_identification:_identify(src/ros2_control/controller_interface) by extensions ['ignore', 'ignore_ament_install']
[0.176s] Level 1:colcon.colcon_core.package_identification:_identify(src/ros2_control/controller_interface) by extension 'ignore'
[0.176s] Level 1:colcon.colcon_core.package_identification:_identify(src/ros2_control/controller_interface) by extension 'ignore_ament_install'
[0.176s] Level 1:colcon.colcon_core.package_identification:_identify(src/ros2_control/controller_interface) by extensions ['colcon_pkg']
[0.177s] Level 1:colcon.colcon_core.package_identification:_identify(src/ros2_control/controller_interface) by extension 'colcon_pkg'
[0.177s] Level 1:colcon.colcon_core.package_identification:_identify(src/ros2_control/controller_interface) by extensions ['colcon_meta']
[0.177s] Level 1:colcon.colcon_core.package_identification:_identify(src/ros2_control/controller_interface) by extension 'colcon_meta'
[0.177s] Level 1:colcon.colcon_core.package_identification:_identify(src/ros2_control/controller_interface) by extensions ['ros']
[0.177s] Level 1:colcon.colcon_core.package_identification:_identify(src/ros2_control/controller_interface) by extension 'ros'
[0.177s] DEBUG:colcon.colcon_core.package_identification:Package 'src/ros2_control/controller_interface' with type 'ros.ament_cmake' and name 'controller_interface'
[0.177s] Level 1:colcon.colcon_core.package_identification:_identify(src/ros2_control/controller_manager_msgs) by extensions ['ignore', 'ignore_ament_install']
[0.177s] Level 1:colcon.colcon_core.package_identification:_identify(src/ros2_control/controller_manager_msgs) by extension 'ignore'
[0.178s] Level 1:colcon.colcon_core.package_identification:_identify(src/ros2_control/controller_manager_msgs) by extension 'ignore_ament_install'
[0.178s] Level 1:colcon.colcon_core.package_identification:_identify(src/ros2_control/controller_manager_msgs) by extensions ['colcon_pkg']
[0.178s] Level 1:colcon.colcon_core.package_identification:_identify(src/ros2_control/controller_manager_msgs) by extension 'colcon_pkg'
[0.178s] Level 1:colcon.colcon_core.package_identification:_identify(src/ros2_control/controller_manager_msgs) by extensions ['colcon_meta']
[0.178s] Level 1:colcon.colcon_core.package_identification:_identify(src/ros2_control/controller_manager_msgs) by extension 'colcon_meta'
[0.178s] Level 1:colcon.colcon_core.package_identification:_identify(src/ros2_control/controller_manager_msgs) by extensions ['ros']
[0.178s] Level 1:colcon.colcon_core.package_identification:_identify(src/ros2_control/controller_manager_msgs) by extension 'ros'
[0.178s] DEBUG:colcon.colcon_core.package_identification:Package 'src/ros2_control/controller_manager_msgs' with type 'ros.ament_cmake' and name 'controller_manager_msgs'
[0.179s] Level 1:colcon.colcon_core.package_identification:_identify(src/ros2_control/doc) by extensions ['ignore', 'ignore_ament_install']
[0.179s] Level 1:colcon.colcon_core.package_identification:_identify(src/ros2_control/doc) by extension 'ignore'
[0.179s] Level 1:colcon.colcon_core.package_identification:_identify(src/ros2_control/doc) by extension 'ignore_ament_install'
[0.179s] Level 1:colcon.colcon_core.package_identification:_identify(src/ros2_control/doc) by extensions ['colcon_pkg']
[0.179s] Level 1:colcon.colcon_core.package_identification:_identify(src/ros2_control/doc) by extension 'colcon_pkg'
[0.179s] Level 1:colcon.colcon_core.package_identification:_identify(src/ros2_control/doc) by extensions ['colcon_meta']
[0.179s] Level 1:colcon.colcon_core.package_identification:_identify(src/ros2_control/doc) by extension 'colcon_meta'
[0.179s] Level 1:colcon.colcon_core.package_identification:_identify(src/ros2_control/doc) by extensions ['ros']
[0.179s] Level 1:colcon.colcon_core.package_identification:_identify(src/ros2_control/doc) by extension 'ros'
[0.179s] Level 1:colcon.colcon_core.package_identification:_identify(src/ros2_control/doc) by extensions ['cmake', 'python']
[0.179s] Level 1:colcon.colcon_core.package_identification:_identify(src/ros2_control/doc) by extension 'cmake'
[0.179s] Level 1:colcon.colcon_core.package_identification:_identify(src/ros2_control/doc) by extension 'python'
[0.179s] Level 1:colcon.colcon_core.package_identification:_identify(src/ros2_control/doc) by extensions ['python_setup_py']
[0.179s] Level 1:colcon.colcon_core.package_identification:_identify(src/ros2_control/doc) by extension 'python_setup_py'
[0.179s] Level 1:colcon.colcon_core.package_identification:_identify(src/ros2_control/hardware_interface) by extensions ['ignore', 'ignore_ament_install']
[0.180s] Level 1:colcon.colcon_core.package_identification:_identify(src/ros2_control/hardware_interface) by extension 'ignore'
[0.180s] Level 1:colcon.colcon_core.package_identification:_identify(src/ros2_control/hardware_interface) by extension 'ignore_ament_install'
[0.180s] Level 1:colcon.colcon_core.package_identification:_identify(src/ros2_control/hardware_interface) by extensions ['colcon_pkg']
[0.180s] Level 1:colcon.colcon_core.package_identification:_identify(src/ros2_control/hardware_interface) by extension 'colcon_pkg'
[0.180s] Level 1:colcon.colcon_core.package_identification:_identify(src/ros2_control/hardware_interface) by extensions ['colcon_meta']
[0.180s] Level 1:colcon.colcon_core.package_identification:_identify(src/ros2_control/hardware_interface) by extension 'colcon_meta'
[0.180s] Level 1:colcon.colcon_core.package_identification:_identify(src/ros2_control/hardware_interface) by extensions ['ros']
[0.180s] Level 1:colcon.colcon_core.package_identification:_identify(src/ros2_control/hardware_interface) by extension 'ros'
[0.181s] DEBUG:colcon.colcon_core.package_identification:Package 'src/ros2_control/hardware_interface' with type 'ros.ament_cmake' and name 'hardware_interface'
[0.181s] Level 1:colcon.colcon_core.package_identification:_identify(src/ros2_control/hardware_interface_testing) by extensions ['ignore', 'ignore_ament_install']
[0.181s] Level 1:colcon.colcon_core.package_identification:_identify(src/ros2_control/hardware_interface_testing) by extension 'ignore'
[0.181s] Level 1:colcon.colcon_core.package_identification:_identify(src/ros2_control/hardware_interface_testing) by extension 'ignore_ament_install'
[0.181s] Level 1:colcon.colcon_core.package_identification:_identify(src/ros2_control/hardware_interface_testing) by extensions ['colcon_pkg']
[0.181s] Level 1:colcon.colcon_core.package_identification:_identify(src/ros2_control/hardware_interface_testing) by extension 'colcon_pkg'
[0.181s] Level 1:colcon.colcon_core.package_identification:_identify(src/ros2_control/hardware_interface_testing) by extensions ['colcon_meta']
[0.181s] Level 1:colcon.colcon_core.package_identification:_identify(src/ros2_control/hardware_interface_testing) by extension 'colcon_meta'
[0.181s] Level 1:colcon.colcon_core.package_identification:_identify(src/ros2_control/hardware_interface_testing) by extensions ['ros']
[0.181s] Level 1:colcon.colcon_core.package_identification:_identify(src/ros2_control/hardware_interface_testing) by extension 'ros'
[0.182s] DEBUG:colcon.colcon_core.package_identification:Package 'src/ros2_control/hardware_interface_testing' with type 'ros.ament_cmake' and name 'hardware_interface_testing'
[0.182s] Level 1:colcon.colcon_core.package_identification:_identify(src/ros2_control/joint_limits) by extensions ['ignore', 'ignore_ament_install']
[0.182s] Level 1:colcon.colcon_core.package_identification:_identify(src/ros2_control/joint_limits) by extension 'ignore'
[0.182s] Level 1:colcon.colcon_core.package_identification:_identify(src/ros2_control/joint_limits) by extension 'ignore_ament_install'
[0.183s] Level 1:colcon.colcon_core.package_identification:_identify(src/ros2_control/joint_limits) by extensions ['colcon_pkg']
[0.183s] Level 1:colcon.colcon_core.package_identification:_identify(src/ros2_control/joint_limits) by extension 'colcon_pkg'
[0.183s] Level 1:colcon.colcon_core.package_identification:_identify(src/ros2_control/joint_limits) by extensions ['colcon_meta']
[0.183s] Level 1:colcon.colcon_core.package_identification:_identify(src/ros2_control/joint_limits) by extension 'colcon_meta'
[0.183s] Level 1:colcon.colcon_core.package_identification:_identify(src/ros2_control/joint_limits) by extensions ['ros']
[0.183s] Level 1:colcon.colcon_core.package_identification:_identify(src/ros2_control/joint_limits) by extension 'ros'
[0.184s] DEBUG:colcon.colcon_core.package_identification:Package 'src/ros2_control/joint_limits' with type 'ros.ament_cmake' and name 'joint_limits'
[0.184s] Level 1:colcon.colcon_core.package_identification:_identify(src/ros2_control/joint_limits_interface) by extensions ['ignore', 'ignore_ament_install']
[0.184s] Level 1:colcon.colcon_core.package_identification:_identify(src/ros2_control/joint_limits_interface) by extension 'ignore'
[0.184s] Level 1:colcon.colcon_core.package_identification:_identify(src/ros2_control/joint_limits_interface) ignored
[0.184s] Level 1:colcon.colcon_core.package_identification:_identify(src/ros2_control/ros2_control) by extensions ['ignore', 'ignore_ament_install']
[0.184s] Level 1:colcon.colcon_core.package_identification:_identify(src/ros2_control/ros2_control) by extension 'ignore'
[0.184s] Level 1:colcon.colcon_core.package_identification:_identify(src/ros2_control/ros2_control) by extension 'ignore_ament_install'
[0.184s] Level 1:colcon.colcon_core.package_identification:_identify(src/ros2_control/ros2_control) by extensions ['colcon_pkg']
[0.184s] Level 1:colcon.colcon_core.package_identification:_identify(src/ros2_control/ros2_control) by extension 'colcon_pkg'
[0.184s] Level 1:colcon.colcon_core.package_identification:_identify(src/ros2_control/ros2_control) by extensions ['colcon_meta']
[0.184s] Level 1:colcon.colcon_core.package_identification:_identify(src/ros2_control/ros2_control) by extension 'colcon_meta'
[0.184s] Level 1:colcon.colcon_core.package_identification:_identify(src/ros2_control/ros2_control) by extensions ['ros']
[0.184s] Level 1:colcon.colcon_core.package_identification:_identify(src/ros2_control/ros2_control) by extension 'ros'
[0.185s] DEBUG:colcon.colcon_core.package_identification:Package 'src/ros2_control/ros2_control' with type 'ros.ament_cmake' and name 'ros2_control'
[0.185s] Level 1:colcon.colcon_core.package_identification:_identify(src/ros2_control/ros2_control_test_assets) by extensions ['ignore', 'ignore_ament_install']
[0.185s] Level 1:colcon.colcon_core.package_identification:_identify(src/ros2_control/ros2_control_test_assets) by extension 'ignore'
[0.185s] Level 1:colcon.colcon_core.package_identification:_identify(src/ros2_control/ros2_control_test_assets) by extension 'ignore_ament_install'
[0.185s] Level 1:colcon.colcon_core.package_identification:_identify(src/ros2_control/ros2_control_test_assets) by extensions ['colcon_pkg']
[0.185s] Level 1:colcon.colcon_core.package_identification:_identify(src/ros2_control/ros2_control_test_assets) by extension 'colcon_pkg'
[0.185s] Level 1:colcon.colcon_core.package_identification:_identify(src/ros2_control/ros2_control_test_assets) by extensions ['colcon_meta']
[0.185s] Level 1:colcon.colcon_core.package_identification:_identify(src/ros2_control/ros2_control_test_assets) by extension 'colcon_meta'
[0.185s] Level 1:colcon.colcon_core.package_identification:_identify(src/ros2_control/ros2_control_test_assets) by extensions ['ros']
[0.186s] Level 1:colcon.colcon_core.package_identification:_identify(src/ros2_control/ros2_control_test_assets) by extension 'ros'
[0.186s] DEBUG:colcon.colcon_core.package_identification:Package 'src/ros2_control/ros2_control_test_assets' with type 'ros.ament_cmake' and name 'ros2_control_test_assets'
[0.186s] Level 1:colcon.colcon_core.package_identification:_identify(src/ros2_control/ros2controlcli) by extensions ['ignore', 'ignore_ament_install']
[0.186s] Level 1:colcon.colcon_core.package_identification:_identify(src/ros2_control/ros2controlcli) by extension 'ignore'
[0.186s] Level 1:colcon.colcon_core.package_identification:_identify(src/ros2_control/ros2controlcli) by extension 'ignore_ament_install'
[0.186s] Level 1:colcon.colcon_core.package_identification:_identify(src/ros2_control/ros2controlcli) by extensions ['colcon_pkg']
[0.186s] Level 1:colcon.colcon_core.package_identification:_identify(src/ros2_control/ros2controlcli) by extension 'colcon_pkg'
[0.186s] Level 1:colcon.colcon_core.package_identification:_identify(src/ros2_control/ros2controlcli) by extensions ['colcon_meta']
[0.186s] Level 1:colcon.colcon_core.package_identification:_identify(src/ros2_control/ros2controlcli) by extension 'colcon_meta'
[0.187s] Level 1:colcon.colcon_core.package_identification:_identify(src/ros2_control/ros2controlcli) by extensions ['ros']
[0.187s] Level 1:colcon.colcon_core.package_identification:_identify(src/ros2_control/ros2controlcli) by extension 'ros'
[0.187s] DEBUG:colcon.colcon_core.package_identification:Package 'src/ros2_control/ros2controlcli' with type 'ros.ament_python' and name 'ros2controlcli'
[0.188s] Level 1:colcon.colcon_core.package_identification:_identify(src/ros2_control/rqt_controller_manager) by extensions ['ignore', 'ignore_ament_install']
[0.188s] Level 1:colcon.colcon_core.package_identification:_identify(src/ros2_control/rqt_controller_manager) by extension 'ignore'
[0.188s] Level 1:colcon.colcon_core.package_identification:_identify(src/ros2_control/rqt_controller_manager) by extension 'ignore_ament_install'
[0.188s] Level 1:colcon.colcon_core.package_identification:_identify(src/ros2_control/rqt_controller_manager) by extensions ['colcon_pkg']
[0.188s] Level 1:colcon.colcon_core.package_identification:_identify(src/ros2_control/rqt_controller_manager) by extension 'colcon_pkg'
[0.188s] Level 1:colcon.colcon_core.package_identification:_identify(src/ros2_control/rqt_controller_manager) by extensions ['colcon_meta']
[0.188s] Level 1:colcon.colcon_core.package_identification:_identify(src/ros2_control/rqt_controller_manager) by extension 'colcon_meta'
[0.188s] Level 1:colcon.colcon_core.package_identification:_identify(src/ros2_control/rqt_controller_manager) by extensions ['ros']
[0.188s] Level 1:colcon.colcon_core.package_identification:_identify(src/ros2_control/rqt_controller_manager) by extension 'ros'
[0.189s] DEBUG:colcon.colcon_core.package_identification:Package 'src/ros2_control/rqt_controller_manager' with type 'ros.ament_python' and name 'rqt_controller_manager'
[0.189s] Level 1:colcon.colcon_core.package_identification:_identify(src/ros2_control/transmission_interface) by extensions ['ignore', 'ignore_ament_install']
[0.189s] Level 1:colcon.colcon_core.package_identification:_identify(src/ros2_control/transmission_interface) by extension 'ignore'
[0.189s] Level 1:colcon.colcon_core.package_identification:_identify(src/ros2_control/transmission_interface) by extension 'ignore_ament_install'
[0.189s] Level 1:colcon.colcon_core.package_identification:_identify(src/ros2_control/transmission_interface) by extensions ['colcon_pkg']
[0.189s] Level 1:colcon.colcon_core.package_identification:_identify(src/ros2_control/transmission_interface) by extension 'colcon_pkg'
[0.189s] Level 1:colcon.colcon_core.package_identification:_identify(src/ros2_control/transmission_interface) by extensions ['colcon_meta']
[0.189s] Level 1:colcon.colcon_core.package_identification:_identify(src/ros2_control/transmission_interface) by extension 'colcon_meta'
[0.189s] Level 1:colcon.colcon_core.package_identification:_identify(src/ros2_control/transmission_interface) by extensions ['ros']
[0.189s] Level 1:colcon.colcon_core.package_identification:_identify(src/ros2_control/transmission_interface) by extension 'ros'
[0.190s] DEBUG:colcon.colcon_core.package_identification:Package 'src/ros2_control/transmission_interface' with type 'ros.ament_cmake' and name 'transmission_interface'
[0.190s] Level 1:colcon.colcon_core.package_identification:_identify(src/ros2_control_demos) by extensions ['ignore', 'ignore_ament_install']
[0.190s] Level 1:colcon.colcon_core.package_identification:_identify(src/ros2_control_demos) by extension 'ignore'
[0.190s] Level 1:colcon.colcon_core.package_identification:_identify(src/ros2_control_demos) by extension 'ignore_ament_install'
[0.190s] Level 1:colcon.colcon_core.package_identification:_identify(src/ros2_control_demos) by extensions ['colcon_pkg']
[0.190s] Level 1:colcon.colcon_core.package_identification:_identify(src/ros2_control_demos) by extension 'colcon_pkg'
[0.190s] Level 1:colcon.colcon_core.package_identification:_identify(src/ros2_control_demos) by extensions ['colcon_meta']
[0.190s] Level 1:colcon.colcon_core.package_identification:_identify(src/ros2_control_demos) by extension 'colcon_meta'
[0.190s] Level 1:colcon.colcon_core.package_identification:_identify(src/ros2_control_demos) by extensions ['ros']
[0.191s] Level 1:colcon.colcon_core.package_identification:_identify(src/ros2_control_demos) by extension 'ros'
[0.191s] Level 1:colcon.colcon_core.package_identification:_identify(src/ros2_control_demos) by extensions ['cmake', 'python']
[0.191s] Level 1:colcon.colcon_core.package_identification:_identify(src/ros2_control_demos) by extension 'cmake'
[0.191s] Level 1:colcon.colcon_core.package_identification:_identify(src/ros2_control_demos) by extension 'python'
[0.191s] Level 1:colcon.colcon_core.package_identification:_identify(src/ros2_control_demos) by extensions ['python_setup_py']
[0.191s] Level 1:colcon.colcon_core.package_identification:_identify(src/ros2_control_demos) by extension 'python_setup_py'
[0.191s] Level 1:colcon.colcon_core.package_identification:_identify(src/ros2_control_demos/Dockerfile) by extensions ['ignore', 'ignore_ament_install']
[0.191s] Level 1:colcon.colcon_core.package_identification:_identify(src/ros2_control_demos/Dockerfile) by extension 'ignore'
[0.191s] Level 1:colcon.colcon_core.package_identification:_identify(src/ros2_control_demos/Dockerfile) by extension 'ignore_ament_install'
[0.191s] Level 1:colcon.colcon_core.package_identification:_identify(src/ros2_control_demos/Dockerfile) by extensions ['colcon_pkg']
[0.191s] Level 1:colcon.colcon_core.package_identification:_identify(src/ros2_control_demos/Dockerfile) by extension 'colcon_pkg'
[0.191s] Level 1:colcon.colcon_core.package_identification:_identify(src/ros2_control_demos/Dockerfile) by extensions ['colcon_meta']
[0.191s] Level 1:colcon.colcon_core.package_identification:_identify(src/ros2_control_demos/Dockerfile) by extension 'colcon_meta'
[0.191s] Level 1:colcon.colcon_core.package_identification:_identify(src/ros2_control_demos/Dockerfile) by extensions ['ros']
[0.191s] Level 1:colcon.colcon_core.package_identification:_identify(src/ros2_control_demos/Dockerfile) by extension 'ros'
[0.192s] Level 1:colcon.colcon_core.package_identification:_identify(src/ros2_control_demos/Dockerfile) by extensions ['cmake', 'python']
[0.192s] Level 1:colcon.colcon_core.package_identification:_identify(src/ros2_control_demos/Dockerfile) by extension 'cmake'
[0.192s] Level 1:colcon.colcon_core.package_identification:_identify(src/ros2_control_demos/Dockerfile) by extension 'python'
[0.192s] Level 1:colcon.colcon_core.package_identification:_identify(src/ros2_control_demos/Dockerfile) by extensions ['python_setup_py']
[0.192s] Level 1:colcon.colcon_core.package_identification:_identify(src/ros2_control_demos/Dockerfile) by extension 'python_setup_py'
[0.192s] Level 1:colcon.colcon_core.package_identification:_identify(src/ros2_control_demos/doc) by extensions ['ignore', 'ignore_ament_install']
[0.192s] Level 1:colcon.colcon_core.package_identification:_identify(src/ros2_control_demos/doc) by extension 'ignore'
[0.192s] Level 1:colcon.colcon_core.package_identification:_identify(src/ros2_control_demos/doc) by extension 'ignore_ament_install'
[0.192s] Level 1:colcon.colcon_core.package_identification:_identify(src/ros2_control_demos/doc) by extensions ['colcon_pkg']
[0.192s] Level 1:colcon.colcon_core.package_identification:_identify(src/ros2_control_demos/doc) by extension 'colcon_pkg'
[0.192s] Level 1:colcon.colcon_core.package_identification:_identify(src/ros2_control_demos/doc) by extensions ['colcon_meta']
[0.192s] Level 1:colcon.colcon_core.package_identification:_identify(src/ros2_control_demos/doc) by extension 'colcon_meta'
[0.192s] Level 1:colcon.colcon_core.package_identification:_identify(src/ros2_control_demos/doc) by extensions ['ros']
[0.192s] Level 1:colcon.colcon_core.package_identification:_identify(src/ros2_control_demos/doc) by extension 'ros'
[0.192s] Level 1:colcon.colcon_core.package_identification:_identify(src/ros2_control_demos/doc) by extensions ['cmake', 'python']
[0.192s] Level 1:colcon.colcon_core.package_identification:_identify(src/ros2_control_demos/doc) by extension 'cmake'
[0.193s] Level 1:colcon.colcon_core.package_identification:_identify(src/ros2_control_demos/doc) by extension 'python'
[0.193s] Level 1:colcon.colcon_core.package_identification:_identify(src/ros2_control_demos/doc) by extensions ['python_setup_py']
[0.193s] Level 1:colcon.colcon_core.package_identification:_identify(src/ros2_control_demos/doc) by extension 'python_setup_py'
[0.193s] Level 1:colcon.colcon_core.package_identification:_identify(src/ros2_control_demos/example_1) by extensions ['ignore', 'ignore_ament_install']
[0.193s] Level 1:colcon.colcon_core.package_identification:_identify(src/ros2_control_demos/example_1) by extension 'ignore'
[0.193s] Level 1:colcon.colcon_core.package_identification:_identify(src/ros2_control_demos/example_1) by extension 'ignore_ament_install'
[0.193s] Level 1:colcon.colcon_core.package_identification:_identify(src/ros2_control_demos/example_1) by extensions ['colcon_pkg']
[0.193s] Level 1:colcon.colcon_core.package_identification:_identify(src/ros2_control_demos/example_1) by extension 'colcon_pkg'
[0.193s] Level 1:colcon.colcon_core.package_identification:_identify(src/ros2_control_demos/example_1) by extensions ['colcon_meta']
[0.193s] Level 1:colcon.colcon_core.package_identification:_identify(src/ros2_control_demos/example_1) by extension 'colcon_meta'
[0.193s] Level 1:colcon.colcon_core.package_identification:_identify(src/ros2_control_demos/example_1) by extensions ['ros']
[0.193s] Level 1:colcon.colcon_core.package_identification:_identify(src/ros2_control_demos/example_1) by extension 'ros'
[0.194s] DEBUG:colcon.colcon_core.package_identification:Package 'src/ros2_control_demos/example_1' with type 'ros.ament_cmake' and name 'ros2_control_demo_example_1'
[0.194s] Level 1:colcon.colcon_core.package_identification:_identify(src/ros2_control_demos/example_10) by extensions ['ignore', 'ignore_ament_install']
[0.194s] Level 1:colcon.colcon_core.package_identification:_identify(src/ros2_control_demos/example_10) by extension 'ignore'
[0.195s] Level 1:colcon.colcon_core.package_identification:_identify(src/ros2_control_demos/example_10) by extension 'ignore_ament_install'
[0.195s] Level 1:colcon.colcon_core.package_identification:_identify(src/ros2_control_demos/example_10) by extensions ['colcon_pkg']
[0.195s] Level 1:colcon.colcon_core.package_identification:_identify(src/ros2_control_demos/example_10) by extension 'colcon_pkg'
[0.195s] Level 1:colcon.colcon_core.package_identification:_identify(src/ros2_control_demos/example_10) by extensions ['colcon_meta']
[0.195s] Level 1:colcon.colcon_core.package_identification:_identify(src/ros2_control_demos/example_10) by extension 'colcon_meta'
[0.195s] Level 1:colcon.colcon_core.package_identification:_identify(src/ros2_control_demos/example_10) by extensions ['ros']
[0.195s] Level 1:colcon.colcon_core.package_identification:_identify(src/ros2_control_demos/example_10) by extension 'ros'
[0.196s] DEBUG:colcon.colcon_core.package_identification:Package 'src/ros2_control_demos/example_10' with type 'ros.ament_cmake' and name 'ros2_control_demo_example_10'
[0.196s] Level 1:colcon.colcon_core.package_identification:_identify(src/ros2_control_demos/example_11) by extensions ['ignore', 'ignore_ament_install']
[0.196s] Level 1:colcon.colcon_core.package_identification:_identify(src/ros2_control_demos/example_11) by extension 'ignore'
[0.196s] Level 1:colcon.colcon_core.package_identification:_identify(src/ros2_control_demos/example_11) by extension 'ignore_ament_install'
[0.196s] Level 1:colcon.colcon_core.package_identification:_identify(src/ros2_control_demos/example_11) by extensions ['colcon_pkg']
[0.196s] Level 1:colcon.colcon_core.package_identification:_identify(src/ros2_control_demos/example_11) by extension 'colcon_pkg'
[0.196s] Level 1:colcon.colcon_core.package_identification:_identify(src/ros2_control_demos/example_11) by extensions ['colcon_meta']
[0.196s] Level 1:colcon.colcon_core.package_identification:_identify(src/ros2_control_demos/example_11) by extension 'colcon_meta'
[0.196s] Level 1:colcon.colcon_core.package_identification:_identify(src/ros2_control_demos/example_11) by extensions ['ros']
[0.196s] Level 1:colcon.colcon_core.package_identification:_identify(src/ros2_control_demos/example_11) by extension 'ros'
[0.197s] DEBUG:colcon.colcon_core.package_identification:Package 'src/ros2_control_demos/example_11' with type 'ros.ament_cmake' and name 'ros2_control_demo_example_11'
[0.198s] Level 1:colcon.colcon_core.package_identification:_identify(src/ros2_control_demos/example_12) by extensions ['ignore', 'ignore_ament_install']
[0.198s] Level 1:colcon.colcon_core.package_identification:_identify(src/ros2_control_demos/example_12) by extension 'ignore'
[0.198s] Level 1:colcon.colcon_core.package_identification:_identify(src/ros2_control_demos/example_12) by extension 'ignore_ament_install'
[0.198s] Level 1:colcon.colcon_core.package_identification:_identify(src/ros2_control_demos/example_12) by extensions ['colcon_pkg']
[0.198s] Level 1:colcon.colcon_core.package_identification:_identify(src/ros2_control_demos/example_12) by extension 'colcon_pkg'
[0.198s] Level 1:colcon.colcon_core.package_identification:_identify(src/ros2_control_demos/example_12) by extensions ['colcon_meta']
[0.198s] Level 1:colcon.colcon_core.package_identification:_identify(src/ros2_control_demos/example_12) by extension 'colcon_meta'
[0.198s] Level 1:colcon.colcon_core.package_identification:_identify(src/ros2_control_demos/example_12) by extensions ['ros']
[0.198s] Level 1:colcon.colcon_core.package_identification:_identify(src/ros2_control_demos/example_12) by extension 'ros'
[0.199s] DEBUG:colcon.colcon_core.package_identification:Package 'src/ros2_control_demos/example_12' with type 'ros.ament_cmake' and name 'ros2_control_demo_example_12'
[0.199s] Level 1:colcon.colcon_core.package_identification:_identify(src/ros2_control_demos/example_13) by extensions ['ignore', 'ignore_ament_install']
[0.199s] Level 1:colcon.colcon_core.package_identification:_identify(src/ros2_control_demos/example_13) by extension 'ignore'
[0.199s] Level 1:colcon.colcon_core.package_identification:_identify(src/ros2_control_demos/example_13) by extension 'ignore_ament_install'
[0.199s] Level 1:colcon.colcon_core.package_identification:_identify(src/ros2_control_demos/example_13) by extensions ['colcon_pkg']
[0.199s] Level 1:colcon.colcon_core.package_identification:_identify(src/ros2_control_demos/example_13) by extension 'colcon_pkg'
[0.199s] Level 1:colcon.colcon_core.package_identification:_identify(src/ros2_control_demos/example_13) by extensions ['colcon_meta']
[0.199s] Level 1:colcon.colcon_core.package_identification:_identify(src/ros2_control_demos/example_13) by extension 'colcon_meta'
[0.200s] Level 1:colcon.colcon_core.package_identification:_identify(src/ros2_control_demos/example_13) by extensions ['ros']
[0.200s] Level 1:colcon.colcon_core.package_identification:_identify(src/ros2_control_demos/example_13) by extension 'ros'
[0.201s] DEBUG:colcon.colcon_core.package_identification:Package 'src/ros2_control_demos/example_13' with type 'ros.ament_cmake' and name 'ros2_control_demo_example_13'
[0.201s] Level 1:colcon.colcon_core.package_identification:_identify(src/ros2_control_demos/example_14) by extensions ['ignore', 'ignore_ament_install']
[0.201s] Level 1:colcon.colcon_core.package_identification:_identify(src/ros2_control_demos/example_14) by extension 'ignore'
[0.202s] Level 1:colcon.colcon_core.package_identification:_identify(src/ros2_control_demos/example_14) by extension 'ignore_ament_install'
[0.202s] Level 1:colcon.colcon_core.package_identification:_identify(src/ros2_control_demos/example_14) by extensions ['colcon_pkg']
[0.202s] Level 1:colcon.colcon_core.package_identification:_identify(src/ros2_control_demos/example_14) by extension 'colcon_pkg'
[0.202s] Level 1:colcon.colcon_core.package_identification:_identify(src/ros2_control_demos/example_14) by extensions ['colcon_meta']
[0.202s] Level 1:colcon.colcon_core.package_identification:_identify(src/ros2_control_demos/example_14) by extension 'colcon_meta'
[0.202s] Level 1:colcon.colcon_core.package_identification:_identify(src/ros2_control_demos/example_14) by extensions ['ros']
[0.202s] Level 1:colcon.colcon_core.package_identification:_identify(src/ros2_control_demos/example_14) by extension 'ros'
[0.203s] DEBUG:colcon.colcon_core.package_identification:Package 'src/ros2_control_demos/example_14' with type 'ros.ament_cmake' and name 'ros2_control_demo_example_14'
[0.203s] Level 1:colcon.colcon_core.package_identification:_identify(src/ros2_control_demos/example_15) by extensions ['ignore', 'ignore_ament_install']
[0.203s] Level 1:colcon.colcon_core.package_identification:_identify(src/ros2_control_demos/example_15) by extension 'ignore'
[0.203s] Level 1:colcon.colcon_core.package_identification:_identify(src/ros2_control_demos/example_15) by extension 'ignore_ament_install'
[0.203s] Level 1:colcon.colcon_core.package_identification:_identify(src/ros2_control_demos/example_15) by extensions ['colcon_pkg']
[0.203s] Level 1:colcon.colcon_core.package_identification:_identify(src/ros2_control_demos/example_15) by extension 'colcon_pkg'
[0.203s] Level 1:colcon.colcon_core.package_identification:_identify(src/ros2_control_demos/example_15) by extensions ['colcon_meta']
[0.204s] Level 1:colcon.colcon_core.package_identification:_identify(src/ros2_control_demos/example_15) by extension 'colcon_meta'
[0.204s] Level 1:colcon.colcon_core.package_identification:_identify(src/ros2_control_demos/example_15) by extensions ['ros']
[0.204s] Level 1:colcon.colcon_core.package_identification:_identify(src/ros2_control_demos/example_15) by extension 'ros'
[0.204s] DEBUG:colcon.colcon_core.package_identification:Package 'src/ros2_control_demos/example_15' with type 'ros.ament_cmake' and name 'ros2_control_demo_example_15'
[0.204s] Level 1:colcon.colcon_core.package_identification:_identify(src/ros2_control_demos/example_2) by extensions ['ignore', 'ignore_ament_install']
[0.205s] Level 1:colcon.colcon_core.package_identification:_identify(src/ros2_control_demos/example_2) by extension 'ignore'
[0.205s] Level 1:colcon.colcon_core.package_identification:_identify(src/ros2_control_demos/example_2) by extension 'ignore_ament_install'
[0.205s] Level 1:colcon.colcon_core.package_identification:_identify(src/ros2_control_demos/example_2) by extensions ['colcon_pkg']
[0.205s] Level 1:colcon.colcon_core.package_identification:_identify(src/ros2_control_demos/example_2) by extension 'colcon_pkg'
[0.205s] Level 1:colcon.colcon_core.package_identification:_identify(src/ros2_control_demos/example_2) by extensions ['colcon_meta']
[0.205s] Level 1:colcon.colcon_core.package_identification:_identify(src/ros2_control_demos/example_2) by extension 'colcon_meta'
[0.205s] Level 1:colcon.colcon_core.package_identification:_identify(src/ros2_control_demos/example_2) by extensions ['ros']
[0.205s] Level 1:colcon.colcon_core.package_identification:_identify(src/ros2_control_demos/example_2) by extension 'ros'
[0.206s] DEBUG:colcon.colcon_core.package_identification:Package 'src/ros2_control_demos/example_2' with type 'ros.ament_cmake' and name 'ros2_control_demo_example_2'
[0.206s] Level 1:colcon.colcon_core.package_identification:_identify(src/ros2_control_demos/example_3) by extensions ['ignore', 'ignore_ament_install']
[0.206s] Level 1:colcon.colcon_core.package_identification:_identify(src/ros2_control_demos/example_3) by extension 'ignore'
[0.206s] Level 1:colcon.colcon_core.package_identification:_identify(src/ros2_control_demos/example_3) by extension 'ignore_ament_install'
[0.207s] Level 1:colcon.colcon_core.package_identification:_identify(src/ros2_control_demos/example_3) by extensions ['colcon_pkg']
[0.207s] Level 1:colcon.colcon_core.package_identification:_identify(src/ros2_control_demos/example_3) by extension 'colcon_pkg'
[0.207s] Level 1:colcon.colcon_core.package_identification:_identify(src/ros2_control_demos/example_3) by extensions ['colcon_meta']
[0.207s] Level 1:colcon.colcon_core.package_identification:_identify(src/ros2_control_demos/example_3) by extension 'colcon_meta'
[0.207s] Level 1:colcon.colcon_core.package_identification:_identify(src/ros2_control_demos/example_3) by extensions ['ros']
[0.207s] Level 1:colcon.colcon_core.package_identification:_identify(src/ros2_control_demos/example_3) by extension 'ros'
[0.208s] DEBUG:colcon.colcon_core.package_identification:Package 'src/ros2_control_demos/example_3' with type 'ros.ament_cmake' and name 'ros2_control_demo_example_3'
[0.208s] Level 1:colcon.colcon_core.package_identification:_identify(src/ros2_control_demos/example_4) by extensions ['ignore', 'ignore_ament_install']
[0.208s] Level 1:colcon.colcon_core.package_identification:_identify(src/ros2_control_demos/example_4) by extension 'ignore'
[0.208s] Level 1:colcon.colcon_core.package_identification:_identify(src/ros2_control_demos/example_4) by extension 'ignore_ament_install'
[0.208s] Level 1:colcon.colcon_core.package_identification:_identify(src/ros2_control_demos/example_4) by extensions ['colcon_pkg']
[0.208s] Level 1:colcon.colcon_core.package_identification:_identify(src/ros2_control_demos/example_4) by extension 'colcon_pkg'
[0.208s] Level 1:colcon.colcon_core.package_identification:_identify(src/ros2_control_demos/example_4) by extensions ['colcon_meta']
[0.208s] Level 1:colcon.colcon_core.package_identification:_identify(src/ros2_control_demos/example_4) by extension 'colcon_meta'
[0.208s] Level 1:colcon.colcon_core.package_identification:_identify(src/ros2_control_demos/example_4) by extensions ['ros']
[0.208s] Level 1:colcon.colcon_core.package_identification:_identify(src/ros2_control_demos/example_4) by extension 'ros'
[0.209s] DEBUG:colcon.colcon_core.package_identification:Package 'src/ros2_control_demos/example_4' with type 'ros.ament_cmake' and name 'ros2_control_demo_example_4'
[0.209s] Level 1:colcon.colcon_core.package_identification:_identify(src/ros2_control_demos/example_5) by extensions ['ignore', 'ignore_ament_install']
[0.210s] Level 1:colcon.colcon_core.package_identification:_identify(src/ros2_control_demos/example_5) by extension 'ignore'
[0.210s] Level 1:colcon.colcon_core.package_identification:_identify(src/ros2_control_demos/example_5) by extension 'ignore_ament_install'
[0.210s] Level 1:colcon.colcon_core.package_identification:_identify(src/ros2_control_demos/example_5) by extensions ['colcon_pkg']
[0.210s] Level 1:colcon.colcon_core.package_identification:_identify(src/ros2_control_demos/example_5) by extension 'colcon_pkg'
[0.210s] Level 1:colcon.colcon_core.package_identification:_identify(src/ros2_control_demos/example_5) by extensions ['colcon_meta']
[0.210s] Level 1:colcon.colcon_core.package_identification:_identify(src/ros2_control_demos/example_5) by extension 'colcon_meta'
[0.210s] Level 1:colcon.colcon_core.package_identification:_identify(src/ros2_control_demos/example_5) by extensions ['ros']
[0.210s] Level 1:colcon.colcon_core.package_identification:_identify(src/ros2_control_demos/example_5) by extension 'ros'
[0.211s] DEBUG:colcon.colcon_core.package_identification:Package 'src/ros2_control_demos/example_5' with type 'ros.ament_cmake' and name 'ros2_control_demo_example_5'
[0.211s] Level 1:colcon.colcon_core.package_identification:_identify(src/ros2_control_demos/example_6) by extensions ['ignore', 'ignore_ament_install']
[0.211s] Level 1:colcon.colcon_core.package_identification:_identify(src/ros2_control_demos/example_6) by extension 'ignore'
[0.211s] Level 1:colcon.colcon_core.package_identification:_identify(src/ros2_control_demos/example_6) by extension 'ignore_ament_install'
[0.211s] Level 1:colcon.colcon_core.package_identification:_identify(src/ros2_control_demos/example_6) by extensions ['colcon_pkg']
[0.211s] Level 1:colcon.colcon_core.package_identification:_identify(src/ros2_control_demos/example_6) by extension 'colcon_pkg'
[0.212s] Level 1:colcon.colcon_core.package_identification:_identify(src/ros2_control_demos/example_6) by extensions ['colcon_meta']
[0.212s] Level 1:colcon.colcon_core.package_identification:_identify(src/ros2_control_demos/example_6) by extension 'colcon_meta'
[0.212s] Level 1:colcon.colcon_core.package_identification:_identify(src/ros2_control_demos/example_6) by extensions ['ros']
[0.212s] Level 1:colcon.colcon_core.package_identification:_identify(src/ros2_control_demos/example_6) by extension 'ros'
[0.213s] DEBUG:colcon.colcon_core.package_identification:Package 'src/ros2_control_demos/example_6' with type 'ros.ament_cmake' and name 'ros2_control_demo_example_6'
[0.213s] Level 1:colcon.colcon_core.package_identification:_identify(src/ros2_control_demos/example_7) by extensions ['ignore', 'ignore_ament_install']
[0.213s] Level 1:colcon.colcon_core.package_identification:_identify(src/ros2_control_demos/example_7) by extension 'ignore'
[0.213s] Level 1:colcon.colcon_core.package_identification:_identify(src/ros2_control_demos/example_7) by extension 'ignore_ament_install'
[0.213s] Level 1:colcon.colcon_core.package_identification:_identify(src/ros2_control_demos/example_7) by extensions ['colcon_pkg']
[0.213s] Level 1:colcon.colcon_core.package_identification:_identify(src/ros2_control_demos/example_7) by extension 'colcon_pkg'
[0.213s] Level 1:colcon.colcon_core.package_identification:_identify(src/ros2_control_demos/example_7) by extensions ['colcon_meta']
[0.213s] Level 1:colcon.colcon_core.package_identification:_identify(src/ros2_control_demos/example_7) by extension 'colcon_meta'
[0.213s] Level 1:colcon.colcon_core.package_identification:_identify(src/ros2_control_demos/example_7) by extensions ['ros']
[0.213s] Level 1:colcon.colcon_core.package_identification:_identify(src/ros2_control_demos/example_7) by extension 'ros'
[0.215s] DEBUG:colcon.colcon_core.package_identification:Package 'src/ros2_control_demos/example_7' with type 'ros.ament_cmake' and name 'ros2_control_demo_example_7'
[0.215s] Level 1:colcon.colcon_core.package_identification:_identify(src/ros2_control_demos/example_8) by extensions ['ignore', 'ignore_ament_install']
[0.215s] Level 1:colcon.colcon_core.package_identification:_identify(src/ros2_control_demos/example_8) by extension 'ignore'
[0.215s] Level 1:colcon.colcon_core.package_identification:_identify(src/ros2_control_demos/example_8) by extension 'ignore_ament_install'
[0.215s] Level 1:colcon.colcon_core.package_identification:_identify(src/ros2_control_demos/example_8) by extensions ['colcon_pkg']
[0.215s] Level 1:colcon.colcon_core.package_identification:_identify(src/ros2_control_demos/example_8) by extension 'colcon_pkg'
[0.215s] Level 1:colcon.colcon_core.package_identification:_identify(src/ros2_control_demos/example_8) by extensions ['colcon_meta']
[0.215s] Level 1:colcon.colcon_core.package_identification:_identify(src/ros2_control_demos/example_8) by extension 'colcon_meta'
[0.215s] Level 1:colcon.colcon_core.package_identification:_identify(src/ros2_control_demos/example_8) by extensions ['ros']
[0.215s] Level 1:colcon.colcon_core.package_identification:_identify(src/ros2_control_demos/example_8) by extension 'ros'
[0.216s] DEBUG:colcon.colcon_core.package_identification:Package 'src/ros2_control_demos/example_8' with type 'ros.ament_cmake' and name 'ros2_control_demo_example_8'
[0.216s] Level 1:colcon.colcon_core.package_identification:_identify(src/ros2_control_demos/example_9) by extensions ['ignore', 'ignore_ament_install']
[0.216s] Level 1:colcon.colcon_core.package_identification:_identify(src/ros2_control_demos/example_9) by extension 'ignore'
[0.217s] Level 1:colcon.colcon_core.package_identification:_identify(src/ros2_control_demos/example_9) by extension 'ignore_ament_install'
[0.217s] Level 1:colcon.colcon_core.package_identification:_identify(src/ros2_control_demos/example_9) by extensions ['colcon_pkg']
[0.217s] Level 1:colcon.colcon_core.package_identification:_identify(src/ros2_control_demos/example_9) by extension 'colcon_pkg'
[0.217s] Level 1:colcon.colcon_core.package_identification:_identify(src/ros2_control_demos/example_9) by extensions ['colcon_meta']
[0.217s] Level 1:colcon.colcon_core.package_identification:_identify(src/ros2_control_demos/example_9) by extension 'colcon_meta'
[0.217s] Level 1:colcon.colcon_core.package_identification:_identify(src/ros2_control_demos/example_9) by extensions ['ros']
[0.217s] Level 1:colcon.colcon_core.package_identification:_identify(src/ros2_control_demos/example_9) by extension 'ros'
[0.218s] DEBUG:colcon.colcon_core.package_identification:Package 'src/ros2_control_demos/example_9' with type 'ros.ament_cmake' and name 'ros2_control_demo_example_9'
[0.218s] Level 1:colcon.colcon_core.package_identification:_identify(src/ros2_control_demos/ros2_control_demo_description) by extensions ['ignore', 'ignore_ament_install']
[0.218s] Level 1:colcon.colcon_core.package_identification:_identify(src/ros2_control_demos/ros2_control_demo_description) by extension 'ignore'
[0.218s] Level 1:colcon.colcon_core.package_identification:_identify(src/ros2_control_demos/ros2_control_demo_description) by extension 'ignore_ament_install'
[0.218s] Level 1:colcon.colcon_core.package_identification:_identify(src/ros2_control_demos/ros2_control_demo_description) by extensions ['colcon_pkg']
[0.218s] Level 1:colcon.colcon_core.package_identification:_identify(src/ros2_control_demos/ros2_control_demo_description) by extension 'colcon_pkg'
[0.218s] Level 1:colcon.colcon_core.package_identification:_identify(src/ros2_control_demos/ros2_control_demo_description) by extensions ['colcon_meta']
[0.218s] Level 1:colcon.colcon_core.package_identification:_identify(src/ros2_control_demos/ros2_control_demo_description) by extension 'colcon_meta'
[0.218s] Level 1:colcon.colcon_core.package_identification:_identify(src/ros2_control_demos/ros2_control_demo_description) by extensions ['ros']
[0.218s] Level 1:colcon.colcon_core.package_identification:_identify(src/ros2_control_demos/ros2_control_demo_description) by extension 'ros'
[0.219s] DEBUG:colcon.colcon_core.package_identification:Package 'src/ros2_control_demos/ros2_control_demo_description' with type 'ros.ament_cmake' and name 'ros2_control_demo_description'
[0.219s] Level 1:colcon.colcon_core.package_identification:_identify(src/ros2_control_demos/ros2_control_demos) by extensions ['ignore', 'ignore_ament_install']
[0.219s] Level 1:colcon.colcon_core.package_identification:_identify(src/ros2_control_demos/ros2_control_demos) by extension 'ignore'
[0.219s] Level 1:colcon.colcon_core.package_identification:_identify(src/ros2_control_demos/ros2_control_demos) by extension 'ignore_ament_install'
[0.219s] Level 1:colcon.colcon_core.package_identification:_identify(src/ros2_control_demos/ros2_control_demos) by extensions ['colcon_pkg']
[0.219s] Level 1:colcon.colcon_core.package_identification:_identify(src/ros2_control_demos/ros2_control_demos) by extension 'colcon_pkg'
[0.219s] Level 1:colcon.colcon_core.package_identification:_identify(src/ros2_control_demos/ros2_control_demos) by extensions ['colcon_meta']
[0.219s] Level 1:colcon.colcon_core.package_identification:_identify(src/ros2_control_demos/ros2_control_demos) by extension 'colcon_meta'
[0.220s] Level 1:colcon.colcon_core.package_identification:_identify(src/ros2_control_demos/ros2_control_demos) by extensions ['ros']
[0.220s] Level 1:colcon.colcon_core.package_identification:_identify(src/ros2_control_demos/ros2_control_demos) by extension 'ros'
[0.220s] DEBUG:colcon.colcon_core.package_identification:Package 'src/ros2_control_demos/ros2_control_demos' with type 'ros.ament_cmake' and name 'ros2_control_demos'
[0.220s] Level 1:colcon.colcon_core.package_identification:_identify(src/ros2_controllers) by extensions ['ignore', 'ignore_ament_install']
[0.220s] Level 1:colcon.colcon_core.package_identification:_identify(src/ros2_controllers) by extension 'ignore'
[0.220s] Level 1:colcon.colcon_core.package_identification:_identify(src/ros2_controllers) by extension 'ignore_ament_install'
[0.221s] Level 1:colcon.colcon_core.package_identification:_identify(src/ros2_controllers) by extensions ['colcon_pkg']
[0.221s] Level 1:colcon.colcon_core.package_identification:_identify(src/ros2_controllers) by extension 'colcon_pkg'
[0.221s] Level 1:colcon.colcon_core.package_identification:_identify(src/ros2_controllers) by extensions ['colcon_meta']
[0.221s] Level 1:colcon.colcon_core.package_identification:_identify(src/ros2_controllers) by extension 'colcon_meta'
[0.221s] Level 1:colcon.colcon_core.package_identification:_identify(src/ros2_controllers) by extensions ['ros']
[0.221s] Level 1:colcon.colcon_core.package_identification:_identify(src/ros2_controllers) by extension 'ros'
[0.221s] Level 1:colcon.colcon_core.package_identification:_identify(src/ros2_controllers) by extensions ['cmake', 'python']
[0.221s] Level 1:colcon.colcon_core.package_identification:_identify(src/ros2_controllers) by extension 'cmake'
[0.221s] Level 1:colcon.colcon_core.package_identification:_identify(src/ros2_controllers) by extension 'python'
[0.221s] Level 1:colcon.colcon_core.package_identification:_identify(src/ros2_controllers) by extensions ['python_setup_py']
[0.221s] Level 1:colcon.colcon_core.package_identification:_identify(src/ros2_controllers) by extension 'python_setup_py'
[0.221s] Level 1:colcon.colcon_core.package_identification:_identify(src/ros2_controllers/ackermann_steering_controller) by extensions ['ignore', 'ignore_ament_install']
[0.221s] Level 1:colcon.colcon_core.package_identification:_identify(src/ros2_controllers/ackermann_steering_controller) by extension 'ignore'
[0.221s] Level 1:colcon.colcon_core.package_identification:_identify(src/ros2_controllers/ackermann_steering_controller) by extension 'ignore_ament_install'
[0.221s] Level 1:colcon.colcon_core.package_identification:_identify(src/ros2_controllers/ackermann_steering_controller) by extensions ['colcon_pkg']
[0.221s] Level 1:colcon.colcon_core.package_identification:_identify(src/ros2_controllers/ackermann_steering_controller) by extension 'colcon_pkg'
[0.222s] Level 1:colcon.colcon_core.package_identification:_identify(src/ros2_controllers/ackermann_steering_controller) by extensions ['colcon_meta']
[0.222s] Level 1:colcon.colcon_core.package_identification:_identify(src/ros2_controllers/ackermann_steering_controller) by extension 'colcon_meta'
[0.222s] Level 1:colcon.colcon_core.package_identification:_identify(src/ros2_controllers/ackermann_steering_controller) by extensions ['ros']
[0.222s] Level 1:colcon.colcon_core.package_identification:_identify(src/ros2_controllers/ackermann_steering_controller) by extension 'ros'
[0.223s] DEBUG:colcon.colcon_core.package_identification:Package 'src/ros2_controllers/ackermann_steering_controller' with type 'ros.ament_cmake' and name 'ackermann_steering_controller'
[0.223s] Level 1:colcon.colcon_core.package_identification:_identify(src/ros2_controllers/admittance_controller) by extensions ['ignore', 'ignore_ament_install']
[0.223s] Level 1:colcon.colcon_core.package_identification:_identify(src/ros2_controllers/admittance_controller) by extension 'ignore'
[0.223s] Level 1:colcon.colcon_core.package_identification:_identify(src/ros2_controllers/admittance_controller) by extension 'ignore_ament_install'
[0.223s] Level 1:colcon.colcon_core.package_identification:_identify(src/ros2_controllers/admittance_controller) by extensions ['colcon_pkg']
[0.223s] Level 1:colcon.colcon_core.package_identification:_identify(src/ros2_controllers/admittance_controller) by extension 'colcon_pkg'
[0.223s] Level 1:colcon.colcon_core.package_identification:_identify(src/ros2_controllers/admittance_controller) by extensions ['colcon_meta']
[0.223s] Level 1:colcon.colcon_core.package_identification:_identify(src/ros2_controllers/admittance_controller) by extension 'colcon_meta'
[0.223s] Level 1:colcon.colcon_core.package_identification:_identify(src/ros2_controllers/admittance_controller) by extensions ['ros']
[0.223s] Level 1:colcon.colcon_core.package_identification:_identify(src/ros2_controllers/admittance_controller) by extension 'ros'
[0.225s] DEBUG:colcon.colcon_core.package_identification:Package 'src/ros2_controllers/admittance_controller' with type 'ros.ament_cmake' and name 'admittance_controller'
[0.225s] Level 1:colcon.colcon_core.package_identification:_identify(src/ros2_controllers/bicycle_steering_controller) by extensions ['ignore', 'ignore_ament_install']
[0.225s] Level 1:colcon.colcon_core.package_identification:_identify(src/ros2_controllers/bicycle_steering_controller) by extension 'ignore'
[0.225s] Level 1:colcon.colcon_core.package_identification:_identify(src/ros2_controllers/bicycle_steering_controller) by extension 'ignore_ament_install'
[0.225s] Level 1:colcon.colcon_core.package_identification:_identify(src/ros2_controllers/bicycle_steering_controller) by extensions ['colcon_pkg']
[0.225s] Level 1:colcon.colcon_core.package_identification:_identify(src/ros2_controllers/bicycle_steering_controller) by extension 'colcon_pkg'
[0.226s] Level 1:colcon.colcon_core.package_identification:_identify(src/ros2_controllers/bicycle_steering_controller) by extensions ['colcon_meta']
[0.226s] Level 1:colcon.colcon_core.package_identification:_identify(src/ros2_controllers/bicycle_steering_controller) by extension 'colcon_meta'
[0.226s] Level 1:colcon.colcon_core.package_identification:_identify(src/ros2_controllers/bicycle_steering_controller) by extensions ['ros']
[0.226s] Level 1:colcon.colcon_core.package_identification:_identify(src/ros2_controllers/bicycle_steering_controller) by extension 'ros'
[0.227s] DEBUG:colcon.colcon_core.package_identification:Package 'src/ros2_controllers/bicycle_steering_controller' with type 'ros.ament_cmake' and name 'bicycle_steering_controller'
[0.227s] Level 1:colcon.colcon_core.package_identification:_identify(src/ros2_controllers/diff_drive_controller) by extensions ['ignore', 'ignore_ament_install']
[0.227s] Level 1:colcon.colcon_core.package_identification:_identify(src/ros2_controllers/diff_drive_controller) by extension 'ignore'
[0.227s] Level 1:colcon.colcon_core.package_identification:_identify(src/ros2_controllers/diff_drive_controller) by extension 'ignore_ament_install'
[0.227s] Level 1:colcon.colcon_core.package_identification:_identify(src/ros2_controllers/diff_drive_controller) by extensions ['colcon_pkg']
[0.227s] Level 1:colcon.colcon_core.package_identification:_identify(src/ros2_controllers/diff_drive_controller) by extension 'colcon_pkg'
[0.227s] Level 1:colcon.colcon_core.package_identification:_identify(src/ros2_controllers/diff_drive_controller) by extensions ['colcon_meta']
[0.227s] Level 1:colcon.colcon_core.package_identification:_identify(src/ros2_controllers/diff_drive_controller) by extension 'colcon_meta'
[0.227s] Level 1:colcon.colcon_core.package_identification:_identify(src/ros2_controllers/diff_drive_controller) by extensions ['ros']
[0.227s] Level 1:colcon.colcon_core.package_identification:_identify(src/ros2_controllers/diff_drive_controller) by extension 'ros'
[0.228s] DEBUG:colcon.colcon_core.package_identification:Package 'src/ros2_controllers/diff_drive_controller' with type 'ros.ament_cmake' and name 'diff_drive_controller'
[0.229s] Level 1:colcon.colcon_core.package_identification:_identify(src/ros2_controllers/doc) by extensions ['ignore', 'ignore_ament_install']
[0.229s] Level 1:colcon.colcon_core.package_identification:_identify(src/ros2_controllers/doc) by extension 'ignore'
[0.229s] Level 1:colcon.colcon_core.package_identification:_identify(src/ros2_controllers/doc) by extension 'ignore_ament_install'
[0.229s] Level 1:colcon.colcon_core.package_identification:_identify(src/ros2_controllers/doc) by extensions ['colcon_pkg']
[0.229s] Level 1:colcon.colcon_core.package_identification:_identify(src/ros2_controllers/doc) by extension 'colcon_pkg'
[0.229s] Level 1:colcon.colcon_core.package_identification:_identify(src/ros2_controllers/doc) by extensions ['colcon_meta']
[0.229s] Level 1:colcon.colcon_core.package_identification:_identify(src/ros2_controllers/doc) by extension 'colcon_meta'
[0.229s] Level 1:colcon.colcon_core.package_identification:_identify(src/ros2_controllers/doc) by extensions ['ros']
[0.229s] Level 1:colcon.colcon_core.package_identification:_identify(src/ros2_controllers/doc) by extension 'ros'
[0.229s] Level 1:colcon.colcon_core.package_identification:_identify(src/ros2_controllers/doc) by extensions ['cmake', 'python']
[0.229s] Level 1:colcon.colcon_core.package_identification:_identify(src/ros2_controllers/doc) by extension 'cmake'
[0.229s] Level 1:colcon.colcon_core.package_identification:_identify(src/ros2_controllers/doc) by extension 'python'
[0.229s] Level 1:colcon.colcon_core.package_identification:_identify(src/ros2_controllers/doc) by extensions ['python_setup_py']
[0.229s] Level 1:colcon.colcon_core.package_identification:_identify(src/ros2_controllers/doc) by extension 'python_setup_py'
[0.229s] Level 1:colcon.colcon_core.package_identification:_identify(src/ros2_controllers/doc/images) by extensions ['ignore', 'ignore_ament_install']
[0.229s] Level 1:colcon.colcon_core.package_identification:_identify(src/ros2_controllers/doc/images) by extension 'ignore'
[0.229s] Level 1:colcon.colcon_core.package_identification:_identify(src/ros2_controllers/doc/images) by extension 'ignore_ament_install'
[0.229s] Level 1:colcon.colcon_core.package_identification:_identify(src/ros2_controllers/doc/images) by extensions ['colcon_pkg']
[0.229s] Level 1:colcon.colcon_core.package_identification:_identify(src/ros2_controllers/doc/images) by extension 'colcon_pkg'
[0.229s] Level 1:colcon.colcon_core.package_identification:_identify(src/ros2_controllers/doc/images) by extensions ['colcon_meta']
[0.230s] Level 1:colcon.colcon_core.package_identification:_identify(src/ros2_controllers/doc/images) by extension 'colcon_meta'
[0.230s] Level 1:colcon.colcon_core.package_identification:_identify(src/ros2_controllers/doc/images) by extensions ['ros']
[0.230s] Level 1:colcon.colcon_core.package_identification:_identify(src/ros2_controllers/doc/images) by extension 'ros'
[0.230s] Level 1:colcon.colcon_core.package_identification:_identify(src/ros2_controllers/doc/images) by extensions ['cmake', 'python']
[0.230s] Level 1:colcon.colcon_core.package_identification:_identify(src/ros2_controllers/doc/images) by extension 'cmake'
[0.230s] Level 1:colcon.colcon_core.package_identification:_identify(src/ros2_controllers/doc/images) by extension 'python'
[0.230s] Level 1:colcon.colcon_core.package_identification:_identify(src/ros2_controllers/doc/images) by extensions ['python_setup_py']
[0.230s] Level 1:colcon.colcon_core.package_identification:_identify(src/ros2_controllers/doc/images) by extension 'python_setup_py'
[0.230s] Level 1:colcon.colcon_core.package_identification:_identify(src/ros2_controllers/effort_controllers) by extensions ['ignore', 'ignore_ament_install']
[0.230s] Level 1:colcon.colcon_core.package_identification:_identify(src/ros2_controllers/effort_controllers) by extension 'ignore'
[0.230s] Level 1:colcon.colcon_core.package_identification:_identify(src/ros2_controllers/effort_controllers) by extension 'ignore_ament_install'
[0.230s] Level 1:colcon.colcon_core.package_identification:_identify(src/ros2_controllers/effort_controllers) by extensions ['colcon_pkg']
[0.230s] Level 1:colcon.colcon_core.package_identification:_identify(src/ros2_controllers/effort_controllers) by extension 'colcon_pkg'
[0.230s] Level 1:colcon.colcon_core.package_identification:_identify(src/ros2_controllers/effort_controllers) by extensions ['colcon_meta']
[0.230s] Level 1:colcon.colcon_core.package_identification:_identify(src/ros2_controllers/effort_controllers) by extension 'colcon_meta'
[0.230s] Level 1:colcon.colcon_core.package_identification:_identify(src/ros2_controllers/effort_controllers) by extensions ['ros']
[0.230s] Level 1:colcon.colcon_core.package_identification:_identify(src/ros2_controllers/effort_controllers) by extension 'ros'
[0.231s] DEBUG:colcon.colcon_core.package_identification:Package 'src/ros2_controllers/effort_controllers' with type 'ros.ament_cmake' and name 'effort_controllers'
[0.231s] Level 1:colcon.colcon_core.package_identification:_identify(src/ros2_controllers/force_torque_sensor_broadcaster) by extensions ['ignore', 'ignore_ament_install']
[0.231s] Level 1:colcon.colcon_core.package_identification:_identify(src/ros2_controllers/force_torque_sensor_broadcaster) by extension 'ignore'
[0.231s] Level 1:colcon.colcon_core.package_identification:_identify(src/ros2_controllers/force_torque_sensor_broadcaster) by extension 'ignore_ament_install'
[0.231s] Level 1:colcon.colcon_core.package_identification:_identify(src/ros2_controllers/force_torque_sensor_broadcaster) by extensions ['colcon_pkg']
[0.231s] Level 1:colcon.colcon_core.package_identification:_identify(src/ros2_controllers/force_torque_sensor_broadcaster) by extension 'colcon_pkg'
[0.232s] Level 1:colcon.colcon_core.package_identification:_identify(src/ros2_controllers/force_torque_sensor_broadcaster) by extensions ['colcon_meta']
[0.232s] Level 1:colcon.colcon_core.package_identification:_identify(src/ros2_controllers/force_torque_sensor_broadcaster) by extension 'colcon_meta'
[0.232s] Level 1:colcon.colcon_core.package_identification:_identify(src/ros2_controllers/force_torque_sensor_broadcaster) by extensions ['ros']
[0.232s] Level 1:colcon.colcon_core.package_identification:_identify(src/ros2_controllers/force_torque_sensor_broadcaster) by extension 'ros'
[0.233s] DEBUG:colcon.colcon_core.package_identification:Package 'src/ros2_controllers/force_torque_sensor_broadcaster' with type 'ros.ament_cmake' and name 'force_torque_sensor_broadcaster'
[0.233s] Level 1:colcon.colcon_core.package_identification:_identify(src/ros2_controllers/forward_command_controller) by extensions ['ignore', 'ignore_ament_install']
[0.233s] Level 1:colcon.colcon_core.package_identification:_identify(src/ros2_controllers/forward_command_controller) by extension 'ignore'
[0.233s] Level 1:colcon.colcon_core.package_identification:_identify(src/ros2_controllers/forward_command_controller) by extension 'ignore_ament_install'
[0.233s] Level 1:colcon.colcon_core.package_identification:_identify(src/ros2_controllers/forward_command_controller) by extensions ['colcon_pkg']
[0.233s] Level 1:colcon.colcon_core.package_identification:_identify(src/ros2_controllers/forward_command_controller) by extension 'colcon_pkg'
[0.233s] Level 1:colcon.colcon_core.package_identification:_identify(src/ros2_controllers/forward_command_controller) by extensions ['colcon_meta']
[0.233s] Level 1:colcon.colcon_core.package_identification:_identify(src/ros2_controllers/forward_command_controller) by extension 'colcon_meta'
[0.233s] Level 1:colcon.colcon_core.package_identification:_identify(src/ros2_controllers/forward_command_controller) by extensions ['ros']
[0.233s] Level 1:colcon.colcon_core.package_identification:_identify(src/ros2_controllers/forward_command_controller) by extension 'ros'
[0.234s] DEBUG:colcon.colcon_core.package_identification:Package 'src/ros2_controllers/forward_command_controller' with type 'ros.ament_cmake' and name 'forward_command_controller'
[0.234s] Level 1:colcon.colcon_core.package_identification:_identify(src/ros2_controllers/gpio_controllers) by extensions ['ignore', 'ignore_ament_install']
[0.234s] Level 1:colcon.colcon_core.package_identification:_identify(src/ros2_controllers/gpio_controllers) by extension 'ignore'
[0.234s] Level 1:colcon.colcon_core.package_identification:_identify(src/ros2_controllers/gpio_controllers) by extension 'ignore_ament_install'
[0.235s] Level 1:colcon.colcon_core.package_identification:_identify(src/ros2_controllers/gpio_controllers) by extensions ['colcon_pkg']
[0.235s] Level 1:colcon.colcon_core.package_identification:_identify(src/ros2_controllers/gpio_controllers) by extension 'colcon_pkg'
[0.235s] Level 1:colcon.colcon_core.package_identification:_identify(src/ros2_controllers/gpio_controllers) by extensions ['colcon_meta']
[0.235s] Level 1:colcon.colcon_core.package_identification:_identify(src/ros2_controllers/gpio_controllers) by extension 'colcon_meta'
[0.235s] Level 1:colcon.colcon_core.package_identification:_identify(src/ros2_controllers/gpio_controllers) by extensions ['ros']
[0.235s] Level 1:colcon.colcon_core.package_identification:_identify(src/ros2_controllers/gpio_controllers) by extension 'ros'
[0.236s] DEBUG:colcon.colcon_core.package_identification:Package 'src/ros2_controllers/gpio_controllers' with type 'ros.ament_cmake' and name 'gpio_controllers'
[0.236s] Level 1:colcon.colcon_core.package_identification:_identify(src/ros2_controllers/gripper_controllers) by extensions ['ignore', 'ignore_ament_install']
[0.236s] Level 1:colcon.colcon_core.package_identification:_identify(src/ros2_controllers/gripper_controllers) by extension 'ignore'
[0.236s] Level 1:colcon.colcon_core.package_identification:_identify(src/ros2_controllers/gripper_controllers) by extension 'ignore_ament_install'
[0.236s] Level 1:colcon.colcon_core.package_identification:_identify(src/ros2_controllers/gripper_controllers) by extensions ['colcon_pkg']
[0.236s] Level 1:colcon.colcon_core.package_identification:_identify(src/ros2_controllers/gripper_controllers) by extension 'colcon_pkg'
[0.236s] Level 1:colcon.colcon_core.package_identification:_identify(src/ros2_controllers/gripper_controllers) by extensions ['colcon_meta']
[0.236s] Level 1:colcon.colcon_core.package_identification:_identify(src/ros2_controllers/gripper_controllers) by extension 'colcon_meta'
[0.236s] Level 1:colcon.colcon_core.package_identification:_identify(src/ros2_controllers/gripper_controllers) by extensions ['ros']
[0.236s] Level 1:colcon.colcon_core.package_identification:_identify(src/ros2_controllers/gripper_controllers) by extension 'ros'
[0.237s] DEBUG:colcon.colcon_core.package_identification:Package 'src/ros2_controllers/gripper_controllers' with type 'ros.ament_cmake' and name 'gripper_controllers'
[0.237s] Level 1:colcon.colcon_core.package_identification:_identify(src/ros2_controllers/imu_sensor_broadcaster) by extensions ['ignore', 'ignore_ament_install']
[0.237s] Level 1:colcon.colcon_core.package_identification:_identify(src/ros2_controllers/imu_sensor_broadcaster) by extension 'ignore'
[0.237s] Level 1:colcon.colcon_core.package_identification:_identify(src/ros2_controllers/imu_sensor_broadcaster) by extension 'ignore_ament_install'
[0.238s] Level 1:colcon.colcon_core.package_identification:_identify(src/ros2_controllers/imu_sensor_broadcaster) by extensions ['colcon_pkg']
[0.238s] Level 1:colcon.colcon_core.package_identification:_identify(src/ros2_controllers/imu_sensor_broadcaster) by extension 'colcon_pkg'
[0.238s] Level 1:colcon.colcon_core.package_identification:_identify(src/ros2_controllers/imu_sensor_broadcaster) by extensions ['colcon_meta']
[0.238s] Level 1:colcon.colcon_core.package_identification:_identify(src/ros2_controllers/imu_sensor_broadcaster) by extension 'colcon_meta'
[0.238s] Level 1:colcon.colcon_core.package_identification:_identify(src/ros2_controllers/imu_sensor_broadcaster) by extensions ['ros']
[0.238s] Level 1:colcon.colcon_core.package_identification:_identify(src/ros2_controllers/imu_sensor_broadcaster) by extension 'ros'
[0.239s] DEBUG:colcon.colcon_core.package_identification:Package 'src/ros2_controllers/imu_sensor_broadcaster' with type 'ros.ament_cmake' and name 'imu_sensor_broadcaster'
[0.239s] Level 1:colcon.colcon_core.package_identification:_identify(src/ros2_controllers/joint_state_broadcaster) by extensions ['ignore', 'ignore_ament_install']
[0.239s] Level 1:colcon.colcon_core.package_identification:_identify(src/ros2_controllers/joint_state_broadcaster) by extension 'ignore'
[0.239s] Level 1:colcon.colcon_core.package_identification:_identify(src/ros2_controllers/joint_state_broadcaster) by extension 'ignore_ament_install'
[0.239s] Level 1:colcon.colcon_core.package_identification:_identify(src/ros2_controllers/joint_state_broadcaster) by extensions ['colcon_pkg']
[0.239s] Level 1:colcon.colcon_core.package_identification:_identify(src/ros2_controllers/joint_state_broadcaster) by extension 'colcon_pkg'
[0.239s] Level 1:colcon.colcon_core.package_identification:_identify(src/ros2_controllers/joint_state_broadcaster) by extensions ['colcon_meta']
[0.239s] Level 1:colcon.colcon_core.package_identification:_identify(src/ros2_controllers/joint_state_broadcaster) by extension 'colcon_meta'
[0.239s] Level 1:colcon.colcon_core.package_identification:_identify(src/ros2_controllers/joint_state_broadcaster) by extensions ['ros']
[0.239s] Level 1:colcon.colcon_core.package_identification:_identify(src/ros2_controllers/joint_state_broadcaster) by extension 'ros'
[0.240s] DEBUG:colcon.colcon_core.package_identification:Package 'src/ros2_controllers/joint_state_broadcaster' with type 'ros.ament_cmake' and name 'joint_state_broadcaster'
[0.240s] Level 1:colcon.colcon_core.package_identification:_identify(src/ros2_controllers/joint_trajectory_controller) by extensions ['ignore', 'ignore_ament_install']
[0.241s] Level 1:colcon.colcon_core.package_identification:_identify(src/ros2_controllers/joint_trajectory_controller) by extension 'ignore'
[0.241s] Level 1:colcon.colcon_core.package_identification:_identify(src/ros2_controllers/joint_trajectory_controller) by extension 'ignore_ament_install'
[0.241s] Level 1:colcon.colcon_core.package_identification:_identify(src/ros2_controllers/joint_trajectory_controller) by extensions ['colcon_pkg']
[0.241s] Level 1:colcon.colcon_core.package_identification:_identify(src/ros2_controllers/joint_trajectory_controller) by extension 'colcon_pkg'
[0.241s] Level 1:colcon.colcon_core.package_identification:_identify(src/ros2_controllers/joint_trajectory_controller) by extensions ['colcon_meta']
[0.241s] Level 1:colcon.colcon_core.package_identification:_identify(src/ros2_controllers/joint_trajectory_controller) by extension 'colcon_meta'
[0.241s] Level 1:colcon.colcon_core.package_identification:_identify(src/ros2_controllers/joint_trajectory_controller) by extensions ['ros']
[0.241s] Level 1:colcon.colcon_core.package_identification:_identify(src/ros2_controllers/joint_trajectory_controller) by extension 'ros'
[0.242s] DEBUG:colcon.colcon_core.package_identification:Package 'src/ros2_controllers/joint_trajectory_controller' with type 'ros.ament_cmake' and name 'joint_trajectory_controller'
[0.242s] Level 1:colcon.colcon_core.package_identification:_identify(src/ros2_controllers/mecanum_drive_controller) by extensions ['ignore', 'ignore_ament_install']
[0.242s] Level 1:colcon.colcon_core.package_identification:_identify(src/ros2_controllers/mecanum_drive_controller) by extension 'ignore'
[0.242s] Level 1:colcon.colcon_core.package_identification:_identify(src/ros2_controllers/mecanum_drive_controller) by extension 'ignore_ament_install'
[0.242s] Level 1:colcon.colcon_core.package_identification:_identify(src/ros2_controllers/mecanum_drive_controller) by extensions ['colcon_pkg']
[0.242s] Level 1:colcon.colcon_core.package_identification:_identify(src/ros2_controllers/mecanum_drive_controller) by extension 'colcon_pkg'
[0.242s] Level 1:colcon.colcon_core.package_identification:_identify(src/ros2_controllers/mecanum_drive_controller) by extensions ['colcon_meta']
[0.242s] Level 1:colcon.colcon_core.package_identification:_identify(src/ros2_controllers/mecanum_drive_controller) by extension 'colcon_meta'
[0.243s] Level 1:colcon.colcon_core.package_identification:_identify(src/ros2_controllers/mecanum_drive_controller) by extensions ['ros']
[0.243s] Level 1:colcon.colcon_core.package_identification:_identify(src/ros2_controllers/mecanum_drive_controller) by extension 'ros'
[0.244s] DEBUG:colcon.colcon_core.package_identification:Package 'src/ros2_controllers/mecanum_drive_controller' with type 'ros.ament_cmake' and name 'mecanum_drive_controller'
[0.244s] Level 1:colcon.colcon_core.package_identification:_identify(src/ros2_controllers/pid_controller) by extensions ['ignore', 'ignore_ament_install']
[0.244s] Level 1:colcon.colcon_core.package_identification:_identify(src/ros2_controllers/pid_controller) by extension 'ignore'
[0.244s] Level 1:colcon.colcon_core.package_identification:_identify(src/ros2_controllers/pid_controller) by extension 'ignore_ament_install'
[0.244s] Level 1:colcon.colcon_core.package_identification:_identify(src/ros2_controllers/pid_controller) by extensions ['colcon_pkg']
[0.244s] Level 1:colcon.colcon_core.package_identification:_identify(src/ros2_controllers/pid_controller) by extension 'colcon_pkg'
[0.244s] Level 1:colcon.colcon_core.package_identification:_identify(src/ros2_controllers/pid_controller) by extensions ['colcon_meta']
[0.244s] Level 1:colcon.colcon_core.package_identification:_identify(src/ros2_controllers/pid_controller) by extension 'colcon_meta'
[0.244s] Level 1:colcon.colcon_core.package_identification:_identify(src/ros2_controllers/pid_controller) by extensions ['ros']
[0.244s] Level 1:colcon.colcon_core.package_identification:_identify(src/ros2_controllers/pid_controller) by extension 'ros'
[0.246s] DEBUG:colcon.colcon_core.package_identification:Package 'src/ros2_controllers/pid_controller' with type 'ros.ament_cmake' and name 'pid_controller'
[0.246s] Level 1:colcon.colcon_core.package_identification:_identify(src/ros2_controllers/pose_broadcaster) by extensions ['ignore', 'ignore_ament_install']
[0.246s] Level 1:colcon.colcon_core.package_identification:_identify(src/ros2_controllers/pose_broadcaster) by extension 'ignore'
[0.246s] Level 1:colcon.colcon_core.package_identification:_identify(src/ros2_controllers/pose_broadcaster) by extension 'ignore_ament_install'
[0.246s] Level 1:colcon.colcon_core.package_identification:_identify(src/ros2_controllers/pose_broadcaster) by extensions ['colcon_pkg']
[0.246s] Level 1:colcon.colcon_core.package_identification:_identify(src/ros2_controllers/pose_broadcaster) by extension 'colcon_pkg'
[0.246s] Level 1:colcon.colcon_core.package_identification:_identify(src/ros2_controllers/pose_broadcaster) by extensions ['colcon_meta']
[0.246s] Level 1:colcon.colcon_core.package_identification:_identify(src/ros2_controllers/pose_broadcaster) by extension 'colcon_meta'
[0.246s] Level 1:colcon.colcon_core.package_identification:_identify(src/ros2_controllers/pose_broadcaster) by extensions ['ros']
[0.246s] Level 1:colcon.colcon_core.package_identification:_identify(src/ros2_controllers/pose_broadcaster) by extension 'ros'
[0.247s] DEBUG:colcon.colcon_core.package_identification:Package 'src/ros2_controllers/pose_broadcaster' with type 'ros.ament_cmake' and name 'pose_broadcaster'
[0.247s] Level 1:colcon.colcon_core.package_identification:_identify(src/ros2_controllers/position_controllers) by extensions ['ignore', 'ignore_ament_install']
[0.247s] Level 1:colcon.colcon_core.package_identification:_identify(src/ros2_controllers/position_controllers) by extension 'ignore'
[0.247s] Level 1:colcon.colcon_core.package_identification:_identify(src/ros2_controllers/position_controllers) by extension 'ignore_ament_install'
[0.247s] Level 1:colcon.colcon_core.package_identification:_identify(src/ros2_controllers/position_controllers) by extensions ['colcon_pkg']
[0.247s] Level 1:colcon.colcon_core.package_identification:_identify(src/ros2_controllers/position_controllers) by extension 'colcon_pkg'
[0.247s] Level 1:colcon.colcon_core.package_identification:_identify(src/ros2_controllers/position_controllers) by extensions ['colcon_meta']
[0.247s] Level 1:colcon.colcon_core.package_identification:_identify(src/ros2_controllers/position_controllers) by extension 'colcon_meta'
[0.248s] Level 1:colcon.colcon_core.package_identification:_identify(src/ros2_controllers/position_controllers) by extensions ['ros']
[0.248s] Level 1:colcon.colcon_core.package_identification:_identify(src/ros2_controllers/position_controllers) by extension 'ros'
[0.248s] DEBUG:colcon.colcon_core.package_identification:Package 'src/ros2_controllers/position_controllers' with type 'ros.ament_cmake' and name 'position_controllers'
[0.248s] Level 1:colcon.colcon_core.package_identification:_identify(src/ros2_controllers/range_sensor_broadcaster) by extensions ['ignore', 'ignore_ament_install']
[0.249s] Level 1:colcon.colcon_core.package_identification:_identify(src/ros2_controllers/range_sensor_broadcaster) by extension 'ignore'
[0.249s] Level 1:colcon.colcon_core.package_identification:_identify(src/ros2_controllers/range_sensor_broadcaster) by extension 'ignore_ament_install'
[0.249s] Level 1:colcon.colcon_core.package_identification:_identify(src/ros2_controllers/range_sensor_broadcaster) by extensions ['colcon_pkg']
[0.249s] Level 1:colcon.colcon_core.package_identification:_identify(src/ros2_controllers/range_sensor_broadcaster) by extension 'colcon_pkg'
[0.249s] Level 1:colcon.colcon_core.package_identification:_identify(src/ros2_controllers/range_sensor_broadcaster) by extensions ['colcon_meta']
[0.249s] Level 1:colcon.colcon_core.package_identification:_identify(src/ros2_controllers/range_sensor_broadcaster) by extension 'colcon_meta'
[0.249s] Level 1:colcon.colcon_core.package_identification:_identify(src/ros2_controllers/range_sensor_broadcaster) by extensions ['ros']
[0.249s] Level 1:colcon.colcon_core.package_identification:_identify(src/ros2_controllers/range_sensor_broadcaster) by extension 'ros'
[0.250s] DEBUG:colcon.colcon_core.package_identification:Package 'src/ros2_controllers/range_sensor_broadcaster' with type 'ros.ament_cmake' and name 'range_sensor_broadcaster'
[0.250s] Level 1:colcon.colcon_core.package_identification:_identify(src/ros2_controllers/ros2_controllers) by extensions ['ignore', 'ignore_ament_install']
[0.250s] Level 1:colcon.colcon_core.package_identification:_identify(src/ros2_controllers/ros2_controllers) by extension 'ignore'
[0.250s] Level 1:colcon.colcon_core.package_identification:_identify(src/ros2_controllers/ros2_controllers) by extension 'ignore_ament_install'
[0.250s] Level 1:colcon.colcon_core.package_identification:_identify(src/ros2_controllers/ros2_controllers) by extensions ['colcon_pkg']
[0.250s] Level 1:colcon.colcon_core.package_identification:_identify(src/ros2_controllers/ros2_controllers) by extension 'colcon_pkg'
[0.250s] Level 1:colcon.colcon_core.package_identification:_identify(src/ros2_controllers/ros2_controllers) by extensions ['colcon_meta']
[0.250s] Level 1:colcon.colcon_core.package_identification:_identify(src/ros2_controllers/ros2_controllers) by extension 'colcon_meta'
[0.250s] Level 1:colcon.colcon_core.package_identification:_identify(src/ros2_controllers/ros2_controllers) by extensions ['ros']
[0.250s] Level 1:colcon.colcon_core.package_identification:_identify(src/ros2_controllers/ros2_controllers) by extension 'ros'
[0.251s] DEBUG:colcon.colcon_core.package_identification:Package 'src/ros2_controllers/ros2_controllers' with type 'ros.ament_cmake' and name 'ros2_controllers'
[0.251s] Level 1:colcon.colcon_core.package_identification:_identify(src/ros2_controllers/ros2_controllers_test_nodes) by extensions ['ignore', 'ignore_ament_install']
[0.251s] Level 1:colcon.colcon_core.package_identification:_identify(src/ros2_controllers/ros2_controllers_test_nodes) by extension 'ignore'
[0.251s] Level 1:colcon.colcon_core.package_identification:_identify(src/ros2_controllers/ros2_controllers_test_nodes) by extension 'ignore_ament_install'
[0.251s] Level 1:colcon.colcon_core.package_identification:_identify(src/ros2_controllers/ros2_controllers_test_nodes) by extensions ['colcon_pkg']
[0.251s] Level 1:colcon.colcon_core.package_identification:_identify(src/ros2_controllers/ros2_controllers_test_nodes) by extension 'colcon_pkg'
[0.251s] Level 1:colcon.colcon_core.package_identification:_identify(src/ros2_controllers/ros2_controllers_test_nodes) by extensions ['colcon_meta']
[0.251s] Level 1:colcon.colcon_core.package_identification:_identify(src/ros2_controllers/ros2_controllers_test_nodes) by extension 'colcon_meta'
[0.251s] Level 1:colcon.colcon_core.package_identification:_identify(src/ros2_controllers/ros2_controllers_test_nodes) by extensions ['ros']
[0.251s] Level 1:colcon.colcon_core.package_identification:_identify(src/ros2_controllers/ros2_controllers_test_nodes) by extension 'ros'
[0.252s] DEBUG:colcon.colcon_core.package_identification:Package 'src/ros2_controllers/ros2_controllers_test_nodes' with type 'ros.ament_python' and name 'ros2_controllers_test_nodes'
[0.252s] Level 1:colcon.colcon_core.package_identification:_identify(src/ros2_controllers/rqt_joint_trajectory_controller) by extensions ['ignore', 'ignore_ament_install']
[0.252s] Level 1:colcon.colcon_core.package_identification:_identify(src/ros2_controllers/rqt_joint_trajectory_controller) by extension 'ignore'
[0.252s] Level 1:colcon.colcon_core.package_identification:_identify(src/ros2_controllers/rqt_joint_trajectory_controller) by extension 'ignore_ament_install'
[0.253s] Level 1:colcon.colcon_core.package_identification:_identify(src/ros2_controllers/rqt_joint_trajectory_controller) by extensions ['colcon_pkg']
[0.253s] Level 1:colcon.colcon_core.package_identification:_identify(src/ros2_controllers/rqt_joint_trajectory_controller) by extension 'colcon_pkg'
[0.253s] Level 1:colcon.colcon_core.package_identification:_identify(src/ros2_controllers/rqt_joint_trajectory_controller) by extensions ['colcon_meta']
[0.253s] Level 1:colcon.colcon_core.package_identification:_identify(src/ros2_controllers/rqt_joint_trajectory_controller) by extension 'colcon_meta'
[0.253s] Level 1:colcon.colcon_core.package_identification:_identify(src/ros2_controllers/rqt_joint_trajectory_controller) by extensions ['ros']
[0.253s] Level 1:colcon.colcon_core.package_identification:_identify(src/ros2_controllers/rqt_joint_trajectory_controller) by extension 'ros'
[0.253s] DEBUG:colcon.colcon_core.package_identification:Package 'src/ros2_controllers/rqt_joint_trajectory_controller' with type 'ros.ament_python' and name 'rqt_joint_trajectory_controller'
[0.253s] Level 1:colcon.colcon_core.package_identification:_identify(src/ros2_controllers/steering_controllers_library) by extensions ['ignore', 'ignore_ament_install']
[0.253s] Level 1:colcon.colcon_core.package_identification:_identify(src/ros2_controllers/steering_controllers_library) by extension 'ignore'
[0.254s] Level 1:colcon.colcon_core.package_identification:_identify(src/ros2_controllers/steering_controllers_library) by extension 'ignore_ament_install'
[0.254s] Level 1:colcon.colcon_core.package_identification:_identify(src/ros2_controllers/steering_controllers_library) by extensions ['colcon_pkg']
[0.254s] Level 1:colcon.colcon_core.package_identification:_identify(src/ros2_controllers/steering_controllers_library) by extension 'colcon_pkg'
[0.254s] Level 1:colcon.colcon_core.package_identification:_identify(src/ros2_controllers/steering_controllers_library) by extensions ['colcon_meta']
[0.254s] Level 1:colcon.colcon_core.package_identification:_identify(src/ros2_controllers/steering_controllers_library) by extension 'colcon_meta'
[0.254s] Level 1:colcon.colcon_core.package_identification:_identify(src/ros2_controllers/steering_controllers_library) by extensions ['ros']
[0.254s] Level 1:colcon.colcon_core.package_identification:_identify(src/ros2_controllers/steering_controllers_library) by extension 'ros'
[0.256s] DEBUG:colcon.colcon_core.package_identification:Package 'src/ros2_controllers/steering_controllers_library' with type 'ros.ament_cmake' and name 'steering_controllers_library'
[0.256s] Level 1:colcon.colcon_core.package_identification:_identify(src/ros2_controllers/tricycle_controller) by extensions ['ignore', 'ignore_ament_install']
[0.256s] Level 1:colcon.colcon_core.package_identification:_identify(src/ros2_controllers/tricycle_controller) by extension 'ignore'
[0.256s] Level 1:colcon.colcon_core.package_identification:_identify(src/ros2_controllers/tricycle_controller) by extension 'ignore_ament_install'
[0.256s] Level 1:colcon.colcon_core.package_identification:_identify(src/ros2_controllers/tricycle_controller) by extensions ['colcon_pkg']
[0.256s] Level 1:colcon.colcon_core.package_identification:_identify(src/ros2_controllers/tricycle_controller) by extension 'colcon_pkg'
[0.256s] Level 1:colcon.colcon_core.package_identification:_identify(src/ros2_controllers/tricycle_controller) by extensions ['colcon_meta']
[0.256s] Level 1:colcon.colcon_core.package_identification:_identify(src/ros2_controllers/tricycle_controller) by extension 'colcon_meta'
[0.256s] Level 1:colcon.colcon_core.package_identification:_identify(src/ros2_controllers/tricycle_controller) by extensions ['ros']
[0.256s] Level 1:colcon.colcon_core.package_identification:_identify(src/ros2_controllers/tricycle_controller) by extension 'ros'
[0.257s] DEBUG:colcon.colcon_core.package_identification:Package 'src/ros2_controllers/tricycle_controller' with type 'ros.ament_cmake' and name 'tricycle_controller'
[0.257s] Level 1:colcon.colcon_core.package_identification:_identify(src/ros2_controllers/tricycle_steering_controller) by extensions ['ignore', 'ignore_ament_install']
[0.258s] Level 1:colcon.colcon_core.package_identification:_identify(src/ros2_controllers/tricycle_steering_controller) by extension 'ignore'
[0.258s] Level 1:colcon.colcon_core.package_identification:_identify(src/ros2_controllers/tricycle_steering_controller) by extension 'ignore_ament_install'
[0.258s] Level 1:colcon.colcon_core.package_identification:_identify(src/ros2_controllers/tricycle_steering_controller) by extensions ['colcon_pkg']
[0.258s] Level 1:colcon.colcon_core.package_identification:_identify(src/ros2_controllers/tricycle_steering_controller) by extension 'colcon_pkg'
[0.258s] Level 1:colcon.colcon_core.package_identification:_identify(src/ros2_controllers/tricycle_steering_controller) by extensions ['colcon_meta']
[0.258s] Level 1:colcon.colcon_core.package_identification:_identify(src/ros2_controllers/tricycle_steering_controller) by extension 'colcon_meta'
[0.258s] Level 1:colcon.colcon_core.package_identification:_identify(src/ros2_controllers/tricycle_steering_controller) by extensions ['ros']
[0.258s] Level 1:colcon.colcon_core.package_identification:_identify(src/ros2_controllers/tricycle_steering_controller) by extension 'ros'
[0.259s] DEBUG:colcon.colcon_core.package_identification:Package 'src/ros2_controllers/tricycle_steering_controller' with type 'ros.ament_cmake' and name 'tricycle_steering_controller'
[0.259s] Level 1:colcon.colcon_core.package_identification:_identify(src/ros2_controllers/velocity_controllers) by extensions ['ignore', 'ignore_ament_install']
[0.259s] Level 1:colcon.colcon_core.package_identification:_identify(src/ros2_controllers/velocity_controllers) by extension 'ignore'
[0.259s] Level 1:colcon.colcon_core.package_identification:_identify(src/ros2_controllers/velocity_controllers) by extension 'ignore_ament_install'
[0.259s] Level 1:colcon.colcon_core.package_identification:_identify(src/ros2_controllers/velocity_controllers) by extensions ['colcon_pkg']
[0.259s] Level 1:colcon.colcon_core.package_identification:_identify(src/ros2_controllers/velocity_controllers) by extension 'colcon_pkg'
[0.259s] Level 1:colcon.colcon_core.package_identification:_identify(src/ros2_controllers/velocity_controllers) by extensions ['colcon_meta']
[0.259s] Level 1:colcon.colcon_core.package_identification:_identify(src/ros2_controllers/velocity_controllers) by extension 'colcon_meta'
[0.259s] Level 1:colcon.colcon_core.package_identification:_identify(src/ros2_controllers/velocity_controllers) by extensions ['ros']
[0.259s] Level 1:colcon.colcon_core.package_identification:_identify(src/ros2_controllers/velocity_controllers) by extension 'ros'
[0.260s] DEBUG:colcon.colcon_core.package_identification:Package 'src/ros2_controllers/velocity_controllers' with type 'ros.ament_cmake' and name 'velocity_controllers'
[0.260s] Level 1:colcon.colcon_core.package_discovery:discover_packages(recursive) using defaults
[0.260s] Level 1:colcon.colcon_core.package_discovery:discover_packages(ignore) discover
[0.260s] Level 1:colcon.colcon_core.package_discovery:discover_packages(ignore) using defaults
[0.260s] Level 1:colcon.colcon_core.package_discovery:discover_packages(path) discover
[0.260s] Level 1:colcon.colcon_core.package_discovery:discover_packages(path) using defaults
[0.308s] INFO:colcon.colcon_core.package_selection:Skipping not selected package 'controller_manager_msgs' in 'src/ros2_control/controller_manager_msgs'
[0.308s] INFO:colcon.colcon_core.package_selection:Skipping not selected package 'joint_limits' in 'src/ros2_control/joint_limits'
[0.308s] INFO:colcon.colcon_core.package_selection:Skipping not selected package 'ros2_control_demo_description' in 'src/ros2_control_demos/ros2_control_demo_description'
[0.308s] INFO:colcon.colcon_core.package_selection:Skipping not selected package 'ros2_control_test_assets' in 'src/ros2_control/ros2_control_test_assets'
[0.308s] INFO:colcon.colcon_core.package_selection:Skipping not selected package 'ros2_controllers_test_nodes' in 'src/ros2_controllers/ros2_controllers_test_nodes'
[0.308s] INFO:colcon.colcon_core.package_selection:Skipping not selected package 'temp_teleop' in 'src/ros2_acker/temp_teleop'
[0.308s] INFO:colcon.colcon_core.package_selection:Skipping not selected package 'hardware_interface' in 'src/ros2_control/hardware_interface'
[0.308s] INFO:colcon.colcon_core.package_selection:Skipping not selected package 'ros2controlcli' in 'src/ros2_control/ros2controlcli'
[0.308s] INFO:colcon.colcon_core.package_selection:Skipping not selected package 'rqt_controller_manager' in 'src/ros2_control/rqt_controller_manager'
[0.308s] INFO:colcon.colcon_core.package_selection:Skipping not selected package 'rqt_joint_trajectory_controller' in 'src/ros2_controllers/rqt_joint_trajectory_controller'
[0.308s] INFO:colcon.colcon_core.package_selection:Skipping not selected package 'controller_interface' in 'src/ros2_control/controller_interface'
[0.308s] INFO:colcon.colcon_core.package_selection:Skipping not selected package 'hardware_interface_testing' in 'src/ros2_control/hardware_interface_testing'
[0.308s] INFO:colcon.colcon_core.package_selection:Skipping not selected package 'transmission_interface' in 'src/ros2_control/transmission_interface'
[0.308s] INFO:colcon.colcon_core.package_selection:Skipping not selected package 'admittance_controller' in 'src/ros2_controllers/admittance_controller'
[0.309s] INFO:colcon.colcon_core.package_selection:Skipping not selected package 'diff_drive_controller' in 'src/ros2_controllers/diff_drive_controller'
[0.309s] INFO:colcon.colcon_core.package_selection:Skipping not selected package 'force_torque_sensor_broadcaster' in 'src/ros2_controllers/force_torque_sensor_broadcaster'
[0.309s] INFO:colcon.colcon_core.package_selection:Skipping not selected package 'forward_command_controller' in 'src/ros2_controllers/forward_command_controller'
[0.309s] INFO:colcon.colcon_core.package_selection:Skipping not selected package 'gpio_controllers' in 'src/ros2_controllers/gpio_controllers'
[0.309s] INFO:colcon.colcon_core.package_selection:Skipping not selected package 'gripper_controllers' in 'src/ros2_controllers/gripper_controllers'
[0.309s] INFO:colcon.colcon_core.package_selection:Skipping not selected package 'imu_sensor_broadcaster' in 'src/ros2_controllers/imu_sensor_broadcaster'
[0.309s] INFO:colcon.colcon_core.package_selection:Skipping not selected package 'joint_state_broadcaster' in 'src/ros2_controllers/joint_state_broadcaster'
[0.309s] INFO:colcon.colcon_core.package_selection:Skipping not selected package 'joint_trajectory_controller' in 'src/ros2_controllers/joint_trajectory_controller'
[0.309s] INFO:colcon.colcon_core.package_selection:Skipping not selected package 'mecanum_drive_controller' in 'src/ros2_controllers/mecanum_drive_controller'
[0.309s] INFO:colcon.colcon_core.package_selection:Skipping not selected package 'pid_controller' in 'src/ros2_controllers/pid_controller'
[0.309s] INFO:colcon.colcon_core.package_selection:Skipping not selected package 'pose_broadcaster' in 'src/ros2_controllers/pose_broadcaster'
[0.309s] INFO:colcon.colcon_core.package_selection:Skipping not selected package 'range_sensor_broadcaster' in 'src/ros2_controllers/range_sensor_broadcaster'
[0.309s] INFO:colcon.colcon_core.package_selection:Skipping not selected package 'ros2_control' in 'src/ros2_control/ros2_control'
[0.309s] INFO:colcon.colcon_core.package_selection:Skipping not selected package 'steering_controllers_library' in 'src/ros2_controllers/steering_controllers_library'
[0.309s] INFO:colcon.colcon_core.package_selection:Skipping not selected package 'tricycle_controller' in 'src/ros2_controllers/tricycle_controller'
[0.309s] INFO:colcon.colcon_core.package_selection:Skipping not selected package 'ackermann_steering_controller' in 'src/ros2_controllers/ackermann_steering_controller'
[0.309s] INFO:colcon.colcon_core.package_selection:Skipping not selected package 'bicycle_steering_controller' in 'src/ros2_controllers/bicycle_steering_controller'
[0.309s] INFO:colcon.colcon_core.package_selection:Skipping not selected package 'effort_controllers' in 'src/ros2_controllers/effort_controllers'
[0.309s] INFO:colcon.colcon_core.package_selection:Skipping not selected package 'position_controllers' in 'src/ros2_controllers/position_controllers'
[0.309s] INFO:colcon.colcon_core.package_selection:Skipping not selected package 'ros2_control_demo_example_1' in 'src/ros2_control_demos/example_1'
[0.309s] INFO:colcon.colcon_core.package_selection:Skipping not selected package 'ros2_control_demo_example_10' in 'src/ros2_control_demos/example_10'
[0.309s] INFO:colcon.colcon_core.package_selection:Skipping not selected package 'ros2_control_demo_example_12' in 'src/ros2_control_demos/example_12'
[0.309s] INFO:colcon.colcon_core.package_selection:Skipping not selected package 'ros2_control_demo_example_14' in 'src/ros2_control_demos/example_14'
[0.309s] INFO:colcon.colcon_core.package_selection:Skipping not selected package 'ros2_control_demo_example_2' in 'src/ros2_control_demos/example_2'
[0.309s] INFO:colcon.colcon_core.package_selection:Skipping not selected package 'ros2_control_demo_example_4' in 'src/ros2_control_demos/example_4'
[0.309s] INFO:colcon.colcon_core.package_selection:Skipping not selected package 'ros2_control_demo_example_5' in 'src/ros2_control_demos/example_5'
[0.309s] INFO:colcon.colcon_core.package_selection:Skipping not selected package 'ros2_control_demo_example_6' in 'src/ros2_control_demos/example_6'
[0.309s] INFO:colcon.colcon_core.package_selection:Skipping not selected package 'ros2_control_demo_example_7' in 'src/ros2_control_demos/example_7'
[0.309s] INFO:colcon.colcon_core.package_selection:Skipping not selected package 'ros2_control_demo_example_8' in 'src/ros2_control_demos/example_8'
[0.309s] INFO:colcon.colcon_core.package_selection:Skipping not selected package 'ros2_control_demo_example_9' in 'src/ros2_control_demos/example_9'
[0.309s] INFO:colcon.colcon_core.package_selection:Skipping not selected package 'tricycle_steering_controller' in 'src/ros2_controllers/tricycle_steering_controller'
[0.309s] INFO:colcon.colcon_core.package_selection:Skipping not selected package 'velocity_controllers' in 'src/ros2_controllers/velocity_controllers'
[0.309s] INFO:colcon.colcon_core.package_selection:Skipping not selected package 'ros2_control_demo_example_11' in 'src/ros2_control_demos/example_11'
[0.309s] INFO:colcon.colcon_core.package_selection:Skipping not selected package 'ros2_control_demo_example_13' in 'src/ros2_control_demos/example_13'
[0.309s] INFO:colcon.colcon_core.package_selection:Skipping not selected package 'ros2_control_demo_example_15' in 'src/ros2_control_demos/example_15'
[0.309s] INFO:colcon.colcon_core.package_selection:Skipping not selected package 'ros2_control_demo_example_3' in 'src/ros2_control_demos/example_3'
[0.309s] INFO:colcon.colcon_core.package_selection:Skipping not selected package 'ros2_controllers' in 'src/ros2_controllers/ros2_controllers'
[0.309s] INFO:colcon.colcon_core.package_selection:Skipping not selected package 'ros2_control_demos' in 'src/ros2_control_demos/ros2_control_demos'
[0.310s] Level 1:colcon.colcon_core.package_discovery:discover_packages(prefix_path) check parameters
[0.310s] Level 1:colcon.colcon_core.package_discovery:discover_packages(prefix_path) discover
[0.313s] DEBUG:colcon.colcon_installed_package_information.package_discovery:Found 53 installed packages in /home/farah/ws_farah/install
[0.315s] DEBUG:colcon.colcon_installed_package_information.package_discovery:Found 394 installed packages in /opt/ros/humble
[0.318s] Level 1:colcon.colcon_core.package_discovery:discover_packages(prefix_path) using defaults
[0.361s] Level 5:colcon.colcon_core.verb:set package 'race_it' build argument 'cmake_args' from command line to 'None'
[0.361s] Level 5:colcon.colcon_core.verb:set package 'race_it' build argument 'cmake_target' from command line to 'None'
[0.361s] Level 5:colcon.colcon_core.verb:set package 'race_it' build argument 'cmake_target_skip_unavailable' from command line to 'False'
[0.361s] Level 5:colcon.colcon_core.verb:set package 'race_it' build argument 'cmake_clean_cache' from command line to 'False'
[0.361s] Level 5:colcon.colcon_core.verb:set package 'race_it' build argument 'cmake_clean_first' from command line to 'False'
[0.361s] Level 5:colcon.colcon_core.verb:set package 'race_it' build argument 'cmake_force_configure' from command line to 'False'
[0.361s] Level 5:colcon.colcon_core.verb:set package 'race_it' build argument 'ament_cmake_args' from command line to 'None'
[0.361s] Level 5:colcon.colcon_core.verb:set package 'race_it' build argument 'catkin_cmake_args' from command line to 'None'
[0.361s] Level 5:colcon.colcon_core.verb:set package 'race_it' build argument 'catkin_skip_building_tests' from command line to 'False'
[0.361s] DEBUG:colcon.colcon_core.verb:Building package 'race_it' with the following arguments: {'ament_cmake_args': None, 'build_base': '/home/farah/ws_farah/build/race_it', 'catkin_cmake_args': None, 'catkin_skip_building_tests': False, 'cmake_args': None, 'cmake_clean_cache': False, 'cmake_clean_first': False, 'cmake_force_configure': False, 'cmake_target': None, 'cmake_target_skip_unavailable': False, 'install_base': '/home/farah/ws_farah/install/race_it', 'merge_install': False, 'path': '/home/farah/ws_farah/src/ros2_acker/race_it', 'symlink_install': False, 'test_result_base': None}
[0.362s] INFO:colcon.colcon_core.executor:Executing jobs using 'parallel' executor
[0.362s] DEBUG:colcon.colcon_parallel_executor.executor.parallel:run_until_complete
[0.362s] INFO:colcon.colcon_ros.task.ament_cmake.build:Building ROS package in '/home/farah/ws_farah/src/ros2_acker/race_it' with build type 'ament_cmake'
[0.363s] INFO:colcon.colcon_cmake.task.cmake.build:Building CMake package in '/home/farah/ws_farah/src/ros2_acker/race_it'
[0.365s] INFO:colcon.colcon_core.plugin_system:Skipping extension 'colcon_core.shell.bat': Not used on non-Windows systems
[0.365s] INFO:colcon.colcon_core.shell:Skip shell extension 'powershell' for command environment: Not usable outside of PowerShell
[0.365s] DEBUG:colcon.colcon_core.shell:Skip shell extension 'dsv' for command environment
[0.380s] DEBUG:colcon.colcon_core.event_handler.log_command:Invoking command in '/home/farah/ws_farah/build/race_it': CMAKE_PREFIX_PATH=/home/farah/ws_farah/install/hardware_interface:/home/farah/ws_farah/install/ros2_control_test_assets:/home/farah/ws_farah/install/ros2_controllers:/home/farah/ws_farah/install/ros2_control_demos:/home/farah/ws_farah/install/ros2_control_demo_example_3:/home/farah/ws_farah/install/velocity_controllers:/home/farah/ws_farah/install/tricycle_steering_controller:/home/farah/ws_farah/install/tricycle_controller:/home/farah/ws_farah/install/ros2_control_demo_example_8:/home/farah/ws_farah/install/ros2_control:/home/farah/ws_farah/install/transmission_interface:/home/farah/ws_farah/install/ros2_control_demo_example_11:/home/farah/ws_farah/install/bicycle_steering_controller:/home/farah/ws_farah/install/ackermann_steering_controller:/home/farah/ws_farah/install/steering_controllers_library:/home/farah/ws_farah/install/ros2_control_demo_example_15:/home/farah/ws_farah/install/ros2_control_demo_example_1:/home/farah/ws_farah/install/ros2_control_demo_example_9:/home/farah/ws_farah/install/ros2_control_demo_example_7:/home/farah/ws_farah/install/ros2_control_demo_example_6:/home/farah/ws_farah/install/ros2_control_demo_example_13:/home/farah/ws_farah/install/ros2_control_demo_example_5:/home/farah/ws_farah/install/ros2_control_demo_example_4:/home/farah/ws_farah/install/ros2_control_demo_example_2:/home/farah/ws_farah/install/ros2_control_demo_example_14:/home/farah/ws_farah/install/ros2_control_demo_example_12:/home/farah/ws_farah/install/ros2_control_demo_example_10:/home/farah/ws_farah/install/hardware_interface_testing:/home/farah/ws_farah/install/ros2_control_demo_description:/home/farah/ws_farah/install/range_sensor_broadcaster:/home/farah/ws_farah/install/race_it:/home/farah/ws_farah/install/position_controllers:/home/farah/ws_farah/install/pose_broadcaster:/home/farah/ws_farah/install/pid_controller:/home/farah/ws_farah/install/mecanum_drive_controller:/home/farah/ws_farah/install/joint_trajectory_controller:/home/farah/ws_farah/install/joint_state_broadcaster:/home/farah/ws_farah/install/joint_limits:/home/farah/ws_farah/install/imu_sensor_broadcaster:/home/farah/ws_farah/install/gripper_controllers:/home/farah/ws_farah/install/gpio_controllers:/home/farah/ws_farah/install/effort_controllers:/home/farah/ws_farah/install/forward_command_controller:/home/farah/ws_farah/install/force_torque_sensor_broadcaster:/home/farah/ws_farah/install/diff_drive_controller:/home/farah/ws_farah/install/admittance_controller:/home/farah/ws_farah/install/controller_interface:/home/farah/ws_farah/install/controller_manager_msgs:/home/farah/ws_farah/install/temp_teleop:/home/farah/ws_farah/install/rqt_joint_trajectory_controller:/home/farah/ws_farah/install/rqt_controller_manager:/home/farah/ws_farah/install/ros2controlcli:/home/farah/ws_farah/install/ros2_controllers_test_nodes:/opt/ros/humble LD_LIBRARY_PATH=/home/farah/ws_farah/install/hardware_interface/lib:/home/farah/ws_farah/install/ros2_control_demo_example_3/lib:/home/farah/ws_farah/install/velocity_controllers/lib:/home/farah/ws_farah/install/tricycle_steering_controller/lib:/home/farah/ws_farah/install/tricycle_controller/lib:/home/farah/ws_farah/install/ros2_control_demo_example_8/lib:/home/farah/ws_farah/install/transmission_interface/lib:/home/farah/ws_farah/install/ros2_control_demo_example_11/lib:/home/farah/ws_farah/install/bicycle_steering_controller/lib:/home/farah/ws_farah/install/ackermann_steering_controller/lib:/home/farah/ws_farah/install/steering_controllers_library/lib:/home/farah/ws_farah/install/ros2_control_demo_example_1/lib:/home/farah/ws_farah/install/ros2_control_demo_example_9/lib:/home/farah/ws_farah/install/ros2_control_demo_example_7/lib:/home/farah/ws_farah/install/ros2_control_demo_example_6/lib:/home/farah/ws_farah/install/ros2_control_demo_example_5/lib:/home/farah/ws_farah/install/ros2_control_demo_example_4/lib:/home/farah/ws_farah/install/ros2_control_demo_example_2/lib:/home/farah/ws_farah/install/ros2_control_demo_example_14/lib:/home/farah/ws_farah/install/ros2_control_demo_example_12/lib:/home/farah/ws_farah/install/ros2_control_demo_example_10/lib:/home/farah/ws_farah/install/hardware_interface_testing/lib:/home/farah/ws_farah/install/range_sensor_broadcaster/lib:/home/farah/ws_farah/install/position_controllers/lib:/home/farah/ws_farah/install/pose_broadcaster/lib:/home/farah/ws_farah/install/pid_controller/lib:/home/farah/ws_farah/install/mecanum_drive_controller/lib:/home/farah/ws_farah/install/joint_trajectory_controller/lib:/home/farah/ws_farah/install/joint_state_broadcaster/lib:/home/farah/ws_farah/install/joint_limits/lib:/home/farah/ws_farah/install/imu_sensor_broadcaster/lib:/home/farah/ws_farah/install/gripper_controllers/lib:/home/farah/ws_farah/install/gpio_controllers/lib:/home/farah/ws_farah/install/effort_controllers/lib:/home/farah/ws_farah/install/forward_command_controller/lib:/home/farah/ws_farah/install/force_torque_sensor_broadcaster/lib:/home/farah/ws_farah/install/diff_drive_controller/lib:/home/farah/ws_farah/install/admittance_controller/lib:/home/farah/ws_farah/install/controller_interface/lib:/home/farah/ws_farah/install/controller_manager_msgs/lib:/usr/lib/x86_64-linux-gnu/gazebo-11/plugins:/opt/ros/humble/opt/rviz_ogre_vendor/lib:/opt/ros/humble/lib/x86_64-linux-gnu:/opt/ros/humble/lib /usr/bin/cmake --build /home/farah/ws_farah/build/race_it -- -j8 -l8
[0.417s] DEBUG:colcon.colcon_core.event_handler.log_command:Invoked command in '/home/farah/ws_farah/build/race_it' returned '0': CMAKE_PREFIX_PATH=/home/farah/ws_farah/install/hardware_interface:/home/farah/ws_farah/install/ros2_control_test_assets:/home/farah/ws_farah/install/ros2_controllers:/home/farah/ws_farah/install/ros2_control_demos:/home/farah/ws_farah/install/ros2_control_demo_example_3:/home/farah/ws_farah/install/velocity_controllers:/home/farah/ws_farah/install/tricycle_steering_controller:/home/farah/ws_farah/install/tricycle_controller:/home/farah/ws_farah/install/ros2_control_demo_example_8:/home/farah/ws_farah/install/ros2_control:/home/farah/ws_farah/install/transmission_interface:/home/farah/ws_farah/install/ros2_control_demo_example_11:/home/farah/ws_farah/install/bicycle_steering_controller:/home/farah/ws_farah/install/ackermann_steering_controller:/home/farah/ws_farah/install/steering_controllers_library:/home/farah/ws_farah/install/ros2_control_demo_example_15:/home/farah/ws_farah/install/ros2_control_demo_example_1:/home/farah/ws_farah/install/ros2_control_demo_example_9:/home/farah/ws_farah/install/ros2_control_demo_example_7:/home/farah/ws_farah/install/ros2_control_demo_example_6:/home/farah/ws_farah/install/ros2_control_demo_example_13:/home/farah/ws_farah/install/ros2_control_demo_example_5:/home/farah/ws_farah/install/ros2_control_demo_example_4:/home/farah/ws_farah/install/ros2_control_demo_example_2:/home/farah/ws_farah/install/ros2_control_demo_example_14:/home/farah/ws_farah/install/ros2_control_demo_example_12:/home/farah/ws_farah/install/ros2_control_demo_example_10:/home/farah/ws_farah/install/hardware_interface_testing:/home/farah/ws_farah/install/ros2_control_demo_description:/home/farah/ws_farah/install/range_sensor_broadcaster:/home/farah/ws_farah/install/race_it:/home/farah/ws_farah/install/position_controllers:/home/farah/ws_farah/install/pose_broadcaster:/home/farah/ws_farah/install/pid_controller:/home/farah/ws_farah/install/mecanum_drive_controller:/home/farah/ws_farah/install/joint_trajectory_controller:/home/farah/ws_farah/install/joint_state_broadcaster:/home/farah/ws_farah/install/joint_limits:/home/farah/ws_farah/install/imu_sensor_broadcaster:/home/farah/ws_farah/install/gripper_controllers:/home/farah/ws_farah/install/gpio_controllers:/home/farah/ws_farah/install/effort_controllers:/home/farah/ws_farah/install/forward_command_controller:/home/farah/ws_farah/install/force_torque_sensor_broadcaster:/home/farah/ws_farah/install/diff_drive_controller:/home/farah/ws_farah/install/admittance_controller:/home/farah/ws_farah/install/controller_interface:/home/farah/ws_farah/install/controller_manager_msgs:/home/farah/ws_farah/install/temp_teleop:/home/farah/ws_farah/install/rqt_joint_trajectory_controller:/home/farah/ws_farah/install/rqt_controller_manager:/home/farah/ws_farah/install/ros2controlcli:/home/farah/ws_farah/install/ros2_controllers_test_nodes:/opt/ros/humble LD_LIBRARY_PATH=/home/farah/ws_farah/install/hardware_interface/lib:/home/farah/ws_farah/install/ros2_control_demo_example_3/lib:/home/farah/ws_farah/install/velocity_controllers/lib:/home/farah/ws_farah/install/tricycle_steering_controller/lib:/home/farah/ws_farah/install/tricycle_controller/lib:/home/farah/ws_farah/install/ros2_control_demo_example_8/lib:/home/farah/ws_farah/install/transmission_interface/lib:/home/farah/ws_farah/install/ros2_control_demo_example_11/lib:/home/farah/ws_farah/install/bicycle_steering_controller/lib:/home/farah/ws_farah/install/ackermann_steering_controller/lib:/home/farah/ws_farah/install/steering_controllers_library/lib:/home/farah/ws_farah/install/ros2_control_demo_example_1/lib:/home/farah/ws_farah/install/ros2_control_demo_example_9/lib:/home/farah/ws_farah/install/ros2_control_demo_example_7/lib:/home/farah/ws_farah/install/ros2_control_demo_example_6/lib:/home/farah/ws_farah/install/ros2_control_demo_example_5/lib:/home/farah/ws_farah/install/ros2_control_demo_example_4/lib:/home/farah/ws_farah/install/ros2_control_demo_example_2/lib:/home/farah/ws_farah/install/ros2_control_demo_example_14/lib:/home/farah/ws_farah/install/ros2_control_demo_example_12/lib:/home/farah/ws_farah/install/ros2_control_demo_example_10/lib:/home/farah/ws_farah/install/hardware_interface_testing/lib:/home/farah/ws_farah/install/range_sensor_broadcaster/lib:/home/farah/ws_farah/install/position_controllers/lib:/home/farah/ws_farah/install/pose_broadcaster/lib:/home/farah/ws_farah/install/pid_controller/lib:/home/farah/ws_farah/install/mecanum_drive_controller/lib:/home/farah/ws_farah/install/joint_trajectory_controller/lib:/home/farah/ws_farah/install/joint_state_broadcaster/lib:/home/farah/ws_farah/install/joint_limits/lib:/home/farah/ws_farah/install/imu_sensor_broadcaster/lib:/home/farah/ws_farah/install/gripper_controllers/lib:/home/farah/ws_farah/install/gpio_controllers/lib:/home/farah/ws_farah/install/effort_controllers/lib:/home/farah/ws_farah/install/forward_command_controller/lib:/home/farah/ws_farah/install/force_torque_sensor_broadcaster/lib:/home/farah/ws_farah/install/diff_drive_controller/lib:/home/farah/ws_farah/install/admittance_controller/lib:/home/farah/ws_farah/install/controller_interface/lib:/home/farah/ws_farah/install/controller_manager_msgs/lib:/usr/lib/x86_64-linux-gnu/gazebo-11/plugins:/opt/ros/humble/opt/rviz_ogre_vendor/lib:/opt/ros/humble/lib/x86_64-linux-gnu:/opt/ros/humble/lib /usr/bin/cmake --build /home/farah/ws_farah/build/race_it -- -j8 -l8
[0.428s] DEBUG:colcon.colcon_core.event_handler.log_command:Invoking command in '/home/farah/ws_farah/build/race_it': CMAKE_PREFIX_PATH=/home/farah/ws_farah/install/hardware_interface:/home/farah/ws_farah/install/ros2_control_test_assets:/home/farah/ws_farah/install/ros2_controllers:/home/farah/ws_farah/install/ros2_control_demos:/home/farah/ws_farah/install/ros2_control_demo_example_3:/home/farah/ws_farah/install/velocity_controllers:/home/farah/ws_farah/install/tricycle_steering_controller:/home/farah/ws_farah/install/tricycle_controller:/home/farah/ws_farah/install/ros2_control_demo_example_8:/home/farah/ws_farah/install/ros2_control:/home/farah/ws_farah/install/transmission_interface:/home/farah/ws_farah/install/ros2_control_demo_example_11:/home/farah/ws_farah/install/bicycle_steering_controller:/home/farah/ws_farah/install/ackermann_steering_controller:/home/farah/ws_farah/install/steering_controllers_library:/home/farah/ws_farah/install/ros2_control_demo_example_15:/home/farah/ws_farah/install/ros2_control_demo_example_1:/home/farah/ws_farah/install/ros2_control_demo_example_9:/home/farah/ws_farah/install/ros2_control_demo_example_7:/home/farah/ws_farah/install/ros2_control_demo_example_6:/home/farah/ws_farah/install/ros2_control_demo_example_13:/home/farah/ws_farah/install/ros2_control_demo_example_5:/home/farah/ws_farah/install/ros2_control_demo_example_4:/home/farah/ws_farah/install/ros2_control_demo_example_2:/home/farah/ws_farah/install/ros2_control_demo_example_14:/home/farah/ws_farah/install/ros2_control_demo_example_12:/home/farah/ws_farah/install/ros2_control_demo_example_10:/home/farah/ws_farah/install/hardware_interface_testing:/home/farah/ws_farah/install/ros2_control_demo_description:/home/farah/ws_farah/install/range_sensor_broadcaster:/home/farah/ws_farah/install/race_it:/home/farah/ws_farah/install/position_controllers:/home/farah/ws_farah/install/pose_broadcaster:/home/farah/ws_farah/install/pid_controller:/home/farah/ws_farah/install/mecanum_drive_controller:/home/farah/ws_farah/install/joint_trajectory_controller:/home/farah/ws_farah/install/joint_state_broadcaster:/home/farah/ws_farah/install/joint_limits:/home/farah/ws_farah/install/imu_sensor_broadcaster:/home/farah/ws_farah/install/gripper_controllers:/home/farah/ws_farah/install/gpio_controllers:/home/farah/ws_farah/install/effort_controllers:/home/farah/ws_farah/install/forward_command_controller:/home/farah/ws_farah/install/force_torque_sensor_broadcaster:/home/farah/ws_farah/install/diff_drive_controller:/home/farah/ws_farah/install/admittance_controller:/home/farah/ws_farah/install/controller_interface:/home/farah/ws_farah/install/controller_manager_msgs:/home/farah/ws_farah/install/temp_teleop:/home/farah/ws_farah/install/rqt_joint_trajectory_controller:/home/farah/ws_farah/install/rqt_controller_manager:/home/farah/ws_farah/install/ros2controlcli:/home/farah/ws_farah/install/ros2_controllers_test_nodes:/opt/ros/humble LD_LIBRARY_PATH=/home/farah/ws_farah/install/hardware_interface/lib:/home/farah/ws_farah/install/ros2_control_demo_example_3/lib:/home/farah/ws_farah/install/velocity_controllers/lib:/home/farah/ws_farah/install/tricycle_steering_controller/lib:/home/farah/ws_farah/install/tricycle_controller/lib:/home/farah/ws_farah/install/ros2_control_demo_example_8/lib:/home/farah/ws_farah/install/transmission_interface/lib:/home/farah/ws_farah/install/ros2_control_demo_example_11/lib:/home/farah/ws_farah/install/bicycle_steering_controller/lib:/home/farah/ws_farah/install/ackermann_steering_controller/lib:/home/farah/ws_farah/install/steering_controllers_library/lib:/home/farah/ws_farah/install/ros2_control_demo_example_1/lib:/home/farah/ws_farah/install/ros2_control_demo_example_9/lib:/home/farah/ws_farah/install/ros2_control_demo_example_7/lib:/home/farah/ws_farah/install/ros2_control_demo_example_6/lib:/home/farah/ws_farah/install/ros2_control_demo_example_5/lib:/home/farah/ws_farah/install/ros2_control_demo_example_4/lib:/home/farah/ws_farah/install/ros2_control_demo_example_2/lib:/home/farah/ws_farah/install/ros2_control_demo_example_14/lib:/home/farah/ws_farah/install/ros2_control_demo_example_12/lib:/home/farah/ws_farah/install/ros2_control_demo_example_10/lib:/home/farah/ws_farah/install/hardware_interface_testing/lib:/home/farah/ws_farah/install/range_sensor_broadcaster/lib:/home/farah/ws_farah/install/position_controllers/lib:/home/farah/ws_farah/install/pose_broadcaster/lib:/home/farah/ws_farah/install/pid_controller/lib:/home/farah/ws_farah/install/mecanum_drive_controller/lib:/home/farah/ws_farah/install/joint_trajectory_controller/lib:/home/farah/ws_farah/install/joint_state_broadcaster/lib:/home/farah/ws_farah/install/joint_limits/lib:/home/farah/ws_farah/install/imu_sensor_broadcaster/lib:/home/farah/ws_farah/install/gripper_controllers/lib:/home/farah/ws_farah/install/gpio_controllers/lib:/home/farah/ws_farah/install/effort_controllers/lib:/home/farah/ws_farah/install/forward_command_controller/lib:/home/farah/ws_farah/install/force_torque_sensor_broadcaster/lib:/home/farah/ws_farah/install/diff_drive_controller/lib:/home/farah/ws_farah/install/admittance_controller/lib:/home/farah/ws_farah/install/controller_interface/lib:/home/farah/ws_farah/install/controller_manager_msgs/lib:/usr/lib/x86_64-linux-gnu/gazebo-11/plugins:/opt/ros/humble/opt/rviz_ogre_vendor/lib:/opt/ros/humble/lib/x86_64-linux-gnu:/opt/ros/humble/lib /usr/bin/cmake --install /home/farah/ws_farah/build/race_it
[0.438s] Level 1:colcon.colcon_core.environment:create_environment_scripts_only(race_it)
[0.439s] DEBUG:colcon.colcon_core.event_handler.log_command:Invoked command in '/home/farah/ws_farah/build/race_it' returned '0': CMAKE_PREFIX_PATH=/home/farah/ws_farah/install/hardware_interface:/home/farah/ws_farah/install/ros2_control_test_assets:/home/farah/ws_farah/install/ros2_controllers:/home/farah/ws_farah/install/ros2_control_demos:/home/farah/ws_farah/install/ros2_control_demo_example_3:/home/farah/ws_farah/install/velocity_controllers:/home/farah/ws_farah/install/tricycle_steering_controller:/home/farah/ws_farah/install/tricycle_controller:/home/farah/ws_farah/install/ros2_control_demo_example_8:/home/farah/ws_farah/install/ros2_control:/home/farah/ws_farah/install/transmission_interface:/home/farah/ws_farah/install/ros2_control_demo_example_11:/home/farah/ws_farah/install/bicycle_steering_controller:/home/farah/ws_farah/install/ackermann_steering_controller:/home/farah/ws_farah/install/steering_controllers_library:/home/farah/ws_farah/install/ros2_control_demo_example_15:/home/farah/ws_farah/install/ros2_control_demo_example_1:/home/farah/ws_farah/install/ros2_control_demo_example_9:/home/farah/ws_farah/install/ros2_control_demo_example_7:/home/farah/ws_farah/install/ros2_control_demo_example_6:/home/farah/ws_farah/install/ros2_control_demo_example_13:/home/farah/ws_farah/install/ros2_control_demo_example_5:/home/farah/ws_farah/install/ros2_control_demo_example_4:/home/farah/ws_farah/install/ros2_control_demo_example_2:/home/farah/ws_farah/install/ros2_control_demo_example_14:/home/farah/ws_farah/install/ros2_control_demo_example_12:/home/farah/ws_farah/install/ros2_control_demo_example_10:/home/farah/ws_farah/install/hardware_interface_testing:/home/farah/ws_farah/install/ros2_control_demo_description:/home/farah/ws_farah/install/range_sensor_broadcaster:/home/farah/ws_farah/install/race_it:/home/farah/ws_farah/install/position_controllers:/home/farah/ws_farah/install/pose_broadcaster:/home/farah/ws_farah/install/pid_controller:/home/farah/ws_farah/install/mecanum_drive_controller:/home/farah/ws_farah/install/joint_trajectory_controller:/home/farah/ws_farah/install/joint_state_broadcaster:/home/farah/ws_farah/install/joint_limits:/home/farah/ws_farah/install/imu_sensor_broadcaster:/home/farah/ws_farah/install/gripper_controllers:/home/farah/ws_farah/install/gpio_controllers:/home/farah/ws_farah/install/effort_controllers:/home/farah/ws_farah/install/forward_command_controller:/home/farah/ws_farah/install/force_torque_sensor_broadcaster:/home/farah/ws_farah/install/diff_drive_controller:/home/farah/ws_farah/install/admittance_controller:/home/farah/ws_farah/install/controller_interface:/home/farah/ws_farah/install/controller_manager_msgs:/home/farah/ws_farah/install/temp_teleop:/home/farah/ws_farah/install/rqt_joint_trajectory_controller:/home/farah/ws_farah/install/rqt_controller_manager:/home/farah/ws_farah/install/ros2controlcli:/home/farah/ws_farah/install/ros2_controllers_test_nodes:/opt/ros/humble LD_LIBRARY_PATH=/home/farah/ws_farah/install/hardware_interface/lib:/home/farah/ws_farah/install/ros2_control_demo_example_3/lib:/home/farah/ws_farah/install/velocity_controllers/lib:/home/farah/ws_farah/install/tricycle_steering_controller/lib:/home/farah/ws_farah/install/tricycle_controller/lib:/home/farah/ws_farah/install/ros2_control_demo_example_8/lib:/home/farah/ws_farah/install/transmission_interface/lib:/home/farah/ws_farah/install/ros2_control_demo_example_11/lib:/home/farah/ws_farah/install/bicycle_steering_controller/lib:/home/farah/ws_farah/install/ackermann_steering_controller/lib:/home/farah/ws_farah/install/steering_controllers_library/lib:/home/farah/ws_farah/install/ros2_control_demo_example_1/lib:/home/farah/ws_farah/install/ros2_control_demo_example_9/lib:/home/farah/ws_farah/install/ros2_control_demo_example_7/lib:/home/farah/ws_farah/install/ros2_control_demo_example_6/lib:/home/farah/ws_farah/install/ros2_control_demo_example_5/lib:/home/farah/ws_farah/install/ros2_control_demo_example_4/lib:/home/farah/ws_farah/install/ros2_control_demo_example_2/lib:/home/farah/ws_farah/install/ros2_control_demo_example_14/lib:/home/farah/ws_farah/install/ros2_control_demo_example_12/lib:/home/farah/ws_farah/install/ros2_control_demo_example_10/lib:/home/farah/ws_farah/install/hardware_interface_testing/lib:/home/farah/ws_farah/install/range_sensor_broadcaster/lib:/home/farah/ws_farah/install/position_controllers/lib:/home/farah/ws_farah/install/pose_broadcaster/lib:/home/farah/ws_farah/install/pid_controller/lib:/home/farah/ws_farah/install/mecanum_drive_controller/lib:/home/farah/ws_farah/install/joint_trajectory_controller/lib:/home/farah/ws_farah/install/joint_state_broadcaster/lib:/home/farah/ws_farah/install/joint_limits/lib:/home/farah/ws_farah/install/imu_sensor_broadcaster/lib:/home/farah/ws_farah/install/gripper_controllers/lib:/home/farah/ws_farah/install/gpio_controllers/lib:/home/farah/ws_farah/install/effort_controllers/lib:/home/farah/ws_farah/install/forward_command_controller/lib:/home/farah/ws_farah/install/force_torque_sensor_broadcaster/lib:/home/farah/ws_farah/install/diff_drive_controller/lib:/home/farah/ws_farah/install/admittance_controller/lib:/home/farah/ws_farah/install/controller_interface/lib:/home/farah/ws_farah/install/controller_manager_msgs/lib:/usr/lib/x86_64-linux-gnu/gazebo-11/plugins:/opt/ros/humble/opt/rviz_ogre_vendor/lib:/opt/ros/humble/lib/x86_64-linux-gnu:/opt/ros/humble/lib /usr/bin/cmake --install /home/farah/ws_farah/build/race_it
[0.441s] Level 1:colcon.colcon_core.environment:checking '/home/farah/ws_farah/install/race_it' for CMake module files
[0.441s] Level 1:colcon.colcon_core.environment:checking '/home/farah/ws_farah/install/race_it' for CMake config files
[0.441s] Level 1:colcon.colcon_core.shell:create_environment_hook('race_it', 'cmake_prefix_path')
[0.441s] INFO:colcon.colcon_core.shell:Creating environment hook '/home/farah/ws_farah/install/race_it/share/race_it/hook/cmake_prefix_path.ps1'
[0.442s] INFO:colcon.colcon_core.shell:Creating environment descriptor '/home/farah/ws_farah/install/race_it/share/race_it/hook/cmake_prefix_path.dsv'
[0.442s] INFO:colcon.colcon_core.shell:Creating environment hook '/home/farah/ws_farah/install/race_it/share/race_it/hook/cmake_prefix_path.sh'
[0.443s] Level 1:colcon.colcon_core.environment:checking '/home/farah/ws_farah/install/race_it/bin'
[0.443s] Level 1:colcon.colcon_core.environment:checking '/home/farah/ws_farah/install/race_it/lib/pkgconfig/race_it.pc'
[0.443s] Level 1:colcon.colcon_core.environment:checking '/home/farah/ws_farah/install/race_it/lib/python3.10/site-packages'
[0.443s] Level 1:colcon.colcon_core.environment:checking '/home/farah/ws_farah/install/race_it/bin'
[0.443s] INFO:colcon.colcon_core.shell:Creating package script '/home/farah/ws_farah/install/race_it/share/race_it/package.ps1'
[0.444s] INFO:colcon.colcon_core.shell:Creating package descriptor '/home/farah/ws_farah/install/race_it/share/race_it/package.dsv'
[0.444s] INFO:colcon.colcon_core.shell:Creating package script '/home/farah/ws_farah/install/race_it/share/race_it/package.sh'
[0.445s] INFO:colcon.colcon_core.shell:Creating package script '/home/farah/ws_farah/install/race_it/share/race_it/package.bash'
[0.446s] INFO:colcon.colcon_core.shell:Creating package script '/home/farah/ws_farah/install/race_it/share/race_it/package.zsh'
[0.446s] Level 1:colcon.colcon_core.environment:create_file_with_runtime_dependencies(/home/farah/ws_farah/install/race_it/share/colcon-core/packages/race_it)
[0.447s] Level 1:colcon.colcon_core.environment:create_environment_scripts_only(race_it)
[0.447s] Level 1:colcon.colcon_core.environment:checking '/home/farah/ws_farah/install/race_it' for CMake module files
[0.447s] Level 1:colcon.colcon_core.environment:checking '/home/farah/ws_farah/install/race_it' for CMake config files
[0.447s] Level 1:colcon.colcon_core.shell:create_environment_hook('race_it', 'cmake_prefix_path')
[0.447s] INFO:colcon.colcon_core.shell:Creating environment hook '/home/farah/ws_farah/install/race_it/share/race_it/hook/cmake_prefix_path.ps1'
[0.448s] INFO:colcon.colcon_core.shell:Creating environment descriptor '/home/farah/ws_farah/install/race_it/share/race_it/hook/cmake_prefix_path.dsv'
[0.448s] INFO:colcon.colcon_core.shell:Creating environment hook '/home/farah/ws_farah/install/race_it/share/race_it/hook/cmake_prefix_path.sh'
[0.448s] Level 1:colcon.colcon_core.environment:checking '/home/farah/ws_farah/install/race_it/bin'
[0.448s] Level 1:colcon.colcon_core.environment:checking '/home/farah/ws_farah/install/race_it/lib/pkgconfig/race_it.pc'
[0.449s] Level 1:colcon.colcon_core.environment:checking '/home/farah/ws_farah/install/race_it/lib/python3.10/site-packages'
[0.449s] Level 1:colcon.colcon_core.environment:checking '/home/farah/ws_farah/install/race_it/bin'
[0.449s] INFO:colcon.colcon_core.shell:Creating package script '/home/farah/ws_farah/install/race_it/share/race_it/package.ps1'
[0.449s] INFO:colcon.colcon_core.shell:Creating package descriptor '/home/farah/ws_farah/install/race_it/share/race_it/package.dsv'
[0.450s] INFO:colcon.colcon_core.shell:Creating package script '/home/farah/ws_farah/install/race_it/share/race_it/package.sh'
[0.450s] INFO:colcon.colcon_core.shell:Creating package script '/home/farah/ws_farah/install/race_it/share/race_it/package.bash'
[0.450s] INFO:colcon.colcon_core.shell:Creating package script '/home/farah/ws_farah/install/race_it/share/race_it/package.zsh'
[0.451s] Level 1:colcon.colcon_core.environment:create_file_with_runtime_dependencies(/home/farah/ws_farah/install/race_it/share/colcon-core/packages/race_it)
[0.451s] DEBUG:colcon.colcon_parallel_executor.executor.parallel:closing loop
[0.451s] DEBUG:colcon.colcon_parallel_executor.executor.parallel:loop closed
[0.451s] DEBUG:colcon.colcon_parallel_executor.executor.parallel:run_until_complete finished with '0'
[0.451s] DEBUG:colcon.colcon_core.event_reactor:joining thread
[0.457s] INFO:colcon.colcon_core.plugin_system:Skipping extension 'colcon_notification.desktop_notification.terminal_notifier': Not used on non-Darwin systems
[0.457s] INFO:colcon.colcon_core.plugin_system:Skipping extension 'colcon_notification.desktop_notification.win32': Not used on non-Windows systems
[0.457s] INFO:colcon.colcon_notification.desktop_notification:Sending desktop notification using 'notify2'
[0.465s] DEBUG:colcon.colcon_core.event_reactor:joined thread
[0.465s] INFO:colcon.colcon_core.shell:Creating prefix script '/home/farah/ws_farah/install/local_setup.ps1'
[0.467s] INFO:colcon.colcon_core.shell:Creating prefix util module '/home/farah/ws_farah/install/_local_setup_util_ps1.py'
[0.469s] INFO:colcon.colcon_core.shell:Creating prefix chain script '/home/farah/ws_farah/install/setup.ps1'
[0.471s] INFO:colcon.colcon_core.shell:Creating prefix script '/home/farah/ws_farah/install/local_setup.sh'
[0.472s] INFO:colcon.colcon_core.shell:Creating prefix util module '/home/farah/ws_farah/install/_local_setup_util_sh.py'
[0.472s] INFO:colcon.colcon_core.shell:Creating prefix chain script '/home/farah/ws_farah/install/setup.sh'
[0.474s] INFO:colcon.colcon_core.shell:Creating prefix script '/home/farah/ws_farah/install/local_setup.bash'
[0.475s] INFO:colcon.colcon_core.shell:Creating prefix chain script '/home/farah/ws_farah/install/setup.bash'
[0.477s] INFO:colcon.colcon_core.shell:Creating prefix script '/home/farah/ws_farah/install/local_setup.zsh'
[0.477s] INFO:colcon.colcon_core.shell:Creating prefix chain script '/home/farah/ws_farah/install/setup.zsh'
