[0.155s] DEBUG:colcon:Command line arguments: ['/home/farah/.local/bin/colcon', 'build', '--parallel-workers', '1', '--event-handlers', 'console_direct+']
[0.155s] DEBUG:colcon:Parsed command line arguments: Namespace(log_base=None, log_level=None, verb_name='build', build_base='build', install_base='install', merge_install=False, symlink_install=False, test_result_base=None, continue_on_error=False, executor='parallel', parallel_workers=1, event_handlers=['console_direct+'], ignore_user_meta=False, metas=['./colcon.meta'], base_paths=['.'], packages_ignore=None, packages_ignore_regex=None, paths=None, packages_up_to=None, packages_up_to_regex=None, packages_above=None, packages_above_and_dependencies=None, packages_above_depth=None, packages_select_by_dep=None, packages_skip_by_dep=None, packages_skip_up_to=None, packages_select_build_failed=False, packages_skip_build_finished=False, packages_select_test_failures=False, packages_skip_test_passed=False, packages_select=None, packages_skip=None, packages_select_regex=None, packages_skip_regex=None, packages_start=None, packages_end=None, allow_overriding=[], cmake_args=None, cmake_target=None, cmake_target_skip_unavailable=False, cmake_clean_cache=False, cmake_clean_first=False, cmake_force_configure=False, ament_cmake_args=None, catkin_cmake_args=None, catkin_skip_building_tests=False, mixin_files=None, mixin=None, verb_parser=<colcon_mixin.mixin.mixin_argument.MixinArgumentDecorator object at 0x79995da847c0>, verb_extension=<colcon_core.verb.build.BuildVerb object at 0x79995db95780>, main=<bound method BuildVerb.main of <colcon_core.verb.build.BuildVerb object at 0x79995db95780>>, mixin_verb=('build',))
[0.188s] Level 1:colcon.colcon_core.package_discovery:discover_packages(colcon_meta) check parameters
[0.188s] Level 1:colcon.colcon_core.package_discovery:discover_packages(recursive) check parameters
[0.188s] Level 1:colcon.colcon_core.package_discovery:discover_packages(ignore) check parameters
[0.188s] Level 1:colcon.colcon_core.package_discovery:discover_packages(path) check parameters
[0.188s] Level 1:colcon.colcon_core.package_discovery:discover_packages(colcon_meta) discover
[0.188s] Level 1:colcon.colcon_core.package_discovery:discover_packages(recursive) discover
[0.188s] INFO:colcon.colcon_core.package_discovery:Crawling recursively for packages in '/home/farah/ws_farah'
[0.188s] Level 1:colcon.colcon_core.package_identification:_identify(.) by extensions ['ignore', 'ignore_ament_install']
[0.188s] Level 1:colcon.colcon_core.package_identification:_identify(.) by extension 'ignore'
[0.188s] Level 1:colcon.colcon_core.package_identification:_identify(.) by extension 'ignore_ament_install'
[0.188s] Level 1:colcon.colcon_core.package_identification:_identify(.) by extensions ['colcon_pkg']
[0.188s] Level 1:colcon.colcon_core.package_identification:_identify(.) by extension 'colcon_pkg'
[0.188s] Level 1:colcon.colcon_core.package_identification:_identify(.) by extensions ['colcon_meta']
[0.188s] Level 1:colcon.colcon_core.package_identification:_identify(.) by extension 'colcon_meta'
[0.188s] Level 1:colcon.colcon_core.package_identification:_identify(.) by extensions ['ros']
[0.188s] Level 1:colcon.colcon_core.package_identification:_identify(.) by extension 'ros'
[0.200s] Level 1:colcon.colcon_core.package_identification:_identify(.) by extensions ['cmake', 'python']
[0.200s] Level 1:colcon.colcon_core.package_identification:_identify(.) by extension 'cmake'
[0.200s] Level 1:colcon.colcon_core.package_identification:_identify(.) by extension 'python'
[0.200s] Level 1:colcon.colcon_core.package_identification:_identify(.) by extensions ['python_setup_py']
[0.200s] Level 1:colcon.colcon_core.package_identification:_identify(.) by extension 'python_setup_py'
[0.201s] Level 1:colcon.colcon_core.package_identification:_identify(build) by extensions ['ignore', 'ignore_ament_install']
[0.201s] Level 1:colcon.colcon_core.package_identification:_identify(build) by extension 'ignore'
[0.201s] Level 1:colcon.colcon_core.package_identification:_identify(build) ignored
[0.201s] Level 1:colcon.colcon_core.package_identification:_identify(install) by extensions ['ignore', 'ignore_ament_install']
[0.201s] Level 1:colcon.colcon_core.package_identification:_identify(install) by extension 'ignore'
[0.201s] Level 1:colcon.colcon_core.package_identification:_identify(install) ignored
[0.201s] Level 1:colcon.colcon_core.package_identification:_identify(log) by extensions ['ignore', 'ignore_ament_install']
[0.201s] Level 1:colcon.colcon_core.package_identification:_identify(log) by extension 'ignore'
[0.201s] Level 1:colcon.colcon_core.package_identification:_identify(log) ignored
[0.201s] Level 1:colcon.colcon_core.package_identification:_identify(src) by extensions ['ignore', 'ignore_ament_install']
[0.201s] Level 1:colcon.colcon_core.package_identification:_identify(src) by extension 'ignore'
[0.201s] Level 1:colcon.colcon_core.package_identification:_identify(src) by extension 'ignore_ament_install'
[0.201s] Level 1:colcon.colcon_core.package_identification:_identify(src) by extensions ['colcon_pkg']
[0.201s] Level 1:colcon.colcon_core.package_identification:_identify(src) by extension 'colcon_pkg'
[0.201s] Level 1:colcon.colcon_core.package_identification:_identify(src) by extensions ['colcon_meta']
[0.201s] Level 1:colcon.colcon_core.package_identification:_identify(src) by extension 'colcon_meta'
[0.201s] Level 1:colcon.colcon_core.package_identification:_identify(src) by extensions ['ros']
[0.201s] Level 1:colcon.colcon_core.package_identification:_identify(src) by extension 'ros'
[0.201s] Level 1:colcon.colcon_core.package_identification:_identify(src) by extensions ['cmake', 'python']
[0.201s] Level 1:colcon.colcon_core.package_identification:_identify(src) by extension 'cmake'
[0.202s] Level 1:colcon.colcon_core.package_identification:_identify(src) by extension 'python'
[0.202s] Level 1:colcon.colcon_core.package_identification:_identify(src) by extensions ['python_setup_py']
[0.202s] Level 1:colcon.colcon_core.package_identification:_identify(src) by extension 'python_setup_py'
[0.202s] Level 1:colcon.colcon_core.package_identification:_identify(src/ros2_acker) by extensions ['ignore', 'ignore_ament_install']
[0.202s] Level 1:colcon.colcon_core.package_identification:_identify(src/ros2_acker) by extension 'ignore'
[0.202s] Level 1:colcon.colcon_core.package_identification:_identify(src/ros2_acker) by extension 'ignore_ament_install'
[0.202s] Level 1:colcon.colcon_core.package_identification:_identify(src/ros2_acker) by extensions ['colcon_pkg']
[0.202s] Level 1:colcon.colcon_core.package_identification:_identify(src/ros2_acker) by extension 'colcon_pkg'
[0.202s] Level 1:colcon.colcon_core.package_identification:_identify(src/ros2_acker) by extensions ['colcon_meta']
[0.202s] Level 1:colcon.colcon_core.package_identification:_identify(src/ros2_acker) by extension 'colcon_meta'
[0.202s] Level 1:colcon.colcon_core.package_identification:_identify(src/ros2_acker) by extensions ['ros']
[0.202s] Level 1:colcon.colcon_core.package_identification:_identify(src/ros2_acker) by extension 'ros'
[0.202s] Level 1:colcon.colcon_core.package_identification:_identify(src/ros2_acker) by extensions ['cmake', 'python']
[0.202s] Level 1:colcon.colcon_core.package_identification:_identify(src/ros2_acker) by extension 'cmake'
[0.202s] Level 1:colcon.colcon_core.package_identification:_identify(src/ros2_acker) by extension 'python'
[0.202s] Level 1:colcon.colcon_core.package_identification:_identify(src/ros2_acker) by extensions ['python_setup_py']
[0.202s] Level 1:colcon.colcon_core.package_identification:_identify(src/ros2_acker) by extension 'python_setup_py'
[0.202s] Level 1:colcon.colcon_core.package_identification:_identify(src/ros2_acker/race_it) by extensions ['ignore', 'ignore_ament_install']
[0.202s] Level 1:colcon.colcon_core.package_identification:_identify(src/ros2_acker/race_it) by extension 'ignore'
[0.202s] Level 1:colcon.colcon_core.package_identification:_identify(src/ros2_acker/race_it) by extension 'ignore_ament_install'
[0.202s] Level 1:colcon.colcon_core.package_identification:_identify(src/ros2_acker/race_it) by extensions ['colcon_pkg']
[0.202s] Level 1:colcon.colcon_core.package_identification:_identify(src/ros2_acker/race_it) by extension 'colcon_pkg'
[0.202s] Level 1:colcon.colcon_core.package_identification:_identify(src/ros2_acker/race_it) by extensions ['colcon_meta']
[0.202s] Level 1:colcon.colcon_core.package_identification:_identify(src/ros2_acker/race_it) by extension 'colcon_meta'
[0.202s] Level 1:colcon.colcon_core.package_identification:_identify(src/ros2_acker/race_it) by extensions ['ros']
[0.202s] Level 1:colcon.colcon_core.package_identification:_identify(src/ros2_acker/race_it) by extension 'ros'
[0.206s] DEBUG:colcon.colcon_core.package_identification:Package 'src/ros2_acker/race_it' with type 'ros.ament_cmake' and name 'race_it'
[0.206s] Level 1:colcon.colcon_core.package_identification:_identify(src/ros2_acker/temp_teleop) by extensions ['ignore', 'ignore_ament_install']
[0.206s] Level 1:colcon.colcon_core.package_identification:_identify(src/ros2_acker/temp_teleop) by extension 'ignore'
[0.206s] Level 1:colcon.colcon_core.package_identification:_identify(src/ros2_acker/temp_teleop) by extension 'ignore_ament_install'
[0.206s] Level 1:colcon.colcon_core.package_identification:_identify(src/ros2_acker/temp_teleop) by extensions ['colcon_pkg']
[0.206s] Level 1:colcon.colcon_core.package_identification:_identify(src/ros2_acker/temp_teleop) by extension 'colcon_pkg'
[0.206s] Level 1:colcon.colcon_core.package_identification:_identify(src/ros2_acker/temp_teleop) by extensions ['colcon_meta']
[0.206s] Level 1:colcon.colcon_core.package_identification:_identify(src/ros2_acker/temp_teleop) by extension 'colcon_meta'
[0.206s] Level 1:colcon.colcon_core.package_identification:_identify(src/ros2_acker/temp_teleop) by extensions ['ros']
[0.206s] Level 1:colcon.colcon_core.package_identification:_identify(src/ros2_acker/temp_teleop) by extension 'ros'
[0.207s] DEBUG:colcon.colcon_core.package_identification:Package 'src/ros2_acker/temp_teleop' with type 'ros.ament_python' and name 'temp_teleop'
[0.207s] Level 1:colcon.colcon_core.package_identification:_identify(src/ros2_control) by extensions ['ignore', 'ignore_ament_install']
[0.207s] Level 1:colcon.colcon_core.package_identification:_identify(src/ros2_control) by extension 'ignore'
[0.207s] Level 1:colcon.colcon_core.package_identification:_identify(src/ros2_control) by extension 'ignore_ament_install'
[0.207s] Level 1:colcon.colcon_core.package_identification:_identify(src/ros2_control) by extensions ['colcon_pkg']
[0.207s] Level 1:colcon.colcon_core.package_identification:_identify(src/ros2_control) by extension 'colcon_pkg'
[0.207s] Level 1:colcon.colcon_core.package_identification:_identify(src/ros2_control) by extensions ['colcon_meta']
[0.207s] Level 1:colcon.colcon_core.package_identification:_identify(src/ros2_control) by extension 'colcon_meta'
[0.207s] Level 1:colcon.colcon_core.package_identification:_identify(src/ros2_control) by extensions ['ros']
[0.207s] Level 1:colcon.colcon_core.package_identification:_identify(src/ros2_control) by extension 'ros'
[0.207s] Level 1:colcon.colcon_core.package_identification:_identify(src/ros2_control) by extensions ['cmake', 'python']
[0.207s] Level 1:colcon.colcon_core.package_identification:_identify(src/ros2_control) by extension 'cmake'
[0.207s] Level 1:colcon.colcon_core.package_identification:_identify(src/ros2_control) by extension 'python'
[0.207s] Level 1:colcon.colcon_core.package_identification:_identify(src/ros2_control) by extensions ['python_setup_py']
[0.207s] Level 1:colcon.colcon_core.package_identification:_identify(src/ros2_control) by extension 'python_setup_py'
[0.207s] Level 1:colcon.colcon_core.package_identification:_identify(src/ros2_control/controller_interface) by extensions ['ignore', 'ignore_ament_install']
[0.207s] Level 1:colcon.colcon_core.package_identification:_identify(src/ros2_control/controller_interface) by extension 'ignore'
[0.207s] Level 1:colcon.colcon_core.package_identification:_identify(src/ros2_control/controller_interface) by extension 'ignore_ament_install'
[0.207s] Level 1:colcon.colcon_core.package_identification:_identify(src/ros2_control/controller_interface) by extensions ['colcon_pkg']
[0.207s] Level 1:colcon.colcon_core.package_identification:_identify(src/ros2_control/controller_interface) by extension 'colcon_pkg'
[0.207s] Level 1:colcon.colcon_core.package_identification:_identify(src/ros2_control/controller_interface) by extensions ['colcon_meta']
[0.207s] Level 1:colcon.colcon_core.package_identification:_identify(src/ros2_control/controller_interface) by extension 'colcon_meta'
[0.208s] Level 1:colcon.colcon_core.package_identification:_identify(src/ros2_control/controller_interface) by extensions ['ros']
[0.208s] Level 1:colcon.colcon_core.package_identification:_identify(src/ros2_control/controller_interface) by extension 'ros'
[0.208s] DEBUG:colcon.colcon_core.package_identification:Package 'src/ros2_control/controller_interface' with type 'ros.ament_cmake' and name 'controller_interface'
[0.208s] Level 1:colcon.colcon_core.package_identification:_identify(src/ros2_control/controller_manager_msgs) by extensions ['ignore', 'ignore_ament_install']
[0.208s] Level 1:colcon.colcon_core.package_identification:_identify(src/ros2_control/controller_manager_msgs) by extension 'ignore'
[0.208s] Level 1:colcon.colcon_core.package_identification:_identify(src/ros2_control/controller_manager_msgs) by extension 'ignore_ament_install'
[0.208s] Level 1:colcon.colcon_core.package_identification:_identify(src/ros2_control/controller_manager_msgs) by extensions ['colcon_pkg']
[0.208s] Level 1:colcon.colcon_core.package_identification:_identify(src/ros2_control/controller_manager_msgs) by extension 'colcon_pkg'
[0.208s] Level 1:colcon.colcon_core.package_identification:_identify(src/ros2_control/controller_manager_msgs) by extensions ['colcon_meta']
[0.208s] Level 1:colcon.colcon_core.package_identification:_identify(src/ros2_control/controller_manager_msgs) by extension 'colcon_meta'
[0.208s] Level 1:colcon.colcon_core.package_identification:_identify(src/ros2_control/controller_manager_msgs) by extensions ['ros']
[0.208s] Level 1:colcon.colcon_core.package_identification:_identify(src/ros2_control/controller_manager_msgs) by extension 'ros'
[0.209s] DEBUG:colcon.colcon_core.package_identification:Package 'src/ros2_control/controller_manager_msgs' with type 'ros.ament_cmake' and name 'controller_manager_msgs'
[0.209s] Level 1:colcon.colcon_core.package_identification:_identify(src/ros2_control/doc) by extensions ['ignore', 'ignore_ament_install']
[0.209s] Level 1:colcon.colcon_core.package_identification:_identify(src/ros2_control/doc) by extension 'ignore'
[0.209s] Level 1:colcon.colcon_core.package_identification:_identify(src/ros2_control/doc) by extension 'ignore_ament_install'
[0.209s] Level 1:colcon.colcon_core.package_identification:_identify(src/ros2_control/doc) by extensions ['colcon_pkg']
[0.209s] Level 1:colcon.colcon_core.package_identification:_identify(src/ros2_control/doc) by extension 'colcon_pkg'
[0.209s] Level 1:colcon.colcon_core.package_identification:_identify(src/ros2_control/doc) by extensions ['colcon_meta']
[0.209s] Level 1:colcon.colcon_core.package_identification:_identify(src/ros2_control/doc) by extension 'colcon_meta'
[0.209s] Level 1:colcon.colcon_core.package_identification:_identify(src/ros2_control/doc) by extensions ['ros']
[0.209s] Level 1:colcon.colcon_core.package_identification:_identify(src/ros2_control/doc) by extension 'ros'
[0.209s] Level 1:colcon.colcon_core.package_identification:_identify(src/ros2_control/doc) by extensions ['cmake', 'python']
[0.209s] Level 1:colcon.colcon_core.package_identification:_identify(src/ros2_control/doc) by extension 'cmake'
[0.209s] Level 1:colcon.colcon_core.package_identification:_identify(src/ros2_control/doc) by extension 'python'
[0.210s] Level 1:colcon.colcon_core.package_identification:_identify(src/ros2_control/doc) by extensions ['python_setup_py']
[0.210s] Level 1:colcon.colcon_core.package_identification:_identify(src/ros2_control/doc) by extension 'python_setup_py'
[0.210s] Level 1:colcon.colcon_core.package_identification:_identify(src/ros2_control/hardware_interface) by extensions ['ignore', 'ignore_ament_install']
[0.210s] Level 1:colcon.colcon_core.package_identification:_identify(src/ros2_control/hardware_interface) by extension 'ignore'
[0.210s] Level 1:colcon.colcon_core.package_identification:_identify(src/ros2_control/hardware_interface) by extension 'ignore_ament_install'
[0.210s] Level 1:colcon.colcon_core.package_identification:_identify(src/ros2_control/hardware_interface) by extensions ['colcon_pkg']
[0.210s] Level 1:colcon.colcon_core.package_identification:_identify(src/ros2_control/hardware_interface) by extension 'colcon_pkg'
[0.210s] Level 1:colcon.colcon_core.package_identification:_identify(src/ros2_control/hardware_interface) by extensions ['colcon_meta']
[0.210s] Level 1:colcon.colcon_core.package_identification:_identify(src/ros2_control/hardware_interface) by extension 'colcon_meta'
[0.210s] Level 1:colcon.colcon_core.package_identification:_identify(src/ros2_control/hardware_interface) by extensions ['ros']
[0.210s] Level 1:colcon.colcon_core.package_identification:_identify(src/ros2_control/hardware_interface) by extension 'ros'
[0.211s] DEBUG:colcon.colcon_core.package_identification:Package 'src/ros2_control/hardware_interface' with type 'ros.ament_cmake' and name 'hardware_interface'
[0.211s] Level 1:colcon.colcon_core.package_identification:_identify(src/ros2_control/hardware_interface_testing) by extensions ['ignore', 'ignore_ament_install']
[0.211s] Level 1:colcon.colcon_core.package_identification:_identify(src/ros2_control/hardware_interface_testing) by extension 'ignore'
[0.211s] Level 1:colcon.colcon_core.package_identification:_identify(src/ros2_control/hardware_interface_testing) by extension 'ignore_ament_install'
[0.211s] Level 1:colcon.colcon_core.package_identification:_identify(src/ros2_control/hardware_interface_testing) by extensions ['colcon_pkg']
[0.211s] Level 1:colcon.colcon_core.package_identification:_identify(src/ros2_control/hardware_interface_testing) by extension 'colcon_pkg'
[0.211s] Level 1:colcon.colcon_core.package_identification:_identify(src/ros2_control/hardware_interface_testing) by extensions ['colcon_meta']
[0.211s] Level 1:colcon.colcon_core.package_identification:_identify(src/ros2_control/hardware_interface_testing) by extension 'colcon_meta'
[0.211s] Level 1:colcon.colcon_core.package_identification:_identify(src/ros2_control/hardware_interface_testing) by extensions ['ros']
[0.211s] Level 1:colcon.colcon_core.package_identification:_identify(src/ros2_control/hardware_interface_testing) by extension 'ros'
[0.212s] DEBUG:colcon.colcon_core.package_identification:Package 'src/ros2_control/hardware_interface_testing' with type 'ros.ament_cmake' and name 'hardware_interface_testing'
[0.212s] Level 1:colcon.colcon_core.package_identification:_identify(src/ros2_control/joint_limits) by extensions ['ignore', 'ignore_ament_install']
[0.212s] Level 1:colcon.colcon_core.package_identification:_identify(src/ros2_control/joint_limits) by extension 'ignore'
[0.212s] Level 1:colcon.colcon_core.package_identification:_identify(src/ros2_control/joint_limits) by extension 'ignore_ament_install'
[0.212s] Level 1:colcon.colcon_core.package_identification:_identify(src/ros2_control/joint_limits) by extensions ['colcon_pkg']
[0.212s] Level 1:colcon.colcon_core.package_identification:_identify(src/ros2_control/joint_limits) by extension 'colcon_pkg'
[0.212s] Level 1:colcon.colcon_core.package_identification:_identify(src/ros2_control/joint_limits) by extensions ['colcon_meta']
[0.212s] Level 1:colcon.colcon_core.package_identification:_identify(src/ros2_control/joint_limits) by extension 'colcon_meta'
[0.212s] Level 1:colcon.colcon_core.package_identification:_identify(src/ros2_control/joint_limits) by extensions ['ros']
[0.212s] Level 1:colcon.colcon_core.package_identification:_identify(src/ros2_control/joint_limits) by extension 'ros'
[0.213s] DEBUG:colcon.colcon_core.package_identification:Package 'src/ros2_control/joint_limits' with type 'ros.ament_cmake' and name 'joint_limits'
[0.213s] Level 1:colcon.colcon_core.package_identification:_identify(src/ros2_control/joint_limits_interface) by extensions ['ignore', 'ignore_ament_install']
[0.213s] Level 1:colcon.colcon_core.package_identification:_identify(src/ros2_control/joint_limits_interface) by extension 'ignore'
[0.213s] Level 1:colcon.colcon_core.package_identification:_identify(src/ros2_control/joint_limits_interface) ignored
[0.213s] Level 1:colcon.colcon_core.package_identification:_identify(src/ros2_control/ros2_control) by extensions ['ignore', 'ignore_ament_install']
[0.213s] Level 1:colcon.colcon_core.package_identification:_identify(src/ros2_control/ros2_control) by extension 'ignore'
[0.213s] Level 1:colcon.colcon_core.package_identification:_identify(src/ros2_control/ros2_control) by extension 'ignore_ament_install'
[0.213s] Level 1:colcon.colcon_core.package_identification:_identify(src/ros2_control/ros2_control) by extensions ['colcon_pkg']
[0.213s] Level 1:colcon.colcon_core.package_identification:_identify(src/ros2_control/ros2_control) by extension 'colcon_pkg'
[0.213s] Level 1:colcon.colcon_core.package_identification:_identify(src/ros2_control/ros2_control) by extensions ['colcon_meta']
[0.213s] Level 1:colcon.colcon_core.package_identification:_identify(src/ros2_control/ros2_control) by extension 'colcon_meta'
[0.213s] Level 1:colcon.colcon_core.package_identification:_identify(src/ros2_control/ros2_control) by extensions ['ros']
[0.213s] Level 1:colcon.colcon_core.package_identification:_identify(src/ros2_control/ros2_control) by extension 'ros'
[0.214s] DEBUG:colcon.colcon_core.package_identification:Package 'src/ros2_control/ros2_control' with type 'ros.ament_cmake' and name 'ros2_control'
[0.214s] Level 1:colcon.colcon_core.package_identification:_identify(src/ros2_control/ros2_control_test_assets) by extensions ['ignore', 'ignore_ament_install']
[0.214s] Level 1:colcon.colcon_core.package_identification:_identify(src/ros2_control/ros2_control_test_assets) by extension 'ignore'
[0.214s] Level 1:colcon.colcon_core.package_identification:_identify(src/ros2_control/ros2_control_test_assets) by extension 'ignore_ament_install'
[0.214s] Level 1:colcon.colcon_core.package_identification:_identify(src/ros2_control/ros2_control_test_assets) by extensions ['colcon_pkg']
[0.214s] Level 1:colcon.colcon_core.package_identification:_identify(src/ros2_control/ros2_control_test_assets) by extension 'colcon_pkg'
[0.214s] Level 1:colcon.colcon_core.package_identification:_identify(src/ros2_control/ros2_control_test_assets) by extensions ['colcon_meta']
[0.214s] Level 1:colcon.colcon_core.package_identification:_identify(src/ros2_control/ros2_control_test_assets) by extension 'colcon_meta'
[0.214s] Level 1:colcon.colcon_core.package_identification:_identify(src/ros2_control/ros2_control_test_assets) by extensions ['ros']
[0.214s] Level 1:colcon.colcon_core.package_identification:_identify(src/ros2_control/ros2_control_test_assets) by extension 'ros'
[0.215s] DEBUG:colcon.colcon_core.package_identification:Package 'src/ros2_control/ros2_control_test_assets' with type 'ros.ament_cmake' and name 'ros2_control_test_assets'
[0.215s] Level 1:colcon.colcon_core.package_identification:_identify(src/ros2_control/ros2controlcli) by extensions ['ignore', 'ignore_ament_install']
[0.215s] Level 1:colcon.colcon_core.package_identification:_identify(src/ros2_control/ros2controlcli) by extension 'ignore'
[0.215s] Level 1:colcon.colcon_core.package_identification:_identify(src/ros2_control/ros2controlcli) by extension 'ignore_ament_install'
[0.215s] Level 1:colcon.colcon_core.package_identification:_identify(src/ros2_control/ros2controlcli) by extensions ['colcon_pkg']
[0.215s] Level 1:colcon.colcon_core.package_identification:_identify(src/ros2_control/ros2controlcli) by extension 'colcon_pkg'
[0.215s] Level 1:colcon.colcon_core.package_identification:_identify(src/ros2_control/ros2controlcli) by extensions ['colcon_meta']
[0.215s] Level 1:colcon.colcon_core.package_identification:_identify(src/ros2_control/ros2controlcli) by extension 'colcon_meta'
[0.215s] Level 1:colcon.colcon_core.package_identification:_identify(src/ros2_control/ros2controlcli) by extensions ['ros']
[0.215s] Level 1:colcon.colcon_core.package_identification:_identify(src/ros2_control/ros2controlcli) by extension 'ros'
[0.216s] DEBUG:colcon.colcon_core.package_identification:Package 'src/ros2_control/ros2controlcli' with type 'ros.ament_python' and name 'ros2controlcli'
[0.216s] Level 1:colcon.colcon_core.package_identification:_identify(src/ros2_control/rqt_controller_manager) by extensions ['ignore', 'ignore_ament_install']
[0.216s] Level 1:colcon.colcon_core.package_identification:_identify(src/ros2_control/rqt_controller_manager) by extension 'ignore'
[0.216s] Level 1:colcon.colcon_core.package_identification:_identify(src/ros2_control/rqt_controller_manager) by extension 'ignore_ament_install'
[0.216s] Level 1:colcon.colcon_core.package_identification:_identify(src/ros2_control/rqt_controller_manager) by extensions ['colcon_pkg']
[0.216s] Level 1:colcon.colcon_core.package_identification:_identify(src/ros2_control/rqt_controller_manager) by extension 'colcon_pkg'
[0.216s] Level 1:colcon.colcon_core.package_identification:_identify(src/ros2_control/rqt_controller_manager) by extensions ['colcon_meta']
[0.216s] Level 1:colcon.colcon_core.package_identification:_identify(src/ros2_control/rqt_controller_manager) by extension 'colcon_meta'
[0.216s] Level 1:colcon.colcon_core.package_identification:_identify(src/ros2_control/rqt_controller_manager) by extensions ['ros']
[0.216s] Level 1:colcon.colcon_core.package_identification:_identify(src/ros2_control/rqt_controller_manager) by extension 'ros'
[0.217s] DEBUG:colcon.colcon_core.package_identification:Package 'src/ros2_control/rqt_controller_manager' with type 'ros.ament_python' and name 'rqt_controller_manager'
[0.217s] Level 1:colcon.colcon_core.package_identification:_identify(src/ros2_control/transmission_interface) by extensions ['ignore', 'ignore_ament_install']
[0.218s] Level 1:colcon.colcon_core.package_identification:_identify(src/ros2_control/transmission_interface) by extension 'ignore'
[0.218s] Level 1:colcon.colcon_core.package_identification:_identify(src/ros2_control/transmission_interface) by extension 'ignore_ament_install'
[0.218s] Level 1:colcon.colcon_core.package_identification:_identify(src/ros2_control/transmission_interface) by extensions ['colcon_pkg']
[0.218s] Level 1:colcon.colcon_core.package_identification:_identify(src/ros2_control/transmission_interface) by extension 'colcon_pkg'
[0.218s] Level 1:colcon.colcon_core.package_identification:_identify(src/ros2_control/transmission_interface) by extensions ['colcon_meta']
[0.218s] Level 1:colcon.colcon_core.package_identification:_identify(src/ros2_control/transmission_interface) by extension 'colcon_meta'
[0.218s] Level 1:colcon.colcon_core.package_identification:_identify(src/ros2_control/transmission_interface) by extensions ['ros']
[0.218s] Level 1:colcon.colcon_core.package_identification:_identify(src/ros2_control/transmission_interface) by extension 'ros'
[0.218s] DEBUG:colcon.colcon_core.package_identification:Package 'src/ros2_control/transmission_interface' with type 'ros.ament_cmake' and name 'transmission_interface'
[0.218s] Level 1:colcon.colcon_core.package_identification:_identify(src/ros2_control_demos) by extensions ['ignore', 'ignore_ament_install']
[0.219s] Level 1:colcon.colcon_core.package_identification:_identify(src/ros2_control_demos) by extension 'ignore'
[0.219s] Level 1:colcon.colcon_core.package_identification:_identify(src/ros2_control_demos) by extension 'ignore_ament_install'
[0.219s] Level 1:colcon.colcon_core.package_identification:_identify(src/ros2_control_demos) by extensions ['colcon_pkg']
[0.219s] Level 1:colcon.colcon_core.package_identification:_identify(src/ros2_control_demos) by extension 'colcon_pkg'
[0.219s] Level 1:colcon.colcon_core.package_identification:_identify(src/ros2_control_demos) by extensions ['colcon_meta']
[0.219s] Level 1:colcon.colcon_core.package_identification:_identify(src/ros2_control_demos) by extension 'colcon_meta'
[0.219s] Level 1:colcon.colcon_core.package_identification:_identify(src/ros2_control_demos) by extensions ['ros']
[0.219s] Level 1:colcon.colcon_core.package_identification:_identify(src/ros2_control_demos) by extension 'ros'
[0.219s] Level 1:colcon.colcon_core.package_identification:_identify(src/ros2_control_demos) by extensions ['cmake', 'python']
[0.219s] Level 1:colcon.colcon_core.package_identification:_identify(src/ros2_control_demos) by extension 'cmake'
[0.219s] Level 1:colcon.colcon_core.package_identification:_identify(src/ros2_control_demos) by extension 'python'
[0.219s] Level 1:colcon.colcon_core.package_identification:_identify(src/ros2_control_demos) by extensions ['python_setup_py']
[0.219s] Level 1:colcon.colcon_core.package_identification:_identify(src/ros2_control_demos) by extension 'python_setup_py'
[0.219s] Level 1:colcon.colcon_core.package_identification:_identify(src/ros2_control_demos/Dockerfile) by extensions ['ignore', 'ignore_ament_install']
[0.219s] Level 1:colcon.colcon_core.package_identification:_identify(src/ros2_control_demos/Dockerfile) by extension 'ignore'
[0.219s] Level 1:colcon.colcon_core.package_identification:_identify(src/ros2_control_demos/Dockerfile) by extension 'ignore_ament_install'
[0.219s] Level 1:colcon.colcon_core.package_identification:_identify(src/ros2_control_demos/Dockerfile) by extensions ['colcon_pkg']
[0.219s] Level 1:colcon.colcon_core.package_identification:_identify(src/ros2_control_demos/Dockerfile) by extension 'colcon_pkg'
[0.219s] Level 1:colcon.colcon_core.package_identification:_identify(src/ros2_control_demos/Dockerfile) by extensions ['colcon_meta']
[0.219s] Level 1:colcon.colcon_core.package_identification:_identify(src/ros2_control_demos/Dockerfile) by extension 'colcon_meta'
[0.219s] Level 1:colcon.colcon_core.package_identification:_identify(src/ros2_control_demos/Dockerfile) by extensions ['ros']
[0.219s] Level 1:colcon.colcon_core.package_identification:_identify(src/ros2_control_demos/Dockerfile) by extension 'ros'
[0.219s] Level 1:colcon.colcon_core.package_identification:_identify(src/ros2_control_demos/Dockerfile) by extensions ['cmake', 'python']
[0.219s] Level 1:colcon.colcon_core.package_identification:_identify(src/ros2_control_demos/Dockerfile) by extension 'cmake'
[0.219s] Level 1:colcon.colcon_core.package_identification:_identify(src/ros2_control_demos/Dockerfile) by extension 'python'
[0.219s] Level 1:colcon.colcon_core.package_identification:_identify(src/ros2_control_demos/Dockerfile) by extensions ['python_setup_py']
[0.220s] Level 1:colcon.colcon_core.package_identification:_identify(src/ros2_control_demos/Dockerfile) by extension 'python_setup_py'
[0.220s] Level 1:colcon.colcon_core.package_identification:_identify(src/ros2_control_demos/doc) by extensions ['ignore', 'ignore_ament_install']
[0.220s] Level 1:colcon.colcon_core.package_identification:_identify(src/ros2_control_demos/doc) by extension 'ignore'
[0.220s] Level 1:colcon.colcon_core.package_identification:_identify(src/ros2_control_demos/doc) by extension 'ignore_ament_install'
[0.220s] Level 1:colcon.colcon_core.package_identification:_identify(src/ros2_control_demos/doc) by extensions ['colcon_pkg']
[0.220s] Level 1:colcon.colcon_core.package_identification:_identify(src/ros2_control_demos/doc) by extension 'colcon_pkg'
[0.220s] Level 1:colcon.colcon_core.package_identification:_identify(src/ros2_control_demos/doc) by extensions ['colcon_meta']
[0.220s] Level 1:colcon.colcon_core.package_identification:_identify(src/ros2_control_demos/doc) by extension 'colcon_meta'
[0.220s] Level 1:colcon.colcon_core.package_identification:_identify(src/ros2_control_demos/doc) by extensions ['ros']
[0.220s] Level 1:colcon.colcon_core.package_identification:_identify(src/ros2_control_demos/doc) by extension 'ros'
[0.220s] Level 1:colcon.colcon_core.package_identification:_identify(src/ros2_control_demos/doc) by extensions ['cmake', 'python']
[0.220s] Level 1:colcon.colcon_core.package_identification:_identify(src/ros2_control_demos/doc) by extension 'cmake'
[0.220s] Level 1:colcon.colcon_core.package_identification:_identify(src/ros2_control_demos/doc) by extension 'python'
[0.220s] Level 1:colcon.colcon_core.package_identification:_identify(src/ros2_control_demos/doc) by extensions ['python_setup_py']
[0.220s] Level 1:colcon.colcon_core.package_identification:_identify(src/ros2_control_demos/doc) by extension 'python_setup_py'
[0.220s] Level 1:colcon.colcon_core.package_identification:_identify(src/ros2_control_demos/example_1) by extensions ['ignore', 'ignore_ament_install']
[0.220s] Level 1:colcon.colcon_core.package_identification:_identify(src/ros2_control_demos/example_1) by extension 'ignore'
[0.220s] Level 1:colcon.colcon_core.package_identification:_identify(src/ros2_control_demos/example_1) by extension 'ignore_ament_install'
[0.220s] Level 1:colcon.colcon_core.package_identification:_identify(src/ros2_control_demos/example_1) by extensions ['colcon_pkg']
[0.220s] Level 1:colcon.colcon_core.package_identification:_identify(src/ros2_control_demos/example_1) by extension 'colcon_pkg'
[0.220s] Level 1:colcon.colcon_core.package_identification:_identify(src/ros2_control_demos/example_1) by extensions ['colcon_meta']
[0.220s] Level 1:colcon.colcon_core.package_identification:_identify(src/ros2_control_demos/example_1) by extension 'colcon_meta'
[0.220s] Level 1:colcon.colcon_core.package_identification:_identify(src/ros2_control_demos/example_1) by extensions ['ros']
[0.220s] Level 1:colcon.colcon_core.package_identification:_identify(src/ros2_control_demos/example_1) by extension 'ros'
[0.221s] DEBUG:colcon.colcon_core.package_identification:Package 'src/ros2_control_demos/example_1' with type 'ros.ament_cmake' and name 'ros2_control_demo_example_1'
[0.221s] Level 1:colcon.colcon_core.package_identification:_identify(src/ros2_control_demos/example_10) by extensions ['ignore', 'ignore_ament_install']
[0.221s] Level 1:colcon.colcon_core.package_identification:_identify(src/ros2_control_demos/example_10) by extension 'ignore'
[0.222s] Level 1:colcon.colcon_core.package_identification:_identify(src/ros2_control_demos/example_10) by extension 'ignore_ament_install'
[0.222s] Level 1:colcon.colcon_core.package_identification:_identify(src/ros2_control_demos/example_10) by extensions ['colcon_pkg']
[0.222s] Level 1:colcon.colcon_core.package_identification:_identify(src/ros2_control_demos/example_10) by extension 'colcon_pkg'
[0.222s] Level 1:colcon.colcon_core.package_identification:_identify(src/ros2_control_demos/example_10) by extensions ['colcon_meta']
[0.222s] Level 1:colcon.colcon_core.package_identification:_identify(src/ros2_control_demos/example_10) by extension 'colcon_meta'
[0.222s] Level 1:colcon.colcon_core.package_identification:_identify(src/ros2_control_demos/example_10) by extensions ['ros']
[0.222s] Level 1:colcon.colcon_core.package_identification:_identify(src/ros2_control_demos/example_10) by extension 'ros'
[0.223s] DEBUG:colcon.colcon_core.package_identification:Package 'src/ros2_control_demos/example_10' with type 'ros.ament_cmake' and name 'ros2_control_demo_example_10'
[0.223s] Level 1:colcon.colcon_core.package_identification:_identify(src/ros2_control_demos/example_11) by extensions ['ignore', 'ignore_ament_install']
[0.223s] Level 1:colcon.colcon_core.package_identification:_identify(src/ros2_control_demos/example_11) by extension 'ignore'
[0.223s] Level 1:colcon.colcon_core.package_identification:_identify(src/ros2_control_demos/example_11) by extension 'ignore_ament_install'
[0.223s] Level 1:colcon.colcon_core.package_identification:_identify(src/ros2_control_demos/example_11) by extensions ['colcon_pkg']
[0.223s] Level 1:colcon.colcon_core.package_identification:_identify(src/ros2_control_demos/example_11) by extension 'colcon_pkg'
[0.223s] Level 1:colcon.colcon_core.package_identification:_identify(src/ros2_control_demos/example_11) by extensions ['colcon_meta']
[0.223s] Level 1:colcon.colcon_core.package_identification:_identify(src/ros2_control_demos/example_11) by extension 'colcon_meta'
[0.223s] Level 1:colcon.colcon_core.package_identification:_identify(src/ros2_control_demos/example_11) by extensions ['ros']
[0.223s] Level 1:colcon.colcon_core.package_identification:_identify(src/ros2_control_demos/example_11) by extension 'ros'
[0.224s] DEBUG:colcon.colcon_core.package_identification:Package 'src/ros2_control_demos/example_11' with type 'ros.ament_cmake' and name 'ros2_control_demo_example_11'
[0.224s] Level 1:colcon.colcon_core.package_identification:_identify(src/ros2_control_demos/example_12) by extensions ['ignore', 'ignore_ament_install']
[0.224s] Level 1:colcon.colcon_core.package_identification:_identify(src/ros2_control_demos/example_12) by extension 'ignore'
[0.224s] Level 1:colcon.colcon_core.package_identification:_identify(src/ros2_control_demos/example_12) by extension 'ignore_ament_install'
[0.224s] Level 1:colcon.colcon_core.package_identification:_identify(src/ros2_control_demos/example_12) by extensions ['colcon_pkg']
[0.224s] Level 1:colcon.colcon_core.package_identification:_identify(src/ros2_control_demos/example_12) by extension 'colcon_pkg'
[0.224s] Level 1:colcon.colcon_core.package_identification:_identify(src/ros2_control_demos/example_12) by extensions ['colcon_meta']
[0.224s] Level 1:colcon.colcon_core.package_identification:_identify(src/ros2_control_demos/example_12) by extension 'colcon_meta'
[0.224s] Level 1:colcon.colcon_core.package_identification:_identify(src/ros2_control_demos/example_12) by extensions ['ros']
[0.224s] Level 1:colcon.colcon_core.package_identification:_identify(src/ros2_control_demos/example_12) by extension 'ros'
[0.225s] DEBUG:colcon.colcon_core.package_identification:Package 'src/ros2_control_demos/example_12' with type 'ros.ament_cmake' and name 'ros2_control_demo_example_12'
[0.225s] Level 1:colcon.colcon_core.package_identification:_identify(src/ros2_control_demos/example_13) by extensions ['ignore', 'ignore_ament_install']
[0.225s] Level 1:colcon.colcon_core.package_identification:_identify(src/ros2_control_demos/example_13) by extension 'ignore'
[0.225s] Level 1:colcon.colcon_core.package_identification:_identify(src/ros2_control_demos/example_13) by extension 'ignore_ament_install'
[0.226s] Level 1:colcon.colcon_core.package_identification:_identify(src/ros2_control_demos/example_13) by extensions ['colcon_pkg']
[0.226s] Level 1:colcon.colcon_core.package_identification:_identify(src/ros2_control_demos/example_13) by extension 'colcon_pkg'
[0.226s] Level 1:colcon.colcon_core.package_identification:_identify(src/ros2_control_demos/example_13) by extensions ['colcon_meta']
[0.226s] Level 1:colcon.colcon_core.package_identification:_identify(src/ros2_control_demos/example_13) by extension 'colcon_meta'
[0.226s] Level 1:colcon.colcon_core.package_identification:_identify(src/ros2_control_demos/example_13) by extensions ['ros']
[0.226s] Level 1:colcon.colcon_core.package_identification:_identify(src/ros2_control_demos/example_13) by extension 'ros'
[0.227s] DEBUG:colcon.colcon_core.package_identification:Package 'src/ros2_control_demos/example_13' with type 'ros.ament_cmake' and name 'ros2_control_demo_example_13'
[0.227s] Level 1:colcon.colcon_core.package_identification:_identify(src/ros2_control_demos/example_14) by extensions ['ignore', 'ignore_ament_install']
[0.227s] Level 1:colcon.colcon_core.package_identification:_identify(src/ros2_control_demos/example_14) by extension 'ignore'
[0.227s] Level 1:colcon.colcon_core.package_identification:_identify(src/ros2_control_demos/example_14) by extension 'ignore_ament_install'
[0.227s] Level 1:colcon.colcon_core.package_identification:_identify(src/ros2_control_demos/example_14) by extensions ['colcon_pkg']
[0.227s] Level 1:colcon.colcon_core.package_identification:_identify(src/ros2_control_demos/example_14) by extension 'colcon_pkg'
[0.227s] Level 1:colcon.colcon_core.package_identification:_identify(src/ros2_control_demos/example_14) by extensions ['colcon_meta']
[0.227s] Level 1:colcon.colcon_core.package_identification:_identify(src/ros2_control_demos/example_14) by extension 'colcon_meta'
[0.227s] Level 1:colcon.colcon_core.package_identification:_identify(src/ros2_control_demos/example_14) by extensions ['ros']
[0.227s] Level 1:colcon.colcon_core.package_identification:_identify(src/ros2_control_demos/example_14) by extension 'ros'
[0.228s] DEBUG:colcon.colcon_core.package_identification:Package 'src/ros2_control_demos/example_14' with type 'ros.ament_cmake' and name 'ros2_control_demo_example_14'
[0.228s] Level 1:colcon.colcon_core.package_identification:_identify(src/ros2_control_demos/example_15) by extensions ['ignore', 'ignore_ament_install']
[0.228s] Level 1:colcon.colcon_core.package_identification:_identify(src/ros2_control_demos/example_15) by extension 'ignore'
[0.228s] Level 1:colcon.colcon_core.package_identification:_identify(src/ros2_control_demos/example_15) by extension 'ignore_ament_install'
[0.228s] Level 1:colcon.colcon_core.package_identification:_identify(src/ros2_control_demos/example_15) by extensions ['colcon_pkg']
[0.228s] Level 1:colcon.colcon_core.package_identification:_identify(src/ros2_control_demos/example_15) by extension 'colcon_pkg'
[0.228s] Level 1:colcon.colcon_core.package_identification:_identify(src/ros2_control_demos/example_15) by extensions ['colcon_meta']
[0.228s] Level 1:colcon.colcon_core.package_identification:_identify(src/ros2_control_demos/example_15) by extension 'colcon_meta'
[0.228s] Level 1:colcon.colcon_core.package_identification:_identify(src/ros2_control_demos/example_15) by extensions ['ros']
[0.228s] Level 1:colcon.colcon_core.package_identification:_identify(src/ros2_control_demos/example_15) by extension 'ros'
[0.229s] DEBUG:colcon.colcon_core.package_identification:Package 'src/ros2_control_demos/example_15' with type 'ros.ament_cmake' and name 'ros2_control_demo_example_15'
[0.229s] Level 1:colcon.colcon_core.package_identification:_identify(src/ros2_control_demos/example_2) by extensions ['ignore', 'ignore_ament_install']
[0.230s] Level 1:colcon.colcon_core.package_identification:_identify(src/ros2_control_demos/example_2) by extension 'ignore'
[0.230s] Level 1:colcon.colcon_core.package_identification:_identify(src/ros2_control_demos/example_2) by extension 'ignore_ament_install'
[0.230s] Level 1:colcon.colcon_core.package_identification:_identify(src/ros2_control_demos/example_2) by extensions ['colcon_pkg']
[0.230s] Level 1:colcon.colcon_core.package_identification:_identify(src/ros2_control_demos/example_2) by extension 'colcon_pkg'
[0.230s] Level 1:colcon.colcon_core.package_identification:_identify(src/ros2_control_demos/example_2) by extensions ['colcon_meta']
[0.230s] Level 1:colcon.colcon_core.package_identification:_identify(src/ros2_control_demos/example_2) by extension 'colcon_meta'
[0.230s] Level 1:colcon.colcon_core.package_identification:_identify(src/ros2_control_demos/example_2) by extensions ['ros']
[0.230s] Level 1:colcon.colcon_core.package_identification:_identify(src/ros2_control_demos/example_2) by extension 'ros'
[0.232s] DEBUG:colcon.colcon_core.package_identification:Package 'src/ros2_control_demos/example_2' with type 'ros.ament_cmake' and name 'ros2_control_demo_example_2'
[0.232s] Level 1:colcon.colcon_core.package_identification:_identify(src/ros2_control_demos/example_3) by extensions ['ignore', 'ignore_ament_install']
[0.232s] Level 1:colcon.colcon_core.package_identification:_identify(src/ros2_control_demos/example_3) by extension 'ignore'
[0.232s] Level 1:colcon.colcon_core.package_identification:_identify(src/ros2_control_demos/example_3) by extension 'ignore_ament_install'
[0.232s] Level 1:colcon.colcon_core.package_identification:_identify(src/ros2_control_demos/example_3) by extensions ['colcon_pkg']
[0.232s] Level 1:colcon.colcon_core.package_identification:_identify(src/ros2_control_demos/example_3) by extension 'colcon_pkg'
[0.232s] Level 1:colcon.colcon_core.package_identification:_identify(src/ros2_control_demos/example_3) by extensions ['colcon_meta']
[0.232s] Level 1:colcon.colcon_core.package_identification:_identify(src/ros2_control_demos/example_3) by extension 'colcon_meta'
[0.232s] Level 1:colcon.colcon_core.package_identification:_identify(src/ros2_control_demos/example_3) by extensions ['ros']
[0.232s] Level 1:colcon.colcon_core.package_identification:_identify(src/ros2_control_demos/example_3) by extension 'ros'
[0.233s] DEBUG:colcon.colcon_core.package_identification:Package 'src/ros2_control_demos/example_3' with type 'ros.ament_cmake' and name 'ros2_control_demo_example_3'
[0.234s] Level 1:colcon.colcon_core.package_identification:_identify(src/ros2_control_demos/example_4) by extensions ['ignore', 'ignore_ament_install']
[0.234s] Level 1:colcon.colcon_core.package_identification:_identify(src/ros2_control_demos/example_4) by extension 'ignore'
[0.234s] Level 1:colcon.colcon_core.package_identification:_identify(src/ros2_control_demos/example_4) by extension 'ignore_ament_install'
[0.234s] Level 1:colcon.colcon_core.package_identification:_identify(src/ros2_control_demos/example_4) by extensions ['colcon_pkg']
[0.234s] Level 1:colcon.colcon_core.package_identification:_identify(src/ros2_control_demos/example_4) by extension 'colcon_pkg'
[0.234s] Level 1:colcon.colcon_core.package_identification:_identify(src/ros2_control_demos/example_4) by extensions ['colcon_meta']
[0.234s] Level 1:colcon.colcon_core.package_identification:_identify(src/ros2_control_demos/example_4) by extension 'colcon_meta'
[0.234s] Level 1:colcon.colcon_core.package_identification:_identify(src/ros2_control_demos/example_4) by extensions ['ros']
[0.234s] Level 1:colcon.colcon_core.package_identification:_identify(src/ros2_control_demos/example_4) by extension 'ros'
[0.235s] DEBUG:colcon.colcon_core.package_identification:Package 'src/ros2_control_demos/example_4' with type 'ros.ament_cmake' and name 'ros2_control_demo_example_4'
[0.235s] Level 1:colcon.colcon_core.package_identification:_identify(src/ros2_control_demos/example_5) by extensions ['ignore', 'ignore_ament_install']
[0.235s] Level 1:colcon.colcon_core.package_identification:_identify(src/ros2_control_demos/example_5) by extension 'ignore'
[0.235s] Level 1:colcon.colcon_core.package_identification:_identify(src/ros2_control_demos/example_5) by extension 'ignore_ament_install'
[0.235s] Level 1:colcon.colcon_core.package_identification:_identify(src/ros2_control_demos/example_5) by extensions ['colcon_pkg']
[0.235s] Level 1:colcon.colcon_core.package_identification:_identify(src/ros2_control_demos/example_5) by extension 'colcon_pkg'
[0.235s] Level 1:colcon.colcon_core.package_identification:_identify(src/ros2_control_demos/example_5) by extensions ['colcon_meta']
[0.235s] Level 1:colcon.colcon_core.package_identification:_identify(src/ros2_control_demos/example_5) by extension 'colcon_meta'
[0.235s] Level 1:colcon.colcon_core.package_identification:_identify(src/ros2_control_demos/example_5) by extensions ['ros']
[0.235s] Level 1:colcon.colcon_core.package_identification:_identify(src/ros2_control_demos/example_5) by extension 'ros'
[0.236s] DEBUG:colcon.colcon_core.package_identification:Package 'src/ros2_control_demos/example_5' with type 'ros.ament_cmake' and name 'ros2_control_demo_example_5'
[0.237s] Level 1:colcon.colcon_core.package_identification:_identify(src/ros2_control_demos/example_6) by extensions ['ignore', 'ignore_ament_install']
[0.237s] Level 1:colcon.colcon_core.package_identification:_identify(src/ros2_control_demos/example_6) by extension 'ignore'
[0.237s] Level 1:colcon.colcon_core.package_identification:_identify(src/ros2_control_demos/example_6) by extension 'ignore_ament_install'
[0.237s] Level 1:colcon.colcon_core.package_identification:_identify(src/ros2_control_demos/example_6) by extensions ['colcon_pkg']
[0.237s] Level 1:colcon.colcon_core.package_identification:_identify(src/ros2_control_demos/example_6) by extension 'colcon_pkg'
[0.237s] Level 1:colcon.colcon_core.package_identification:_identify(src/ros2_control_demos/example_6) by extensions ['colcon_meta']
[0.237s] Level 1:colcon.colcon_core.package_identification:_identify(src/ros2_control_demos/example_6) by extension 'colcon_meta'
[0.237s] Level 1:colcon.colcon_core.package_identification:_identify(src/ros2_control_demos/example_6) by extensions ['ros']
[0.237s] Level 1:colcon.colcon_core.package_identification:_identify(src/ros2_control_demos/example_6) by extension 'ros'
[0.238s] DEBUG:colcon.colcon_core.package_identification:Package 'src/ros2_control_demos/example_6' with type 'ros.ament_cmake' and name 'ros2_control_demo_example_6'
[0.238s] Level 1:colcon.colcon_core.package_identification:_identify(src/ros2_control_demos/example_7) by extensions ['ignore', 'ignore_ament_install']
[0.238s] Level 1:colcon.colcon_core.package_identification:_identify(src/ros2_control_demos/example_7) by extension 'ignore'
[0.238s] Level 1:colcon.colcon_core.package_identification:_identify(src/ros2_control_demos/example_7) by extension 'ignore_ament_install'
[0.238s] Level 1:colcon.colcon_core.package_identification:_identify(src/ros2_control_demos/example_7) by extensions ['colcon_pkg']
[0.238s] Level 1:colcon.colcon_core.package_identification:_identify(src/ros2_control_demos/example_7) by extension 'colcon_pkg'
[0.238s] Level 1:colcon.colcon_core.package_identification:_identify(src/ros2_control_demos/example_7) by extensions ['colcon_meta']
[0.238s] Level 1:colcon.colcon_core.package_identification:_identify(src/ros2_control_demos/example_7) by extension 'colcon_meta'
[0.238s] Level 1:colcon.colcon_core.package_identification:_identify(src/ros2_control_demos/example_7) by extensions ['ros']
[0.238s] Level 1:colcon.colcon_core.package_identification:_identify(src/ros2_control_demos/example_7) by extension 'ros'
[0.239s] DEBUG:colcon.colcon_core.package_identification:Package 'src/ros2_control_demos/example_7' with type 'ros.ament_cmake' and name 'ros2_control_demo_example_7'
[0.239s] Level 1:colcon.colcon_core.package_identification:_identify(src/ros2_control_demos/example_8) by extensions ['ignore', 'ignore_ament_install']
[0.240s] Level 1:colcon.colcon_core.package_identification:_identify(src/ros2_control_demos/example_8) by extension 'ignore'
[0.240s] Level 1:colcon.colcon_core.package_identification:_identify(src/ros2_control_demos/example_8) by extension 'ignore_ament_install'
[0.240s] Level 1:colcon.colcon_core.package_identification:_identify(src/ros2_control_demos/example_8) by extensions ['colcon_pkg']
[0.240s] Level 1:colcon.colcon_core.package_identification:_identify(src/ros2_control_demos/example_8) by extension 'colcon_pkg'
[0.240s] Level 1:colcon.colcon_core.package_identification:_identify(src/ros2_control_demos/example_8) by extensions ['colcon_meta']
[0.240s] Level 1:colcon.colcon_core.package_identification:_identify(src/ros2_control_demos/example_8) by extension 'colcon_meta'
[0.240s] Level 1:colcon.colcon_core.package_identification:_identify(src/ros2_control_demos/example_8) by extensions ['ros']
[0.240s] Level 1:colcon.colcon_core.package_identification:_identify(src/ros2_control_demos/example_8) by extension 'ros'
[0.241s] DEBUG:colcon.colcon_core.package_identification:Package 'src/ros2_control_demos/example_8' with type 'ros.ament_cmake' and name 'ros2_control_demo_example_8'
[0.241s] Level 1:colcon.colcon_core.package_identification:_identify(src/ros2_control_demos/example_9) by extensions ['ignore', 'ignore_ament_install']
[0.241s] Level 1:colcon.colcon_core.package_identification:_identify(src/ros2_control_demos/example_9) by extension 'ignore'
[0.241s] Level 1:colcon.colcon_core.package_identification:_identify(src/ros2_control_demos/example_9) by extension 'ignore_ament_install'
[0.241s] Level 1:colcon.colcon_core.package_identification:_identify(src/ros2_control_demos/example_9) by extensions ['colcon_pkg']
[0.241s] Level 1:colcon.colcon_core.package_identification:_identify(src/ros2_control_demos/example_9) by extension 'colcon_pkg'
[0.241s] Level 1:colcon.colcon_core.package_identification:_identify(src/ros2_control_demos/example_9) by extensions ['colcon_meta']
[0.241s] Level 1:colcon.colcon_core.package_identification:_identify(src/ros2_control_demos/example_9) by extension 'colcon_meta'
[0.241s] Level 1:colcon.colcon_core.package_identification:_identify(src/ros2_control_demos/example_9) by extensions ['ros']
[0.241s] Level 1:colcon.colcon_core.package_identification:_identify(src/ros2_control_demos/example_9) by extension 'ros'
[0.242s] DEBUG:colcon.colcon_core.package_identification:Package 'src/ros2_control_demos/example_9' with type 'ros.ament_cmake' and name 'ros2_control_demo_example_9'
[0.242s] Level 1:colcon.colcon_core.package_identification:_identify(src/ros2_control_demos/ros2_control_demo_description) by extensions ['ignore', 'ignore_ament_install']
[0.242s] Level 1:colcon.colcon_core.package_identification:_identify(src/ros2_control_demos/ros2_control_demo_description) by extension 'ignore'
[0.242s] Level 1:colcon.colcon_core.package_identification:_identify(src/ros2_control_demos/ros2_control_demo_description) by extension 'ignore_ament_install'
[0.242s] Level 1:colcon.colcon_core.package_identification:_identify(src/ros2_control_demos/ros2_control_demo_description) by extensions ['colcon_pkg']
[0.242s] Level 1:colcon.colcon_core.package_identification:_identify(src/ros2_control_demos/ros2_control_demo_description) by extension 'colcon_pkg'
[0.242s] Level 1:colcon.colcon_core.package_identification:_identify(src/ros2_control_demos/ros2_control_demo_description) by extensions ['colcon_meta']
[0.242s] Level 1:colcon.colcon_core.package_identification:_identify(src/ros2_control_demos/ros2_control_demo_description) by extension 'colcon_meta'
[0.243s] Level 1:colcon.colcon_core.package_identification:_identify(src/ros2_control_demos/ros2_control_demo_description) by extensions ['ros']
[0.243s] Level 1:colcon.colcon_core.package_identification:_identify(src/ros2_control_demos/ros2_control_demo_description) by extension 'ros'
[0.243s] DEBUG:colcon.colcon_core.package_identification:Package 'src/ros2_control_demos/ros2_control_demo_description' with type 'ros.ament_cmake' and name 'ros2_control_demo_description'
[0.243s] Level 1:colcon.colcon_core.package_identification:_identify(src/ros2_control_demos/ros2_control_demos) by extensions ['ignore', 'ignore_ament_install']
[0.243s] Level 1:colcon.colcon_core.package_identification:_identify(src/ros2_control_demos/ros2_control_demos) by extension 'ignore'
[0.243s] Level 1:colcon.colcon_core.package_identification:_identify(src/ros2_control_demos/ros2_control_demos) by extension 'ignore_ament_install'
[0.243s] Level 1:colcon.colcon_core.package_identification:_identify(src/ros2_control_demos/ros2_control_demos) by extensions ['colcon_pkg']
[0.243s] Level 1:colcon.colcon_core.package_identification:_identify(src/ros2_control_demos/ros2_control_demos) by extension 'colcon_pkg'
[0.243s] Level 1:colcon.colcon_core.package_identification:_identify(src/ros2_control_demos/ros2_control_demos) by extensions ['colcon_meta']
[0.243s] Level 1:colcon.colcon_core.package_identification:_identify(src/ros2_control_demos/ros2_control_demos) by extension 'colcon_meta'
[0.243s] Level 1:colcon.colcon_core.package_identification:_identify(src/ros2_control_demos/ros2_control_demos) by extensions ['ros']
[0.243s] Level 1:colcon.colcon_core.package_identification:_identify(src/ros2_control_demos/ros2_control_demos) by extension 'ros'
[0.244s] DEBUG:colcon.colcon_core.package_identification:Package 'src/ros2_control_demos/ros2_control_demos' with type 'ros.ament_cmake' and name 'ros2_control_demos'
[0.244s] Level 1:colcon.colcon_core.package_identification:_identify(src/ros2_controllers) by extensions ['ignore', 'ignore_ament_install']
[0.244s] Level 1:colcon.colcon_core.package_identification:_identify(src/ros2_controllers) by extension 'ignore'
[0.244s] Level 1:colcon.colcon_core.package_identification:_identify(src/ros2_controllers) by extension 'ignore_ament_install'
[0.244s] Level 1:colcon.colcon_core.package_identification:_identify(src/ros2_controllers) by extensions ['colcon_pkg']
[0.244s] Level 1:colcon.colcon_core.package_identification:_identify(src/ros2_controllers) by extension 'colcon_pkg'
[0.244s] Level 1:colcon.colcon_core.package_identification:_identify(src/ros2_controllers) by extensions ['colcon_meta']
[0.245s] Level 1:colcon.colcon_core.package_identification:_identify(src/ros2_controllers) by extension 'colcon_meta'
[0.245s] Level 1:colcon.colcon_core.package_identification:_identify(src/ros2_controllers) by extensions ['ros']
[0.245s] Level 1:colcon.colcon_core.package_identification:_identify(src/ros2_controllers) by extension 'ros'
[0.245s] Level 1:colcon.colcon_core.package_identification:_identify(src/ros2_controllers) by extensions ['cmake', 'python']
[0.245s] Level 1:colcon.colcon_core.package_identification:_identify(src/ros2_controllers) by extension 'cmake'
[0.245s] Level 1:colcon.colcon_core.package_identification:_identify(src/ros2_controllers) by extension 'python'
[0.245s] Level 1:colcon.colcon_core.package_identification:_identify(src/ros2_controllers) by extensions ['python_setup_py']
[0.245s] Level 1:colcon.colcon_core.package_identification:_identify(src/ros2_controllers) by extension 'python_setup_py'
[0.245s] Level 1:colcon.colcon_core.package_identification:_identify(src/ros2_controllers/ackermann_steering_controller) by extensions ['ignore', 'ignore_ament_install']
[0.245s] Level 1:colcon.colcon_core.package_identification:_identify(src/ros2_controllers/ackermann_steering_controller) by extension 'ignore'
[0.245s] Level 1:colcon.colcon_core.package_identification:_identify(src/ros2_controllers/ackermann_steering_controller) by extension 'ignore_ament_install'
[0.245s] Level 1:colcon.colcon_core.package_identification:_identify(src/ros2_controllers/ackermann_steering_controller) by extensions ['colcon_pkg']
[0.245s] Level 1:colcon.colcon_core.package_identification:_identify(src/ros2_controllers/ackermann_steering_controller) by extension 'colcon_pkg'
[0.245s] Level 1:colcon.colcon_core.package_identification:_identify(src/ros2_controllers/ackermann_steering_controller) by extensions ['colcon_meta']
[0.245s] Level 1:colcon.colcon_core.package_identification:_identify(src/ros2_controllers/ackermann_steering_controller) by extension 'colcon_meta'
[0.245s] Level 1:colcon.colcon_core.package_identification:_identify(src/ros2_controllers/ackermann_steering_controller) by extensions ['ros']
[0.245s] Level 1:colcon.colcon_core.package_identification:_identify(src/ros2_controllers/ackermann_steering_controller) by extension 'ros'
[0.246s] DEBUG:colcon.colcon_core.package_identification:Package 'src/ros2_controllers/ackermann_steering_controller' with type 'ros.ament_cmake' and name 'ackermann_steering_controller'
[0.246s] Level 1:colcon.colcon_core.package_identification:_identify(src/ros2_controllers/admittance_controller) by extensions ['ignore', 'ignore_ament_install']
[0.246s] Level 1:colcon.colcon_core.package_identification:_identify(src/ros2_controllers/admittance_controller) by extension 'ignore'
[0.246s] Level 1:colcon.colcon_core.package_identification:_identify(src/ros2_controllers/admittance_controller) by extension 'ignore_ament_install'
[0.246s] Level 1:colcon.colcon_core.package_identification:_identify(src/ros2_controllers/admittance_controller) by extensions ['colcon_pkg']
[0.246s] Level 1:colcon.colcon_core.package_identification:_identify(src/ros2_controllers/admittance_controller) by extension 'colcon_pkg'
[0.246s] Level 1:colcon.colcon_core.package_identification:_identify(src/ros2_controllers/admittance_controller) by extensions ['colcon_meta']
[0.246s] Level 1:colcon.colcon_core.package_identification:_identify(src/ros2_controllers/admittance_controller) by extension 'colcon_meta'
[0.247s] Level 1:colcon.colcon_core.package_identification:_identify(src/ros2_controllers/admittance_controller) by extensions ['ros']
[0.247s] Level 1:colcon.colcon_core.package_identification:_identify(src/ros2_controllers/admittance_controller) by extension 'ros'
[0.248s] DEBUG:colcon.colcon_core.package_identification:Package 'src/ros2_controllers/admittance_controller' with type 'ros.ament_cmake' and name 'admittance_controller'
[0.248s] Level 1:colcon.colcon_core.package_identification:_identify(src/ros2_controllers/bicycle_steering_controller) by extensions ['ignore', 'ignore_ament_install']
[0.248s] Level 1:colcon.colcon_core.package_identification:_identify(src/ros2_controllers/bicycle_steering_controller) by extension 'ignore'
[0.248s] Level 1:colcon.colcon_core.package_identification:_identify(src/ros2_controllers/bicycle_steering_controller) by extension 'ignore_ament_install'
[0.249s] Level 1:colcon.colcon_core.package_identification:_identify(src/ros2_controllers/bicycle_steering_controller) by extensions ['colcon_pkg']
[0.249s] Level 1:colcon.colcon_core.package_identification:_identify(src/ros2_controllers/bicycle_steering_controller) by extension 'colcon_pkg'
[0.249s] Level 1:colcon.colcon_core.package_identification:_identify(src/ros2_controllers/bicycle_steering_controller) by extensions ['colcon_meta']
[0.249s] Level 1:colcon.colcon_core.package_identification:_identify(src/ros2_controllers/bicycle_steering_controller) by extension 'colcon_meta'
[0.249s] Level 1:colcon.colcon_core.package_identification:_identify(src/ros2_controllers/bicycle_steering_controller) by extensions ['ros']
[0.249s] Level 1:colcon.colcon_core.package_identification:_identify(src/ros2_controllers/bicycle_steering_controller) by extension 'ros'
[0.250s] DEBUG:colcon.colcon_core.package_identification:Package 'src/ros2_controllers/bicycle_steering_controller' with type 'ros.ament_cmake' and name 'bicycle_steering_controller'
[0.250s] Level 1:colcon.colcon_core.package_identification:_identify(src/ros2_controllers/diff_drive_controller) by extensions ['ignore', 'ignore_ament_install']
[0.250s] Level 1:colcon.colcon_core.package_identification:_identify(src/ros2_controllers/diff_drive_controller) by extension 'ignore'
[0.250s] Level 1:colcon.colcon_core.package_identification:_identify(src/ros2_controllers/diff_drive_controller) by extension 'ignore_ament_install'
[0.250s] Level 1:colcon.colcon_core.package_identification:_identify(src/ros2_controllers/diff_drive_controller) by extensions ['colcon_pkg']
[0.250s] Level 1:colcon.colcon_core.package_identification:_identify(src/ros2_controllers/diff_drive_controller) by extension 'colcon_pkg'
[0.250s] Level 1:colcon.colcon_core.package_identification:_identify(src/ros2_controllers/diff_drive_controller) by extensions ['colcon_meta']
[0.250s] Level 1:colcon.colcon_core.package_identification:_identify(src/ros2_controllers/diff_drive_controller) by extension 'colcon_meta'
[0.250s] Level 1:colcon.colcon_core.package_identification:_identify(src/ros2_controllers/diff_drive_controller) by extensions ['ros']
[0.250s] Level 1:colcon.colcon_core.package_identification:_identify(src/ros2_controllers/diff_drive_controller) by extension 'ros'
[0.251s] DEBUG:colcon.colcon_core.package_identification:Package 'src/ros2_controllers/diff_drive_controller' with type 'ros.ament_cmake' and name 'diff_drive_controller'
[0.251s] Level 1:colcon.colcon_core.package_identification:_identify(src/ros2_controllers/doc) by extensions ['ignore', 'ignore_ament_install']
[0.251s] Level 1:colcon.colcon_core.package_identification:_identify(src/ros2_controllers/doc) by extension 'ignore'
[0.251s] Level 1:colcon.colcon_core.package_identification:_identify(src/ros2_controllers/doc) by extension 'ignore_ament_install'
[0.252s] Level 1:colcon.colcon_core.package_identification:_identify(src/ros2_controllers/doc) by extensions ['colcon_pkg']
[0.252s] Level 1:colcon.colcon_core.package_identification:_identify(src/ros2_controllers/doc) by extension 'colcon_pkg'
[0.252s] Level 1:colcon.colcon_core.package_identification:_identify(src/ros2_controllers/doc) by extensions ['colcon_meta']
[0.252s] Level 1:colcon.colcon_core.package_identification:_identify(src/ros2_controllers/doc) by extension 'colcon_meta'
[0.252s] Level 1:colcon.colcon_core.package_identification:_identify(src/ros2_controllers/doc) by extensions ['ros']
[0.252s] Level 1:colcon.colcon_core.package_identification:_identify(src/ros2_controllers/doc) by extension 'ros'
[0.252s] Level 1:colcon.colcon_core.package_identification:_identify(src/ros2_controllers/doc) by extensions ['cmake', 'python']
[0.252s] Level 1:colcon.colcon_core.package_identification:_identify(src/ros2_controllers/doc) by extension 'cmake'
[0.252s] Level 1:colcon.colcon_core.package_identification:_identify(src/ros2_controllers/doc) by extension 'python'
[0.252s] Level 1:colcon.colcon_core.package_identification:_identify(src/ros2_controllers/doc) by extensions ['python_setup_py']
[0.252s] Level 1:colcon.colcon_core.package_identification:_identify(src/ros2_controllers/doc) by extension 'python_setup_py'
[0.252s] Level 1:colcon.colcon_core.package_identification:_identify(src/ros2_controllers/doc/images) by extensions ['ignore', 'ignore_ament_install']
[0.252s] Level 1:colcon.colcon_core.package_identification:_identify(src/ros2_controllers/doc/images) by extension 'ignore'
[0.252s] Level 1:colcon.colcon_core.package_identification:_identify(src/ros2_controllers/doc/images) by extension 'ignore_ament_install'
[0.252s] Level 1:colcon.colcon_core.package_identification:_identify(src/ros2_controllers/doc/images) by extensions ['colcon_pkg']
[0.252s] Level 1:colcon.colcon_core.package_identification:_identify(src/ros2_controllers/doc/images) by extension 'colcon_pkg'
[0.252s] Level 1:colcon.colcon_core.package_identification:_identify(src/ros2_controllers/doc/images) by extensions ['colcon_meta']
[0.252s] Level 1:colcon.colcon_core.package_identification:_identify(src/ros2_controllers/doc/images) by extension 'colcon_meta'
[0.252s] Level 1:colcon.colcon_core.package_identification:_identify(src/ros2_controllers/doc/images) by extensions ['ros']
[0.252s] Level 1:colcon.colcon_core.package_identification:_identify(src/ros2_controllers/doc/images) by extension 'ros'
[0.252s] Level 1:colcon.colcon_core.package_identification:_identify(src/ros2_controllers/doc/images) by extensions ['cmake', 'python']
[0.252s] Level 1:colcon.colcon_core.package_identification:_identify(src/ros2_controllers/doc/images) by extension 'cmake'
[0.252s] Level 1:colcon.colcon_core.package_identification:_identify(src/ros2_controllers/doc/images) by extension 'python'
[0.252s] Level 1:colcon.colcon_core.package_identification:_identify(src/ros2_controllers/doc/images) by extensions ['python_setup_py']
[0.252s] Level 1:colcon.colcon_core.package_identification:_identify(src/ros2_controllers/doc/images) by extension 'python_setup_py'
[0.253s] Level 1:colcon.colcon_core.package_identification:_identify(src/ros2_controllers/effort_controllers) by extensions ['ignore', 'ignore_ament_install']
[0.253s] Level 1:colcon.colcon_core.package_identification:_identify(src/ros2_controllers/effort_controllers) by extension 'ignore'
[0.253s] Level 1:colcon.colcon_core.package_identification:_identify(src/ros2_controllers/effort_controllers) by extension 'ignore_ament_install'
[0.253s] Level 1:colcon.colcon_core.package_identification:_identify(src/ros2_controllers/effort_controllers) by extensions ['colcon_pkg']
[0.253s] Level 1:colcon.colcon_core.package_identification:_identify(src/ros2_controllers/effort_controllers) by extension 'colcon_pkg'
[0.253s] Level 1:colcon.colcon_core.package_identification:_identify(src/ros2_controllers/effort_controllers) by extensions ['colcon_meta']
[0.253s] Level 1:colcon.colcon_core.package_identification:_identify(src/ros2_controllers/effort_controllers) by extension 'colcon_meta'
[0.253s] Level 1:colcon.colcon_core.package_identification:_identify(src/ros2_controllers/effort_controllers) by extensions ['ros']
[0.253s] Level 1:colcon.colcon_core.package_identification:_identify(src/ros2_controllers/effort_controllers) by extension 'ros'
[0.254s] DEBUG:colcon.colcon_core.package_identification:Package 'src/ros2_controllers/effort_controllers' with type 'ros.ament_cmake' and name 'effort_controllers'
[0.254s] Level 1:colcon.colcon_core.package_identification:_identify(src/ros2_controllers/force_torque_sensor_broadcaster) by extensions ['ignore', 'ignore_ament_install']
[0.254s] Level 1:colcon.colcon_core.package_identification:_identify(src/ros2_controllers/force_torque_sensor_broadcaster) by extension 'ignore'
[0.254s] Level 1:colcon.colcon_core.package_identification:_identify(src/ros2_controllers/force_torque_sensor_broadcaster) by extension 'ignore_ament_install'
[0.254s] Level 1:colcon.colcon_core.package_identification:_identify(src/ros2_controllers/force_torque_sensor_broadcaster) by extensions ['colcon_pkg']
[0.254s] Level 1:colcon.colcon_core.package_identification:_identify(src/ros2_controllers/force_torque_sensor_broadcaster) by extension 'colcon_pkg'
[0.254s] Level 1:colcon.colcon_core.package_identification:_identify(src/ros2_controllers/force_torque_sensor_broadcaster) by extensions ['colcon_meta']
[0.254s] Level 1:colcon.colcon_core.package_identification:_identify(src/ros2_controllers/force_torque_sensor_broadcaster) by extension 'colcon_meta'
[0.254s] Level 1:colcon.colcon_core.package_identification:_identify(src/ros2_controllers/force_torque_sensor_broadcaster) by extensions ['ros']
[0.254s] Level 1:colcon.colcon_core.package_identification:_identify(src/ros2_controllers/force_torque_sensor_broadcaster) by extension 'ros'
[0.255s] DEBUG:colcon.colcon_core.package_identification:Package 'src/ros2_controllers/force_torque_sensor_broadcaster' with type 'ros.ament_cmake' and name 'force_torque_sensor_broadcaster'
[0.255s] Level 1:colcon.colcon_core.package_identification:_identify(src/ros2_controllers/forward_command_controller) by extensions ['ignore', 'ignore_ament_install']
[0.255s] Level 1:colcon.colcon_core.package_identification:_identify(src/ros2_controllers/forward_command_controller) by extension 'ignore'
[0.255s] Level 1:colcon.colcon_core.package_identification:_identify(src/ros2_controllers/forward_command_controller) by extension 'ignore_ament_install'
[0.255s] Level 1:colcon.colcon_core.package_identification:_identify(src/ros2_controllers/forward_command_controller) by extensions ['colcon_pkg']
[0.255s] Level 1:colcon.colcon_core.package_identification:_identify(src/ros2_controllers/forward_command_controller) by extension 'colcon_pkg'
[0.255s] Level 1:colcon.colcon_core.package_identification:_identify(src/ros2_controllers/forward_command_controller) by extensions ['colcon_meta']
[0.256s] Level 1:colcon.colcon_core.package_identification:_identify(src/ros2_controllers/forward_command_controller) by extension 'colcon_meta'
[0.256s] Level 1:colcon.colcon_core.package_identification:_identify(src/ros2_controllers/forward_command_controller) by extensions ['ros']
[0.256s] Level 1:colcon.colcon_core.package_identification:_identify(src/ros2_controllers/forward_command_controller) by extension 'ros'
[0.257s] DEBUG:colcon.colcon_core.package_identification:Package 'src/ros2_controllers/forward_command_controller' with type 'ros.ament_cmake' and name 'forward_command_controller'
[0.257s] Level 1:colcon.colcon_core.package_identification:_identify(src/ros2_controllers/gpio_controllers) by extensions ['ignore', 'ignore_ament_install']
[0.257s] Level 1:colcon.colcon_core.package_identification:_identify(src/ros2_controllers/gpio_controllers) by extension 'ignore'
[0.257s] Level 1:colcon.colcon_core.package_identification:_identify(src/ros2_controllers/gpio_controllers) by extension 'ignore_ament_install'
[0.257s] Level 1:colcon.colcon_core.package_identification:_identify(src/ros2_controllers/gpio_controllers) by extensions ['colcon_pkg']
[0.257s] Level 1:colcon.colcon_core.package_identification:_identify(src/ros2_controllers/gpio_controllers) by extension 'colcon_pkg'
[0.257s] Level 1:colcon.colcon_core.package_identification:_identify(src/ros2_controllers/gpio_controllers) by extensions ['colcon_meta']
[0.257s] Level 1:colcon.colcon_core.package_identification:_identify(src/ros2_controllers/gpio_controllers) by extension 'colcon_meta'
[0.257s] Level 1:colcon.colcon_core.package_identification:_identify(src/ros2_controllers/gpio_controllers) by extensions ['ros']
[0.257s] Level 1:colcon.colcon_core.package_identification:_identify(src/ros2_controllers/gpio_controllers) by extension 'ros'
[0.258s] DEBUG:colcon.colcon_core.package_identification:Package 'src/ros2_controllers/gpio_controllers' with type 'ros.ament_cmake' and name 'gpio_controllers'
[0.258s] Level 1:colcon.colcon_core.package_identification:_identify(src/ros2_controllers/gripper_controllers) by extensions ['ignore', 'ignore_ament_install']
[0.258s] Level 1:colcon.colcon_core.package_identification:_identify(src/ros2_controllers/gripper_controllers) by extension 'ignore'
[0.258s] Level 1:colcon.colcon_core.package_identification:_identify(src/ros2_controllers/gripper_controllers) by extension 'ignore_ament_install'
[0.258s] Level 1:colcon.colcon_core.package_identification:_identify(src/ros2_controllers/gripper_controllers) by extensions ['colcon_pkg']
[0.258s] Level 1:colcon.colcon_core.package_identification:_identify(src/ros2_controllers/gripper_controllers) by extension 'colcon_pkg'
[0.258s] Level 1:colcon.colcon_core.package_identification:_identify(src/ros2_controllers/gripper_controllers) by extensions ['colcon_meta']
[0.258s] Level 1:colcon.colcon_core.package_identification:_identify(src/ros2_controllers/gripper_controllers) by extension 'colcon_meta'
[0.259s] Level 1:colcon.colcon_core.package_identification:_identify(src/ros2_controllers/gripper_controllers) by extensions ['ros']
[0.259s] Level 1:colcon.colcon_core.package_identification:_identify(src/ros2_controllers/gripper_controllers) by extension 'ros'
[0.260s] DEBUG:colcon.colcon_core.package_identification:Package 'src/ros2_controllers/gripper_controllers' with type 'ros.ament_cmake' and name 'gripper_controllers'
[0.260s] Level 1:colcon.colcon_core.package_identification:_identify(src/ros2_controllers/imu_sensor_broadcaster) by extensions ['ignore', 'ignore_ament_install']
[0.260s] Level 1:colcon.colcon_core.package_identification:_identify(src/ros2_controllers/imu_sensor_broadcaster) by extension 'ignore'
[0.260s] Level 1:colcon.colcon_core.package_identification:_identify(src/ros2_controllers/imu_sensor_broadcaster) by extension 'ignore_ament_install'
[0.260s] Level 1:colcon.colcon_core.package_identification:_identify(src/ros2_controllers/imu_sensor_broadcaster) by extensions ['colcon_pkg']
[0.260s] Level 1:colcon.colcon_core.package_identification:_identify(src/ros2_controllers/imu_sensor_broadcaster) by extension 'colcon_pkg'
[0.260s] Level 1:colcon.colcon_core.package_identification:_identify(src/ros2_controllers/imu_sensor_broadcaster) by extensions ['colcon_meta']
[0.260s] Level 1:colcon.colcon_core.package_identification:_identify(src/ros2_controllers/imu_sensor_broadcaster) by extension 'colcon_meta'
[0.260s] Level 1:colcon.colcon_core.package_identification:_identify(src/ros2_controllers/imu_sensor_broadcaster) by extensions ['ros']
[0.260s] Level 1:colcon.colcon_core.package_identification:_identify(src/ros2_controllers/imu_sensor_broadcaster) by extension 'ros'
[0.261s] DEBUG:colcon.colcon_core.package_identification:Package 'src/ros2_controllers/imu_sensor_broadcaster' with type 'ros.ament_cmake' and name 'imu_sensor_broadcaster'
[0.261s] Level 1:colcon.colcon_core.package_identification:_identify(src/ros2_controllers/joint_state_broadcaster) by extensions ['ignore', 'ignore_ament_install']
[0.261s] Level 1:colcon.colcon_core.package_identification:_identify(src/ros2_controllers/joint_state_broadcaster) by extension 'ignore'
[0.261s] Level 1:colcon.colcon_core.package_identification:_identify(src/ros2_controllers/joint_state_broadcaster) by extension 'ignore_ament_install'
[0.261s] Level 1:colcon.colcon_core.package_identification:_identify(src/ros2_controllers/joint_state_broadcaster) by extensions ['colcon_pkg']
[0.261s] Level 1:colcon.colcon_core.package_identification:_identify(src/ros2_controllers/joint_state_broadcaster) by extension 'colcon_pkg'
[0.261s] Level 1:colcon.colcon_core.package_identification:_identify(src/ros2_controllers/joint_state_broadcaster) by extensions ['colcon_meta']
[0.261s] Level 1:colcon.colcon_core.package_identification:_identify(src/ros2_controllers/joint_state_broadcaster) by extension 'colcon_meta'
[0.261s] Level 1:colcon.colcon_core.package_identification:_identify(src/ros2_controllers/joint_state_broadcaster) by extensions ['ros']
[0.262s] Level 1:colcon.colcon_core.package_identification:_identify(src/ros2_controllers/joint_state_broadcaster) by extension 'ros'
[0.263s] DEBUG:colcon.colcon_core.package_identification:Package 'src/ros2_controllers/joint_state_broadcaster' with type 'ros.ament_cmake' and name 'joint_state_broadcaster'
[0.263s] Level 1:colcon.colcon_core.package_identification:_identify(src/ros2_controllers/joint_trajectory_controller) by extensions ['ignore', 'ignore_ament_install']
[0.263s] Level 1:colcon.colcon_core.package_identification:_identify(src/ros2_controllers/joint_trajectory_controller) by extension 'ignore'
[0.263s] Level 1:colcon.colcon_core.package_identification:_identify(src/ros2_controllers/joint_trajectory_controller) by extension 'ignore_ament_install'
[0.263s] Level 1:colcon.colcon_core.package_identification:_identify(src/ros2_controllers/joint_trajectory_controller) by extensions ['colcon_pkg']
[0.263s] Level 1:colcon.colcon_core.package_identification:_identify(src/ros2_controllers/joint_trajectory_controller) by extension 'colcon_pkg'
[0.263s] Level 1:colcon.colcon_core.package_identification:_identify(src/ros2_controllers/joint_trajectory_controller) by extensions ['colcon_meta']
[0.263s] Level 1:colcon.colcon_core.package_identification:_identify(src/ros2_controllers/joint_trajectory_controller) by extension 'colcon_meta'
[0.263s] Level 1:colcon.colcon_core.package_identification:_identify(src/ros2_controllers/joint_trajectory_controller) by extensions ['ros']
[0.263s] Level 1:colcon.colcon_core.package_identification:_identify(src/ros2_controllers/joint_trajectory_controller) by extension 'ros'
[0.264s] DEBUG:colcon.colcon_core.package_identification:Package 'src/ros2_controllers/joint_trajectory_controller' with type 'ros.ament_cmake' and name 'joint_trajectory_controller'
[0.264s] Level 1:colcon.colcon_core.package_identification:_identify(src/ros2_controllers/mecanum_drive_controller) by extensions ['ignore', 'ignore_ament_install']
[0.264s] Level 1:colcon.colcon_core.package_identification:_identify(src/ros2_controllers/mecanum_drive_controller) by extension 'ignore'
[0.264s] Level 1:colcon.colcon_core.package_identification:_identify(src/ros2_controllers/mecanum_drive_controller) by extension 'ignore_ament_install'
[0.264s] Level 1:colcon.colcon_core.package_identification:_identify(src/ros2_controllers/mecanum_drive_controller) by extensions ['colcon_pkg']
[0.264s] Level 1:colcon.colcon_core.package_identification:_identify(src/ros2_controllers/mecanum_drive_controller) by extension 'colcon_pkg'
[0.264s] Level 1:colcon.colcon_core.package_identification:_identify(src/ros2_controllers/mecanum_drive_controller) by extensions ['colcon_meta']
[0.265s] Level 1:colcon.colcon_core.package_identification:_identify(src/ros2_controllers/mecanum_drive_controller) by extension 'colcon_meta'
[0.265s] Level 1:colcon.colcon_core.package_identification:_identify(src/ros2_controllers/mecanum_drive_controller) by extensions ['ros']
[0.265s] Level 1:colcon.colcon_core.package_identification:_identify(src/ros2_controllers/mecanum_drive_controller) by extension 'ros'
[0.266s] DEBUG:colcon.colcon_core.package_identification:Package 'src/ros2_controllers/mecanum_drive_controller' with type 'ros.ament_cmake' and name 'mecanum_drive_controller'
[0.266s] Level 1:colcon.colcon_core.package_identification:_identify(src/ros2_controllers/pid_controller) by extensions ['ignore', 'ignore_ament_install']
[0.266s] Level 1:colcon.colcon_core.package_identification:_identify(src/ros2_controllers/pid_controller) by extension 'ignore'
[0.266s] Level 1:colcon.colcon_core.package_identification:_identify(src/ros2_controllers/pid_controller) by extension 'ignore_ament_install'
[0.266s] Level 1:colcon.colcon_core.package_identification:_identify(src/ros2_controllers/pid_controller) by extensions ['colcon_pkg']
[0.266s] Level 1:colcon.colcon_core.package_identification:_identify(src/ros2_controllers/pid_controller) by extension 'colcon_pkg'
[0.266s] Level 1:colcon.colcon_core.package_identification:_identify(src/ros2_controllers/pid_controller) by extensions ['colcon_meta']
[0.266s] Level 1:colcon.colcon_core.package_identification:_identify(src/ros2_controllers/pid_controller) by extension 'colcon_meta'
[0.266s] Level 1:colcon.colcon_core.package_identification:_identify(src/ros2_controllers/pid_controller) by extensions ['ros']
[0.266s] Level 1:colcon.colcon_core.package_identification:_identify(src/ros2_controllers/pid_controller) by extension 'ros'
[0.267s] DEBUG:colcon.colcon_core.package_identification:Package 'src/ros2_controllers/pid_controller' with type 'ros.ament_cmake' and name 'pid_controller'
[0.268s] Level 1:colcon.colcon_core.package_identification:_identify(src/ros2_controllers/pose_broadcaster) by extensions ['ignore', 'ignore_ament_install']
[0.268s] Level 1:colcon.colcon_core.package_identification:_identify(src/ros2_controllers/pose_broadcaster) by extension 'ignore'
[0.268s] Level 1:colcon.colcon_core.package_identification:_identify(src/ros2_controllers/pose_broadcaster) by extension 'ignore_ament_install'
[0.268s] Level 1:colcon.colcon_core.package_identification:_identify(src/ros2_controllers/pose_broadcaster) by extensions ['colcon_pkg']
[0.268s] Level 1:colcon.colcon_core.package_identification:_identify(src/ros2_controllers/pose_broadcaster) by extension 'colcon_pkg'
[0.268s] Level 1:colcon.colcon_core.package_identification:_identify(src/ros2_controllers/pose_broadcaster) by extensions ['colcon_meta']
[0.268s] Level 1:colcon.colcon_core.package_identification:_identify(src/ros2_controllers/pose_broadcaster) by extension 'colcon_meta'
[0.268s] Level 1:colcon.colcon_core.package_identification:_identify(src/ros2_controllers/pose_broadcaster) by extensions ['ros']
[0.268s] Level 1:colcon.colcon_core.package_identification:_identify(src/ros2_controllers/pose_broadcaster) by extension 'ros'
[0.269s] DEBUG:colcon.colcon_core.package_identification:Package 'src/ros2_controllers/pose_broadcaster' with type 'ros.ament_cmake' and name 'pose_broadcaster'
[0.269s] Level 1:colcon.colcon_core.package_identification:_identify(src/ros2_controllers/position_controllers) by extensions ['ignore', 'ignore_ament_install']
[0.269s] Level 1:colcon.colcon_core.package_identification:_identify(src/ros2_controllers/position_controllers) by extension 'ignore'
[0.269s] Level 1:colcon.colcon_core.package_identification:_identify(src/ros2_controllers/position_controllers) by extension 'ignore_ament_install'
[0.269s] Level 1:colcon.colcon_core.package_identification:_identify(src/ros2_controllers/position_controllers) by extensions ['colcon_pkg']
[0.269s] Level 1:colcon.colcon_core.package_identification:_identify(src/ros2_controllers/position_controllers) by extension 'colcon_pkg'
[0.269s] Level 1:colcon.colcon_core.package_identification:_identify(src/ros2_controllers/position_controllers) by extensions ['colcon_meta']
[0.269s] Level 1:colcon.colcon_core.package_identification:_identify(src/ros2_controllers/position_controllers) by extension 'colcon_meta'
[0.269s] Level 1:colcon.colcon_core.package_identification:_identify(src/ros2_controllers/position_controllers) by extensions ['ros']
[0.269s] Level 1:colcon.colcon_core.package_identification:_identify(src/ros2_controllers/position_controllers) by extension 'ros'
[0.270s] DEBUG:colcon.colcon_core.package_identification:Package 'src/ros2_controllers/position_controllers' with type 'ros.ament_cmake' and name 'position_controllers'
[0.270s] Level 1:colcon.colcon_core.package_identification:_identify(src/ros2_controllers/range_sensor_broadcaster) by extensions ['ignore', 'ignore_ament_install']
[0.270s] Level 1:colcon.colcon_core.package_identification:_identify(src/ros2_controllers/range_sensor_broadcaster) by extension 'ignore'
[0.270s] Level 1:colcon.colcon_core.package_identification:_identify(src/ros2_controllers/range_sensor_broadcaster) by extension 'ignore_ament_install'
[0.270s] Level 1:colcon.colcon_core.package_identification:_identify(src/ros2_controllers/range_sensor_broadcaster) by extensions ['colcon_pkg']
[0.270s] Level 1:colcon.colcon_core.package_identification:_identify(src/ros2_controllers/range_sensor_broadcaster) by extension 'colcon_pkg'
[0.270s] Level 1:colcon.colcon_core.package_identification:_identify(src/ros2_controllers/range_sensor_broadcaster) by extensions ['colcon_meta']
[0.270s] Level 1:colcon.colcon_core.package_identification:_identify(src/ros2_controllers/range_sensor_broadcaster) by extension 'colcon_meta'
[0.270s] Level 1:colcon.colcon_core.package_identification:_identify(src/ros2_controllers/range_sensor_broadcaster) by extensions ['ros']
[0.270s] Level 1:colcon.colcon_core.package_identification:_identify(src/ros2_controllers/range_sensor_broadcaster) by extension 'ros'
[0.271s] DEBUG:colcon.colcon_core.package_identification:Package 'src/ros2_controllers/range_sensor_broadcaster' with type 'ros.ament_cmake' and name 'range_sensor_broadcaster'
[0.271s] Level 1:colcon.colcon_core.package_identification:_identify(src/ros2_controllers/ros2_controllers) by extensions ['ignore', 'ignore_ament_install']
[0.272s] Level 1:colcon.colcon_core.package_identification:_identify(src/ros2_controllers/ros2_controllers) by extension 'ignore'
[0.272s] Level 1:colcon.colcon_core.package_identification:_identify(src/ros2_controllers/ros2_controllers) by extension 'ignore_ament_install'
[0.272s] Level 1:colcon.colcon_core.package_identification:_identify(src/ros2_controllers/ros2_controllers) by extensions ['colcon_pkg']
[0.272s] Level 1:colcon.colcon_core.package_identification:_identify(src/ros2_controllers/ros2_controllers) by extension 'colcon_pkg'
[0.272s] Level 1:colcon.colcon_core.package_identification:_identify(src/ros2_controllers/ros2_controllers) by extensions ['colcon_meta']
[0.272s] Level 1:colcon.colcon_core.package_identification:_identify(src/ros2_controllers/ros2_controllers) by extension 'colcon_meta'
[0.272s] Level 1:colcon.colcon_core.package_identification:_identify(src/ros2_controllers/ros2_controllers) by extensions ['ros']
[0.272s] Level 1:colcon.colcon_core.package_identification:_identify(src/ros2_controllers/ros2_controllers) by extension 'ros'
[0.273s] DEBUG:colcon.colcon_core.package_identification:Package 'src/ros2_controllers/ros2_controllers' with type 'ros.ament_cmake' and name 'ros2_controllers'
[0.273s] Level 1:colcon.colcon_core.package_identification:_identify(src/ros2_controllers/ros2_controllers_test_nodes) by extensions ['ignore', 'ignore_ament_install']
[0.273s] Level 1:colcon.colcon_core.package_identification:_identify(src/ros2_controllers/ros2_controllers_test_nodes) by extension 'ignore'
[0.273s] Level 1:colcon.colcon_core.package_identification:_identify(src/ros2_controllers/ros2_controllers_test_nodes) by extension 'ignore_ament_install'
[0.273s] Level 1:colcon.colcon_core.package_identification:_identify(src/ros2_controllers/ros2_controllers_test_nodes) by extensions ['colcon_pkg']
[0.273s] Level 1:colcon.colcon_core.package_identification:_identify(src/ros2_controllers/ros2_controllers_test_nodes) by extension 'colcon_pkg'
[0.273s] Level 1:colcon.colcon_core.package_identification:_identify(src/ros2_controllers/ros2_controllers_test_nodes) by extensions ['colcon_meta']
[0.273s] Level 1:colcon.colcon_core.package_identification:_identify(src/ros2_controllers/ros2_controllers_test_nodes) by extension 'colcon_meta'
[0.273s] Level 1:colcon.colcon_core.package_identification:_identify(src/ros2_controllers/ros2_controllers_test_nodes) by extensions ['ros']
[0.273s] Level 1:colcon.colcon_core.package_identification:_identify(src/ros2_controllers/ros2_controllers_test_nodes) by extension 'ros'
[0.274s] DEBUG:colcon.colcon_core.package_identification:Package 'src/ros2_controllers/ros2_controllers_test_nodes' with type 'ros.ament_python' and name 'ros2_controllers_test_nodes'
[0.274s] Level 1:colcon.colcon_core.package_identification:_identify(src/ros2_controllers/rqt_joint_trajectory_controller) by extensions ['ignore', 'ignore_ament_install']
[0.274s] Level 1:colcon.colcon_core.package_identification:_identify(src/ros2_controllers/rqt_joint_trajectory_controller) by extension 'ignore'
[0.274s] Level 1:colcon.colcon_core.package_identification:_identify(src/ros2_controllers/rqt_joint_trajectory_controller) by extension 'ignore_ament_install'
[0.274s] Level 1:colcon.colcon_core.package_identification:_identify(src/ros2_controllers/rqt_joint_trajectory_controller) by extensions ['colcon_pkg']
[0.274s] Level 1:colcon.colcon_core.package_identification:_identify(src/ros2_controllers/rqt_joint_trajectory_controller) by extension 'colcon_pkg'
[0.274s] Level 1:colcon.colcon_core.package_identification:_identify(src/ros2_controllers/rqt_joint_trajectory_controller) by extensions ['colcon_meta']
[0.274s] Level 1:colcon.colcon_core.package_identification:_identify(src/ros2_controllers/rqt_joint_trajectory_controller) by extension 'colcon_meta'
[0.274s] Level 1:colcon.colcon_core.package_identification:_identify(src/ros2_controllers/rqt_joint_trajectory_controller) by extensions ['ros']
[0.274s] Level 1:colcon.colcon_core.package_identification:_identify(src/ros2_controllers/rqt_joint_trajectory_controller) by extension 'ros'
[0.275s] DEBUG:colcon.colcon_core.package_identification:Package 'src/ros2_controllers/rqt_joint_trajectory_controller' with type 'ros.ament_python' and name 'rqt_joint_trajectory_controller'
[0.275s] Level 1:colcon.colcon_core.package_identification:_identify(src/ros2_controllers/steering_controllers_library) by extensions ['ignore', 'ignore_ament_install']
[0.275s] Level 1:colcon.colcon_core.package_identification:_identify(src/ros2_controllers/steering_controllers_library) by extension 'ignore'
[0.275s] Level 1:colcon.colcon_core.package_identification:_identify(src/ros2_controllers/steering_controllers_library) by extension 'ignore_ament_install'
[0.275s] Level 1:colcon.colcon_core.package_identification:_identify(src/ros2_controllers/steering_controllers_library) by extensions ['colcon_pkg']
[0.275s] Level 1:colcon.colcon_core.package_identification:_identify(src/ros2_controllers/steering_controllers_library) by extension 'colcon_pkg'
[0.275s] Level 1:colcon.colcon_core.package_identification:_identify(src/ros2_controllers/steering_controllers_library) by extensions ['colcon_meta']
[0.275s] Level 1:colcon.colcon_core.package_identification:_identify(src/ros2_controllers/steering_controllers_library) by extension 'colcon_meta'
[0.275s] Level 1:colcon.colcon_core.package_identification:_identify(src/ros2_controllers/steering_controllers_library) by extensions ['ros']
[0.275s] Level 1:colcon.colcon_core.package_identification:_identify(src/ros2_controllers/steering_controllers_library) by extension 'ros'
[0.277s] DEBUG:colcon.colcon_core.package_identification:Package 'src/ros2_controllers/steering_controllers_library' with type 'ros.ament_cmake' and name 'steering_controllers_library'
[0.277s] Level 1:colcon.colcon_core.package_identification:_identify(src/ros2_controllers/tricycle_controller) by extensions ['ignore', 'ignore_ament_install']
[0.277s] Level 1:colcon.colcon_core.package_identification:_identify(src/ros2_controllers/tricycle_controller) by extension 'ignore'
[0.277s] Level 1:colcon.colcon_core.package_identification:_identify(src/ros2_controllers/tricycle_controller) by extension 'ignore_ament_install'
[0.277s] Level 1:colcon.colcon_core.package_identification:_identify(src/ros2_controllers/tricycle_controller) by extensions ['colcon_pkg']
[0.277s] Level 1:colcon.colcon_core.package_identification:_identify(src/ros2_controllers/tricycle_controller) by extension 'colcon_pkg'
[0.277s] Level 1:colcon.colcon_core.package_identification:_identify(src/ros2_controllers/tricycle_controller) by extensions ['colcon_meta']
[0.277s] Level 1:colcon.colcon_core.package_identification:_identify(src/ros2_controllers/tricycle_controller) by extension 'colcon_meta'
[0.277s] Level 1:colcon.colcon_core.package_identification:_identify(src/ros2_controllers/tricycle_controller) by extensions ['ros']
[0.277s] Level 1:colcon.colcon_core.package_identification:_identify(src/ros2_controllers/tricycle_controller) by extension 'ros'
[0.278s] DEBUG:colcon.colcon_core.package_identification:Package 'src/ros2_controllers/tricycle_controller' with type 'ros.ament_cmake' and name 'tricycle_controller'
[0.278s] Level 1:colcon.colcon_core.package_identification:_identify(src/ros2_controllers/tricycle_steering_controller) by extensions ['ignore', 'ignore_ament_install']
[0.279s] Level 1:colcon.colcon_core.package_identification:_identify(src/ros2_controllers/tricycle_steering_controller) by extension 'ignore'
[0.279s] Level 1:colcon.colcon_core.package_identification:_identify(src/ros2_controllers/tricycle_steering_controller) by extension 'ignore_ament_install'
[0.279s] Level 1:colcon.colcon_core.package_identification:_identify(src/ros2_controllers/tricycle_steering_controller) by extensions ['colcon_pkg']
[0.279s] Level 1:colcon.colcon_core.package_identification:_identify(src/ros2_controllers/tricycle_steering_controller) by extension 'colcon_pkg'
[0.279s] Level 1:colcon.colcon_core.package_identification:_identify(src/ros2_controllers/tricycle_steering_controller) by extensions ['colcon_meta']
[0.279s] Level 1:colcon.colcon_core.package_identification:_identify(src/ros2_controllers/tricycle_steering_controller) by extension 'colcon_meta'
[0.279s] Level 1:colcon.colcon_core.package_identification:_identify(src/ros2_controllers/tricycle_steering_controller) by extensions ['ros']
[0.279s] Level 1:colcon.colcon_core.package_identification:_identify(src/ros2_controllers/tricycle_steering_controller) by extension 'ros'
[0.280s] DEBUG:colcon.colcon_core.package_identification:Package 'src/ros2_controllers/tricycle_steering_controller' with type 'ros.ament_cmake' and name 'tricycle_steering_controller'
[0.280s] Level 1:colcon.colcon_core.package_identification:_identify(src/ros2_controllers/velocity_controllers) by extensions ['ignore', 'ignore_ament_install']
[0.280s] Level 1:colcon.colcon_core.package_identification:_identify(src/ros2_controllers/velocity_controllers) by extension 'ignore'
[0.280s] Level 1:colcon.colcon_core.package_identification:_identify(src/ros2_controllers/velocity_controllers) by extension 'ignore_ament_install'
[0.281s] Level 1:colcon.colcon_core.package_identification:_identify(src/ros2_controllers/velocity_controllers) by extensions ['colcon_pkg']
[0.281s] Level 1:colcon.colcon_core.package_identification:_identify(src/ros2_controllers/velocity_controllers) by extension 'colcon_pkg'
[0.281s] Level 1:colcon.colcon_core.package_identification:_identify(src/ros2_controllers/velocity_controllers) by extensions ['colcon_meta']
[0.281s] Level 1:colcon.colcon_core.package_identification:_identify(src/ros2_controllers/velocity_controllers) by extension 'colcon_meta'
[0.281s] Level 1:colcon.colcon_core.package_identification:_identify(src/ros2_controllers/velocity_controllers) by extensions ['ros']
[0.281s] Level 1:colcon.colcon_core.package_identification:_identify(src/ros2_controllers/velocity_controllers) by extension 'ros'
[0.281s] DEBUG:colcon.colcon_core.package_identification:Package 'src/ros2_controllers/velocity_controllers' with type 'ros.ament_cmake' and name 'velocity_controllers'
[0.281s] Level 1:colcon.colcon_core.package_discovery:discover_packages(recursive) using defaults
[0.281s] Level 1:colcon.colcon_core.package_discovery:discover_packages(ignore) discover
[0.281s] Level 1:colcon.colcon_core.package_discovery:discover_packages(ignore) using defaults
[0.282s] Level 1:colcon.colcon_core.package_discovery:discover_packages(path) discover
[0.282s] Level 1:colcon.colcon_core.package_discovery:discover_packages(path) using defaults
[0.333s] Level 1:colcon.colcon_core.package_discovery:discover_packages(prefix_path) check parameters
[0.334s] Level 1:colcon.colcon_core.package_discovery:discover_packages(prefix_path) discover
[0.337s] DEBUG:colcon.colcon_installed_package_information.package_discovery:Found 394 installed packages in /opt/ros/humble
[0.339s] Level 1:colcon.colcon_core.package_discovery:discover_packages(prefix_path) using defaults
[0.423s] WARNING:colcon.colcon_core.package_selection:Some selected packages are already built in one or more underlay workspaces:
	'controller_interface' is in: /opt/ros/humble
	'controller_manager_msgs' is in: /opt/ros/humble
	'ros2_control_test_assets' is in: /opt/ros/humble
	'hardware_interface' is in: /opt/ros/humble
If a package in a merged underlay workspace is overridden and it installs headers, then all packages in the overlay must sort their include directories by workspace order. Failure to do so may result in build failures or undefined behavior at run time.
If the overridden package is used by another package in any underlay, then the overriding package in the overlay must be API and ABI compatible or undefined behavior at run time may occur.

If you understand the risks and want to override a package anyways, add the following to the command line:
	--allow-overriding controller_interface controller_manager_msgs hardware_interface ros2_control_test_assets

This may be promoted to an error in a future release of colcon-override-check.
[0.424s] Level 5:colcon.colcon_core.verb:set package 'controller_manager_msgs' build argument 'cmake_args' from command line to 'None'
[0.424s] Level 5:colcon.colcon_core.verb:set package 'controller_manager_msgs' build argument 'cmake_target' from command line to 'None'
[0.424s] Level 5:colcon.colcon_core.verb:set package 'controller_manager_msgs' build argument 'cmake_target_skip_unavailable' from command line to 'False'
[0.424s] Level 5:colcon.colcon_core.verb:set package 'controller_manager_msgs' build argument 'cmake_clean_cache' from command line to 'False'
[0.424s] Level 5:colcon.colcon_core.verb:set package 'controller_manager_msgs' build argument 'cmake_clean_first' from command line to 'False'
[0.424s] Level 5:colcon.colcon_core.verb:set package 'controller_manager_msgs' build argument 'cmake_force_configure' from command line to 'False'
[0.424s] Level 5:colcon.colcon_core.verb:set package 'controller_manager_msgs' build argument 'ament_cmake_args' from command line to 'None'
[0.424s] Level 5:colcon.colcon_core.verb:set package 'controller_manager_msgs' build argument 'catkin_cmake_args' from command line to 'None'
[0.424s] Level 5:colcon.colcon_core.verb:set package 'controller_manager_msgs' build argument 'catkin_skip_building_tests' from command line to 'False'
[0.424s] DEBUG:colcon.colcon_core.verb:Building package 'controller_manager_msgs' with the following arguments: {'ament_cmake_args': None, 'build_base': '/home/farah/ws_farah/build/controller_manager_msgs', 'catkin_cmake_args': None, 'catkin_skip_building_tests': False, 'cmake_args': None, 'cmake_clean_cache': False, 'cmake_clean_first': False, 'cmake_force_configure': False, 'cmake_target': None, 'cmake_target_skip_unavailable': False, 'install_base': '/home/farah/ws_farah/install/controller_manager_msgs', 'merge_install': False, 'path': '/home/farah/ws_farah/src/ros2_control/controller_manager_msgs', 'symlink_install': False, 'test_result_base': None}
[0.424s] Level 5:colcon.colcon_core.verb:set package 'joint_limits' build argument 'cmake_args' from command line to 'None'
[0.424s] Level 5:colcon.colcon_core.verb:set package 'joint_limits' build argument 'cmake_target' from command line to 'None'
[0.424s] Level 5:colcon.colcon_core.verb:set package 'joint_limits' build argument 'cmake_target_skip_unavailable' from command line to 'False'
[0.424s] Level 5:colcon.colcon_core.verb:set package 'joint_limits' build argument 'cmake_clean_cache' from command line to 'False'
[0.424s] Level 5:colcon.colcon_core.verb:set package 'joint_limits' build argument 'cmake_clean_first' from command line to 'False'
[0.424s] Level 5:colcon.colcon_core.verb:set package 'joint_limits' build argument 'cmake_force_configure' from command line to 'False'
[0.424s] Level 5:colcon.colcon_core.verb:set package 'joint_limits' build argument 'ament_cmake_args' from command line to 'None'
[0.424s] Level 5:colcon.colcon_core.verb:set package 'joint_limits' build argument 'catkin_cmake_args' from command line to 'None'
[0.424s] Level 5:colcon.colcon_core.verb:set package 'joint_limits' build argument 'catkin_skip_building_tests' from command line to 'False'
[0.424s] DEBUG:colcon.colcon_core.verb:Building package 'joint_limits' with the following arguments: {'ament_cmake_args': None, 'build_base': '/home/farah/ws_farah/build/joint_limits', 'catkin_cmake_args': None, 'catkin_skip_building_tests': False, 'cmake_args': None, 'cmake_clean_cache': False, 'cmake_clean_first': False, 'cmake_force_configure': False, 'cmake_target': None, 'cmake_target_skip_unavailable': False, 'install_base': '/home/farah/ws_farah/install/joint_limits', 'merge_install': False, 'path': '/home/farah/ws_farah/src/ros2_control/joint_limits', 'symlink_install': False, 'test_result_base': None}
[0.425s] Level 5:colcon.colcon_core.verb:set package 'ros2_control_demo_description' build argument 'cmake_args' from command line to 'None'
[0.425s] Level 5:colcon.colcon_core.verb:set package 'ros2_control_demo_description' build argument 'cmake_target' from command line to 'None'
[0.425s] Level 5:colcon.colcon_core.verb:set package 'ros2_control_demo_description' build argument 'cmake_target_skip_unavailable' from command line to 'False'
[0.425s] Level 5:colcon.colcon_core.verb:set package 'ros2_control_demo_description' build argument 'cmake_clean_cache' from command line to 'False'
[0.425s] Level 5:colcon.colcon_core.verb:set package 'ros2_control_demo_description' build argument 'cmake_clean_first' from command line to 'False'
[0.425s] Level 5:colcon.colcon_core.verb:set package 'ros2_control_demo_description' build argument 'cmake_force_configure' from command line to 'False'
[0.425s] Level 5:colcon.colcon_core.verb:set package 'ros2_control_demo_description' build argument 'ament_cmake_args' from command line to 'None'
[0.425s] Level 5:colcon.colcon_core.verb:set package 'ros2_control_demo_description' build argument 'catkin_cmake_args' from command line to 'None'
[0.425s] Level 5:colcon.colcon_core.verb:set package 'ros2_control_demo_description' build argument 'catkin_skip_building_tests' from command line to 'False'
[0.425s] DEBUG:colcon.colcon_core.verb:Building package 'ros2_control_demo_description' with the following arguments: {'ament_cmake_args': None, 'build_base': '/home/farah/ws_farah/build/ros2_control_demo_description', 'catkin_cmake_args': None, 'catkin_skip_building_tests': False, 'cmake_args': None, 'cmake_clean_cache': False, 'cmake_clean_first': False, 'cmake_force_configure': False, 'cmake_target': None, 'cmake_target_skip_unavailable': False, 'install_base': '/home/farah/ws_farah/install/ros2_control_demo_description', 'merge_install': False, 'path': '/home/farah/ws_farah/src/ros2_control_demos/ros2_control_demo_description', 'symlink_install': False, 'test_result_base': None}
[0.425s] Level 5:colcon.colcon_core.verb:set package 'ros2_control_test_assets' build argument 'cmake_args' from command line to 'None'
[0.425s] Level 5:colcon.colcon_core.verb:set package 'ros2_control_test_assets' build argument 'cmake_target' from command line to 'None'
[0.425s] Level 5:colcon.colcon_core.verb:set package 'ros2_control_test_assets' build argument 'cmake_target_skip_unavailable' from command line to 'False'
[0.425s] Level 5:colcon.colcon_core.verb:set package 'ros2_control_test_assets' build argument 'cmake_clean_cache' from command line to 'False'
[0.425s] Level 5:colcon.colcon_core.verb:set package 'ros2_control_test_assets' build argument 'cmake_clean_first' from command line to 'False'
[0.425s] Level 5:colcon.colcon_core.verb:set package 'ros2_control_test_assets' build argument 'cmake_force_configure' from command line to 'False'
[0.425s] Level 5:colcon.colcon_core.verb:set package 'ros2_control_test_assets' build argument 'ament_cmake_args' from command line to 'None'
[0.425s] Level 5:colcon.colcon_core.verb:set package 'ros2_control_test_assets' build argument 'catkin_cmake_args' from command line to 'None'
[0.425s] Level 5:colcon.colcon_core.verb:set package 'ros2_control_test_assets' build argument 'catkin_skip_building_tests' from command line to 'False'
[0.425s] DEBUG:colcon.colcon_core.verb:Building package 'ros2_control_test_assets' with the following arguments: {'ament_cmake_args': None, 'build_base': '/home/farah/ws_farah/build/ros2_control_test_assets', 'catkin_cmake_args': None, 'catkin_skip_building_tests': False, 'cmake_args': None, 'cmake_clean_cache': False, 'cmake_clean_first': False, 'cmake_force_configure': False, 'cmake_target': None, 'cmake_target_skip_unavailable': False, 'install_base': '/home/farah/ws_farah/install/ros2_control_test_assets', 'merge_install': False, 'path': '/home/farah/ws_farah/src/ros2_control/ros2_control_test_assets', 'symlink_install': False, 'test_result_base': None}
[0.425s] Level 5:colcon.colcon_core.verb:set package 'ros2_controllers_test_nodes' build argument 'cmake_args' from command line to 'None'
[0.426s] Level 5:colcon.colcon_core.verb:set package 'ros2_controllers_test_nodes' build argument 'cmake_target' from command line to 'None'
[0.426s] Level 5:colcon.colcon_core.verb:set package 'ros2_controllers_test_nodes' build argument 'cmake_target_skip_unavailable' from command line to 'False'
[0.426s] Level 5:colcon.colcon_core.verb:set package 'ros2_controllers_test_nodes' build argument 'cmake_clean_cache' from command line to 'False'
[0.426s] Level 5:colcon.colcon_core.verb:set package 'ros2_controllers_test_nodes' build argument 'cmake_clean_first' from command line to 'False'
[0.426s] Level 5:colcon.colcon_core.verb:set package 'ros2_controllers_test_nodes' build argument 'cmake_force_configure' from command line to 'False'
[0.426s] Level 5:colcon.colcon_core.verb:set package 'ros2_controllers_test_nodes' build argument 'ament_cmake_args' from command line to 'None'
[0.426s] Level 5:colcon.colcon_core.verb:set package 'ros2_controllers_test_nodes' build argument 'catkin_cmake_args' from command line to 'None'
[0.426s] Level 5:colcon.colcon_core.verb:set package 'ros2_controllers_test_nodes' build argument 'catkin_skip_building_tests' from command line to 'False'
[0.426s] DEBUG:colcon.colcon_core.verb:Building package 'ros2_controllers_test_nodes' with the following arguments: {'ament_cmake_args': None, 'build_base': '/home/farah/ws_farah/build/ros2_controllers_test_nodes', 'catkin_cmake_args': None, 'catkin_skip_building_tests': False, 'cmake_args': None, 'cmake_clean_cache': False, 'cmake_clean_first': False, 'cmake_force_configure': False, 'cmake_target': None, 'cmake_target_skip_unavailable': False, 'install_base': '/home/farah/ws_farah/install/ros2_controllers_test_nodes', 'merge_install': False, 'path': '/home/farah/ws_farah/src/ros2_controllers/ros2_controllers_test_nodes', 'symlink_install': False, 'test_result_base': None}
[0.426s] Level 5:colcon.colcon_core.verb:set package 'temp_teleop' build argument 'cmake_args' from command line to 'None'
[0.426s] Level 5:colcon.colcon_core.verb:set package 'temp_teleop' build argument 'cmake_target' from command line to 'None'
[0.426s] Level 5:colcon.colcon_core.verb:set package 'temp_teleop' build argument 'cmake_target_skip_unavailable' from command line to 'False'
[0.426s] Level 5:colcon.colcon_core.verb:set package 'temp_teleop' build argument 'cmake_clean_cache' from command line to 'False'
[0.426s] Level 5:colcon.colcon_core.verb:set package 'temp_teleop' build argument 'cmake_clean_first' from command line to 'False'
[0.426s] Level 5:colcon.colcon_core.verb:set package 'temp_teleop' build argument 'cmake_force_configure' from command line to 'False'
[0.426s] Level 5:colcon.colcon_core.verb:set package 'temp_teleop' build argument 'ament_cmake_args' from command line to 'None'
[0.426s] Level 5:colcon.colcon_core.verb:set package 'temp_teleop' build argument 'catkin_cmake_args' from command line to 'None'
[0.426s] Level 5:colcon.colcon_core.verb:set package 'temp_teleop' build argument 'catkin_skip_building_tests' from command line to 'False'
[0.426s] DEBUG:colcon.colcon_core.verb:Building package 'temp_teleop' with the following arguments: {'ament_cmake_args': None, 'build_base': '/home/farah/ws_farah/build/temp_teleop', 'catkin_cmake_args': None, 'catkin_skip_building_tests': False, 'cmake_args': None, 'cmake_clean_cache': False, 'cmake_clean_first': False, 'cmake_force_configure': False, 'cmake_target': None, 'cmake_target_skip_unavailable': False, 'install_base': '/home/farah/ws_farah/install/temp_teleop', 'merge_install': False, 'path': '/home/farah/ws_farah/src/ros2_acker/temp_teleop', 'symlink_install': False, 'test_result_base': None}
[0.426s] Level 5:colcon.colcon_core.verb:set package 'hardware_interface' build argument 'cmake_args' from command line to 'None'
[0.426s] Level 5:colcon.colcon_core.verb:set package 'hardware_interface' build argument 'cmake_target' from command line to 'None'
[0.426s] Level 5:colcon.colcon_core.verb:set package 'hardware_interface' build argument 'cmake_target_skip_unavailable' from command line to 'False'
[0.427s] Level 5:colcon.colcon_core.verb:set package 'hardware_interface' build argument 'cmake_clean_cache' from command line to 'False'
[0.427s] Level 5:colcon.colcon_core.verb:set package 'hardware_interface' build argument 'cmake_clean_first' from command line to 'False'
[0.427s] Level 5:colcon.colcon_core.verb:set package 'hardware_interface' build argument 'cmake_force_configure' from command line to 'False'
[0.427s] Level 5:colcon.colcon_core.verb:set package 'hardware_interface' build argument 'ament_cmake_args' from command line to 'None'
[0.427s] Level 5:colcon.colcon_core.verb:set package 'hardware_interface' build argument 'catkin_cmake_args' from command line to 'None'
[0.427s] Level 5:colcon.colcon_core.verb:set package 'hardware_interface' build argument 'catkin_skip_building_tests' from command line to 'False'
[0.427s] DEBUG:colcon.colcon_core.verb:Building package 'hardware_interface' with the following arguments: {'ament_cmake_args': None, 'build_base': '/home/farah/ws_farah/build/hardware_interface', 'catkin_cmake_args': None, 'catkin_skip_building_tests': False, 'cmake_args': None, 'cmake_clean_cache': False, 'cmake_clean_first': False, 'cmake_force_configure': False, 'cmake_target': None, 'cmake_target_skip_unavailable': False, 'install_base': '/home/farah/ws_farah/install/hardware_interface', 'merge_install': False, 'path': '/home/farah/ws_farah/src/ros2_control/hardware_interface', 'symlink_install': False, 'test_result_base': None}
[0.427s] Level 5:colcon.colcon_core.verb:set package 'ros2controlcli' build argument 'cmake_args' from command line to 'None'
[0.427s] Level 5:colcon.colcon_core.verb:set package 'ros2controlcli' build argument 'cmake_target' from command line to 'None'
[0.427s] Level 5:colcon.colcon_core.verb:set package 'ros2controlcli' build argument 'cmake_target_skip_unavailable' from command line to 'False'
[0.427s] Level 5:colcon.colcon_core.verb:set package 'ros2controlcli' build argument 'cmake_clean_cache' from command line to 'False'
[0.427s] Level 5:colcon.colcon_core.verb:set package 'ros2controlcli' build argument 'cmake_clean_first' from command line to 'False'
[0.427s] Level 5:colcon.colcon_core.verb:set package 'ros2controlcli' build argument 'cmake_force_configure' from command line to 'False'
[0.427s] Level 5:colcon.colcon_core.verb:set package 'ros2controlcli' build argument 'ament_cmake_args' from command line to 'None'
[0.427s] Level 5:colcon.colcon_core.verb:set package 'ros2controlcli' build argument 'catkin_cmake_args' from command line to 'None'
[0.427s] Level 5:colcon.colcon_core.verb:set package 'ros2controlcli' build argument 'catkin_skip_building_tests' from command line to 'False'
[0.427s] DEBUG:colcon.colcon_core.verb:Building package 'ros2controlcli' with the following arguments: {'ament_cmake_args': None, 'build_base': '/home/farah/ws_farah/build/ros2controlcli', 'catkin_cmake_args': None, 'catkin_skip_building_tests': False, 'cmake_args': None, 'cmake_clean_cache': False, 'cmake_clean_first': False, 'cmake_force_configure': False, 'cmake_target': None, 'cmake_target_skip_unavailable': False, 'install_base': '/home/farah/ws_farah/install/ros2controlcli', 'merge_install': False, 'path': '/home/farah/ws_farah/src/ros2_control/ros2controlcli', 'symlink_install': False, 'test_result_base': None}
[0.427s] Level 5:colcon.colcon_core.verb:set package 'rqt_controller_manager' build argument 'cmake_args' from command line to 'None'
[0.427s] Level 5:colcon.colcon_core.verb:set package 'rqt_controller_manager' build argument 'cmake_target' from command line to 'None'
[0.427s] Level 5:colcon.colcon_core.verb:set package 'rqt_controller_manager' build argument 'cmake_target_skip_unavailable' from command line to 'False'
[0.427s] Level 5:colcon.colcon_core.verb:set package 'rqt_controller_manager' build argument 'cmake_clean_cache' from command line to 'False'
[0.427s] Level 5:colcon.colcon_core.verb:set package 'rqt_controller_manager' build argument 'cmake_clean_first' from command line to 'False'
[0.428s] Level 5:colcon.colcon_core.verb:set package 'rqt_controller_manager' build argument 'cmake_force_configure' from command line to 'False'
[0.428s] Level 5:colcon.colcon_core.verb:set package 'rqt_controller_manager' build argument 'ament_cmake_args' from command line to 'None'
[0.428s] Level 5:colcon.colcon_core.verb:set package 'rqt_controller_manager' build argument 'catkin_cmake_args' from command line to 'None'
[0.428s] Level 5:colcon.colcon_core.verb:set package 'rqt_controller_manager' build argument 'catkin_skip_building_tests' from command line to 'False'
[0.428s] DEBUG:colcon.colcon_core.verb:Building package 'rqt_controller_manager' with the following arguments: {'ament_cmake_args': None, 'build_base': '/home/farah/ws_farah/build/rqt_controller_manager', 'catkin_cmake_args': None, 'catkin_skip_building_tests': False, 'cmake_args': None, 'cmake_clean_cache': False, 'cmake_clean_first': False, 'cmake_force_configure': False, 'cmake_target': None, 'cmake_target_skip_unavailable': False, 'install_base': '/home/farah/ws_farah/install/rqt_controller_manager', 'merge_install': False, 'path': '/home/farah/ws_farah/src/ros2_control/rqt_controller_manager', 'symlink_install': False, 'test_result_base': None}
[0.428s] Level 5:colcon.colcon_core.verb:set package 'rqt_joint_trajectory_controller' build argument 'cmake_args' from command line to 'None'
[0.428s] Level 5:colcon.colcon_core.verb:set package 'rqt_joint_trajectory_controller' build argument 'cmake_target' from command line to 'None'
[0.428s] Level 5:colcon.colcon_core.verb:set package 'rqt_joint_trajectory_controller' build argument 'cmake_target_skip_unavailable' from command line to 'False'
[0.428s] Level 5:colcon.colcon_core.verb:set package 'rqt_joint_trajectory_controller' build argument 'cmake_clean_cache' from command line to 'False'
[0.428s] Level 5:colcon.colcon_core.verb:set package 'rqt_joint_trajectory_controller' build argument 'cmake_clean_first' from command line to 'False'
[0.428s] Level 5:colcon.colcon_core.verb:set package 'rqt_joint_trajectory_controller' build argument 'cmake_force_configure' from command line to 'False'
[0.428s] Level 5:colcon.colcon_core.verb:set package 'rqt_joint_trajectory_controller' build argument 'ament_cmake_args' from command line to 'None'
[0.428s] Level 5:colcon.colcon_core.verb:set package 'rqt_joint_trajectory_controller' build argument 'catkin_cmake_args' from command line to 'None'
[0.428s] Level 5:colcon.colcon_core.verb:set package 'rqt_joint_trajectory_controller' build argument 'catkin_skip_building_tests' from command line to 'False'
[0.428s] DEBUG:colcon.colcon_core.verb:Building package 'rqt_joint_trajectory_controller' with the following arguments: {'ament_cmake_args': None, 'build_base': '/home/farah/ws_farah/build/rqt_joint_trajectory_controller', 'catkin_cmake_args': None, 'catkin_skip_building_tests': False, 'cmake_args': None, 'cmake_clean_cache': False, 'cmake_clean_first': False, 'cmake_force_configure': False, 'cmake_target': None, 'cmake_target_skip_unavailable': False, 'install_base': '/home/farah/ws_farah/install/rqt_joint_trajectory_controller', 'merge_install': False, 'path': '/home/farah/ws_farah/src/ros2_controllers/rqt_joint_trajectory_controller', 'symlink_install': False, 'test_result_base': None}
[0.428s] Level 5:colcon.colcon_core.verb:set package 'controller_interface' build argument 'cmake_args' from command line to 'None'
[0.428s] Level 5:colcon.colcon_core.verb:set package 'controller_interface' build argument 'cmake_target' from command line to 'None'
[0.428s] Level 5:colcon.colcon_core.verb:set package 'controller_interface' build argument 'cmake_target_skip_unavailable' from command line to 'False'
[0.428s] Level 5:colcon.colcon_core.verb:set package 'controller_interface' build argument 'cmake_clean_cache' from command line to 'False'
[0.428s] Level 5:colcon.colcon_core.verb:set package 'controller_interface' build argument 'cmake_clean_first' from command line to 'False'
[0.428s] Level 5:colcon.colcon_core.verb:set package 'controller_interface' build argument 'cmake_force_configure' from command line to 'False'
[0.428s] Level 5:colcon.colcon_core.verb:set package 'controller_interface' build argument 'ament_cmake_args' from command line to 'None'
[0.429s] Level 5:colcon.colcon_core.verb:set package 'controller_interface' build argument 'catkin_cmake_args' from command line to 'None'
[0.429s] Level 5:colcon.colcon_core.verb:set package 'controller_interface' build argument 'catkin_skip_building_tests' from command line to 'False'
[0.429s] DEBUG:colcon.colcon_core.verb:Building package 'controller_interface' with the following arguments: {'ament_cmake_args': None, 'build_base': '/home/farah/ws_farah/build/controller_interface', 'catkin_cmake_args': None, 'catkin_skip_building_tests': False, 'cmake_args': None, 'cmake_clean_cache': False, 'cmake_clean_first': False, 'cmake_force_configure': False, 'cmake_target': None, 'cmake_target_skip_unavailable': False, 'install_base': '/home/farah/ws_farah/install/controller_interface', 'merge_install': False, 'path': '/home/farah/ws_farah/src/ros2_control/controller_interface', 'symlink_install': False, 'test_result_base': None}
[0.429s] Level 5:colcon.colcon_core.verb:set package 'hardware_interface_testing' build argument 'cmake_args' from command line to 'None'
[0.429s] Level 5:colcon.colcon_core.verb:set package 'hardware_interface_testing' build argument 'cmake_target' from command line to 'None'
[0.429s] Level 5:colcon.colcon_core.verb:set package 'hardware_interface_testing' build argument 'cmake_target_skip_unavailable' from command line to 'False'
[0.429s] Level 5:colcon.colcon_core.verb:set package 'hardware_interface_testing' build argument 'cmake_clean_cache' from command line to 'False'
[0.429s] Level 5:colcon.colcon_core.verb:set package 'hardware_interface_testing' build argument 'cmake_clean_first' from command line to 'False'
[0.429s] Level 5:colcon.colcon_core.verb:set package 'hardware_interface_testing' build argument 'cmake_force_configure' from command line to 'False'
[0.429s] Level 5:colcon.colcon_core.verb:set package 'hardware_interface_testing' build argument 'ament_cmake_args' from command line to 'None'
[0.429s] Level 5:colcon.colcon_core.verb:set package 'hardware_interface_testing' build argument 'catkin_cmake_args' from command line to 'None'
[0.429s] Level 5:colcon.colcon_core.verb:set package 'hardware_interface_testing' build argument 'catkin_skip_building_tests' from command line to 'False'
[0.429s] DEBUG:colcon.colcon_core.verb:Building package 'hardware_interface_testing' with the following arguments: {'ament_cmake_args': None, 'build_base': '/home/farah/ws_farah/build/hardware_interface_testing', 'catkin_cmake_args': None, 'catkin_skip_building_tests': False, 'cmake_args': None, 'cmake_clean_cache': False, 'cmake_clean_first': False, 'cmake_force_configure': False, 'cmake_target': None, 'cmake_target_skip_unavailable': False, 'install_base': '/home/farah/ws_farah/install/hardware_interface_testing', 'merge_install': False, 'path': '/home/farah/ws_farah/src/ros2_control/hardware_interface_testing', 'symlink_install': False, 'test_result_base': None}
[0.429s] Level 5:colcon.colcon_core.verb:set package 'race_it' build argument 'cmake_args' from command line to 'None'
[0.429s] Level 5:colcon.colcon_core.verb:set package 'race_it' build argument 'cmake_target' from command line to 'None'
[0.429s] Level 5:colcon.colcon_core.verb:set package 'race_it' build argument 'cmake_target_skip_unavailable' from command line to 'False'
[0.429s] Level 5:colcon.colcon_core.verb:set package 'race_it' build argument 'cmake_clean_cache' from command line to 'False'
[0.429s] Level 5:colcon.colcon_core.verb:set package 'race_it' build argument 'cmake_clean_first' from command line to 'False'
[0.429s] Level 5:colcon.colcon_core.verb:set package 'race_it' build argument 'cmake_force_configure' from command line to 'False'
[0.429s] Level 5:colcon.colcon_core.verb:set package 'race_it' build argument 'ament_cmake_args' from command line to 'None'
[0.429s] Level 5:colcon.colcon_core.verb:set package 'race_it' build argument 'catkin_cmake_args' from command line to 'None'
[0.429s] Level 5:colcon.colcon_core.verb:set package 'race_it' build argument 'catkin_skip_building_tests' from command line to 'False'
[0.430s] DEBUG:colcon.colcon_core.verb:Building package 'race_it' with the following arguments: {'ament_cmake_args': None, 'build_base': '/home/farah/ws_farah/build/race_it', 'catkin_cmake_args': None, 'catkin_skip_building_tests': False, 'cmake_args': None, 'cmake_clean_cache': False, 'cmake_clean_first': False, 'cmake_force_configure': False, 'cmake_target': None, 'cmake_target_skip_unavailable': False, 'install_base': '/home/farah/ws_farah/install/race_it', 'merge_install': False, 'path': '/home/farah/ws_farah/src/ros2_acker/race_it', 'symlink_install': False, 'test_result_base': None}
[0.430s] Level 5:colcon.colcon_core.verb:set package 'transmission_interface' build argument 'cmake_args' from command line to 'None'
[0.430s] Level 5:colcon.colcon_core.verb:set package 'transmission_interface' build argument 'cmake_target' from command line to 'None'
[0.430s] Level 5:colcon.colcon_core.verb:set package 'transmission_interface' build argument 'cmake_target_skip_unavailable' from command line to 'False'
[0.430s] Level 5:colcon.colcon_core.verb:set package 'transmission_interface' build argument 'cmake_clean_cache' from command line to 'False'
[0.430s] Level 5:colcon.colcon_core.verb:set package 'transmission_interface' build argument 'cmake_clean_first' from command line to 'False'
[0.430s] Level 5:colcon.colcon_core.verb:set package 'transmission_interface' build argument 'cmake_force_configure' from command line to 'False'
[0.430s] Level 5:colcon.colcon_core.verb:set package 'transmission_interface' build argument 'ament_cmake_args' from command line to 'None'
[0.430s] Level 5:colcon.colcon_core.verb:set package 'transmission_interface' build argument 'catkin_cmake_args' from command line to 'None'
[0.430s] Level 5:colcon.colcon_core.verb:set package 'transmission_interface' build argument 'catkin_skip_building_tests' from command line to 'False'
[0.430s] DEBUG:colcon.colcon_core.verb:Building package 'transmission_interface' with the following arguments: {'ament_cmake_args': None, 'build_base': '/home/farah/ws_farah/build/transmission_interface', 'catkin_cmake_args': None, 'catkin_skip_building_tests': False, 'cmake_args': None, 'cmake_clean_cache': False, 'cmake_clean_first': False, 'cmake_force_configure': False, 'cmake_target': None, 'cmake_target_skip_unavailable': False, 'install_base': '/home/farah/ws_farah/install/transmission_interface', 'merge_install': False, 'path': '/home/farah/ws_farah/src/ros2_control/transmission_interface', 'symlink_install': False, 'test_result_base': None}
[0.430s] Level 5:colcon.colcon_core.verb:set package 'admittance_controller' build argument 'cmake_args' from command line to 'None'
[0.430s] Level 5:colcon.colcon_core.verb:set package 'admittance_controller' build argument 'cmake_target' from command line to 'None'
[0.430s] Level 5:colcon.colcon_core.verb:set package 'admittance_controller' build argument 'cmake_target_skip_unavailable' from command line to 'False'
[0.430s] Level 5:colcon.colcon_core.verb:set package 'admittance_controller' build argument 'cmake_clean_cache' from command line to 'False'
[0.430s] Level 5:colcon.colcon_core.verb:set package 'admittance_controller' build argument 'cmake_clean_first' from command line to 'False'
[0.430s] Level 5:colcon.colcon_core.verb:set package 'admittance_controller' build argument 'cmake_force_configure' from command line to 'False'
[0.430s] Level 5:colcon.colcon_core.verb:set package 'admittance_controller' build argument 'ament_cmake_args' from command line to 'None'
[0.430s] Level 5:colcon.colcon_core.verb:set package 'admittance_controller' build argument 'catkin_cmake_args' from command line to 'None'
[0.430s] Level 5:colcon.colcon_core.verb:set package 'admittance_controller' build argument 'catkin_skip_building_tests' from command line to 'False'
[0.430s] DEBUG:colcon.colcon_core.verb:Building package 'admittance_controller' with the following arguments: {'ament_cmake_args': None, 'build_base': '/home/farah/ws_farah/build/admittance_controller', 'catkin_cmake_args': None, 'catkin_skip_building_tests': False, 'cmake_args': None, 'cmake_clean_cache': False, 'cmake_clean_first': False, 'cmake_force_configure': False, 'cmake_target': None, 'cmake_target_skip_unavailable': False, 'install_base': '/home/farah/ws_farah/install/admittance_controller', 'merge_install': False, 'path': '/home/farah/ws_farah/src/ros2_controllers/admittance_controller', 'symlink_install': False, 'test_result_base': None}
[0.431s] Level 5:colcon.colcon_core.verb:set package 'diff_drive_controller' build argument 'cmake_args' from command line to 'None'
[0.431s] Level 5:colcon.colcon_core.verb:set package 'diff_drive_controller' build argument 'cmake_target' from command line to 'None'
[0.431s] Level 5:colcon.colcon_core.verb:set package 'diff_drive_controller' build argument 'cmake_target_skip_unavailable' from command line to 'False'
[0.431s] Level 5:colcon.colcon_core.verb:set package 'diff_drive_controller' build argument 'cmake_clean_cache' from command line to 'False'
[0.431s] Level 5:colcon.colcon_core.verb:set package 'diff_drive_controller' build argument 'cmake_clean_first' from command line to 'False'
[0.431s] Level 5:colcon.colcon_core.verb:set package 'diff_drive_controller' build argument 'cmake_force_configure' from command line to 'False'
[0.431s] Level 5:colcon.colcon_core.verb:set package 'diff_drive_controller' build argument 'ament_cmake_args' from command line to 'None'
[0.431s] Level 5:colcon.colcon_core.verb:set package 'diff_drive_controller' build argument 'catkin_cmake_args' from command line to 'None'
[0.431s] Level 5:colcon.colcon_core.verb:set package 'diff_drive_controller' build argument 'catkin_skip_building_tests' from command line to 'False'
[0.431s] DEBUG:colcon.colcon_core.verb:Building package 'diff_drive_controller' with the following arguments: {'ament_cmake_args': None, 'build_base': '/home/farah/ws_farah/build/diff_drive_controller', 'catkin_cmake_args': None, 'catkin_skip_building_tests': False, 'cmake_args': None, 'cmake_clean_cache': False, 'cmake_clean_first': False, 'cmake_force_configure': False, 'cmake_target': None, 'cmake_target_skip_unavailable': False, 'install_base': '/home/farah/ws_farah/install/diff_drive_controller', 'merge_install': False, 'path': '/home/farah/ws_farah/src/ros2_controllers/diff_drive_controller', 'symlink_install': False, 'test_result_base': None}
[0.431s] Level 5:colcon.colcon_core.verb:set package 'force_torque_sensor_broadcaster' build argument 'cmake_args' from command line to 'None'
[0.431s] Level 5:colcon.colcon_core.verb:set package 'force_torque_sensor_broadcaster' build argument 'cmake_target' from command line to 'None'
[0.431s] Level 5:colcon.colcon_core.verb:set package 'force_torque_sensor_broadcaster' build argument 'cmake_target_skip_unavailable' from command line to 'False'
[0.431s] Level 5:colcon.colcon_core.verb:set package 'force_torque_sensor_broadcaster' build argument 'cmake_clean_cache' from command line to 'False'
[0.431s] Level 5:colcon.colcon_core.verb:set package 'force_torque_sensor_broadcaster' build argument 'cmake_clean_first' from command line to 'False'
[0.431s] Level 5:colcon.colcon_core.verb:set package 'force_torque_sensor_broadcaster' build argument 'cmake_force_configure' from command line to 'False'
[0.431s] Level 5:colcon.colcon_core.verb:set package 'force_torque_sensor_broadcaster' build argument 'ament_cmake_args' from command line to 'None'
[0.431s] Level 5:colcon.colcon_core.verb:set package 'force_torque_sensor_broadcaster' build argument 'catkin_cmake_args' from command line to 'None'
[0.431s] Level 5:colcon.colcon_core.verb:set package 'force_torque_sensor_broadcaster' build argument 'catkin_skip_building_tests' from command line to 'False'
[0.431s] DEBUG:colcon.colcon_core.verb:Building package 'force_torque_sensor_broadcaster' with the following arguments: {'ament_cmake_args': None, 'build_base': '/home/farah/ws_farah/build/force_torque_sensor_broadcaster', 'catkin_cmake_args': None, 'catkin_skip_building_tests': False, 'cmake_args': None, 'cmake_clean_cache': False, 'cmake_clean_first': False, 'cmake_force_configure': False, 'cmake_target': None, 'cmake_target_skip_unavailable': False, 'install_base': '/home/farah/ws_farah/install/force_torque_sensor_broadcaster', 'merge_install': False, 'path': '/home/farah/ws_farah/src/ros2_controllers/force_torque_sensor_broadcaster', 'symlink_install': False, 'test_result_base': None}
[0.432s] Level 5:colcon.colcon_core.verb:set package 'forward_command_controller' build argument 'cmake_args' from command line to 'None'
[0.432s] Level 5:colcon.colcon_core.verb:set package 'forward_command_controller' build argument 'cmake_target' from command line to 'None'
[0.432s] Level 5:colcon.colcon_core.verb:set package 'forward_command_controller' build argument 'cmake_target_skip_unavailable' from command line to 'False'
[0.432s] Level 5:colcon.colcon_core.verb:set package 'forward_command_controller' build argument 'cmake_clean_cache' from command line to 'False'
[0.432s] Level 5:colcon.colcon_core.verb:set package 'forward_command_controller' build argument 'cmake_clean_first' from command line to 'False'
[0.432s] Level 5:colcon.colcon_core.verb:set package 'forward_command_controller' build argument 'cmake_force_configure' from command line to 'False'
[0.432s] Level 5:colcon.colcon_core.verb:set package 'forward_command_controller' build argument 'ament_cmake_args' from command line to 'None'
[0.432s] Level 5:colcon.colcon_core.verb:set package 'forward_command_controller' build argument 'catkin_cmake_args' from command line to 'None'
[0.432s] Level 5:colcon.colcon_core.verb:set package 'forward_command_controller' build argument 'catkin_skip_building_tests' from command line to 'False'
[0.432s] DEBUG:colcon.colcon_core.verb:Building package 'forward_command_controller' with the following arguments: {'ament_cmake_args': None, 'build_base': '/home/farah/ws_farah/build/forward_command_controller', 'catkin_cmake_args': None, 'catkin_skip_building_tests': False, 'cmake_args': None, 'cmake_clean_cache': False, 'cmake_clean_first': False, 'cmake_force_configure': False, 'cmake_target': None, 'cmake_target_skip_unavailable': False, 'install_base': '/home/farah/ws_farah/install/forward_command_controller', 'merge_install': False, 'path': '/home/farah/ws_farah/src/ros2_controllers/forward_command_controller', 'symlink_install': False, 'test_result_base': None}
[0.432s] Level 5:colcon.colcon_core.verb:set package 'gpio_controllers' build argument 'cmake_args' from command line to 'None'
[0.432s] Level 5:colcon.colcon_core.verb:set package 'gpio_controllers' build argument 'cmake_target' from command line to 'None'
[0.432s] Level 5:colcon.colcon_core.verb:set package 'gpio_controllers' build argument 'cmake_target_skip_unavailable' from command line to 'False'
[0.432s] Level 5:colcon.colcon_core.verb:set package 'gpio_controllers' build argument 'cmake_clean_cache' from command line to 'False'
[0.432s] Level 5:colcon.colcon_core.verb:set package 'gpio_controllers' build argument 'cmake_clean_first' from command line to 'False'
[0.432s] Level 5:colcon.colcon_core.verb:set package 'gpio_controllers' build argument 'cmake_force_configure' from command line to 'False'
[0.432s] Level 5:colcon.colcon_core.verb:set package 'gpio_controllers' build argument 'ament_cmake_args' from command line to 'None'
[0.432s] Level 5:colcon.colcon_core.verb:set package 'gpio_controllers' build argument 'catkin_cmake_args' from command line to 'None'
[0.432s] Level 5:colcon.colcon_core.verb:set package 'gpio_controllers' build argument 'catkin_skip_building_tests' from command line to 'False'
[0.432s] DEBUG:colcon.colcon_core.verb:Building package 'gpio_controllers' with the following arguments: {'ament_cmake_args': None, 'build_base': '/home/farah/ws_farah/build/gpio_controllers', 'catkin_cmake_args': None, 'catkin_skip_building_tests': False, 'cmake_args': None, 'cmake_clean_cache': False, 'cmake_clean_first': False, 'cmake_force_configure': False, 'cmake_target': None, 'cmake_target_skip_unavailable': False, 'install_base': '/home/farah/ws_farah/install/gpio_controllers', 'merge_install': False, 'path': '/home/farah/ws_farah/src/ros2_controllers/gpio_controllers', 'symlink_install': False, 'test_result_base': None}
[0.433s] Level 5:colcon.colcon_core.verb:set package 'gripper_controllers' build argument 'cmake_args' from command line to 'None'
[0.433s] Level 5:colcon.colcon_core.verb:set package 'gripper_controllers' build argument 'cmake_target' from command line to 'None'
[0.433s] Level 5:colcon.colcon_core.verb:set package 'gripper_controllers' build argument 'cmake_target_skip_unavailable' from command line to 'False'
[0.433s] Level 5:colcon.colcon_core.verb:set package 'gripper_controllers' build argument 'cmake_clean_cache' from command line to 'False'
[0.433s] Level 5:colcon.colcon_core.verb:set package 'gripper_controllers' build argument 'cmake_clean_first' from command line to 'False'
[0.433s] Level 5:colcon.colcon_core.verb:set package 'gripper_controllers' build argument 'cmake_force_configure' from command line to 'False'
[0.433s] Level 5:colcon.colcon_core.verb:set package 'gripper_controllers' build argument 'ament_cmake_args' from command line to 'None'
[0.433s] Level 5:colcon.colcon_core.verb:set package 'gripper_controllers' build argument 'catkin_cmake_args' from command line to 'None'
[0.433s] Level 5:colcon.colcon_core.verb:set package 'gripper_controllers' build argument 'catkin_skip_building_tests' from command line to 'False'
[0.433s] DEBUG:colcon.colcon_core.verb:Building package 'gripper_controllers' with the following arguments: {'ament_cmake_args': None, 'build_base': '/home/farah/ws_farah/build/gripper_controllers', 'catkin_cmake_args': None, 'catkin_skip_building_tests': False, 'cmake_args': None, 'cmake_clean_cache': False, 'cmake_clean_first': False, 'cmake_force_configure': False, 'cmake_target': None, 'cmake_target_skip_unavailable': False, 'install_base': '/home/farah/ws_farah/install/gripper_controllers', 'merge_install': False, 'path': '/home/farah/ws_farah/src/ros2_controllers/gripper_controllers', 'symlink_install': False, 'test_result_base': None}
[0.433s] Level 5:colcon.colcon_core.verb:set package 'imu_sensor_broadcaster' build argument 'cmake_args' from command line to 'None'
[0.433s] Level 5:colcon.colcon_core.verb:set package 'imu_sensor_broadcaster' build argument 'cmake_target' from command line to 'None'
[0.433s] Level 5:colcon.colcon_core.verb:set package 'imu_sensor_broadcaster' build argument 'cmake_target_skip_unavailable' from command line to 'False'
[0.433s] Level 5:colcon.colcon_core.verb:set package 'imu_sensor_broadcaster' build argument 'cmake_clean_cache' from command line to 'False'
[0.433s] Level 5:colcon.colcon_core.verb:set package 'imu_sensor_broadcaster' build argument 'cmake_clean_first' from command line to 'False'
[0.433s] Level 5:colcon.colcon_core.verb:set package 'imu_sensor_broadcaster' build argument 'cmake_force_configure' from command line to 'False'
[0.433s] Level 5:colcon.colcon_core.verb:set package 'imu_sensor_broadcaster' build argument 'ament_cmake_args' from command line to 'None'
[0.433s] Level 5:colcon.colcon_core.verb:set package 'imu_sensor_broadcaster' build argument 'catkin_cmake_args' from command line to 'None'
[0.433s] Level 5:colcon.colcon_core.verb:set package 'imu_sensor_broadcaster' build argument 'catkin_skip_building_tests' from command line to 'False'
[0.433s] DEBUG:colcon.colcon_core.verb:Building package 'imu_sensor_broadcaster' with the following arguments: {'ament_cmake_args': None, 'build_base': '/home/farah/ws_farah/build/imu_sensor_broadcaster', 'catkin_cmake_args': None, 'catkin_skip_building_tests': False, 'cmake_args': None, 'cmake_clean_cache': False, 'cmake_clean_first': False, 'cmake_force_configure': False, 'cmake_target': None, 'cmake_target_skip_unavailable': False, 'install_base': '/home/farah/ws_farah/install/imu_sensor_broadcaster', 'merge_install': False, 'path': '/home/farah/ws_farah/src/ros2_controllers/imu_sensor_broadcaster', 'symlink_install': False, 'test_result_base': None}
[0.434s] Level 5:colcon.colcon_core.verb:set package 'joint_state_broadcaster' build argument 'cmake_args' from command line to 'None'
[0.434s] Level 5:colcon.colcon_core.verb:set package 'joint_state_broadcaster' build argument 'cmake_target' from command line to 'None'
[0.434s] Level 5:colcon.colcon_core.verb:set package 'joint_state_broadcaster' build argument 'cmake_target_skip_unavailable' from command line to 'False'
[0.434s] Level 5:colcon.colcon_core.verb:set package 'joint_state_broadcaster' build argument 'cmake_clean_cache' from command line to 'False'
[0.434s] Level 5:colcon.colcon_core.verb:set package 'joint_state_broadcaster' build argument 'cmake_clean_first' from command line to 'False'
[0.434s] Level 5:colcon.colcon_core.verb:set package 'joint_state_broadcaster' build argument 'cmake_force_configure' from command line to 'False'
[0.434s] Level 5:colcon.colcon_core.verb:set package 'joint_state_broadcaster' build argument 'ament_cmake_args' from command line to 'None'
[0.434s] Level 5:colcon.colcon_core.verb:set package 'joint_state_broadcaster' build argument 'catkin_cmake_args' from command line to 'None'
[0.434s] Level 5:colcon.colcon_core.verb:set package 'joint_state_broadcaster' build argument 'catkin_skip_building_tests' from command line to 'False'
[0.434s] DEBUG:colcon.colcon_core.verb:Building package 'joint_state_broadcaster' with the following arguments: {'ament_cmake_args': None, 'build_base': '/home/farah/ws_farah/build/joint_state_broadcaster', 'catkin_cmake_args': None, 'catkin_skip_building_tests': False, 'cmake_args': None, 'cmake_clean_cache': False, 'cmake_clean_first': False, 'cmake_force_configure': False, 'cmake_target': None, 'cmake_target_skip_unavailable': False, 'install_base': '/home/farah/ws_farah/install/joint_state_broadcaster', 'merge_install': False, 'path': '/home/farah/ws_farah/src/ros2_controllers/joint_state_broadcaster', 'symlink_install': False, 'test_result_base': None}
[0.434s] Level 5:colcon.colcon_core.verb:set package 'joint_trajectory_controller' build argument 'cmake_args' from command line to 'None'
[0.434s] Level 5:colcon.colcon_core.verb:set package 'joint_trajectory_controller' build argument 'cmake_target' from command line to 'None'
[0.434s] Level 5:colcon.colcon_core.verb:set package 'joint_trajectory_controller' build argument 'cmake_target_skip_unavailable' from command line to 'False'
[0.434s] Level 5:colcon.colcon_core.verb:set package 'joint_trajectory_controller' build argument 'cmake_clean_cache' from command line to 'False'
[0.434s] Level 5:colcon.colcon_core.verb:set package 'joint_trajectory_controller' build argument 'cmake_clean_first' from command line to 'False'
[0.434s] Level 5:colcon.colcon_core.verb:set package 'joint_trajectory_controller' build argument 'cmake_force_configure' from command line to 'False'
[0.434s] Level 5:colcon.colcon_core.verb:set package 'joint_trajectory_controller' build argument 'ament_cmake_args' from command line to 'None'
[0.434s] Level 5:colcon.colcon_core.verb:set package 'joint_trajectory_controller' build argument 'catkin_cmake_args' from command line to 'None'
[0.434s] Level 5:colcon.colcon_core.verb:set package 'joint_trajectory_controller' build argument 'catkin_skip_building_tests' from command line to 'False'
[0.434s] DEBUG:colcon.colcon_core.verb:Building package 'joint_trajectory_controller' with the following arguments: {'ament_cmake_args': None, 'build_base': '/home/farah/ws_farah/build/joint_trajectory_controller', 'catkin_cmake_args': None, 'catkin_skip_building_tests': False, 'cmake_args': None, 'cmake_clean_cache': False, 'cmake_clean_first': False, 'cmake_force_configure': False, 'cmake_target': None, 'cmake_target_skip_unavailable': False, 'install_base': '/home/farah/ws_farah/install/joint_trajectory_controller', 'merge_install': False, 'path': '/home/farah/ws_farah/src/ros2_controllers/joint_trajectory_controller', 'symlink_install': False, 'test_result_base': None}
[0.435s] Level 5:colcon.colcon_core.verb:set package 'mecanum_drive_controller' build argument 'cmake_args' from command line to 'None'
[0.435s] Level 5:colcon.colcon_core.verb:set package 'mecanum_drive_controller' build argument 'cmake_target' from command line to 'None'
[0.435s] Level 5:colcon.colcon_core.verb:set package 'mecanum_drive_controller' build argument 'cmake_target_skip_unavailable' from command line to 'False'
[0.435s] Level 5:colcon.colcon_core.verb:set package 'mecanum_drive_controller' build argument 'cmake_clean_cache' from command line to 'False'
[0.435s] Level 5:colcon.colcon_core.verb:set package 'mecanum_drive_controller' build argument 'cmake_clean_first' from command line to 'False'
[0.435s] Level 5:colcon.colcon_core.verb:set package 'mecanum_drive_controller' build argument 'cmake_force_configure' from command line to 'False'
[0.435s] Level 5:colcon.colcon_core.verb:set package 'mecanum_drive_controller' build argument 'ament_cmake_args' from command line to 'None'
[0.435s] Level 5:colcon.colcon_core.verb:set package 'mecanum_drive_controller' build argument 'catkin_cmake_args' from command line to 'None'
[0.435s] Level 5:colcon.colcon_core.verb:set package 'mecanum_drive_controller' build argument 'catkin_skip_building_tests' from command line to 'False'
[0.435s] DEBUG:colcon.colcon_core.verb:Building package 'mecanum_drive_controller' with the following arguments: {'ament_cmake_args': None, 'build_base': '/home/farah/ws_farah/build/mecanum_drive_controller', 'catkin_cmake_args': None, 'catkin_skip_building_tests': False, 'cmake_args': None, 'cmake_clean_cache': False, 'cmake_clean_first': False, 'cmake_force_configure': False, 'cmake_target': None, 'cmake_target_skip_unavailable': False, 'install_base': '/home/farah/ws_farah/install/mecanum_drive_controller', 'merge_install': False, 'path': '/home/farah/ws_farah/src/ros2_controllers/mecanum_drive_controller', 'symlink_install': False, 'test_result_base': None}
[0.435s] Level 5:colcon.colcon_core.verb:set package 'pid_controller' build argument 'cmake_args' from command line to 'None'
[0.435s] Level 5:colcon.colcon_core.verb:set package 'pid_controller' build argument 'cmake_target' from command line to 'None'
[0.435s] Level 5:colcon.colcon_core.verb:set package 'pid_controller' build argument 'cmake_target_skip_unavailable' from command line to 'False'
[0.435s] Level 5:colcon.colcon_core.verb:set package 'pid_controller' build argument 'cmake_clean_cache' from command line to 'False'
[0.435s] Level 5:colcon.colcon_core.verb:set package 'pid_controller' build argument 'cmake_clean_first' from command line to 'False'
[0.435s] Level 5:colcon.colcon_core.verb:set package 'pid_controller' build argument 'cmake_force_configure' from command line to 'False'
[0.435s] Level 5:colcon.colcon_core.verb:set package 'pid_controller' build argument 'ament_cmake_args' from command line to 'None'
[0.435s] Level 5:colcon.colcon_core.verb:set package 'pid_controller' build argument 'catkin_cmake_args' from command line to 'None'
[0.435s] Level 5:colcon.colcon_core.verb:set package 'pid_controller' build argument 'catkin_skip_building_tests' from command line to 'False'
[0.435s] DEBUG:colcon.colcon_core.verb:Building package 'pid_controller' with the following arguments: {'ament_cmake_args': None, 'build_base': '/home/farah/ws_farah/build/pid_controller', 'catkin_cmake_args': None, 'catkin_skip_building_tests': False, 'cmake_args': None, 'cmake_clean_cache': False, 'cmake_clean_first': False, 'cmake_force_configure': False, 'cmake_target': None, 'cmake_target_skip_unavailable': False, 'install_base': '/home/farah/ws_farah/install/pid_controller', 'merge_install': False, 'path': '/home/farah/ws_farah/src/ros2_controllers/pid_controller', 'symlink_install': False, 'test_result_base': None}
[0.436s] Level 5:colcon.colcon_core.verb:set package 'pose_broadcaster' build argument 'cmake_args' from command line to 'None'
[0.436s] Level 5:colcon.colcon_core.verb:set package 'pose_broadcaster' build argument 'cmake_target' from command line to 'None'
[0.436s] Level 5:colcon.colcon_core.verb:set package 'pose_broadcaster' build argument 'cmake_target_skip_unavailable' from command line to 'False'
[0.436s] Level 5:colcon.colcon_core.verb:set package 'pose_broadcaster' build argument 'cmake_clean_cache' from command line to 'False'
[0.436s] Level 5:colcon.colcon_core.verb:set package 'pose_broadcaster' build argument 'cmake_clean_first' from command line to 'False'
[0.436s] Level 5:colcon.colcon_core.verb:set package 'pose_broadcaster' build argument 'cmake_force_configure' from command line to 'False'
[0.436s] Level 5:colcon.colcon_core.verb:set package 'pose_broadcaster' build argument 'ament_cmake_args' from command line to 'None'
[0.436s] Level 5:colcon.colcon_core.verb:set package 'pose_broadcaster' build argument 'catkin_cmake_args' from command line to 'None'
[0.436s] Level 5:colcon.colcon_core.verb:set package 'pose_broadcaster' build argument 'catkin_skip_building_tests' from command line to 'False'
[0.436s] DEBUG:colcon.colcon_core.verb:Building package 'pose_broadcaster' with the following arguments: {'ament_cmake_args': None, 'build_base': '/home/farah/ws_farah/build/pose_broadcaster', 'catkin_cmake_args': None, 'catkin_skip_building_tests': False, 'cmake_args': None, 'cmake_clean_cache': False, 'cmake_clean_first': False, 'cmake_force_configure': False, 'cmake_target': None, 'cmake_target_skip_unavailable': False, 'install_base': '/home/farah/ws_farah/install/pose_broadcaster', 'merge_install': False, 'path': '/home/farah/ws_farah/src/ros2_controllers/pose_broadcaster', 'symlink_install': False, 'test_result_base': None}
[0.436s] Level 5:colcon.colcon_core.verb:set package 'range_sensor_broadcaster' build argument 'cmake_args' from command line to 'None'
[0.436s] Level 5:colcon.colcon_core.verb:set package 'range_sensor_broadcaster' build argument 'cmake_target' from command line to 'None'
[0.436s] Level 5:colcon.colcon_core.verb:set package 'range_sensor_broadcaster' build argument 'cmake_target_skip_unavailable' from command line to 'False'
[0.436s] Level 5:colcon.colcon_core.verb:set package 'range_sensor_broadcaster' build argument 'cmake_clean_cache' from command line to 'False'
[0.436s] Level 5:colcon.colcon_core.verb:set package 'range_sensor_broadcaster' build argument 'cmake_clean_first' from command line to 'False'
[0.436s] Level 5:colcon.colcon_core.verb:set package 'range_sensor_broadcaster' build argument 'cmake_force_configure' from command line to 'False'
[0.436s] Level 5:colcon.colcon_core.verb:set package 'range_sensor_broadcaster' build argument 'ament_cmake_args' from command line to 'None'
[0.436s] Level 5:colcon.colcon_core.verb:set package 'range_sensor_broadcaster' build argument 'catkin_cmake_args' from command line to 'None'
[0.436s] Level 5:colcon.colcon_core.verb:set package 'range_sensor_broadcaster' build argument 'catkin_skip_building_tests' from command line to 'False'
[0.436s] DEBUG:colcon.colcon_core.verb:Building package 'range_sensor_broadcaster' with the following arguments: {'ament_cmake_args': None, 'build_base': '/home/farah/ws_farah/build/range_sensor_broadcaster', 'catkin_cmake_args': None, 'catkin_skip_building_tests': False, 'cmake_args': None, 'cmake_clean_cache': False, 'cmake_clean_first': False, 'cmake_force_configure': False, 'cmake_target': None, 'cmake_target_skip_unavailable': False, 'install_base': '/home/farah/ws_farah/install/range_sensor_broadcaster', 'merge_install': False, 'path': '/home/farah/ws_farah/src/ros2_controllers/range_sensor_broadcaster', 'symlink_install': False, 'test_result_base': None}
[0.437s] Level 5:colcon.colcon_core.verb:set package 'ros2_control' build argument 'cmake_args' from command line to 'None'
[0.437s] Level 5:colcon.colcon_core.verb:set package 'ros2_control' build argument 'cmake_target' from command line to 'None'
[0.437s] Level 5:colcon.colcon_core.verb:set package 'ros2_control' build argument 'cmake_target_skip_unavailable' from command line to 'False'
[0.437s] Level 5:colcon.colcon_core.verb:set package 'ros2_control' build argument 'cmake_clean_cache' from command line to 'False'
[0.437s] Level 5:colcon.colcon_core.verb:set package 'ros2_control' build argument 'cmake_clean_first' from command line to 'False'
[0.437s] Level 5:colcon.colcon_core.verb:set package 'ros2_control' build argument 'cmake_force_configure' from command line to 'False'
[0.437s] Level 5:colcon.colcon_core.verb:set package 'ros2_control' build argument 'ament_cmake_args' from command line to 'None'
[0.437s] Level 5:colcon.colcon_core.verb:set package 'ros2_control' build argument 'catkin_cmake_args' from command line to 'None'
[0.437s] Level 5:colcon.colcon_core.verb:set package 'ros2_control' build argument 'catkin_skip_building_tests' from command line to 'False'
[0.437s] DEBUG:colcon.colcon_core.verb:Building package 'ros2_control' with the following arguments: {'ament_cmake_args': None, 'build_base': '/home/farah/ws_farah/build/ros2_control', 'catkin_cmake_args': None, 'catkin_skip_building_tests': False, 'cmake_args': None, 'cmake_clean_cache': False, 'cmake_clean_first': False, 'cmake_force_configure': False, 'cmake_target': None, 'cmake_target_skip_unavailable': False, 'install_base': '/home/farah/ws_farah/install/ros2_control', 'merge_install': False, 'path': '/home/farah/ws_farah/src/ros2_control/ros2_control', 'symlink_install': False, 'test_result_base': None}
[0.437s] Level 5:colcon.colcon_core.verb:set package 'steering_controllers_library' build argument 'cmake_args' from command line to 'None'
[0.437s] Level 5:colcon.colcon_core.verb:set package 'steering_controllers_library' build argument 'cmake_target' from command line to 'None'
[0.437s] Level 5:colcon.colcon_core.verb:set package 'steering_controllers_library' build argument 'cmake_target_skip_unavailable' from command line to 'False'
[0.437s] Level 5:colcon.colcon_core.verb:set package 'steering_controllers_library' build argument 'cmake_clean_cache' from command line to 'False'
[0.437s] Level 5:colcon.colcon_core.verb:set package 'steering_controllers_library' build argument 'cmake_clean_first' from command line to 'False'
[0.437s] Level 5:colcon.colcon_core.verb:set package 'steering_controllers_library' build argument 'cmake_force_configure' from command line to 'False'
[0.437s] Level 5:colcon.colcon_core.verb:set package 'steering_controllers_library' build argument 'ament_cmake_args' from command line to 'None'
[0.437s] Level 5:colcon.colcon_core.verb:set package 'steering_controllers_library' build argument 'catkin_cmake_args' from command line to 'None'
[0.437s] Level 5:colcon.colcon_core.verb:set package 'steering_controllers_library' build argument 'catkin_skip_building_tests' from command line to 'False'
[0.437s] DEBUG:colcon.colcon_core.verb:Building package 'steering_controllers_library' with the following arguments: {'ament_cmake_args': None, 'build_base': '/home/farah/ws_farah/build/steering_controllers_library', 'catkin_cmake_args': None, 'catkin_skip_building_tests': False, 'cmake_args': None, 'cmake_clean_cache': False, 'cmake_clean_first': False, 'cmake_force_configure': False, 'cmake_target': None, 'cmake_target_skip_unavailable': False, 'install_base': '/home/farah/ws_farah/install/steering_controllers_library', 'merge_install': False, 'path': '/home/farah/ws_farah/src/ros2_controllers/steering_controllers_library', 'symlink_install': False, 'test_result_base': None}
[0.438s] Level 5:colcon.colcon_core.verb:set package 'tricycle_controller' build argument 'cmake_args' from command line to 'None'
[0.438s] Level 5:colcon.colcon_core.verb:set package 'tricycle_controller' build argument 'cmake_target' from command line to 'None'
[0.438s] Level 5:colcon.colcon_core.verb:set package 'tricycle_controller' build argument 'cmake_target_skip_unavailable' from command line to 'False'
[0.438s] Level 5:colcon.colcon_core.verb:set package 'tricycle_controller' build argument 'cmake_clean_cache' from command line to 'False'
[0.438s] Level 5:colcon.colcon_core.verb:set package 'tricycle_controller' build argument 'cmake_clean_first' from command line to 'False'
[0.438s] Level 5:colcon.colcon_core.verb:set package 'tricycle_controller' build argument 'cmake_force_configure' from command line to 'False'
[0.438s] Level 5:colcon.colcon_core.verb:set package 'tricycle_controller' build argument 'ament_cmake_args' from command line to 'None'
[0.438s] Level 5:colcon.colcon_core.verb:set package 'tricycle_controller' build argument 'catkin_cmake_args' from command line to 'None'
[0.438s] Level 5:colcon.colcon_core.verb:set package 'tricycle_controller' build argument 'catkin_skip_building_tests' from command line to 'False'
[0.438s] DEBUG:colcon.colcon_core.verb:Building package 'tricycle_controller' with the following arguments: {'ament_cmake_args': None, 'build_base': '/home/farah/ws_farah/build/tricycle_controller', 'catkin_cmake_args': None, 'catkin_skip_building_tests': False, 'cmake_args': None, 'cmake_clean_cache': False, 'cmake_clean_first': False, 'cmake_force_configure': False, 'cmake_target': None, 'cmake_target_skip_unavailable': False, 'install_base': '/home/farah/ws_farah/install/tricycle_controller', 'merge_install': False, 'path': '/home/farah/ws_farah/src/ros2_controllers/tricycle_controller', 'symlink_install': False, 'test_result_base': None}
[0.438s] Level 5:colcon.colcon_core.verb:set package 'ackermann_steering_controller' build argument 'cmake_args' from command line to 'None'
[0.438s] Level 5:colcon.colcon_core.verb:set package 'ackermann_steering_controller' build argument 'cmake_target' from command line to 'None'
[0.438s] Level 5:colcon.colcon_core.verb:set package 'ackermann_steering_controller' build argument 'cmake_target_skip_unavailable' from command line to 'False'
[0.438s] Level 5:colcon.colcon_core.verb:set package 'ackermann_steering_controller' build argument 'cmake_clean_cache' from command line to 'False'
[0.438s] Level 5:colcon.colcon_core.verb:set package 'ackermann_steering_controller' build argument 'cmake_clean_first' from command line to 'False'
[0.438s] Level 5:colcon.colcon_core.verb:set package 'ackermann_steering_controller' build argument 'cmake_force_configure' from command line to 'False'
[0.438s] Level 5:colcon.colcon_core.verb:set package 'ackermann_steering_controller' build argument 'ament_cmake_args' from command line to 'None'
[0.438s] Level 5:colcon.colcon_core.verb:set package 'ackermann_steering_controller' build argument 'catkin_cmake_args' from command line to 'None'
[0.438s] Level 5:colcon.colcon_core.verb:set package 'ackermann_steering_controller' build argument 'catkin_skip_building_tests' from command line to 'False'
[0.438s] DEBUG:colcon.colcon_core.verb:Building package 'ackermann_steering_controller' with the following arguments: {'ament_cmake_args': None, 'build_base': '/home/farah/ws_farah/build/ackermann_steering_controller', 'catkin_cmake_args': None, 'catkin_skip_building_tests': False, 'cmake_args': None, 'cmake_clean_cache': False, 'cmake_clean_first': False, 'cmake_force_configure': False, 'cmake_target': None, 'cmake_target_skip_unavailable': False, 'install_base': '/home/farah/ws_farah/install/ackermann_steering_controller', 'merge_install': False, 'path': '/home/farah/ws_farah/src/ros2_controllers/ackermann_steering_controller', 'symlink_install': False, 'test_result_base': None}
[0.439s] Level 5:colcon.colcon_core.verb:set package 'bicycle_steering_controller' build argument 'cmake_args' from command line to 'None'
[0.439s] Level 5:colcon.colcon_core.verb:set package 'bicycle_steering_controller' build argument 'cmake_target' from command line to 'None'
[0.439s] Level 5:colcon.colcon_core.verb:set package 'bicycle_steering_controller' build argument 'cmake_target_skip_unavailable' from command line to 'False'
[0.439s] Level 5:colcon.colcon_core.verb:set package 'bicycle_steering_controller' build argument 'cmake_clean_cache' from command line to 'False'
[0.439s] Level 5:colcon.colcon_core.verb:set package 'bicycle_steering_controller' build argument 'cmake_clean_first' from command line to 'False'
[0.439s] Level 5:colcon.colcon_core.verb:set package 'bicycle_steering_controller' build argument 'cmake_force_configure' from command line to 'False'
[0.439s] Level 5:colcon.colcon_core.verb:set package 'bicycle_steering_controller' build argument 'ament_cmake_args' from command line to 'None'
[0.439s] Level 5:colcon.colcon_core.verb:set package 'bicycle_steering_controller' build argument 'catkin_cmake_args' from command line to 'None'
[0.439s] Level 5:colcon.colcon_core.verb:set package 'bicycle_steering_controller' build argument 'catkin_skip_building_tests' from command line to 'False'
[0.439s] DEBUG:colcon.colcon_core.verb:Building package 'bicycle_steering_controller' with the following arguments: {'ament_cmake_args': None, 'build_base': '/home/farah/ws_farah/build/bicycle_steering_controller', 'catkin_cmake_args': None, 'catkin_skip_building_tests': False, 'cmake_args': None, 'cmake_clean_cache': False, 'cmake_clean_first': False, 'cmake_force_configure': False, 'cmake_target': None, 'cmake_target_skip_unavailable': False, 'install_base': '/home/farah/ws_farah/install/bicycle_steering_controller', 'merge_install': False, 'path': '/home/farah/ws_farah/src/ros2_controllers/bicycle_steering_controller', 'symlink_install': False, 'test_result_base': None}
[0.439s] Level 5:colcon.colcon_core.verb:set package 'effort_controllers' build argument 'cmake_args' from command line to 'None'
[0.439s] Level 5:colcon.colcon_core.verb:set package 'effort_controllers' build argument 'cmake_target' from command line to 'None'
[0.439s] Level 5:colcon.colcon_core.verb:set package 'effort_controllers' build argument 'cmake_target_skip_unavailable' from command line to 'False'
[0.439s] Level 5:colcon.colcon_core.verb:set package 'effort_controllers' build argument 'cmake_clean_cache' from command line to 'False'
[0.439s] Level 5:colcon.colcon_core.verb:set package 'effort_controllers' build argument 'cmake_clean_first' from command line to 'False'
[0.439s] Level 5:colcon.colcon_core.verb:set package 'effort_controllers' build argument 'cmake_force_configure' from command line to 'False'
[0.439s] Level 5:colcon.colcon_core.verb:set package 'effort_controllers' build argument 'ament_cmake_args' from command line to 'None'
[0.439s] Level 5:colcon.colcon_core.verb:set package 'effort_controllers' build argument 'catkin_cmake_args' from command line to 'None'
[0.439s] Level 5:colcon.colcon_core.verb:set package 'effort_controllers' build argument 'catkin_skip_building_tests' from command line to 'False'
[0.439s] DEBUG:colcon.colcon_core.verb:Building package 'effort_controllers' with the following arguments: {'ament_cmake_args': None, 'build_base': '/home/farah/ws_farah/build/effort_controllers', 'catkin_cmake_args': None, 'catkin_skip_building_tests': False, 'cmake_args': None, 'cmake_clean_cache': False, 'cmake_clean_first': False, 'cmake_force_configure': False, 'cmake_target': None, 'cmake_target_skip_unavailable': False, 'install_base': '/home/farah/ws_farah/install/effort_controllers', 'merge_install': False, 'path': '/home/farah/ws_farah/src/ros2_controllers/effort_controllers', 'symlink_install': False, 'test_result_base': None}
[0.439s] Level 5:colcon.colcon_core.verb:set package 'position_controllers' build argument 'cmake_args' from command line to 'None'
[0.440s] Level 5:colcon.colcon_core.verb:set package 'position_controllers' build argument 'cmake_target' from command line to 'None'
[0.440s] Level 5:colcon.colcon_core.verb:set package 'position_controllers' build argument 'cmake_target_skip_unavailable' from command line to 'False'
[0.440s] Level 5:colcon.colcon_core.verb:set package 'position_controllers' build argument 'cmake_clean_cache' from command line to 'False'
[0.440s] Level 5:colcon.colcon_core.verb:set package 'position_controllers' build argument 'cmake_clean_first' from command line to 'False'
[0.440s] Level 5:colcon.colcon_core.verb:set package 'position_controllers' build argument 'cmake_force_configure' from command line to 'False'
[0.440s] Level 5:colcon.colcon_core.verb:set package 'position_controllers' build argument 'ament_cmake_args' from command line to 'None'
[0.440s] Level 5:colcon.colcon_core.verb:set package 'position_controllers' build argument 'catkin_cmake_args' from command line to 'None'
[0.440s] Level 5:colcon.colcon_core.verb:set package 'position_controllers' build argument 'catkin_skip_building_tests' from command line to 'False'
[0.440s] DEBUG:colcon.colcon_core.verb:Building package 'position_controllers' with the following arguments: {'ament_cmake_args': None, 'build_base': '/home/farah/ws_farah/build/position_controllers', 'catkin_cmake_args': None, 'catkin_skip_building_tests': False, 'cmake_args': None, 'cmake_clean_cache': False, 'cmake_clean_first': False, 'cmake_force_configure': False, 'cmake_target': None, 'cmake_target_skip_unavailable': False, 'install_base': '/home/farah/ws_farah/install/position_controllers', 'merge_install': False, 'path': '/home/farah/ws_farah/src/ros2_controllers/position_controllers', 'symlink_install': False, 'test_result_base': None}
[0.440s] Level 5:colcon.colcon_core.verb:set package 'ros2_control_demo_example_1' build argument 'cmake_args' from command line to 'None'
[0.440s] Level 5:colcon.colcon_core.verb:set package 'ros2_control_demo_example_1' build argument 'cmake_target' from command line to 'None'
[0.440s] Level 5:colcon.colcon_core.verb:set package 'ros2_control_demo_example_1' build argument 'cmake_target_skip_unavailable' from command line to 'False'
[0.440s] Level 5:colcon.colcon_core.verb:set package 'ros2_control_demo_example_1' build argument 'cmake_clean_cache' from command line to 'False'
[0.440s] Level 5:colcon.colcon_core.verb:set package 'ros2_control_demo_example_1' build argument 'cmake_clean_first' from command line to 'False'
[0.440s] Level 5:colcon.colcon_core.verb:set package 'ros2_control_demo_example_1' build argument 'cmake_force_configure' from command line to 'False'
[0.440s] Level 5:colcon.colcon_core.verb:set package 'ros2_control_demo_example_1' build argument 'ament_cmake_args' from command line to 'None'
[0.440s] Level 5:colcon.colcon_core.verb:set package 'ros2_control_demo_example_1' build argument 'catkin_cmake_args' from command line to 'None'
[0.440s] Level 5:colcon.colcon_core.verb:set package 'ros2_control_demo_example_1' build argument 'catkin_skip_building_tests' from command line to 'False'
[0.440s] DEBUG:colcon.colcon_core.verb:Building package 'ros2_control_demo_example_1' with the following arguments: {'ament_cmake_args': None, 'build_base': '/home/farah/ws_farah/build/ros2_control_demo_example_1', 'catkin_cmake_args': None, 'catkin_skip_building_tests': False, 'cmake_args': None, 'cmake_clean_cache': False, 'cmake_clean_first': False, 'cmake_force_configure': False, 'cmake_target': None, 'cmake_target_skip_unavailable': False, 'install_base': '/home/farah/ws_farah/install/ros2_control_demo_example_1', 'merge_install': False, 'path': '/home/farah/ws_farah/src/ros2_control_demos/example_1', 'symlink_install': False, 'test_result_base': None}
[0.440s] Level 5:colcon.colcon_core.verb:set package 'ros2_control_demo_example_10' build argument 'cmake_args' from command line to 'None'
[0.440s] Level 5:colcon.colcon_core.verb:set package 'ros2_control_demo_example_10' build argument 'cmake_target' from command line to 'None'
[0.440s] Level 5:colcon.colcon_core.verb:set package 'ros2_control_demo_example_10' build argument 'cmake_target_skip_unavailable' from command line to 'False'
[0.441s] Level 5:colcon.colcon_core.verb:set package 'ros2_control_demo_example_10' build argument 'cmake_clean_cache' from command line to 'False'
[0.441s] Level 5:colcon.colcon_core.verb:set package 'ros2_control_demo_example_10' build argument 'cmake_clean_first' from command line to 'False'
[0.441s] Level 5:colcon.colcon_core.verb:set package 'ros2_control_demo_example_10' build argument 'cmake_force_configure' from command line to 'False'
[0.441s] Level 5:colcon.colcon_core.verb:set package 'ros2_control_demo_example_10' build argument 'ament_cmake_args' from command line to 'None'
[0.441s] Level 5:colcon.colcon_core.verb:set package 'ros2_control_demo_example_10' build argument 'catkin_cmake_args' from command line to 'None'
[0.441s] Level 5:colcon.colcon_core.verb:set package 'ros2_control_demo_example_10' build argument 'catkin_skip_building_tests' from command line to 'False'
[0.441s] DEBUG:colcon.colcon_core.verb:Building package 'ros2_control_demo_example_10' with the following arguments: {'ament_cmake_args': None, 'build_base': '/home/farah/ws_farah/build/ros2_control_demo_example_10', 'catkin_cmake_args': None, 'catkin_skip_building_tests': False, 'cmake_args': None, 'cmake_clean_cache': False, 'cmake_clean_first': False, 'cmake_force_configure': False, 'cmake_target': None, 'cmake_target_skip_unavailable': False, 'install_base': '/home/farah/ws_farah/install/ros2_control_demo_example_10', 'merge_install': False, 'path': '/home/farah/ws_farah/src/ros2_control_demos/example_10', 'symlink_install': False, 'test_result_base': None}
[0.441s] Level 5:colcon.colcon_core.verb:set package 'ros2_control_demo_example_12' build argument 'cmake_args' from command line to 'None'
[0.441s] Level 5:colcon.colcon_core.verb:set package 'ros2_control_demo_example_12' build argument 'cmake_target' from command line to 'None'
[0.441s] Level 5:colcon.colcon_core.verb:set package 'ros2_control_demo_example_12' build argument 'cmake_target_skip_unavailable' from command line to 'False'
[0.441s] Level 5:colcon.colcon_core.verb:set package 'ros2_control_demo_example_12' build argument 'cmake_clean_cache' from command line to 'False'
[0.441s] Level 5:colcon.colcon_core.verb:set package 'ros2_control_demo_example_12' build argument 'cmake_clean_first' from command line to 'False'
[0.441s] Level 5:colcon.colcon_core.verb:set package 'ros2_control_demo_example_12' build argument 'cmake_force_configure' from command line to 'False'
[0.441s] Level 5:colcon.colcon_core.verb:set package 'ros2_control_demo_example_12' build argument 'ament_cmake_args' from command line to 'None'
[0.441s] Level 5:colcon.colcon_core.verb:set package 'ros2_control_demo_example_12' build argument 'catkin_cmake_args' from command line to 'None'
[0.441s] Level 5:colcon.colcon_core.verb:set package 'ros2_control_demo_example_12' build argument 'catkin_skip_building_tests' from command line to 'False'
[0.441s] DEBUG:colcon.colcon_core.verb:Building package 'ros2_control_demo_example_12' with the following arguments: {'ament_cmake_args': None, 'build_base': '/home/farah/ws_farah/build/ros2_control_demo_example_12', 'catkin_cmake_args': None, 'catkin_skip_building_tests': False, 'cmake_args': None, 'cmake_clean_cache': False, 'cmake_clean_first': False, 'cmake_force_configure': False, 'cmake_target': None, 'cmake_target_skip_unavailable': False, 'install_base': '/home/farah/ws_farah/install/ros2_control_demo_example_12', 'merge_install': False, 'path': '/home/farah/ws_farah/src/ros2_control_demos/example_12', 'symlink_install': False, 'test_result_base': None}
[0.441s] Level 5:colcon.colcon_core.verb:set package 'ros2_control_demo_example_14' build argument 'cmake_args' from command line to 'None'
[0.441s] Level 5:colcon.colcon_core.verb:set package 'ros2_control_demo_example_14' build argument 'cmake_target' from command line to 'None'
[0.441s] Level 5:colcon.colcon_core.verb:set package 'ros2_control_demo_example_14' build argument 'cmake_target_skip_unavailable' from command line to 'False'
[0.441s] Level 5:colcon.colcon_core.verb:set package 'ros2_control_demo_example_14' build argument 'cmake_clean_cache' from command line to 'False'
[0.441s] Level 5:colcon.colcon_core.verb:set package 'ros2_control_demo_example_14' build argument 'cmake_clean_first' from command line to 'False'
[0.441s] Level 5:colcon.colcon_core.verb:set package 'ros2_control_demo_example_14' build argument 'cmake_force_configure' from command line to 'False'
[0.442s] Level 5:colcon.colcon_core.verb:set package 'ros2_control_demo_example_14' build argument 'ament_cmake_args' from command line to 'None'
[0.442s] Level 5:colcon.colcon_core.verb:set package 'ros2_control_demo_example_14' build argument 'catkin_cmake_args' from command line to 'None'
[0.442s] Level 5:colcon.colcon_core.verb:set package 'ros2_control_demo_example_14' build argument 'catkin_skip_building_tests' from command line to 'False'
[0.442s] DEBUG:colcon.colcon_core.verb:Building package 'ros2_control_demo_example_14' with the following arguments: {'ament_cmake_args': None, 'build_base': '/home/farah/ws_farah/build/ros2_control_demo_example_14', 'catkin_cmake_args': None, 'catkin_skip_building_tests': False, 'cmake_args': None, 'cmake_clean_cache': False, 'cmake_clean_first': False, 'cmake_force_configure': False, 'cmake_target': None, 'cmake_target_skip_unavailable': False, 'install_base': '/home/farah/ws_farah/install/ros2_control_demo_example_14', 'merge_install': False, 'path': '/home/farah/ws_farah/src/ros2_control_demos/example_14', 'symlink_install': False, 'test_result_base': None}
[0.442s] Level 5:colcon.colcon_core.verb:set package 'ros2_control_demo_example_2' build argument 'cmake_args' from command line to 'None'
[0.442s] Level 5:colcon.colcon_core.verb:set package 'ros2_control_demo_example_2' build argument 'cmake_target' from command line to 'None'
[0.442s] Level 5:colcon.colcon_core.verb:set package 'ros2_control_demo_example_2' build argument 'cmake_target_skip_unavailable' from command line to 'False'
[0.442s] Level 5:colcon.colcon_core.verb:set package 'ros2_control_demo_example_2' build argument 'cmake_clean_cache' from command line to 'False'
[0.442s] Level 5:colcon.colcon_core.verb:set package 'ros2_control_demo_example_2' build argument 'cmake_clean_first' from command line to 'False'
[0.442s] Level 5:colcon.colcon_core.verb:set package 'ros2_control_demo_example_2' build argument 'cmake_force_configure' from command line to 'False'
[0.442s] Level 5:colcon.colcon_core.verb:set package 'ros2_control_demo_example_2' build argument 'ament_cmake_args' from command line to 'None'
[0.442s] Level 5:colcon.colcon_core.verb:set package 'ros2_control_demo_example_2' build argument 'catkin_cmake_args' from command line to 'None'
[0.442s] Level 5:colcon.colcon_core.verb:set package 'ros2_control_demo_example_2' build argument 'catkin_skip_building_tests' from command line to 'False'
[0.442s] DEBUG:colcon.colcon_core.verb:Building package 'ros2_control_demo_example_2' with the following arguments: {'ament_cmake_args': None, 'build_base': '/home/farah/ws_farah/build/ros2_control_demo_example_2', 'catkin_cmake_args': None, 'catkin_skip_building_tests': False, 'cmake_args': None, 'cmake_clean_cache': False, 'cmake_clean_first': False, 'cmake_force_configure': False, 'cmake_target': None, 'cmake_target_skip_unavailable': False, 'install_base': '/home/farah/ws_farah/install/ros2_control_demo_example_2', 'merge_install': False, 'path': '/home/farah/ws_farah/src/ros2_control_demos/example_2', 'symlink_install': False, 'test_result_base': None}
[0.442s] Level 5:colcon.colcon_core.verb:set package 'ros2_control_demo_example_4' build argument 'cmake_args' from command line to 'None'
[0.442s] Level 5:colcon.colcon_core.verb:set package 'ros2_control_demo_example_4' build argument 'cmake_target' from command line to 'None'
[0.442s] Level 5:colcon.colcon_core.verb:set package 'ros2_control_demo_example_4' build argument 'cmake_target_skip_unavailable' from command line to 'False'
[0.442s] Level 5:colcon.colcon_core.verb:set package 'ros2_control_demo_example_4' build argument 'cmake_clean_cache' from command line to 'False'
[0.442s] Level 5:colcon.colcon_core.verb:set package 'ros2_control_demo_example_4' build argument 'cmake_clean_first' from command line to 'False'
[0.442s] Level 5:colcon.colcon_core.verb:set package 'ros2_control_demo_example_4' build argument 'cmake_force_configure' from command line to 'False'
[0.442s] Level 5:colcon.colcon_core.verb:set package 'ros2_control_demo_example_4' build argument 'ament_cmake_args' from command line to 'None'
[0.442s] Level 5:colcon.colcon_core.verb:set package 'ros2_control_demo_example_4' build argument 'catkin_cmake_args' from command line to 'None'
[0.442s] Level 5:colcon.colcon_core.verb:set package 'ros2_control_demo_example_4' build argument 'catkin_skip_building_tests' from command line to 'False'
[0.443s] DEBUG:colcon.colcon_core.verb:Building package 'ros2_control_demo_example_4' with the following arguments: {'ament_cmake_args': None, 'build_base': '/home/farah/ws_farah/build/ros2_control_demo_example_4', 'catkin_cmake_args': None, 'catkin_skip_building_tests': False, 'cmake_args': None, 'cmake_clean_cache': False, 'cmake_clean_first': False, 'cmake_force_configure': False, 'cmake_target': None, 'cmake_target_skip_unavailable': False, 'install_base': '/home/farah/ws_farah/install/ros2_control_demo_example_4', 'merge_install': False, 'path': '/home/farah/ws_farah/src/ros2_control_demos/example_4', 'symlink_install': False, 'test_result_base': None}
[0.443s] Level 5:colcon.colcon_core.verb:set package 'ros2_control_demo_example_5' build argument 'cmake_args' from command line to 'None'
[0.443s] Level 5:colcon.colcon_core.verb:set package 'ros2_control_demo_example_5' build argument 'cmake_target' from command line to 'None'
[0.443s] Level 5:colcon.colcon_core.verb:set package 'ros2_control_demo_example_5' build argument 'cmake_target_skip_unavailable' from command line to 'False'
[0.443s] Level 5:colcon.colcon_core.verb:set package 'ros2_control_demo_example_5' build argument 'cmake_clean_cache' from command line to 'False'
[0.443s] Level 5:colcon.colcon_core.verb:set package 'ros2_control_demo_example_5' build argument 'cmake_clean_first' from command line to 'False'
[0.443s] Level 5:colcon.colcon_core.verb:set package 'ros2_control_demo_example_5' build argument 'cmake_force_configure' from command line to 'False'
[0.443s] Level 5:colcon.colcon_core.verb:set package 'ros2_control_demo_example_5' build argument 'ament_cmake_args' from command line to 'None'
[0.443s] Level 5:colcon.colcon_core.verb:set package 'ros2_control_demo_example_5' build argument 'catkin_cmake_args' from command line to 'None'
[0.443s] Level 5:colcon.colcon_core.verb:set package 'ros2_control_demo_example_5' build argument 'catkin_skip_building_tests' from command line to 'False'
[0.443s] DEBUG:colcon.colcon_core.verb:Building package 'ros2_control_demo_example_5' with the following arguments: {'ament_cmake_args': None, 'build_base': '/home/farah/ws_farah/build/ros2_control_demo_example_5', 'catkin_cmake_args': None, 'catkin_skip_building_tests': False, 'cmake_args': None, 'cmake_clean_cache': False, 'cmake_clean_first': False, 'cmake_force_configure': False, 'cmake_target': None, 'cmake_target_skip_unavailable': False, 'install_base': '/home/farah/ws_farah/install/ros2_control_demo_example_5', 'merge_install': False, 'path': '/home/farah/ws_farah/src/ros2_control_demos/example_5', 'symlink_install': False, 'test_result_base': None}
[0.443s] Level 5:colcon.colcon_core.verb:set package 'ros2_control_demo_example_6' build argument 'cmake_args' from command line to 'None'
[0.443s] Level 5:colcon.colcon_core.verb:set package 'ros2_control_demo_example_6' build argument 'cmake_target' from command line to 'None'
[0.443s] Level 5:colcon.colcon_core.verb:set package 'ros2_control_demo_example_6' build argument 'cmake_target_skip_unavailable' from command line to 'False'
[0.443s] Level 5:colcon.colcon_core.verb:set package 'ros2_control_demo_example_6' build argument 'cmake_clean_cache' from command line to 'False'
[0.443s] Level 5:colcon.colcon_core.verb:set package 'ros2_control_demo_example_6' build argument 'cmake_clean_first' from command line to 'False'
[0.443s] Level 5:colcon.colcon_core.verb:set package 'ros2_control_demo_example_6' build argument 'cmake_force_configure' from command line to 'False'
[0.443s] Level 5:colcon.colcon_core.verb:set package 'ros2_control_demo_example_6' build argument 'ament_cmake_args' from command line to 'None'
[0.443s] Level 5:colcon.colcon_core.verb:set package 'ros2_control_demo_example_6' build argument 'catkin_cmake_args' from command line to 'None'
[0.443s] Level 5:colcon.colcon_core.verb:set package 'ros2_control_demo_example_6' build argument 'catkin_skip_building_tests' from command line to 'False'
[0.443s] DEBUG:colcon.colcon_core.verb:Building package 'ros2_control_demo_example_6' with the following arguments: {'ament_cmake_args': None, 'build_base': '/home/farah/ws_farah/build/ros2_control_demo_example_6', 'catkin_cmake_args': None, 'catkin_skip_building_tests': False, 'cmake_args': None, 'cmake_clean_cache': False, 'cmake_clean_first': False, 'cmake_force_configure': False, 'cmake_target': None, 'cmake_target_skip_unavailable': False, 'install_base': '/home/farah/ws_farah/install/ros2_control_demo_example_6', 'merge_install': False, 'path': '/home/farah/ws_farah/src/ros2_control_demos/example_6', 'symlink_install': False, 'test_result_base': None}
[0.444s] Level 5:colcon.colcon_core.verb:set package 'ros2_control_demo_example_7' build argument 'cmake_args' from command line to 'None'
[0.444s] Level 5:colcon.colcon_core.verb:set package 'ros2_control_demo_example_7' build argument 'cmake_target' from command line to 'None'
[0.444s] Level 5:colcon.colcon_core.verb:set package 'ros2_control_demo_example_7' build argument 'cmake_target_skip_unavailable' from command line to 'False'
[0.444s] Level 5:colcon.colcon_core.verb:set package 'ros2_control_demo_example_7' build argument 'cmake_clean_cache' from command line to 'False'
[0.444s] Level 5:colcon.colcon_core.verb:set package 'ros2_control_demo_example_7' build argument 'cmake_clean_first' from command line to 'False'
[0.444s] Level 5:colcon.colcon_core.verb:set package 'ros2_control_demo_example_7' build argument 'cmake_force_configure' from command line to 'False'
[0.444s] Level 5:colcon.colcon_core.verb:set package 'ros2_control_demo_example_7' build argument 'ament_cmake_args' from command line to 'None'
[0.444s] Level 5:colcon.colcon_core.verb:set package 'ros2_control_demo_example_7' build argument 'catkin_cmake_args' from command line to 'None'
[0.444s] Level 5:colcon.colcon_core.verb:set package 'ros2_control_demo_example_7' build argument 'catkin_skip_building_tests' from command line to 'False'
[0.444s] DEBUG:colcon.colcon_core.verb:Building package 'ros2_control_demo_example_7' with the following arguments: {'ament_cmake_args': None, 'build_base': '/home/farah/ws_farah/build/ros2_control_demo_example_7', 'catkin_cmake_args': None, 'catkin_skip_building_tests': False, 'cmake_args': None, 'cmake_clean_cache': False, 'cmake_clean_first': False, 'cmake_force_configure': False, 'cmake_target': None, 'cmake_target_skip_unavailable': False, 'install_base': '/home/farah/ws_farah/install/ros2_control_demo_example_7', 'merge_install': False, 'path': '/home/farah/ws_farah/src/ros2_control_demos/example_7', 'symlink_install': False, 'test_result_base': None}
[0.444s] Level 5:colcon.colcon_core.verb:set package 'ros2_control_demo_example_8' build argument 'cmake_args' from command line to 'None'
[0.444s] Level 5:colcon.colcon_core.verb:set package 'ros2_control_demo_example_8' build argument 'cmake_target' from command line to 'None'
[0.444s] Level 5:colcon.colcon_core.verb:set package 'ros2_control_demo_example_8' build argument 'cmake_target_skip_unavailable' from command line to 'False'
[0.444s] Level 5:colcon.colcon_core.verb:set package 'ros2_control_demo_example_8' build argument 'cmake_clean_cache' from command line to 'False'
[0.444s] Level 5:colcon.colcon_core.verb:set package 'ros2_control_demo_example_8' build argument 'cmake_clean_first' from command line to 'False'
[0.444s] Level 5:colcon.colcon_core.verb:set package 'ros2_control_demo_example_8' build argument 'cmake_force_configure' from command line to 'False'
[0.444s] Level 5:colcon.colcon_core.verb:set package 'ros2_control_demo_example_8' build argument 'ament_cmake_args' from command line to 'None'
[0.444s] Level 5:colcon.colcon_core.verb:set package 'ros2_control_demo_example_8' build argument 'catkin_cmake_args' from command line to 'None'
[0.444s] Level 5:colcon.colcon_core.verb:set package 'ros2_control_demo_example_8' build argument 'catkin_skip_building_tests' from command line to 'False'
[0.444s] DEBUG:colcon.colcon_core.verb:Building package 'ros2_control_demo_example_8' with the following arguments: {'ament_cmake_args': None, 'build_base': '/home/farah/ws_farah/build/ros2_control_demo_example_8', 'catkin_cmake_args': None, 'catkin_skip_building_tests': False, 'cmake_args': None, 'cmake_clean_cache': False, 'cmake_clean_first': False, 'cmake_force_configure': False, 'cmake_target': None, 'cmake_target_skip_unavailable': False, 'install_base': '/home/farah/ws_farah/install/ros2_control_demo_example_8', 'merge_install': False, 'path': '/home/farah/ws_farah/src/ros2_control_demos/example_8', 'symlink_install': False, 'test_result_base': None}
[0.445s] Level 5:colcon.colcon_core.verb:set package 'ros2_control_demo_example_9' build argument 'cmake_args' from command line to 'None'
[0.445s] Level 5:colcon.colcon_core.verb:set package 'ros2_control_demo_example_9' build argument 'cmake_target' from command line to 'None'
[0.445s] Level 5:colcon.colcon_core.verb:set package 'ros2_control_demo_example_9' build argument 'cmake_target_skip_unavailable' from command line to 'False'
[0.445s] Level 5:colcon.colcon_core.verb:set package 'ros2_control_demo_example_9' build argument 'cmake_clean_cache' from command line to 'False'
[0.445s] Level 5:colcon.colcon_core.verb:set package 'ros2_control_demo_example_9' build argument 'cmake_clean_first' from command line to 'False'
[0.445s] Level 5:colcon.colcon_core.verb:set package 'ros2_control_demo_example_9' build argument 'cmake_force_configure' from command line to 'False'
[0.445s] Level 5:colcon.colcon_core.verb:set package 'ros2_control_demo_example_9' build argument 'ament_cmake_args' from command line to 'None'
[0.445s] Level 5:colcon.colcon_core.verb:set package 'ros2_control_demo_example_9' build argument 'catkin_cmake_args' from command line to 'None'
[0.445s] Level 5:colcon.colcon_core.verb:set package 'ros2_control_demo_example_9' build argument 'catkin_skip_building_tests' from command line to 'False'
[0.445s] DEBUG:colcon.colcon_core.verb:Building package 'ros2_control_demo_example_9' with the following arguments: {'ament_cmake_args': None, 'build_base': '/home/farah/ws_farah/build/ros2_control_demo_example_9', 'catkin_cmake_args': None, 'catkin_skip_building_tests': False, 'cmake_args': None, 'cmake_clean_cache': False, 'cmake_clean_first': False, 'cmake_force_configure': False, 'cmake_target': None, 'cmake_target_skip_unavailable': False, 'install_base': '/home/farah/ws_farah/install/ros2_control_demo_example_9', 'merge_install': False, 'path': '/home/farah/ws_farah/src/ros2_control_demos/example_9', 'symlink_install': False, 'test_result_base': None}
[0.445s] Level 5:colcon.colcon_core.verb:set package 'tricycle_steering_controller' build argument 'cmake_args' from command line to 'None'
[0.445s] Level 5:colcon.colcon_core.verb:set package 'tricycle_steering_controller' build argument 'cmake_target' from command line to 'None'
[0.445s] Level 5:colcon.colcon_core.verb:set package 'tricycle_steering_controller' build argument 'cmake_target_skip_unavailable' from command line to 'False'
[0.445s] Level 5:colcon.colcon_core.verb:set package 'tricycle_steering_controller' build argument 'cmake_clean_cache' from command line to 'False'
[0.445s] Level 5:colcon.colcon_core.verb:set package 'tricycle_steering_controller' build argument 'cmake_clean_first' from command line to 'False'
[0.445s] Level 5:colcon.colcon_core.verb:set package 'tricycle_steering_controller' build argument 'cmake_force_configure' from command line to 'False'
[0.445s] Level 5:colcon.colcon_core.verb:set package 'tricycle_steering_controller' build argument 'ament_cmake_args' from command line to 'None'
[0.445s] Level 5:colcon.colcon_core.verb:set package 'tricycle_steering_controller' build argument 'catkin_cmake_args' from command line to 'None'
[0.445s] Level 5:colcon.colcon_core.verb:set package 'tricycle_steering_controller' build argument 'catkin_skip_building_tests' from command line to 'False'
[0.445s] DEBUG:colcon.colcon_core.verb:Building package 'tricycle_steering_controller' with the following arguments: {'ament_cmake_args': None, 'build_base': '/home/farah/ws_farah/build/tricycle_steering_controller', 'catkin_cmake_args': None, 'catkin_skip_building_tests': False, 'cmake_args': None, 'cmake_clean_cache': False, 'cmake_clean_first': False, 'cmake_force_configure': False, 'cmake_target': None, 'cmake_target_skip_unavailable': False, 'install_base': '/home/farah/ws_farah/install/tricycle_steering_controller', 'merge_install': False, 'path': '/home/farah/ws_farah/src/ros2_controllers/tricycle_steering_controller', 'symlink_install': False, 'test_result_base': None}
[0.446s] Level 5:colcon.colcon_core.verb:set package 'velocity_controllers' build argument 'cmake_args' from command line to 'None'
[0.446s] Level 5:colcon.colcon_core.verb:set package 'velocity_controllers' build argument 'cmake_target' from command line to 'None'
[0.446s] Level 5:colcon.colcon_core.verb:set package 'velocity_controllers' build argument 'cmake_target_skip_unavailable' from command line to 'False'
[0.446s] Level 5:colcon.colcon_core.verb:set package 'velocity_controllers' build argument 'cmake_clean_cache' from command line to 'False'
[0.446s] Level 5:colcon.colcon_core.verb:set package 'velocity_controllers' build argument 'cmake_clean_first' from command line to 'False'
[0.446s] Level 5:colcon.colcon_core.verb:set package 'velocity_controllers' build argument 'cmake_force_configure' from command line to 'False'
[0.446s] Level 5:colcon.colcon_core.verb:set package 'velocity_controllers' build argument 'ament_cmake_args' from command line to 'None'
[0.446s] Level 5:colcon.colcon_core.verb:set package 'velocity_controllers' build argument 'catkin_cmake_args' from command line to 'None'
[0.446s] Level 5:colcon.colcon_core.verb:set package 'velocity_controllers' build argument 'catkin_skip_building_tests' from command line to 'False'
[0.446s] DEBUG:colcon.colcon_core.verb:Building package 'velocity_controllers' with the following arguments: {'ament_cmake_args': None, 'build_base': '/home/farah/ws_farah/build/velocity_controllers', 'catkin_cmake_args': None, 'catkin_skip_building_tests': False, 'cmake_args': None, 'cmake_clean_cache': False, 'cmake_clean_first': False, 'cmake_force_configure': False, 'cmake_target': None, 'cmake_target_skip_unavailable': False, 'install_base': '/home/farah/ws_farah/install/velocity_controllers', 'merge_install': False, 'path': '/home/farah/ws_farah/src/ros2_controllers/velocity_controllers', 'symlink_install': False, 'test_result_base': None}
[0.446s] Level 5:colcon.colcon_core.verb:set package 'ros2_control_demo_example_11' build argument 'cmake_args' from command line to 'None'
[0.446s] Level 5:colcon.colcon_core.verb:set package 'ros2_control_demo_example_11' build argument 'cmake_target' from command line to 'None'
[0.446s] Level 5:colcon.colcon_core.verb:set package 'ros2_control_demo_example_11' build argument 'cmake_target_skip_unavailable' from command line to 'False'
[0.446s] Level 5:colcon.colcon_core.verb:set package 'ros2_control_demo_example_11' build argument 'cmake_clean_cache' from command line to 'False'
[0.446s] Level 5:colcon.colcon_core.verb:set package 'ros2_control_demo_example_11' build argument 'cmake_clean_first' from command line to 'False'
[0.446s] Level 5:colcon.colcon_core.verb:set package 'ros2_control_demo_example_11' build argument 'cmake_force_configure' from command line to 'False'
[0.446s] Level 5:colcon.colcon_core.verb:set package 'ros2_control_demo_example_11' build argument 'ament_cmake_args' from command line to 'None'
[0.446s] Level 5:colcon.colcon_core.verb:set package 'ros2_control_demo_example_11' build argument 'catkin_cmake_args' from command line to 'None'
[0.446s] Level 5:colcon.colcon_core.verb:set package 'ros2_control_demo_example_11' build argument 'catkin_skip_building_tests' from command line to 'False'
[0.446s] DEBUG:colcon.colcon_core.verb:Building package 'ros2_control_demo_example_11' with the following arguments: {'ament_cmake_args': None, 'build_base': '/home/farah/ws_farah/build/ros2_control_demo_example_11', 'catkin_cmake_args': None, 'catkin_skip_building_tests': False, 'cmake_args': None, 'cmake_clean_cache': False, 'cmake_clean_first': False, 'cmake_force_configure': False, 'cmake_target': None, 'cmake_target_skip_unavailable': False, 'install_base': '/home/farah/ws_farah/install/ros2_control_demo_example_11', 'merge_install': False, 'path': '/home/farah/ws_farah/src/ros2_control_demos/example_11', 'symlink_install': False, 'test_result_base': None}
[0.447s] Level 5:colcon.colcon_core.verb:set package 'ros2_control_demo_example_13' build argument 'cmake_args' from command line to 'None'
[0.447s] Level 5:colcon.colcon_core.verb:set package 'ros2_control_demo_example_13' build argument 'cmake_target' from command line to 'None'
[0.447s] Level 5:colcon.colcon_core.verb:set package 'ros2_control_demo_example_13' build argument 'cmake_target_skip_unavailable' from command line to 'False'
[0.447s] Level 5:colcon.colcon_core.verb:set package 'ros2_control_demo_example_13' build argument 'cmake_clean_cache' from command line to 'False'
[0.447s] Level 5:colcon.colcon_core.verb:set package 'ros2_control_demo_example_13' build argument 'cmake_clean_first' from command line to 'False'
[0.447s] Level 5:colcon.colcon_core.verb:set package 'ros2_control_demo_example_13' build argument 'cmake_force_configure' from command line to 'False'
[0.447s] Level 5:colcon.colcon_core.verb:set package 'ros2_control_demo_example_13' build argument 'ament_cmake_args' from command line to 'None'
[0.447s] Level 5:colcon.colcon_core.verb:set package 'ros2_control_demo_example_13' build argument 'catkin_cmake_args' from command line to 'None'
[0.447s] Level 5:colcon.colcon_core.verb:set package 'ros2_control_demo_example_13' build argument 'catkin_skip_building_tests' from command line to 'False'
[0.447s] DEBUG:colcon.colcon_core.verb:Building package 'ros2_control_demo_example_13' with the following arguments: {'ament_cmake_args': None, 'build_base': '/home/farah/ws_farah/build/ros2_control_demo_example_13', 'catkin_cmake_args': None, 'catkin_skip_building_tests': False, 'cmake_args': None, 'cmake_clean_cache': False, 'cmake_clean_first': False, 'cmake_force_configure': False, 'cmake_target': None, 'cmake_target_skip_unavailable': False, 'install_base': '/home/farah/ws_farah/install/ros2_control_demo_example_13', 'merge_install': False, 'path': '/home/farah/ws_farah/src/ros2_control_demos/example_13', 'symlink_install': False, 'test_result_base': None}
[0.447s] Level 5:colcon.colcon_core.verb:set package 'ros2_control_demo_example_15' build argument 'cmake_args' from command line to 'None'
[0.447s] Level 5:colcon.colcon_core.verb:set package 'ros2_control_demo_example_15' build argument 'cmake_target' from command line to 'None'
[0.447s] Level 5:colcon.colcon_core.verb:set package 'ros2_control_demo_example_15' build argument 'cmake_target_skip_unavailable' from command line to 'False'
[0.447s] Level 5:colcon.colcon_core.verb:set package 'ros2_control_demo_example_15' build argument 'cmake_clean_cache' from command line to 'False'
[0.447s] Level 5:colcon.colcon_core.verb:set package 'ros2_control_demo_example_15' build argument 'cmake_clean_first' from command line to 'False'
[0.447s] Level 5:colcon.colcon_core.verb:set package 'ros2_control_demo_example_15' build argument 'cmake_force_configure' from command line to 'False'
[0.447s] Level 5:colcon.colcon_core.verb:set package 'ros2_control_demo_example_15' build argument 'ament_cmake_args' from command line to 'None'
[0.447s] Level 5:colcon.colcon_core.verb:set package 'ros2_control_demo_example_15' build argument 'catkin_cmake_args' from command line to 'None'
[0.447s] Level 5:colcon.colcon_core.verb:set package 'ros2_control_demo_example_15' build argument 'catkin_skip_building_tests' from command line to 'False'
[0.447s] DEBUG:colcon.colcon_core.verb:Building package 'ros2_control_demo_example_15' with the following arguments: {'ament_cmake_args': None, 'build_base': '/home/farah/ws_farah/build/ros2_control_demo_example_15', 'catkin_cmake_args': None, 'catkin_skip_building_tests': False, 'cmake_args': None, 'cmake_clean_cache': False, 'cmake_clean_first': False, 'cmake_force_configure': False, 'cmake_target': None, 'cmake_target_skip_unavailable': False, 'install_base': '/home/farah/ws_farah/install/ros2_control_demo_example_15', 'merge_install': False, 'path': '/home/farah/ws_farah/src/ros2_control_demos/example_15', 'symlink_install': False, 'test_result_base': None}
[0.448s] Level 5:colcon.colcon_core.verb:set package 'ros2_control_demo_example_3' build argument 'cmake_args' from command line to 'None'
[0.448s] Level 5:colcon.colcon_core.verb:set package 'ros2_control_demo_example_3' build argument 'cmake_target' from command line to 'None'
[0.448s] Level 5:colcon.colcon_core.verb:set package 'ros2_control_demo_example_3' build argument 'cmake_target_skip_unavailable' from command line to 'False'
[0.448s] Level 5:colcon.colcon_core.verb:set package 'ros2_control_demo_example_3' build argument 'cmake_clean_cache' from command line to 'False'
[0.448s] Level 5:colcon.colcon_core.verb:set package 'ros2_control_demo_example_3' build argument 'cmake_clean_first' from command line to 'False'
[0.448s] Level 5:colcon.colcon_core.verb:set package 'ros2_control_demo_example_3' build argument 'cmake_force_configure' from command line to 'False'
[0.448s] Level 5:colcon.colcon_core.verb:set package 'ros2_control_demo_example_3' build argument 'ament_cmake_args' from command line to 'None'
[0.448s] Level 5:colcon.colcon_core.verb:set package 'ros2_control_demo_example_3' build argument 'catkin_cmake_args' from command line to 'None'
[0.448s] Level 5:colcon.colcon_core.verb:set package 'ros2_control_demo_example_3' build argument 'catkin_skip_building_tests' from command line to 'False'
[0.448s] DEBUG:colcon.colcon_core.verb:Building package 'ros2_control_demo_example_3' with the following arguments: {'ament_cmake_args': None, 'build_base': '/home/farah/ws_farah/build/ros2_control_demo_example_3', 'catkin_cmake_args': None, 'catkin_skip_building_tests': False, 'cmake_args': None, 'cmake_clean_cache': False, 'cmake_clean_first': False, 'cmake_force_configure': False, 'cmake_target': None, 'cmake_target_skip_unavailable': False, 'install_base': '/home/farah/ws_farah/install/ros2_control_demo_example_3', 'merge_install': False, 'path': '/home/farah/ws_farah/src/ros2_control_demos/example_3', 'symlink_install': False, 'test_result_base': None}
[0.448s] Level 5:colcon.colcon_core.verb:set package 'ros2_controllers' build argument 'cmake_args' from command line to 'None'
[0.448s] Level 5:colcon.colcon_core.verb:set package 'ros2_controllers' build argument 'cmake_target' from command line to 'None'
[0.448s] Level 5:colcon.colcon_core.verb:set package 'ros2_controllers' build argument 'cmake_target_skip_unavailable' from command line to 'False'
[0.448s] Level 5:colcon.colcon_core.verb:set package 'ros2_controllers' build argument 'cmake_clean_cache' from command line to 'False'
[0.448s] Level 5:colcon.colcon_core.verb:set package 'ros2_controllers' build argument 'cmake_clean_first' from command line to 'False'
[0.448s] Level 5:colcon.colcon_core.verb:set package 'ros2_controllers' build argument 'cmake_force_configure' from command line to 'False'
[0.448s] Level 5:colcon.colcon_core.verb:set package 'ros2_controllers' build argument 'ament_cmake_args' from command line to 'None'
[0.448s] Level 5:colcon.colcon_core.verb:set package 'ros2_controllers' build argument 'catkin_cmake_args' from command line to 'None'
[0.448s] Level 5:colcon.colcon_core.verb:set package 'ros2_controllers' build argument 'catkin_skip_building_tests' from command line to 'False'
[0.448s] DEBUG:colcon.colcon_core.verb:Building package 'ros2_controllers' with the following arguments: {'ament_cmake_args': None, 'build_base': '/home/farah/ws_farah/build/ros2_controllers', 'catkin_cmake_args': None, 'catkin_skip_building_tests': False, 'cmake_args': None, 'cmake_clean_cache': False, 'cmake_clean_first': False, 'cmake_force_configure': False, 'cmake_target': None, 'cmake_target_skip_unavailable': False, 'install_base': '/home/farah/ws_farah/install/ros2_controllers', 'merge_install': False, 'path': '/home/farah/ws_farah/src/ros2_controllers/ros2_controllers', 'symlink_install': False, 'test_result_base': None}
[0.449s] Level 5:colcon.colcon_core.verb:set package 'ros2_control_demos' build argument 'cmake_args' from command line to 'None'
[0.449s] Level 5:colcon.colcon_core.verb:set package 'ros2_control_demos' build argument 'cmake_target' from command line to 'None'
[0.449s] Level 5:colcon.colcon_core.verb:set package 'ros2_control_demos' build argument 'cmake_target_skip_unavailable' from command line to 'False'
[0.449s] Level 5:colcon.colcon_core.verb:set package 'ros2_control_demos' build argument 'cmake_clean_cache' from command line to 'False'
[0.449s] Level 5:colcon.colcon_core.verb:set package 'ros2_control_demos' build argument 'cmake_clean_first' from command line to 'False'
[0.449s] Level 5:colcon.colcon_core.verb:set package 'ros2_control_demos' build argument 'cmake_force_configure' from command line to 'False'
[0.449s] Level 5:colcon.colcon_core.verb:set package 'ros2_control_demos' build argument 'ament_cmake_args' from command line to 'None'
[0.449s] Level 5:colcon.colcon_core.verb:set package 'ros2_control_demos' build argument 'catkin_cmake_args' from command line to 'None'
[0.449s] Level 5:colcon.colcon_core.verb:set package 'ros2_control_demos' build argument 'catkin_skip_building_tests' from command line to 'False'
[0.449s] DEBUG:colcon.colcon_core.verb:Building package 'ros2_control_demos' with the following arguments: {'ament_cmake_args': None, 'build_base': '/home/farah/ws_farah/build/ros2_control_demos', 'catkin_cmake_args': None, 'catkin_skip_building_tests': False, 'cmake_args': None, 'cmake_clean_cache': False, 'cmake_clean_first': False, 'cmake_force_configure': False, 'cmake_target': None, 'cmake_target_skip_unavailable': False, 'install_base': '/home/farah/ws_farah/install/ros2_control_demos', 'merge_install': False, 'path': '/home/farah/ws_farah/src/ros2_control_demos/ros2_control_demos', 'symlink_install': False, 'test_result_base': None}
[0.449s] INFO:colcon.colcon_core.executor:Executing jobs using 'parallel' executor
[0.450s] DEBUG:colcon.colcon_parallel_executor.executor.parallel:run_until_complete
[0.451s] INFO:colcon.colcon_ros.task.ament_cmake.build:Building ROS package in '/home/farah/ws_farah/src/ros2_control/ros2_control_test_assets' with build type 'ament_cmake'
[0.451s] INFO:colcon.colcon_cmake.task.cmake.build:Building CMake package in '/home/farah/ws_farah/src/ros2_control/ros2_control_test_assets'
[0.454s] INFO:colcon.colcon_core.plugin_system:Skipping extension 'colcon_core.shell.bat': Not used on non-Windows systems
[0.454s] INFO:colcon.colcon_core.shell:Skip shell extension 'powershell' for command environment: Not usable outside of PowerShell
[0.454s] DEBUG:colcon.colcon_core.shell:Skip shell extension 'dsv' for command environment
[0.459s] DEBUG:colcon.colcon_core.event_handler.log_command:Invoking command in '/home/farah/ws_farah/build/ros2_control_test_assets': CMAKE_PREFIX_PATH=/opt/ros/humble /usr/bin/cmake /home/farah/ws_farah/src/ros2_control/ros2_control_test_assets -DCMAKE_INSTALL_PREFIX=/home/farah/ws_farah/install/ros2_control_test_assets
[1.164s] DEBUG:colcon.colcon_core.event_handler.log_command:Invoked command in '/home/farah/ws_farah/build/ros2_control_test_assets' returned '0': CMAKE_PREFIX_PATH=/opt/ros/humble /usr/bin/cmake /home/farah/ws_farah/src/ros2_control/ros2_control_test_assets -DCMAKE_INSTALL_PREFIX=/home/farah/ws_farah/install/ros2_control_test_assets
[1.166s] DEBUG:colcon.colcon_core.event_handler.log_command:Invoking command in '/home/farah/ws_farah/build/ros2_control_test_assets': CMAKE_PREFIX_PATH=/opt/ros/humble /usr/bin/cmake --build /home/farah/ws_farah/build/ros2_control_test_assets -- -j8 -l8
[1.199s] DEBUG:colcon.colcon_core.event_handler.log_command:Invoked command in '/home/farah/ws_farah/build/ros2_control_test_assets' returned '0': CMAKE_PREFIX_PATH=/opt/ros/humble /usr/bin/cmake --build /home/farah/ws_farah/build/ros2_control_test_assets -- -j8 -l8
[1.208s] DEBUG:colcon.colcon_core.event_handler.log_command:Invoking command in '/home/farah/ws_farah/build/ros2_control_test_assets': CMAKE_PREFIX_PATH=/opt/ros/humble /usr/bin/cmake --install /home/farah/ws_farah/build/ros2_control_test_assets
[1.218s] Level 1:colcon.colcon_core.environment:create_environment_scripts_only(ros2_control_test_assets)
[1.218s] DEBUG:colcon.colcon_core.event_handler.log_command:Invoked command in '/home/farah/ws_farah/build/ros2_control_test_assets' returned '0': CMAKE_PREFIX_PATH=/opt/ros/humble /usr/bin/cmake --install /home/farah/ws_farah/build/ros2_control_test_assets
[1.222s] Level 1:colcon.colcon_core.environment:checking '/home/farah/ws_farah/install/ros2_control_test_assets' for CMake module files
[1.222s] Level 1:colcon.colcon_core.environment:checking '/home/farah/ws_farah/install/ros2_control_test_assets' for CMake config files
[1.222s] Level 1:colcon.colcon_core.shell:create_environment_hook('ros2_control_test_assets', 'cmake_prefix_path')
[1.222s] INFO:colcon.colcon_core.shell:Creating environment hook '/home/farah/ws_farah/install/ros2_control_test_assets/share/ros2_control_test_assets/hook/cmake_prefix_path.ps1'
[1.223s] INFO:colcon.colcon_core.shell:Creating environment descriptor '/home/farah/ws_farah/install/ros2_control_test_assets/share/ros2_control_test_assets/hook/cmake_prefix_path.dsv'
[1.223s] INFO:colcon.colcon_core.shell:Creating environment hook '/home/farah/ws_farah/install/ros2_control_test_assets/share/ros2_control_test_assets/hook/cmake_prefix_path.sh'
[1.224s] Level 1:colcon.colcon_core.environment:checking '/home/farah/ws_farah/install/ros2_control_test_assets/bin'
[1.224s] Level 1:colcon.colcon_core.environment:checking '/home/farah/ws_farah/install/ros2_control_test_assets/lib/pkgconfig/ros2_control_test_assets.pc'
[1.225s] Level 1:colcon.colcon_core.environment:checking '/home/farah/ws_farah/install/ros2_control_test_assets/lib/python3.10/site-packages'
[1.225s] Level 1:colcon.colcon_core.environment:checking '/home/farah/ws_farah/install/ros2_control_test_assets/bin'
[1.225s] INFO:colcon.colcon_core.shell:Creating package script '/home/farah/ws_farah/install/ros2_control_test_assets/share/ros2_control_test_assets/package.ps1'
[1.226s] INFO:colcon.colcon_core.shell:Creating package descriptor '/home/farah/ws_farah/install/ros2_control_test_assets/share/ros2_control_test_assets/package.dsv'
[1.227s] INFO:colcon.colcon_core.shell:Creating package script '/home/farah/ws_farah/install/ros2_control_test_assets/share/ros2_control_test_assets/package.sh'
[1.227s] INFO:colcon.colcon_core.shell:Creating package script '/home/farah/ws_farah/install/ros2_control_test_assets/share/ros2_control_test_assets/package.bash'
[1.228s] INFO:colcon.colcon_core.shell:Creating package script '/home/farah/ws_farah/install/ros2_control_test_assets/share/ros2_control_test_assets/package.zsh'
[1.229s] Level 1:colcon.colcon_core.environment:create_file_with_runtime_dependencies(/home/farah/ws_farah/install/ros2_control_test_assets/share/colcon-core/packages/ros2_control_test_assets)
[1.229s] Level 1:colcon.colcon_core.environment:create_environment_scripts_only(ros2_control_test_assets)
[1.229s] Level 1:colcon.colcon_core.environment:checking '/home/farah/ws_farah/install/ros2_control_test_assets' for CMake module files
[1.230s] Level 1:colcon.colcon_core.environment:checking '/home/farah/ws_farah/install/ros2_control_test_assets' for CMake config files
[1.230s] Level 1:colcon.colcon_core.shell:create_environment_hook('ros2_control_test_assets', 'cmake_prefix_path')
[1.230s] INFO:colcon.colcon_core.shell:Creating environment hook '/home/farah/ws_farah/install/ros2_control_test_assets/share/ros2_control_test_assets/hook/cmake_prefix_path.ps1'
[1.230s] INFO:colcon.colcon_core.shell:Creating environment descriptor '/home/farah/ws_farah/install/ros2_control_test_assets/share/ros2_control_test_assets/hook/cmake_prefix_path.dsv'
[1.231s] INFO:colcon.colcon_core.shell:Creating environment hook '/home/farah/ws_farah/install/ros2_control_test_assets/share/ros2_control_test_assets/hook/cmake_prefix_path.sh'
[1.231s] Level 1:colcon.colcon_core.environment:checking '/home/farah/ws_farah/install/ros2_control_test_assets/bin'
[1.231s] Level 1:colcon.colcon_core.environment:checking '/home/farah/ws_farah/install/ros2_control_test_assets/lib/pkgconfig/ros2_control_test_assets.pc'
[1.231s] Level 1:colcon.colcon_core.environment:checking '/home/farah/ws_farah/install/ros2_control_test_assets/lib/python3.10/site-packages'
[1.231s] Level 1:colcon.colcon_core.environment:checking '/home/farah/ws_farah/install/ros2_control_test_assets/bin'
[1.232s] INFO:colcon.colcon_core.shell:Creating package script '/home/farah/ws_farah/install/ros2_control_test_assets/share/ros2_control_test_assets/package.ps1'
[1.232s] INFO:colcon.colcon_core.shell:Creating package descriptor '/home/farah/ws_farah/install/ros2_control_test_assets/share/ros2_control_test_assets/package.dsv'
[1.232s] INFO:colcon.colcon_core.shell:Creating package script '/home/farah/ws_farah/install/ros2_control_test_assets/share/ros2_control_test_assets/package.sh'
[1.233s] INFO:colcon.colcon_core.shell:Creating package script '/home/farah/ws_farah/install/ros2_control_test_assets/share/ros2_control_test_assets/package.bash'
[1.233s] INFO:colcon.colcon_core.shell:Creating package script '/home/farah/ws_farah/install/ros2_control_test_assets/share/ros2_control_test_assets/package.zsh'
[1.233s] Level 1:colcon.colcon_core.environment:create_file_with_runtime_dependencies(/home/farah/ws_farah/install/ros2_control_test_assets/share/colcon-core/packages/ros2_control_test_assets)
[1.234s] INFO:colcon.colcon_ros.task.ament_cmake.build:Building ROS package in '/home/farah/ws_farah/src/ros2_control/hardware_interface' with build type 'ament_cmake'
[1.234s] INFO:colcon.colcon_cmake.task.cmake.build:Building CMake package in '/home/farah/ws_farah/src/ros2_control/hardware_interface'
[1.234s] INFO:colcon.colcon_core.shell:Skip shell extension 'powershell' for command environment: Not usable outside of PowerShell
[1.234s] DEBUG:colcon.colcon_core.shell:Skip shell extension 'dsv' for command environment
[1.239s] DEBUG:colcon.colcon_core.event_handler.log_command:Invoking command in '/home/farah/ws_farah/build/hardware_interface': AMENT_PREFIX_PATH=/home/farah/ws_farah/install/ros2_control_test_assets:${AMENT_PREFIX_PATH} CMAKE_PREFIX_PATH=/home/farah/ws_farah/install/ros2_control_test_assets:/opt/ros/humble /usr/bin/cmake /home/farah/ws_farah/src/ros2_control/hardware_interface -DCMAKE_INSTALL_PREFIX=/home/farah/ws_farah/install/hardware_interface
[2.460s] DEBUG:colcon.colcon_core.event_handler.log_command:Invoked command in '/home/farah/ws_farah/build/hardware_interface' returned '0': AMENT_PREFIX_PATH=/home/farah/ws_farah/install/ros2_control_test_assets:${AMENT_PREFIX_PATH} CMAKE_PREFIX_PATH=/home/farah/ws_farah/install/ros2_control_test_assets:/opt/ros/humble /usr/bin/cmake /home/farah/ws_farah/src/ros2_control/hardware_interface -DCMAKE_INSTALL_PREFIX=/home/farah/ws_farah/install/hardware_interface
[2.461s] DEBUG:colcon.colcon_core.event_handler.log_command:Invoking command in '/home/farah/ws_farah/build/hardware_interface': AMENT_PREFIX_PATH=/home/farah/ws_farah/install/ros2_control_test_assets:${AMENT_PREFIX_PATH} CMAKE_PREFIX_PATH=/home/farah/ws_farah/install/ros2_control_test_assets:/opt/ros/humble /usr/bin/cmake --build /home/farah/ws_farah/build/hardware_interface -- -j8 -l8
[13.823s] DEBUG:colcon.colcon_core.event_handler.log_command:Invoked command in '/home/farah/ws_farah/build/hardware_interface' returned '0': AMENT_PREFIX_PATH=/home/farah/ws_farah/install/ros2_control_test_assets:${AMENT_PREFIX_PATH} CMAKE_PREFIX_PATH=/home/farah/ws_farah/install/ros2_control_test_assets:/opt/ros/humble /usr/bin/cmake --build /home/farah/ws_farah/build/hardware_interface -- -j8 -l8
[13.825s] DEBUG:colcon.colcon_core.event_handler.log_command:Invoking command in '/home/farah/ws_farah/build/hardware_interface': AMENT_PREFIX_PATH=/home/farah/ws_farah/install/ros2_control_test_assets:${AMENT_PREFIX_PATH} CMAKE_PREFIX_PATH=/home/farah/ws_farah/install/ros2_control_test_assets:/opt/ros/humble /usr/bin/cmake --install /home/farah/ws_farah/build/hardware_interface
[13.841s] Level 1:colcon.colcon_core.environment:create_environment_scripts_only(hardware_interface)
[13.841s] Level 1:colcon.colcon_core.environment:checking '/home/farah/ws_farah/install/hardware_interface' for CMake module files
[13.842s] DEBUG:colcon.colcon_core.event_handler.log_command:Invoked command in '/home/farah/ws_farah/build/hardware_interface' returned '0': AMENT_PREFIX_PATH=/home/farah/ws_farah/install/ros2_control_test_assets:${AMENT_PREFIX_PATH} CMAKE_PREFIX_PATH=/home/farah/ws_farah/install/ros2_control_test_assets:/opt/ros/humble /usr/bin/cmake --install /home/farah/ws_farah/build/hardware_interface
[13.842s] Level 1:colcon.colcon_core.environment:checking '/home/farah/ws_farah/install/hardware_interface' for CMake config files
[13.842s] Level 1:colcon.colcon_core.shell:create_environment_hook('hardware_interface', 'cmake_prefix_path')
[13.843s] INFO:colcon.colcon_core.shell:Creating environment hook '/home/farah/ws_farah/install/hardware_interface/share/hardware_interface/hook/cmake_prefix_path.ps1'
[13.843s] INFO:colcon.colcon_core.shell:Creating environment descriptor '/home/farah/ws_farah/install/hardware_interface/share/hardware_interface/hook/cmake_prefix_path.dsv'
[13.843s] INFO:colcon.colcon_core.shell:Creating environment hook '/home/farah/ws_farah/install/hardware_interface/share/hardware_interface/hook/cmake_prefix_path.sh'
[13.844s] Level 1:colcon.colcon_core.environment:checking '/home/farah/ws_farah/install/hardware_interface/lib'
[13.844s] Level 1:colcon.colcon_core.shell:create_environment_hook('hardware_interface', 'ld_library_path_lib')
[13.844s] INFO:colcon.colcon_core.shell:Creating environment hook '/home/farah/ws_farah/install/hardware_interface/share/hardware_interface/hook/ld_library_path_lib.ps1'
[13.845s] INFO:colcon.colcon_core.shell:Creating environment descriptor '/home/farah/ws_farah/install/hardware_interface/share/hardware_interface/hook/ld_library_path_lib.dsv'
[13.845s] INFO:colcon.colcon_core.shell:Creating environment hook '/home/farah/ws_farah/install/hardware_interface/share/hardware_interface/hook/ld_library_path_lib.sh'
[13.845s] Level 1:colcon.colcon_core.environment:checking '/home/farah/ws_farah/install/hardware_interface/bin'
[13.845s] Level 1:colcon.colcon_core.environment:checking '/home/farah/ws_farah/install/hardware_interface/lib/pkgconfig/hardware_interface.pc'
[13.846s] Level 1:colcon.colcon_core.environment:checking '/home/farah/ws_farah/install/hardware_interface/lib/python3.10/site-packages'
[13.846s] Level 1:colcon.colcon_core.environment:checking '/home/farah/ws_farah/install/hardware_interface/bin'
[13.846s] INFO:colcon.colcon_core.shell:Creating package script '/home/farah/ws_farah/install/hardware_interface/share/hardware_interface/package.ps1'
[13.846s] INFO:colcon.colcon_core.shell:Creating package descriptor '/home/farah/ws_farah/install/hardware_interface/share/hardware_interface/package.dsv'
[13.847s] INFO:colcon.colcon_core.shell:Creating package script '/home/farah/ws_farah/install/hardware_interface/share/hardware_interface/package.sh'
[13.847s] INFO:colcon.colcon_core.shell:Creating package script '/home/farah/ws_farah/install/hardware_interface/share/hardware_interface/package.bash'
[13.847s] INFO:colcon.colcon_core.shell:Creating package script '/home/farah/ws_farah/install/hardware_interface/share/hardware_interface/package.zsh'
[13.847s] Level 1:colcon.colcon_core.environment:create_file_with_runtime_dependencies(/home/farah/ws_farah/install/hardware_interface/share/colcon-core/packages/hardware_interface)
[13.848s] Level 1:colcon.colcon_core.environment:create_environment_scripts_only(hardware_interface)
[13.848s] Level 1:colcon.colcon_core.environment:checking '/home/farah/ws_farah/install/hardware_interface' for CMake module files
[13.848s] Level 1:colcon.colcon_core.environment:checking '/home/farah/ws_farah/install/hardware_interface' for CMake config files
[13.849s] Level 1:colcon.colcon_core.shell:create_environment_hook('hardware_interface', 'cmake_prefix_path')
[13.849s] INFO:colcon.colcon_core.shell:Creating environment hook '/home/farah/ws_farah/install/hardware_interface/share/hardware_interface/hook/cmake_prefix_path.ps1'
[13.849s] INFO:colcon.colcon_core.shell:Creating environment descriptor '/home/farah/ws_farah/install/hardware_interface/share/hardware_interface/hook/cmake_prefix_path.dsv'
[13.849s] INFO:colcon.colcon_core.shell:Creating environment hook '/home/farah/ws_farah/install/hardware_interface/share/hardware_interface/hook/cmake_prefix_path.sh'
[13.850s] Level 1:colcon.colcon_core.environment:checking '/home/farah/ws_farah/install/hardware_interface/lib'
[13.850s] Level 1:colcon.colcon_core.shell:create_environment_hook('hardware_interface', 'ld_library_path_lib')
[13.850s] INFO:colcon.colcon_core.shell:Creating environment hook '/home/farah/ws_farah/install/hardware_interface/share/hardware_interface/hook/ld_library_path_lib.ps1'
[13.850s] INFO:colcon.colcon_core.shell:Creating environment descriptor '/home/farah/ws_farah/install/hardware_interface/share/hardware_interface/hook/ld_library_path_lib.dsv'
[13.851s] INFO:colcon.colcon_core.shell:Creating environment hook '/home/farah/ws_farah/install/hardware_interface/share/hardware_interface/hook/ld_library_path_lib.sh'
[13.851s] Level 1:colcon.colcon_core.environment:checking '/home/farah/ws_farah/install/hardware_interface/bin'
[13.851s] Level 1:colcon.colcon_core.environment:checking '/home/farah/ws_farah/install/hardware_interface/lib/pkgconfig/hardware_interface.pc'
[13.851s] Level 1:colcon.colcon_core.environment:checking '/home/farah/ws_farah/install/hardware_interface/lib/python3.10/site-packages'
[13.851s] Level 1:colcon.colcon_core.environment:checking '/home/farah/ws_farah/install/hardware_interface/bin'
[13.851s] INFO:colcon.colcon_core.shell:Creating package script '/home/farah/ws_farah/install/hardware_interface/share/hardware_interface/package.ps1'
[13.852s] INFO:colcon.colcon_core.shell:Creating package descriptor '/home/farah/ws_farah/install/hardware_interface/share/hardware_interface/package.dsv'
[13.852s] INFO:colcon.colcon_core.shell:Creating package script '/home/farah/ws_farah/install/hardware_interface/share/hardware_interface/package.sh'
[13.853s] INFO:colcon.colcon_core.shell:Creating package script '/home/farah/ws_farah/install/hardware_interface/share/hardware_interface/package.bash'
[13.853s] INFO:colcon.colcon_core.shell:Creating package script '/home/farah/ws_farah/install/hardware_interface/share/hardware_interface/package.zsh'
[13.853s] Level 1:colcon.colcon_core.environment:create_file_with_runtime_dependencies(/home/farah/ws_farah/install/hardware_interface/share/colcon-core/packages/hardware_interface)
[13.854s] INFO:colcon.colcon_ros.task.ament_cmake.build:Building ROS package in '/home/farah/ws_farah/src/ros2_control/controller_interface' with build type 'ament_cmake'
[13.854s] INFO:colcon.colcon_cmake.task.cmake.build:Building CMake package in '/home/farah/ws_farah/src/ros2_control/controller_interface'
[13.854s] INFO:colcon.colcon_core.shell:Skip shell extension 'powershell' for command environment: Not usable outside of PowerShell
[13.854s] DEBUG:colcon.colcon_core.shell:Skip shell extension 'dsv' for command environment
[13.860s] DEBUG:colcon.colcon_core.event_handler.log_command:Invoking command in '/home/farah/ws_farah/build/controller_interface': AMENT_PREFIX_PATH=/home/farah/ws_farah/install/hardware_interface:/home/farah/ws_farah/install/ros2_control_test_assets:${AMENT_PREFIX_PATH} CMAKE_PREFIX_PATH=/home/farah/ws_farah/install/hardware_interface:/home/farah/ws_farah/install/ros2_control_test_assets:/opt/ros/humble LD_LIBRARY_PATH=/home/farah/ws_farah/install/hardware_interface/lib:${LD_LIBRARY_PATH} /usr/bin/cmake /home/farah/ws_farah/src/ros2_control/controller_interface -DCMAKE_INSTALL_PREFIX=/home/farah/ws_farah/install/controller_interface
[15.145s] DEBUG:colcon.colcon_core.event_handler.log_command:Invoked command in '/home/farah/ws_farah/build/controller_interface' returned '0': AMENT_PREFIX_PATH=/home/farah/ws_farah/install/hardware_interface:/home/farah/ws_farah/install/ros2_control_test_assets:${AMENT_PREFIX_PATH} CMAKE_PREFIX_PATH=/home/farah/ws_farah/install/hardware_interface:/home/farah/ws_farah/install/ros2_control_test_assets:/opt/ros/humble LD_LIBRARY_PATH=/home/farah/ws_farah/install/hardware_interface/lib:${LD_LIBRARY_PATH} /usr/bin/cmake /home/farah/ws_farah/src/ros2_control/controller_interface -DCMAKE_INSTALL_PREFIX=/home/farah/ws_farah/install/controller_interface
[15.146s] DEBUG:colcon.colcon_core.event_handler.log_command:Invoking command in '/home/farah/ws_farah/build/controller_interface': AMENT_PREFIX_PATH=/home/farah/ws_farah/install/hardware_interface:/home/farah/ws_farah/install/ros2_control_test_assets:${AMENT_PREFIX_PATH} CMAKE_PREFIX_PATH=/home/farah/ws_farah/install/hardware_interface:/home/farah/ws_farah/install/ros2_control_test_assets:/opt/ros/humble LD_LIBRARY_PATH=/home/farah/ws_farah/install/hardware_interface/lib:${LD_LIBRARY_PATH} /usr/bin/cmake --build /home/farah/ws_farah/build/controller_interface -- -j8 -l8
[24.991s] DEBUG:colcon.colcon_core.event_handler.log_command:Invoked command in '/home/farah/ws_farah/build/controller_interface' returned '0': AMENT_PREFIX_PATH=/home/farah/ws_farah/install/hardware_interface:/home/farah/ws_farah/install/ros2_control_test_assets:${AMENT_PREFIX_PATH} CMAKE_PREFIX_PATH=/home/farah/ws_farah/install/hardware_interface:/home/farah/ws_farah/install/ros2_control_test_assets:/opt/ros/humble LD_LIBRARY_PATH=/home/farah/ws_farah/install/hardware_interface/lib:${LD_LIBRARY_PATH} /usr/bin/cmake --build /home/farah/ws_farah/build/controller_interface -- -j8 -l8
[24.993s] DEBUG:colcon.colcon_core.event_handler.log_command:Invoking command in '/home/farah/ws_farah/build/controller_interface': AMENT_PREFIX_PATH=/home/farah/ws_farah/install/hardware_interface:/home/farah/ws_farah/install/ros2_control_test_assets:${AMENT_PREFIX_PATH} CMAKE_PREFIX_PATH=/home/farah/ws_farah/install/hardware_interface:/home/farah/ws_farah/install/ros2_control_test_assets:/opt/ros/humble LD_LIBRARY_PATH=/home/farah/ws_farah/install/hardware_interface/lib:${LD_LIBRARY_PATH} /usr/bin/cmake --install /home/farah/ws_farah/build/controller_interface
[25.003s] Level 1:colcon.colcon_core.environment:create_environment_scripts_only(controller_interface)
[25.003s] Level 1:colcon.colcon_core.environment:checking '/home/farah/ws_farah/install/controller_interface' for CMake module files
[25.003s] DEBUG:colcon.colcon_core.event_handler.log_command:Invoked command in '/home/farah/ws_farah/build/controller_interface' returned '0': AMENT_PREFIX_PATH=/home/farah/ws_farah/install/hardware_interface:/home/farah/ws_farah/install/ros2_control_test_assets:${AMENT_PREFIX_PATH} CMAKE_PREFIX_PATH=/home/farah/ws_farah/install/hardware_interface:/home/farah/ws_farah/install/ros2_control_test_assets:/opt/ros/humble LD_LIBRARY_PATH=/home/farah/ws_farah/install/hardware_interface/lib:${LD_LIBRARY_PATH} /usr/bin/cmake --install /home/farah/ws_farah/build/controller_interface
[25.004s] Level 1:colcon.colcon_core.environment:checking '/home/farah/ws_farah/install/controller_interface' for CMake config files
[25.004s] Level 1:colcon.colcon_core.shell:create_environment_hook('controller_interface', 'cmake_prefix_path')
[25.004s] INFO:colcon.colcon_core.shell:Creating environment hook '/home/farah/ws_farah/install/controller_interface/share/controller_interface/hook/cmake_prefix_path.ps1'
[25.004s] INFO:colcon.colcon_core.shell:Creating environment descriptor '/home/farah/ws_farah/install/controller_interface/share/controller_interface/hook/cmake_prefix_path.dsv'
[25.005s] INFO:colcon.colcon_core.shell:Creating environment hook '/home/farah/ws_farah/install/controller_interface/share/controller_interface/hook/cmake_prefix_path.sh'
[25.005s] Level 1:colcon.colcon_core.environment:checking '/home/farah/ws_farah/install/controller_interface/lib'
[25.005s] Level 1:colcon.colcon_core.shell:create_environment_hook('controller_interface', 'ld_library_path_lib')
[25.005s] INFO:colcon.colcon_core.shell:Creating environment hook '/home/farah/ws_farah/install/controller_interface/share/controller_interface/hook/ld_library_path_lib.ps1'
[25.006s] INFO:colcon.colcon_core.shell:Creating environment descriptor '/home/farah/ws_farah/install/controller_interface/share/controller_interface/hook/ld_library_path_lib.dsv'
[25.006s] INFO:colcon.colcon_core.shell:Creating environment hook '/home/farah/ws_farah/install/controller_interface/share/controller_interface/hook/ld_library_path_lib.sh'
[25.006s] Level 1:colcon.colcon_core.environment:checking '/home/farah/ws_farah/install/controller_interface/bin'
[25.006s] Level 1:colcon.colcon_core.environment:checking '/home/farah/ws_farah/install/controller_interface/lib/pkgconfig/controller_interface.pc'
[25.006s] Level 1:colcon.colcon_core.environment:checking '/home/farah/ws_farah/install/controller_interface/lib/python3.10/site-packages'
[25.006s] Level 1:colcon.colcon_core.environment:checking '/home/farah/ws_farah/install/controller_interface/bin'
[25.007s] INFO:colcon.colcon_core.shell:Creating package script '/home/farah/ws_farah/install/controller_interface/share/controller_interface/package.ps1'
[25.007s] INFO:colcon.colcon_core.shell:Creating package descriptor '/home/farah/ws_farah/install/controller_interface/share/controller_interface/package.dsv'
[25.007s] INFO:colcon.colcon_core.shell:Creating package script '/home/farah/ws_farah/install/controller_interface/share/controller_interface/package.sh'
[25.008s] INFO:colcon.colcon_core.shell:Creating package script '/home/farah/ws_farah/install/controller_interface/share/controller_interface/package.bash'
[25.008s] INFO:colcon.colcon_core.shell:Creating package script '/home/farah/ws_farah/install/controller_interface/share/controller_interface/package.zsh'
[25.008s] Level 1:colcon.colcon_core.environment:create_file_with_runtime_dependencies(/home/farah/ws_farah/install/controller_interface/share/colcon-core/packages/controller_interface)
[25.009s] Level 1:colcon.colcon_core.environment:create_environment_scripts_only(controller_interface)
[25.009s] Level 1:colcon.colcon_core.environment:checking '/home/farah/ws_farah/install/controller_interface' for CMake module files
[25.009s] Level 1:colcon.colcon_core.environment:checking '/home/farah/ws_farah/install/controller_interface' for CMake config files
[25.009s] Level 1:colcon.colcon_core.shell:create_environment_hook('controller_interface', 'cmake_prefix_path')
[25.010s] INFO:colcon.colcon_core.shell:Creating environment hook '/home/farah/ws_farah/install/controller_interface/share/controller_interface/hook/cmake_prefix_path.ps1'
[25.010s] INFO:colcon.colcon_core.shell:Creating environment descriptor '/home/farah/ws_farah/install/controller_interface/share/controller_interface/hook/cmake_prefix_path.dsv'
[25.010s] INFO:colcon.colcon_core.shell:Creating environment hook '/home/farah/ws_farah/install/controller_interface/share/controller_interface/hook/cmake_prefix_path.sh'
[25.011s] Level 1:colcon.colcon_core.environment:checking '/home/farah/ws_farah/install/controller_interface/lib'
[25.011s] Level 1:colcon.colcon_core.shell:create_environment_hook('controller_interface', 'ld_library_path_lib')
[25.011s] INFO:colcon.colcon_core.shell:Creating environment hook '/home/farah/ws_farah/install/controller_interface/share/controller_interface/hook/ld_library_path_lib.ps1'
[25.011s] INFO:colcon.colcon_core.shell:Creating environment descriptor '/home/farah/ws_farah/install/controller_interface/share/controller_interface/hook/ld_library_path_lib.dsv'
[25.011s] INFO:colcon.colcon_core.shell:Creating environment hook '/home/farah/ws_farah/install/controller_interface/share/controller_interface/hook/ld_library_path_lib.sh'
[25.012s] Level 1:colcon.colcon_core.environment:checking '/home/farah/ws_farah/install/controller_interface/bin'
[25.012s] Level 1:colcon.colcon_core.environment:checking '/home/farah/ws_farah/install/controller_interface/lib/pkgconfig/controller_interface.pc'
[25.012s] Level 1:colcon.colcon_core.environment:checking '/home/farah/ws_farah/install/controller_interface/lib/python3.10/site-packages'
[25.012s] Level 1:colcon.colcon_core.environment:checking '/home/farah/ws_farah/install/controller_interface/bin'
[25.012s] INFO:colcon.colcon_core.shell:Creating package script '/home/farah/ws_farah/install/controller_interface/share/controller_interface/package.ps1'
[25.013s] INFO:colcon.colcon_core.shell:Creating package descriptor '/home/farah/ws_farah/install/controller_interface/share/controller_interface/package.dsv'
[25.013s] INFO:colcon.colcon_core.shell:Creating package script '/home/farah/ws_farah/install/controller_interface/share/controller_interface/package.sh'
[25.013s] INFO:colcon.colcon_core.shell:Creating package script '/home/farah/ws_farah/install/controller_interface/share/controller_interface/package.bash'
[25.014s] INFO:colcon.colcon_core.shell:Creating package script '/home/farah/ws_farah/install/controller_interface/share/controller_interface/package.zsh'
[25.014s] Level 1:colcon.colcon_core.environment:create_file_with_runtime_dependencies(/home/farah/ws_farah/install/controller_interface/share/colcon-core/packages/controller_interface)
[25.014s] INFO:colcon.colcon_ros.task.ament_cmake.build:Building ROS package in '/home/farah/ws_farah/src/ros2_control/hardware_interface_testing' with build type 'ament_cmake'
[25.014s] INFO:colcon.colcon_cmake.task.cmake.build:Building CMake package in '/home/farah/ws_farah/src/ros2_control/hardware_interface_testing'
[25.015s] INFO:colcon.colcon_core.shell:Skip shell extension 'powershell' for command environment: Not usable outside of PowerShell
[25.015s] DEBUG:colcon.colcon_core.shell:Skip shell extension 'dsv' for command environment
[25.021s] DEBUG:colcon.colcon_core.event_handler.log_command:Invoking command in '/home/farah/ws_farah/build/hardware_interface_testing': AMENT_PREFIX_PATH=/home/farah/ws_farah/install/hardware_interface:/home/farah/ws_farah/install/ros2_control_test_assets:${AMENT_PREFIX_PATH} CMAKE_PREFIX_PATH=/home/farah/ws_farah/install/hardware_interface:/home/farah/ws_farah/install/ros2_control_test_assets:/opt/ros/humble LD_LIBRARY_PATH=/home/farah/ws_farah/install/hardware_interface/lib:${LD_LIBRARY_PATH} /usr/bin/cmake /home/farah/ws_farah/src/ros2_control/hardware_interface_testing -DCMAKE_INSTALL_PREFIX=/home/farah/ws_farah/install/hardware_interface_testing
[26.248s] DEBUG:colcon.colcon_core.event_handler.log_command:Invoked command in '/home/farah/ws_farah/build/hardware_interface_testing' returned '0': AMENT_PREFIX_PATH=/home/farah/ws_farah/install/hardware_interface:/home/farah/ws_farah/install/ros2_control_test_assets:${AMENT_PREFIX_PATH} CMAKE_PREFIX_PATH=/home/farah/ws_farah/install/hardware_interface:/home/farah/ws_farah/install/ros2_control_test_assets:/opt/ros/humble LD_LIBRARY_PATH=/home/farah/ws_farah/install/hardware_interface/lib:${LD_LIBRARY_PATH} /usr/bin/cmake /home/farah/ws_farah/src/ros2_control/hardware_interface_testing -DCMAKE_INSTALL_PREFIX=/home/farah/ws_farah/install/hardware_interface_testing
[26.249s] DEBUG:colcon.colcon_core.event_handler.log_command:Invoking command in '/home/farah/ws_farah/build/hardware_interface_testing': AMENT_PREFIX_PATH=/home/farah/ws_farah/install/hardware_interface:/home/farah/ws_farah/install/ros2_control_test_assets:${AMENT_PREFIX_PATH} CMAKE_PREFIX_PATH=/home/farah/ws_farah/install/hardware_interface:/home/farah/ws_farah/install/ros2_control_test_assets:/opt/ros/humble LD_LIBRARY_PATH=/home/farah/ws_farah/install/hardware_interface/lib:${LD_LIBRARY_PATH} /usr/bin/cmake --build /home/farah/ws_farah/build/hardware_interface_testing -- -j8 -l8
[33.426s] DEBUG:colcon.colcon_core.event_handler.log_command:Invoked command in '/home/farah/ws_farah/build/hardware_interface_testing' returned '0': AMENT_PREFIX_PATH=/home/farah/ws_farah/install/hardware_interface:/home/farah/ws_farah/install/ros2_control_test_assets:${AMENT_PREFIX_PATH} CMAKE_PREFIX_PATH=/home/farah/ws_farah/install/hardware_interface:/home/farah/ws_farah/install/ros2_control_test_assets:/opt/ros/humble LD_LIBRARY_PATH=/home/farah/ws_farah/install/hardware_interface/lib:${LD_LIBRARY_PATH} /usr/bin/cmake --build /home/farah/ws_farah/build/hardware_interface_testing -- -j8 -l8
[33.427s] DEBUG:colcon.colcon_core.event_handler.log_command:Invoking command in '/home/farah/ws_farah/build/hardware_interface_testing': AMENT_PREFIX_PATH=/home/farah/ws_farah/install/hardware_interface:/home/farah/ws_farah/install/ros2_control_test_assets:${AMENT_PREFIX_PATH} CMAKE_PREFIX_PATH=/home/farah/ws_farah/install/hardware_interface:/home/farah/ws_farah/install/ros2_control_test_assets:/opt/ros/humble LD_LIBRARY_PATH=/home/farah/ws_farah/install/hardware_interface/lib:${LD_LIBRARY_PATH} /usr/bin/cmake --install /home/farah/ws_farah/build/hardware_interface_testing
[33.436s] Level 1:colcon.colcon_core.environment:create_environment_scripts_only(hardware_interface_testing)
[33.437s] Level 1:colcon.colcon_core.environment:checking '/home/farah/ws_farah/install/hardware_interface_testing' for CMake module files
[33.437s] DEBUG:colcon.colcon_core.event_handler.log_command:Invoked command in '/home/farah/ws_farah/build/hardware_interface_testing' returned '0': AMENT_PREFIX_PATH=/home/farah/ws_farah/install/hardware_interface:/home/farah/ws_farah/install/ros2_control_test_assets:${AMENT_PREFIX_PATH} CMAKE_PREFIX_PATH=/home/farah/ws_farah/install/hardware_interface:/home/farah/ws_farah/install/ros2_control_test_assets:/opt/ros/humble LD_LIBRARY_PATH=/home/farah/ws_farah/install/hardware_interface/lib:${LD_LIBRARY_PATH} /usr/bin/cmake --install /home/farah/ws_farah/build/hardware_interface_testing
[33.437s] Level 1:colcon.colcon_core.environment:checking '/home/farah/ws_farah/install/hardware_interface_testing' for CMake config files
[33.437s] Level 1:colcon.colcon_core.shell:create_environment_hook('hardware_interface_testing', 'cmake_prefix_path')
[33.438s] INFO:colcon.colcon_core.shell:Creating environment hook '/home/farah/ws_farah/install/hardware_interface_testing/share/hardware_interface_testing/hook/cmake_prefix_path.ps1'
[33.438s] INFO:colcon.colcon_core.shell:Creating environment descriptor '/home/farah/ws_farah/install/hardware_interface_testing/share/hardware_interface_testing/hook/cmake_prefix_path.dsv'
[33.438s] INFO:colcon.colcon_core.shell:Creating environment hook '/home/farah/ws_farah/install/hardware_interface_testing/share/hardware_interface_testing/hook/cmake_prefix_path.sh'
[33.439s] Level 1:colcon.colcon_core.environment:checking '/home/farah/ws_farah/install/hardware_interface_testing/lib'
[33.439s] Level 1:colcon.colcon_core.shell:create_environment_hook('hardware_interface_testing', 'ld_library_path_lib')
[33.439s] INFO:colcon.colcon_core.shell:Creating environment hook '/home/farah/ws_farah/install/hardware_interface_testing/share/hardware_interface_testing/hook/ld_library_path_lib.ps1'
[33.439s] INFO:colcon.colcon_core.shell:Creating environment descriptor '/home/farah/ws_farah/install/hardware_interface_testing/share/hardware_interface_testing/hook/ld_library_path_lib.dsv'
[33.439s] INFO:colcon.colcon_core.shell:Creating environment hook '/home/farah/ws_farah/install/hardware_interface_testing/share/hardware_interface_testing/hook/ld_library_path_lib.sh'
[33.440s] Level 1:colcon.colcon_core.environment:checking '/home/farah/ws_farah/install/hardware_interface_testing/bin'
[33.440s] Level 1:colcon.colcon_core.environment:checking '/home/farah/ws_farah/install/hardware_interface_testing/lib/pkgconfig/hardware_interface_testing.pc'
[33.440s] Level 1:colcon.colcon_core.environment:checking '/home/farah/ws_farah/install/hardware_interface_testing/lib/python3.10/site-packages'
[33.440s] Level 1:colcon.colcon_core.environment:checking '/home/farah/ws_farah/install/hardware_interface_testing/bin'
[33.440s] INFO:colcon.colcon_core.shell:Creating package script '/home/farah/ws_farah/install/hardware_interface_testing/share/hardware_interface_testing/package.ps1'
[33.441s] INFO:colcon.colcon_core.shell:Creating package descriptor '/home/farah/ws_farah/install/hardware_interface_testing/share/hardware_interface_testing/package.dsv'
[33.441s] INFO:colcon.colcon_core.shell:Creating package script '/home/farah/ws_farah/install/hardware_interface_testing/share/hardware_interface_testing/package.sh'
[33.441s] INFO:colcon.colcon_core.shell:Creating package script '/home/farah/ws_farah/install/hardware_interface_testing/share/hardware_interface_testing/package.bash'
[33.442s] INFO:colcon.colcon_core.shell:Creating package script '/home/farah/ws_farah/install/hardware_interface_testing/share/hardware_interface_testing/package.zsh'
[33.442s] Level 1:colcon.colcon_core.environment:create_file_with_runtime_dependencies(/home/farah/ws_farah/install/hardware_interface_testing/share/colcon-core/packages/hardware_interface_testing)
[33.442s] Level 1:colcon.colcon_core.environment:create_environment_scripts_only(hardware_interface_testing)
[33.443s] Level 1:colcon.colcon_core.environment:checking '/home/farah/ws_farah/install/hardware_interface_testing' for CMake module files
[33.443s] Level 1:colcon.colcon_core.environment:checking '/home/farah/ws_farah/install/hardware_interface_testing' for CMake config files
[33.443s] Level 1:colcon.colcon_core.shell:create_environment_hook('hardware_interface_testing', 'cmake_prefix_path')
[33.443s] INFO:colcon.colcon_core.shell:Creating environment hook '/home/farah/ws_farah/install/hardware_interface_testing/share/hardware_interface_testing/hook/cmake_prefix_path.ps1'
[33.443s] INFO:colcon.colcon_core.shell:Creating environment descriptor '/home/farah/ws_farah/install/hardware_interface_testing/share/hardware_interface_testing/hook/cmake_prefix_path.dsv'
[33.444s] INFO:colcon.colcon_core.shell:Creating environment hook '/home/farah/ws_farah/install/hardware_interface_testing/share/hardware_interface_testing/hook/cmake_prefix_path.sh'
[33.444s] Level 1:colcon.colcon_core.environment:checking '/home/farah/ws_farah/install/hardware_interface_testing/lib'
[33.444s] Level 1:colcon.colcon_core.shell:create_environment_hook('hardware_interface_testing', 'ld_library_path_lib')
[33.444s] INFO:colcon.colcon_core.shell:Creating environment hook '/home/farah/ws_farah/install/hardware_interface_testing/share/hardware_interface_testing/hook/ld_library_path_lib.ps1'
[33.445s] INFO:colcon.colcon_core.shell:Creating environment descriptor '/home/farah/ws_farah/install/hardware_interface_testing/share/hardware_interface_testing/hook/ld_library_path_lib.dsv'
[33.445s] INFO:colcon.colcon_core.shell:Creating environment hook '/home/farah/ws_farah/install/hardware_interface_testing/share/hardware_interface_testing/hook/ld_library_path_lib.sh'
[33.445s] Level 1:colcon.colcon_core.environment:checking '/home/farah/ws_farah/install/hardware_interface_testing/bin'
[33.445s] Level 1:colcon.colcon_core.environment:checking '/home/farah/ws_farah/install/hardware_interface_testing/lib/pkgconfig/hardware_interface_testing.pc'
[33.445s] Level 1:colcon.colcon_core.environment:checking '/home/farah/ws_farah/install/hardware_interface_testing/lib/python3.10/site-packages'
[33.446s] Level 1:colcon.colcon_core.environment:checking '/home/farah/ws_farah/install/hardware_interface_testing/bin'
[33.446s] INFO:colcon.colcon_core.shell:Creating package script '/home/farah/ws_farah/install/hardware_interface_testing/share/hardware_interface_testing/package.ps1'
[33.446s] INFO:colcon.colcon_core.shell:Creating package descriptor '/home/farah/ws_farah/install/hardware_interface_testing/share/hardware_interface_testing/package.dsv'
[33.447s] INFO:colcon.colcon_core.shell:Creating package script '/home/farah/ws_farah/install/hardware_interface_testing/share/hardware_interface_testing/package.sh'
[33.447s] INFO:colcon.colcon_core.shell:Creating package script '/home/farah/ws_farah/install/hardware_interface_testing/share/hardware_interface_testing/package.bash'
[33.447s] INFO:colcon.colcon_core.shell:Creating package script '/home/farah/ws_farah/install/hardware_interface_testing/share/hardware_interface_testing/package.zsh'
[33.448s] Level 1:colcon.colcon_core.environment:create_file_with_runtime_dependencies(/home/farah/ws_farah/install/hardware_interface_testing/share/colcon-core/packages/hardware_interface_testing)
[33.448s] INFO:colcon.colcon_ros.task.ament_cmake.build:Building ROS package in '/home/farah/ws_farah/src/ros2_control/controller_manager_msgs' with build type 'ament_cmake'
[33.448s] INFO:colcon.colcon_cmake.task.cmake.build:Building CMake package in '/home/farah/ws_farah/src/ros2_control/controller_manager_msgs'
[33.448s] INFO:colcon.colcon_core.shell:Skip shell extension 'powershell' for command environment: Not usable outside of PowerShell
[33.448s] DEBUG:colcon.colcon_core.shell:Skip shell extension 'dsv' for command environment
[33.454s] DEBUG:colcon.colcon_core.event_handler.log_command:Invoking command in '/home/farah/ws_farah/build/controller_manager_msgs': CMAKE_PREFIX_PATH=/opt/ros/humble /usr/bin/cmake /home/farah/ws_farah/src/ros2_control/controller_manager_msgs -DCMAKE_INSTALL_PREFIX=/home/farah/ws_farah/install/controller_manager_msgs
[35.014s] DEBUG:colcon.colcon_core.event_handler.log_command:Invoked command in '/home/farah/ws_farah/build/controller_manager_msgs' returned '0': CMAKE_PREFIX_PATH=/opt/ros/humble /usr/bin/cmake /home/farah/ws_farah/src/ros2_control/controller_manager_msgs -DCMAKE_INSTALL_PREFIX=/home/farah/ws_farah/install/controller_manager_msgs
[35.014s] DEBUG:colcon.colcon_core.event_handler.log_command:Invoking command in '/home/farah/ws_farah/build/controller_manager_msgs': CMAKE_PREFIX_PATH=/opt/ros/humble /usr/bin/cmake --build /home/farah/ws_farah/build/controller_manager_msgs -- -j8 -l8
[46.354s] DEBUG:colcon.colcon_core.event_handler.log_command:Invoked command in '/home/farah/ws_farah/build/controller_manager_msgs' returned '0': CMAKE_PREFIX_PATH=/opt/ros/humble /usr/bin/cmake --build /home/farah/ws_farah/build/controller_manager_msgs -- -j8 -l8
[46.354s] DEBUG:colcon.colcon_core.event_handler.log_command:Invoking command in '/home/farah/ws_farah/build/controller_manager_msgs': CMAKE_PREFIX_PATH=/opt/ros/humble /usr/bin/cmake --install /home/farah/ws_farah/build/controller_manager_msgs
[46.450s] Level 1:colcon.colcon_core.environment:create_environment_scripts_only(controller_manager_msgs)
[46.451s] Level 1:colcon.colcon_core.environment:checking '/home/farah/ws_farah/install/controller_manager_msgs' for CMake module files
[46.451s] DEBUG:colcon.colcon_core.event_handler.log_command:Invoked command in '/home/farah/ws_farah/build/controller_manager_msgs' returned '0': CMAKE_PREFIX_PATH=/opt/ros/humble /usr/bin/cmake --install /home/farah/ws_farah/build/controller_manager_msgs
[46.451s] Level 1:colcon.colcon_core.environment:checking '/home/farah/ws_farah/install/controller_manager_msgs' for CMake config files
[46.452s] Level 1:colcon.colcon_core.shell:create_environment_hook('controller_manager_msgs', 'cmake_prefix_path')
[46.452s] INFO:colcon.colcon_core.shell:Creating environment hook '/home/farah/ws_farah/install/controller_manager_msgs/share/controller_manager_msgs/hook/cmake_prefix_path.ps1'
[46.452s] INFO:colcon.colcon_core.shell:Creating environment descriptor '/home/farah/ws_farah/install/controller_manager_msgs/share/controller_manager_msgs/hook/cmake_prefix_path.dsv'
[46.452s] INFO:colcon.colcon_core.shell:Creating environment hook '/home/farah/ws_farah/install/controller_manager_msgs/share/controller_manager_msgs/hook/cmake_prefix_path.sh'
[46.453s] Level 1:colcon.colcon_core.environment:checking '/home/farah/ws_farah/install/controller_manager_msgs/lib'
[46.453s] Level 1:colcon.colcon_core.shell:create_environment_hook('controller_manager_msgs', 'ld_library_path_lib')
[46.453s] INFO:colcon.colcon_core.shell:Creating environment hook '/home/farah/ws_farah/install/controller_manager_msgs/share/controller_manager_msgs/hook/ld_library_path_lib.ps1'
[46.453s] INFO:colcon.colcon_core.shell:Creating environment descriptor '/home/farah/ws_farah/install/controller_manager_msgs/share/controller_manager_msgs/hook/ld_library_path_lib.dsv'
[46.454s] INFO:colcon.colcon_core.shell:Creating environment hook '/home/farah/ws_farah/install/controller_manager_msgs/share/controller_manager_msgs/hook/ld_library_path_lib.sh'
[46.454s] Level 1:colcon.colcon_core.environment:checking '/home/farah/ws_farah/install/controller_manager_msgs/bin'
[46.454s] Level 1:colcon.colcon_core.environment:checking '/home/farah/ws_farah/install/controller_manager_msgs/lib/pkgconfig/controller_manager_msgs.pc'
[46.454s] Level 1:colcon.colcon_core.environment:checking '/home/farah/ws_farah/install/controller_manager_msgs/lib/python3.10/site-packages'
[46.454s] Level 1:colcon.colcon_core.environment:checking '/home/farah/ws_farah/install/controller_manager_msgs/bin'
[46.455s] INFO:colcon.colcon_core.shell:Creating package script '/home/farah/ws_farah/install/controller_manager_msgs/share/controller_manager_msgs/package.ps1'
[46.455s] INFO:colcon.colcon_core.shell:Creating package descriptor '/home/farah/ws_farah/install/controller_manager_msgs/share/controller_manager_msgs/package.dsv'
[46.455s] INFO:colcon.colcon_core.shell:Creating package script '/home/farah/ws_farah/install/controller_manager_msgs/share/controller_manager_msgs/package.sh'
[46.456s] INFO:colcon.colcon_core.shell:Creating package script '/home/farah/ws_farah/install/controller_manager_msgs/share/controller_manager_msgs/package.bash'
[46.456s] INFO:colcon.colcon_core.shell:Creating package script '/home/farah/ws_farah/install/controller_manager_msgs/share/controller_manager_msgs/package.zsh'
[46.456s] Level 1:colcon.colcon_core.environment:create_file_with_runtime_dependencies(/home/farah/ws_farah/install/controller_manager_msgs/share/colcon-core/packages/controller_manager_msgs)
[46.456s] Level 1:colcon.colcon_core.environment:create_environment_scripts_only(controller_manager_msgs)
[46.457s] Level 1:colcon.colcon_core.environment:checking '/home/farah/ws_farah/install/controller_manager_msgs' for CMake module files
[46.457s] Level 1:colcon.colcon_core.environment:checking '/home/farah/ws_farah/install/controller_manager_msgs' for CMake config files
[46.458s] Level 1:colcon.colcon_core.shell:create_environment_hook('controller_manager_msgs', 'cmake_prefix_path')
[46.458s] INFO:colcon.colcon_core.shell:Creating environment hook '/home/farah/ws_farah/install/controller_manager_msgs/share/controller_manager_msgs/hook/cmake_prefix_path.ps1'
[46.458s] INFO:colcon.colcon_core.shell:Creating environment descriptor '/home/farah/ws_farah/install/controller_manager_msgs/share/controller_manager_msgs/hook/cmake_prefix_path.dsv'
[46.458s] INFO:colcon.colcon_core.shell:Creating environment hook '/home/farah/ws_farah/install/controller_manager_msgs/share/controller_manager_msgs/hook/cmake_prefix_path.sh'
[46.459s] Level 1:colcon.colcon_core.environment:checking '/home/farah/ws_farah/install/controller_manager_msgs/lib'
[46.459s] Level 1:colcon.colcon_core.shell:create_environment_hook('controller_manager_msgs', 'ld_library_path_lib')
[46.459s] INFO:colcon.colcon_core.shell:Creating environment hook '/home/farah/ws_farah/install/controller_manager_msgs/share/controller_manager_msgs/hook/ld_library_path_lib.ps1'
[46.459s] INFO:colcon.colcon_core.shell:Creating environment descriptor '/home/farah/ws_farah/install/controller_manager_msgs/share/controller_manager_msgs/hook/ld_library_path_lib.dsv'
[46.459s] INFO:colcon.colcon_core.shell:Creating environment hook '/home/farah/ws_farah/install/controller_manager_msgs/share/controller_manager_msgs/hook/ld_library_path_lib.sh'
[46.460s] Level 1:colcon.colcon_core.environment:checking '/home/farah/ws_farah/install/controller_manager_msgs/bin'
[46.460s] Level 1:colcon.colcon_core.environment:checking '/home/farah/ws_farah/install/controller_manager_msgs/lib/pkgconfig/controller_manager_msgs.pc'
[46.460s] Level 1:colcon.colcon_core.environment:checking '/home/farah/ws_farah/install/controller_manager_msgs/lib/python3.10/site-packages'
[46.460s] Level 1:colcon.colcon_core.environment:checking '/home/farah/ws_farah/install/controller_manager_msgs/bin'
[46.460s] INFO:colcon.colcon_core.shell:Creating package script '/home/farah/ws_farah/install/controller_manager_msgs/share/controller_manager_msgs/package.ps1'
[46.461s] INFO:colcon.colcon_core.shell:Creating package descriptor '/home/farah/ws_farah/install/controller_manager_msgs/share/controller_manager_msgs/package.dsv'
[46.461s] INFO:colcon.colcon_core.shell:Creating package script '/home/farah/ws_farah/install/controller_manager_msgs/share/controller_manager_msgs/package.sh'
[46.462s] INFO:colcon.colcon_core.shell:Creating package script '/home/farah/ws_farah/install/controller_manager_msgs/share/controller_manager_msgs/package.bash'
[46.462s] INFO:colcon.colcon_core.shell:Creating package script '/home/farah/ws_farah/install/controller_manager_msgs/share/controller_manager_msgs/package.zsh'
[46.462s] Level 1:colcon.colcon_core.environment:create_file_with_runtime_dependencies(/home/farah/ws_farah/install/controller_manager_msgs/share/colcon-core/packages/controller_manager_msgs)
[46.463s] INFO:colcon.colcon_ros.task.ament_python.build:Building ROS package in '/home/farah/ws_farah/src/ros2_control/ros2controlcli' with build type 'ament_python'
[46.463s] Level 1:colcon.colcon_core.shell:create_environment_hook('ros2controlcli', 'ament_prefix_path')
[46.463s] INFO:colcon.colcon_core.shell:Creating environment hook '/home/farah/ws_farah/install/ros2controlcli/share/ros2controlcli/hook/ament_prefix_path.ps1'
[46.463s] INFO:colcon.colcon_core.shell:Creating environment descriptor '/home/farah/ws_farah/install/ros2controlcli/share/ros2controlcli/hook/ament_prefix_path.dsv'
[46.464s] INFO:colcon.colcon_core.shell:Creating environment hook '/home/farah/ws_farah/install/ros2controlcli/share/ros2controlcli/hook/ament_prefix_path.sh'
[46.464s] INFO:colcon.colcon_core.shell:Skip shell extension 'powershell' for command environment: Not usable outside of PowerShell
[46.464s] DEBUG:colcon.colcon_core.shell:Skip shell extension 'dsv' for command environment
[46.651s] INFO:colcon.colcon_core.task.python.build:Building Python package in '/home/farah/ws_farah/src/ros2_control/ros2controlcli'
[46.652s] INFO:colcon.colcon_core.shell:Skip shell extension 'powershell' for command environment: Not usable outside of PowerShell
[46.652s] DEBUG:colcon.colcon_core.shell:Skip shell extension 'dsv' for command environment
[47.220s] DEBUG:colcon.colcon_core.event_handler.log_command:Invoking command in '/home/farah/ws_farah/src/ros2_control/ros2controlcli': AMENT_PREFIX_PATH=/home/farah/ws_farah/install/controller_manager_msgs:${AMENT_PREFIX_PATH} CMAKE_PREFIX_PATH=/home/farah/ws_farah/install/controller_manager_msgs LD_LIBRARY_PATH=/home/farah/ws_farah/install/controller_manager_msgs/lib:${LD_LIBRARY_PATH} PYTHONPATH=/home/farah/ws_farah/build/ros2controlcli/prefix_override:/usr/lib/python3/dist-packages/colcon_core/task/python/colcon_distutils_commands:/home/farah/ws_farah/install/ros2controlcli/lib/python3.10/site-packages:/home/farah/ws_farah/install/controller_manager_msgs/local/lib/python3.10/dist-packages:${PYTHONPATH} /usr/bin/python3 -W ignore:setup.py install is deprecated -W ignore:easy_install command is deprecated setup.py egg_info --egg-base ../../../build/ros2controlcli build --build-base /home/farah/ws_farah/build/ros2controlcli/build install --record /home/farah/ws_farah/build/ros2controlcli/install.log --single-version-externally-managed install_data
[47.754s] Level 1:colcon.colcon_core.environment:checking '/home/farah/ws_farah/install/ros2controlcli' for CMake module files
[47.755s] DEBUG:colcon.colcon_core.event_handler.log_command:Invoked command in '/home/farah/ws_farah/src/ros2_control/ros2controlcli' returned '0': AMENT_PREFIX_PATH=/home/farah/ws_farah/install/controller_manager_msgs:${AMENT_PREFIX_PATH} CMAKE_PREFIX_PATH=/home/farah/ws_farah/install/controller_manager_msgs LD_LIBRARY_PATH=/home/farah/ws_farah/install/controller_manager_msgs/lib:${LD_LIBRARY_PATH} PYTHONPATH=/home/farah/ws_farah/build/ros2controlcli/prefix_override:/usr/lib/python3/dist-packages/colcon_core/task/python/colcon_distutils_commands:/home/farah/ws_farah/install/ros2controlcli/lib/python3.10/site-packages:/home/farah/ws_farah/install/controller_manager_msgs/local/lib/python3.10/dist-packages:${PYTHONPATH} /usr/bin/python3 -W ignore:setup.py install is deprecated -W ignore:easy_install command is deprecated setup.py egg_info --egg-base ../../../build/ros2controlcli build --build-base /home/farah/ws_farah/build/ros2controlcli/build install --record /home/farah/ws_farah/build/ros2controlcli/install.log --single-version-externally-managed install_data
[47.755s] Level 1:colcon.colcon_core.environment:checking '/home/farah/ws_farah/install/ros2controlcli' for CMake config files
[47.755s] Level 1:colcon.colcon_core.environment:checking '/home/farah/ws_farah/install/ros2controlcli/lib'
[47.755s] Level 1:colcon.colcon_core.environment:checking '/home/farah/ws_farah/install/ros2controlcli/bin'
[47.755s] Level 1:colcon.colcon_core.environment:checking '/home/farah/ws_farah/install/ros2controlcli/lib/pkgconfig/ros2controlcli.pc'
[47.756s] Level 1:colcon.colcon_core.environment:checking '/home/farah/ws_farah/install/ros2controlcli/lib/python3.10/site-packages'
[47.756s] Level 1:colcon.colcon_core.shell:create_environment_hook('ros2controlcli', 'pythonpath')
[47.756s] INFO:colcon.colcon_core.shell:Creating environment hook '/home/farah/ws_farah/install/ros2controlcli/share/ros2controlcli/hook/pythonpath.ps1'
[47.756s] INFO:colcon.colcon_core.shell:Creating environment descriptor '/home/farah/ws_farah/install/ros2controlcli/share/ros2controlcli/hook/pythonpath.dsv'
[47.756s] INFO:colcon.colcon_core.shell:Creating environment hook '/home/farah/ws_farah/install/ros2controlcli/share/ros2controlcli/hook/pythonpath.sh'
[47.757s] Level 1:colcon.colcon_core.environment:checking '/home/farah/ws_farah/install/ros2controlcli/bin'
[47.757s] Level 1:colcon.colcon_core.environment:create_environment_scripts_only(ros2controlcli)
[47.757s] INFO:colcon.colcon_core.shell:Creating package script '/home/farah/ws_farah/install/ros2controlcli/share/ros2controlcli/package.ps1'
[47.757s] INFO:colcon.colcon_core.shell:Creating package descriptor '/home/farah/ws_farah/install/ros2controlcli/share/ros2controlcli/package.dsv'
[47.758s] INFO:colcon.colcon_core.shell:Creating package script '/home/farah/ws_farah/install/ros2controlcli/share/ros2controlcli/package.sh'
[47.758s] INFO:colcon.colcon_core.shell:Creating package script '/home/farah/ws_farah/install/ros2controlcli/share/ros2controlcli/package.bash'
[47.758s] INFO:colcon.colcon_core.shell:Creating package script '/home/farah/ws_farah/install/ros2controlcli/share/ros2controlcli/package.zsh'
[47.759s] Level 1:colcon.colcon_core.environment:create_file_with_runtime_dependencies(/home/farah/ws_farah/install/ros2controlcli/share/colcon-core/packages/ros2controlcli)
[47.759s] INFO:colcon.colcon_ros.task.ament_cmake.build:Building ROS package in '/home/farah/ws_farah/src/ros2_controllers/forward_command_controller' with build type 'ament_cmake'
[47.759s] INFO:colcon.colcon_cmake.task.cmake.build:Building CMake package in '/home/farah/ws_farah/src/ros2_controllers/forward_command_controller'
[47.759s] INFO:colcon.colcon_core.shell:Skip shell extension 'powershell' for command environment: Not usable outside of PowerShell
[47.759s] DEBUG:colcon.colcon_core.shell:Skip shell extension 'dsv' for command environment
[47.768s] DEBUG:colcon.colcon_core.event_handler.log_command:Invoking command in '/home/farah/ws_farah/build/forward_command_controller': AMENT_PREFIX_PATH=/home/farah/ws_farah/install/hardware_interface_testing:/home/farah/ws_farah/install/controller_interface:/home/farah/ws_farah/install/hardware_interface:/home/farah/ws_farah/install/ros2_control_test_assets:${AMENT_PREFIX_PATH} CMAKE_PREFIX_PATH=/home/farah/ws_farah/install/hardware_interface_testing:/home/farah/ws_farah/install/controller_interface:/home/farah/ws_farah/install/hardware_interface:/home/farah/ws_farah/install/ros2_control_test_assets:/opt/ros/humble LD_LIBRARY_PATH=/home/farah/ws_farah/install/hardware_interface_testing/lib:/home/farah/ws_farah/install/controller_interface/lib:/home/farah/ws_farah/install/hardware_interface/lib:${LD_LIBRARY_PATH} /usr/bin/cmake /home/farah/ws_farah/src/ros2_controllers/forward_command_controller -DCMAKE_INSTALL_PREFIX=/home/farah/ws_farah/install/forward_command_controller
[49.227s] DEBUG:colcon.colcon_core.event_handler.log_command:Invoked command in '/home/farah/ws_farah/build/forward_command_controller' returned '0': AMENT_PREFIX_PATH=/home/farah/ws_farah/install/hardware_interface_testing:/home/farah/ws_farah/install/controller_interface:/home/farah/ws_farah/install/hardware_interface:/home/farah/ws_farah/install/ros2_control_test_assets:${AMENT_PREFIX_PATH} CMAKE_PREFIX_PATH=/home/farah/ws_farah/install/hardware_interface_testing:/home/farah/ws_farah/install/controller_interface:/home/farah/ws_farah/install/hardware_interface:/home/farah/ws_farah/install/ros2_control_test_assets:/opt/ros/humble LD_LIBRARY_PATH=/home/farah/ws_farah/install/hardware_interface_testing/lib:/home/farah/ws_farah/install/controller_interface/lib:/home/farah/ws_farah/install/hardware_interface/lib:${LD_LIBRARY_PATH} /usr/bin/cmake /home/farah/ws_farah/src/ros2_controllers/forward_command_controller -DCMAKE_INSTALL_PREFIX=/home/farah/ws_farah/install/forward_command_controller
[49.227s] DEBUG:colcon.colcon_core.event_handler.log_command:Invoking command in '/home/farah/ws_farah/build/forward_command_controller': AMENT_PREFIX_PATH=/home/farah/ws_farah/install/hardware_interface_testing:/home/farah/ws_farah/install/controller_interface:/home/farah/ws_farah/install/hardware_interface:/home/farah/ws_farah/install/ros2_control_test_assets:${AMENT_PREFIX_PATH} CMAKE_PREFIX_PATH=/home/farah/ws_farah/install/hardware_interface_testing:/home/farah/ws_farah/install/controller_interface:/home/farah/ws_farah/install/hardware_interface:/home/farah/ws_farah/install/ros2_control_test_assets:/opt/ros/humble LD_LIBRARY_PATH=/home/farah/ws_farah/install/hardware_interface_testing/lib:/home/farah/ws_farah/install/controller_interface/lib:/home/farah/ws_farah/install/hardware_interface/lib:${LD_LIBRARY_PATH} /usr/bin/cmake --build /home/farah/ws_farah/build/forward_command_controller -- -j8 -l8
[65.901s] DEBUG:colcon.colcon_core.event_handler.log_command:Invoked command in '/home/farah/ws_farah/build/forward_command_controller' returned '0': AMENT_PREFIX_PATH=/home/farah/ws_farah/install/hardware_interface_testing:/home/farah/ws_farah/install/controller_interface:/home/farah/ws_farah/install/hardware_interface:/home/farah/ws_farah/install/ros2_control_test_assets:${AMENT_PREFIX_PATH} CMAKE_PREFIX_PATH=/home/farah/ws_farah/install/hardware_interface_testing:/home/farah/ws_farah/install/controller_interface:/home/farah/ws_farah/install/hardware_interface:/home/farah/ws_farah/install/ros2_control_test_assets:/opt/ros/humble LD_LIBRARY_PATH=/home/farah/ws_farah/install/hardware_interface_testing/lib:/home/farah/ws_farah/install/controller_interface/lib:/home/farah/ws_farah/install/hardware_interface/lib:${LD_LIBRARY_PATH} /usr/bin/cmake --build /home/farah/ws_farah/build/forward_command_controller -- -j8 -l8
[65.903s] DEBUG:colcon.colcon_core.event_handler.log_command:Invoking command in '/home/farah/ws_farah/build/forward_command_controller': AMENT_PREFIX_PATH=/home/farah/ws_farah/install/hardware_interface_testing:/home/farah/ws_farah/install/controller_interface:/home/farah/ws_farah/install/hardware_interface:/home/farah/ws_farah/install/ros2_control_test_assets:${AMENT_PREFIX_PATH} CMAKE_PREFIX_PATH=/home/farah/ws_farah/install/hardware_interface_testing:/home/farah/ws_farah/install/controller_interface:/home/farah/ws_farah/install/hardware_interface:/home/farah/ws_farah/install/ros2_control_test_assets:/opt/ros/humble LD_LIBRARY_PATH=/home/farah/ws_farah/install/hardware_interface_testing/lib:/home/farah/ws_farah/install/controller_interface/lib:/home/farah/ws_farah/install/hardware_interface/lib:${LD_LIBRARY_PATH} /usr/bin/cmake --install /home/farah/ws_farah/build/forward_command_controller
[65.919s] Level 1:colcon.colcon_core.environment:create_environment_scripts_only(forward_command_controller)
[65.919s] DEBUG:colcon.colcon_core.event_handler.log_command:Invoked command in '/home/farah/ws_farah/build/forward_command_controller' returned '0': AMENT_PREFIX_PATH=/home/farah/ws_farah/install/hardware_interface_testing:/home/farah/ws_farah/install/controller_interface:/home/farah/ws_farah/install/hardware_interface:/home/farah/ws_farah/install/ros2_control_test_assets:${AMENT_PREFIX_PATH} CMAKE_PREFIX_PATH=/home/farah/ws_farah/install/hardware_interface_testing:/home/farah/ws_farah/install/controller_interface:/home/farah/ws_farah/install/hardware_interface:/home/farah/ws_farah/install/ros2_control_test_assets:/opt/ros/humble LD_LIBRARY_PATH=/home/farah/ws_farah/install/hardware_interface_testing/lib:/home/farah/ws_farah/install/controller_interface/lib:/home/farah/ws_farah/install/hardware_interface/lib:${LD_LIBRARY_PATH} /usr/bin/cmake --install /home/farah/ws_farah/build/forward_command_controller
[65.919s] Level 1:colcon.colcon_core.environment:checking '/home/farah/ws_farah/install/forward_command_controller' for CMake module files
[65.920s] Level 1:colcon.colcon_core.environment:checking '/home/farah/ws_farah/install/forward_command_controller' for CMake config files
[65.920s] Level 1:colcon.colcon_core.shell:create_environment_hook('forward_command_controller', 'cmake_prefix_path')
[65.920s] INFO:colcon.colcon_core.shell:Creating environment hook '/home/farah/ws_farah/install/forward_command_controller/share/forward_command_controller/hook/cmake_prefix_path.ps1'
[65.921s] INFO:colcon.colcon_core.shell:Creating environment descriptor '/home/farah/ws_farah/install/forward_command_controller/share/forward_command_controller/hook/cmake_prefix_path.dsv'
[65.921s] INFO:colcon.colcon_core.shell:Creating environment hook '/home/farah/ws_farah/install/forward_command_controller/share/forward_command_controller/hook/cmake_prefix_path.sh'
[65.922s] Level 1:colcon.colcon_core.environment:checking '/home/farah/ws_farah/install/forward_command_controller/lib'
[65.922s] Level 1:colcon.colcon_core.shell:create_environment_hook('forward_command_controller', 'ld_library_path_lib')
[65.922s] INFO:colcon.colcon_core.shell:Creating environment hook '/home/farah/ws_farah/install/forward_command_controller/share/forward_command_controller/hook/ld_library_path_lib.ps1'
[65.922s] INFO:colcon.colcon_core.shell:Creating environment descriptor '/home/farah/ws_farah/install/forward_command_controller/share/forward_command_controller/hook/ld_library_path_lib.dsv'
[65.922s] INFO:colcon.colcon_core.shell:Creating environment hook '/home/farah/ws_farah/install/forward_command_controller/share/forward_command_controller/hook/ld_library_path_lib.sh'
[65.923s] Level 1:colcon.colcon_core.environment:checking '/home/farah/ws_farah/install/forward_command_controller/bin'
[65.923s] Level 1:colcon.colcon_core.environment:checking '/home/farah/ws_farah/install/forward_command_controller/lib/pkgconfig/forward_command_controller.pc'
[65.923s] Level 1:colcon.colcon_core.environment:checking '/home/farah/ws_farah/install/forward_command_controller/lib/python3.10/site-packages'
[65.923s] Level 1:colcon.colcon_core.environment:checking '/home/farah/ws_farah/install/forward_command_controller/bin'
[65.923s] INFO:colcon.colcon_core.shell:Creating package script '/home/farah/ws_farah/install/forward_command_controller/share/forward_command_controller/package.ps1'
[65.924s] INFO:colcon.colcon_core.shell:Creating package descriptor '/home/farah/ws_farah/install/forward_command_controller/share/forward_command_controller/package.dsv'
[65.924s] INFO:colcon.colcon_core.shell:Creating package script '/home/farah/ws_farah/install/forward_command_controller/share/forward_command_controller/package.sh'
[65.924s] INFO:colcon.colcon_core.shell:Creating package script '/home/farah/ws_farah/install/forward_command_controller/share/forward_command_controller/package.bash'
[65.925s] INFO:colcon.colcon_core.shell:Creating package script '/home/farah/ws_farah/install/forward_command_controller/share/forward_command_controller/package.zsh'
[65.925s] Level 1:colcon.colcon_core.environment:create_file_with_runtime_dependencies(/home/farah/ws_farah/install/forward_command_controller/share/colcon-core/packages/forward_command_controller)
[65.925s] Level 1:colcon.colcon_core.environment:create_environment_scripts_only(forward_command_controller)
[65.925s] Level 1:colcon.colcon_core.environment:checking '/home/farah/ws_farah/install/forward_command_controller' for CMake module files
[65.926s] Level 1:colcon.colcon_core.environment:checking '/home/farah/ws_farah/install/forward_command_controller' for CMake config files
[65.926s] Level 1:colcon.colcon_core.shell:create_environment_hook('forward_command_controller', 'cmake_prefix_path')
[65.926s] INFO:colcon.colcon_core.shell:Creating environment hook '/home/farah/ws_farah/install/forward_command_controller/share/forward_command_controller/hook/cmake_prefix_path.ps1'
[65.926s] INFO:colcon.colcon_core.shell:Creating environment descriptor '/home/farah/ws_farah/install/forward_command_controller/share/forward_command_controller/hook/cmake_prefix_path.dsv'
[65.927s] INFO:colcon.colcon_core.shell:Creating environment hook '/home/farah/ws_farah/install/forward_command_controller/share/forward_command_controller/hook/cmake_prefix_path.sh'
[65.927s] Level 1:colcon.colcon_core.environment:checking '/home/farah/ws_farah/install/forward_command_controller/lib'
[65.927s] Level 1:colcon.colcon_core.shell:create_environment_hook('forward_command_controller', 'ld_library_path_lib')
[65.927s] INFO:colcon.colcon_core.shell:Creating environment hook '/home/farah/ws_farah/install/forward_command_controller/share/forward_command_controller/hook/ld_library_path_lib.ps1'
[65.927s] INFO:colcon.colcon_core.shell:Creating environment descriptor '/home/farah/ws_farah/install/forward_command_controller/share/forward_command_controller/hook/ld_library_path_lib.dsv'
[65.928s] INFO:colcon.colcon_core.shell:Creating environment hook '/home/farah/ws_farah/install/forward_command_controller/share/forward_command_controller/hook/ld_library_path_lib.sh'
[65.928s] Level 1:colcon.colcon_core.environment:checking '/home/farah/ws_farah/install/forward_command_controller/bin'
[65.928s] Level 1:colcon.colcon_core.environment:checking '/home/farah/ws_farah/install/forward_command_controller/lib/pkgconfig/forward_command_controller.pc'
[65.928s] Level 1:colcon.colcon_core.environment:checking '/home/farah/ws_farah/install/forward_command_controller/lib/python3.10/site-packages'
[65.928s] Level 1:colcon.colcon_core.environment:checking '/home/farah/ws_farah/install/forward_command_controller/bin'
[65.929s] INFO:colcon.colcon_core.shell:Creating package script '/home/farah/ws_farah/install/forward_command_controller/share/forward_command_controller/package.ps1'
[65.929s] INFO:colcon.colcon_core.shell:Creating package descriptor '/home/farah/ws_farah/install/forward_command_controller/share/forward_command_controller/package.dsv'
[65.930s] INFO:colcon.colcon_core.shell:Creating package script '/home/farah/ws_farah/install/forward_command_controller/share/forward_command_controller/package.sh'
[65.930s] INFO:colcon.colcon_core.shell:Creating package script '/home/farah/ws_farah/install/forward_command_controller/share/forward_command_controller/package.bash'
[65.930s] INFO:colcon.colcon_core.shell:Creating package script '/home/farah/ws_farah/install/forward_command_controller/share/forward_command_controller/package.zsh'
[65.931s] Level 1:colcon.colcon_core.environment:create_file_with_runtime_dependencies(/home/farah/ws_farah/install/forward_command_controller/share/colcon-core/packages/forward_command_controller)
[65.931s] INFO:colcon.colcon_ros.task.ament_cmake.build:Building ROS package in '/home/farah/ws_farah/src/ros2_controllers/joint_state_broadcaster' with build type 'ament_cmake'
[65.931s] INFO:colcon.colcon_cmake.task.cmake.build:Building CMake package in '/home/farah/ws_farah/src/ros2_controllers/joint_state_broadcaster'
[65.931s] INFO:colcon.colcon_core.shell:Skip shell extension 'powershell' for command environment: Not usable outside of PowerShell
[65.932s] DEBUG:colcon.colcon_core.shell:Skip shell extension 'dsv' for command environment
[65.940s] DEBUG:colcon.colcon_core.event_handler.log_command:Invoking command in '/home/farah/ws_farah/build/joint_state_broadcaster': AMENT_PREFIX_PATH=/home/farah/ws_farah/install/hardware_interface_testing:/home/farah/ws_farah/install/controller_interface:/home/farah/ws_farah/install/hardware_interface:/home/farah/ws_farah/install/ros2_control_test_assets:${AMENT_PREFIX_PATH} CMAKE_PREFIX_PATH=/home/farah/ws_farah/install/hardware_interface_testing:/home/farah/ws_farah/install/controller_interface:/home/farah/ws_farah/install/hardware_interface:/home/farah/ws_farah/install/ros2_control_test_assets:/opt/ros/humble LD_LIBRARY_PATH=/home/farah/ws_farah/install/hardware_interface_testing/lib:/home/farah/ws_farah/install/controller_interface/lib:/home/farah/ws_farah/install/hardware_interface/lib:${LD_LIBRARY_PATH} /usr/bin/cmake /home/farah/ws_farah/src/ros2_controllers/joint_state_broadcaster -DCMAKE_INSTALL_PREFIX=/home/farah/ws_farah/install/joint_state_broadcaster
[67.337s] DEBUG:colcon.colcon_core.event_handler.log_command:Invoked command in '/home/farah/ws_farah/build/joint_state_broadcaster' returned '0': AMENT_PREFIX_PATH=/home/farah/ws_farah/install/hardware_interface_testing:/home/farah/ws_farah/install/controller_interface:/home/farah/ws_farah/install/hardware_interface:/home/farah/ws_farah/install/ros2_control_test_assets:${AMENT_PREFIX_PATH} CMAKE_PREFIX_PATH=/home/farah/ws_farah/install/hardware_interface_testing:/home/farah/ws_farah/install/controller_interface:/home/farah/ws_farah/install/hardware_interface:/home/farah/ws_farah/install/ros2_control_test_assets:/opt/ros/humble LD_LIBRARY_PATH=/home/farah/ws_farah/install/hardware_interface_testing/lib:/home/farah/ws_farah/install/controller_interface/lib:/home/farah/ws_farah/install/hardware_interface/lib:${LD_LIBRARY_PATH} /usr/bin/cmake /home/farah/ws_farah/src/ros2_controllers/joint_state_broadcaster -DCMAKE_INSTALL_PREFIX=/home/farah/ws_farah/install/joint_state_broadcaster
[67.338s] DEBUG:colcon.colcon_core.event_handler.log_command:Invoking command in '/home/farah/ws_farah/build/joint_state_broadcaster': AMENT_PREFIX_PATH=/home/farah/ws_farah/install/hardware_interface_testing:/home/farah/ws_farah/install/controller_interface:/home/farah/ws_farah/install/hardware_interface:/home/farah/ws_farah/install/ros2_control_test_assets:${AMENT_PREFIX_PATH} CMAKE_PREFIX_PATH=/home/farah/ws_farah/install/hardware_interface_testing:/home/farah/ws_farah/install/controller_interface:/home/farah/ws_farah/install/hardware_interface:/home/farah/ws_farah/install/ros2_control_test_assets:/opt/ros/humble LD_LIBRARY_PATH=/home/farah/ws_farah/install/hardware_interface_testing/lib:/home/farah/ws_farah/install/controller_interface/lib:/home/farah/ws_farah/install/hardware_interface/lib:${LD_LIBRARY_PATH} /usr/bin/cmake --build /home/farah/ws_farah/build/joint_state_broadcaster -- -j8 -l8
[85.865s] DEBUG:colcon.colcon_core.event_handler.log_command:Invoked command in '/home/farah/ws_farah/build/joint_state_broadcaster' returned '0': AMENT_PREFIX_PATH=/home/farah/ws_farah/install/hardware_interface_testing:/home/farah/ws_farah/install/controller_interface:/home/farah/ws_farah/install/hardware_interface:/home/farah/ws_farah/install/ros2_control_test_assets:${AMENT_PREFIX_PATH} CMAKE_PREFIX_PATH=/home/farah/ws_farah/install/hardware_interface_testing:/home/farah/ws_farah/install/controller_interface:/home/farah/ws_farah/install/hardware_interface:/home/farah/ws_farah/install/ros2_control_test_assets:/opt/ros/humble LD_LIBRARY_PATH=/home/farah/ws_farah/install/hardware_interface_testing/lib:/home/farah/ws_farah/install/controller_interface/lib:/home/farah/ws_farah/install/hardware_interface/lib:${LD_LIBRARY_PATH} /usr/bin/cmake --build /home/farah/ws_farah/build/joint_state_broadcaster -- -j8 -l8
[85.866s] DEBUG:colcon.colcon_core.event_handler.log_command:Invoking command in '/home/farah/ws_farah/build/joint_state_broadcaster': AMENT_PREFIX_PATH=/home/farah/ws_farah/install/hardware_interface_testing:/home/farah/ws_farah/install/controller_interface:/home/farah/ws_farah/install/hardware_interface:/home/farah/ws_farah/install/ros2_control_test_assets:${AMENT_PREFIX_PATH} CMAKE_PREFIX_PATH=/home/farah/ws_farah/install/hardware_interface_testing:/home/farah/ws_farah/install/controller_interface:/home/farah/ws_farah/install/hardware_interface:/home/farah/ws_farah/install/ros2_control_test_assets:/opt/ros/humble LD_LIBRARY_PATH=/home/farah/ws_farah/install/hardware_interface_testing/lib:/home/farah/ws_farah/install/controller_interface/lib:/home/farah/ws_farah/install/hardware_interface/lib:${LD_LIBRARY_PATH} /usr/bin/cmake --install /home/farah/ws_farah/build/joint_state_broadcaster
[85.879s] Level 1:colcon.colcon_core.environment:create_environment_scripts_only(joint_state_broadcaster)
[85.880s] Level 1:colcon.colcon_core.environment:checking '/home/farah/ws_farah/install/joint_state_broadcaster' for CMake module files
[85.880s] DEBUG:colcon.colcon_core.event_handler.log_command:Invoked command in '/home/farah/ws_farah/build/joint_state_broadcaster' returned '0': AMENT_PREFIX_PATH=/home/farah/ws_farah/install/hardware_interface_testing:/home/farah/ws_farah/install/controller_interface:/home/farah/ws_farah/install/hardware_interface:/home/farah/ws_farah/install/ros2_control_test_assets:${AMENT_PREFIX_PATH} CMAKE_PREFIX_PATH=/home/farah/ws_farah/install/hardware_interface_testing:/home/farah/ws_farah/install/controller_interface:/home/farah/ws_farah/install/hardware_interface:/home/farah/ws_farah/install/ros2_control_test_assets:/opt/ros/humble LD_LIBRARY_PATH=/home/farah/ws_farah/install/hardware_interface_testing/lib:/home/farah/ws_farah/install/controller_interface/lib:/home/farah/ws_farah/install/hardware_interface/lib:${LD_LIBRARY_PATH} /usr/bin/cmake --install /home/farah/ws_farah/build/joint_state_broadcaster
[85.880s] Level 1:colcon.colcon_core.environment:checking '/home/farah/ws_farah/install/joint_state_broadcaster' for CMake config files
[85.880s] Level 1:colcon.colcon_core.shell:create_environment_hook('joint_state_broadcaster', 'cmake_prefix_path')
[85.881s] INFO:colcon.colcon_core.shell:Creating environment hook '/home/farah/ws_farah/install/joint_state_broadcaster/share/joint_state_broadcaster/hook/cmake_prefix_path.ps1'
[85.881s] INFO:colcon.colcon_core.shell:Creating environment descriptor '/home/farah/ws_farah/install/joint_state_broadcaster/share/joint_state_broadcaster/hook/cmake_prefix_path.dsv'
[85.881s] INFO:colcon.colcon_core.shell:Creating environment hook '/home/farah/ws_farah/install/joint_state_broadcaster/share/joint_state_broadcaster/hook/cmake_prefix_path.sh'
[85.882s] Level 1:colcon.colcon_core.environment:checking '/home/farah/ws_farah/install/joint_state_broadcaster/lib'
[85.882s] Level 1:colcon.colcon_core.shell:create_environment_hook('joint_state_broadcaster', 'ld_library_path_lib')
[85.882s] INFO:colcon.colcon_core.shell:Creating environment hook '/home/farah/ws_farah/install/joint_state_broadcaster/share/joint_state_broadcaster/hook/ld_library_path_lib.ps1'
[85.882s] INFO:colcon.colcon_core.shell:Creating environment descriptor '/home/farah/ws_farah/install/joint_state_broadcaster/share/joint_state_broadcaster/hook/ld_library_path_lib.dsv'
[85.882s] INFO:colcon.colcon_core.shell:Creating environment hook '/home/farah/ws_farah/install/joint_state_broadcaster/share/joint_state_broadcaster/hook/ld_library_path_lib.sh'
[85.883s] Level 1:colcon.colcon_core.environment:checking '/home/farah/ws_farah/install/joint_state_broadcaster/bin'
[85.883s] Level 1:colcon.colcon_core.environment:checking '/home/farah/ws_farah/install/joint_state_broadcaster/lib/pkgconfig/joint_state_broadcaster.pc'
[85.883s] Level 1:colcon.colcon_core.environment:checking '/home/farah/ws_farah/install/joint_state_broadcaster/lib/python3.10/site-packages'
[85.883s] Level 1:colcon.colcon_core.environment:checking '/home/farah/ws_farah/install/joint_state_broadcaster/bin'
[85.884s] INFO:colcon.colcon_core.shell:Creating package script '/home/farah/ws_farah/install/joint_state_broadcaster/share/joint_state_broadcaster/package.ps1'
[85.884s] INFO:colcon.colcon_core.shell:Creating package descriptor '/home/farah/ws_farah/install/joint_state_broadcaster/share/joint_state_broadcaster/package.dsv'
[85.884s] INFO:colcon.colcon_core.shell:Creating package script '/home/farah/ws_farah/install/joint_state_broadcaster/share/joint_state_broadcaster/package.sh'
[85.885s] INFO:colcon.colcon_core.shell:Creating package script '/home/farah/ws_farah/install/joint_state_broadcaster/share/joint_state_broadcaster/package.bash'
[85.885s] INFO:colcon.colcon_core.shell:Creating package script '/home/farah/ws_farah/install/joint_state_broadcaster/share/joint_state_broadcaster/package.zsh'
[85.885s] Level 1:colcon.colcon_core.environment:create_file_with_runtime_dependencies(/home/farah/ws_farah/install/joint_state_broadcaster/share/colcon-core/packages/joint_state_broadcaster)
[85.886s] Level 1:colcon.colcon_core.environment:create_environment_scripts_only(joint_state_broadcaster)
[85.886s] Level 1:colcon.colcon_core.environment:checking '/home/farah/ws_farah/install/joint_state_broadcaster' for CMake module files
[85.886s] Level 1:colcon.colcon_core.environment:checking '/home/farah/ws_farah/install/joint_state_broadcaster' for CMake config files
[85.887s] Level 1:colcon.colcon_core.shell:create_environment_hook('joint_state_broadcaster', 'cmake_prefix_path')
[85.887s] INFO:colcon.colcon_core.shell:Creating environment hook '/home/farah/ws_farah/install/joint_state_broadcaster/share/joint_state_broadcaster/hook/cmake_prefix_path.ps1'
[85.887s] INFO:colcon.colcon_core.shell:Creating environment descriptor '/home/farah/ws_farah/install/joint_state_broadcaster/share/joint_state_broadcaster/hook/cmake_prefix_path.dsv'
[85.887s] INFO:colcon.colcon_core.shell:Creating environment hook '/home/farah/ws_farah/install/joint_state_broadcaster/share/joint_state_broadcaster/hook/cmake_prefix_path.sh'
[85.888s] Level 1:colcon.colcon_core.environment:checking '/home/farah/ws_farah/install/joint_state_broadcaster/lib'
[85.888s] Level 1:colcon.colcon_core.shell:create_environment_hook('joint_state_broadcaster', 'ld_library_path_lib')
[85.888s] INFO:colcon.colcon_core.shell:Creating environment hook '/home/farah/ws_farah/install/joint_state_broadcaster/share/joint_state_broadcaster/hook/ld_library_path_lib.ps1'
[85.888s] INFO:colcon.colcon_core.shell:Creating environment descriptor '/home/farah/ws_farah/install/joint_state_broadcaster/share/joint_state_broadcaster/hook/ld_library_path_lib.dsv'
[85.889s] INFO:colcon.colcon_core.shell:Creating environment hook '/home/farah/ws_farah/install/joint_state_broadcaster/share/joint_state_broadcaster/hook/ld_library_path_lib.sh'
[85.889s] Level 1:colcon.colcon_core.environment:checking '/home/farah/ws_farah/install/joint_state_broadcaster/bin'
[85.889s] Level 1:colcon.colcon_core.environment:checking '/home/farah/ws_farah/install/joint_state_broadcaster/lib/pkgconfig/joint_state_broadcaster.pc'
[85.889s] Level 1:colcon.colcon_core.environment:checking '/home/farah/ws_farah/install/joint_state_broadcaster/lib/python3.10/site-packages'
[85.889s] Level 1:colcon.colcon_core.environment:checking '/home/farah/ws_farah/install/joint_state_broadcaster/bin'
[85.889s] INFO:colcon.colcon_core.shell:Creating package script '/home/farah/ws_farah/install/joint_state_broadcaster/share/joint_state_broadcaster/package.ps1'
[85.890s] INFO:colcon.colcon_core.shell:Creating package descriptor '/home/farah/ws_farah/install/joint_state_broadcaster/share/joint_state_broadcaster/package.dsv'
[85.890s] INFO:colcon.colcon_core.shell:Creating package script '/home/farah/ws_farah/install/joint_state_broadcaster/share/joint_state_broadcaster/package.sh'
[85.891s] INFO:colcon.colcon_core.shell:Creating package script '/home/farah/ws_farah/install/joint_state_broadcaster/share/joint_state_broadcaster/package.bash'
[85.891s] INFO:colcon.colcon_core.shell:Creating package script '/home/farah/ws_farah/install/joint_state_broadcaster/share/joint_state_broadcaster/package.zsh'
[85.891s] Level 1:colcon.colcon_core.environment:create_file_with_runtime_dependencies(/home/farah/ws_farah/install/joint_state_broadcaster/share/colcon-core/packages/joint_state_broadcaster)
[85.892s] INFO:colcon.colcon_ros.task.ament_cmake.build:Building ROS package in '/home/farah/ws_farah/src/ros2_control_demos/ros2_control_demo_description' with build type 'ament_cmake'
[85.892s] INFO:colcon.colcon_cmake.task.cmake.build:Building CMake package in '/home/farah/ws_farah/src/ros2_control_demos/ros2_control_demo_description'
[85.892s] INFO:colcon.colcon_core.shell:Skip shell extension 'powershell' for command environment: Not usable outside of PowerShell
[85.892s] DEBUG:colcon.colcon_core.shell:Skip shell extension 'dsv' for command environment
[85.897s] DEBUG:colcon.colcon_core.event_handler.log_command:Invoking command in '/home/farah/ws_farah/build/ros2_control_demo_description': CMAKE_PREFIX_PATH=/opt/ros/humble /usr/bin/cmake /home/farah/ws_farah/src/ros2_control_demos/ros2_control_demo_description -DCMAKE_INSTALL_PREFIX=/home/farah/ws_farah/install/ros2_control_demo_description
[86.519s] DEBUG:colcon.colcon_core.event_handler.log_command:Invoked command in '/home/farah/ws_farah/build/ros2_control_demo_description' returned '0': CMAKE_PREFIX_PATH=/opt/ros/humble /usr/bin/cmake /home/farah/ws_farah/src/ros2_control_demos/ros2_control_demo_description -DCMAKE_INSTALL_PREFIX=/home/farah/ws_farah/install/ros2_control_demo_description
[86.520s] DEBUG:colcon.colcon_core.event_handler.log_command:Invoking command in '/home/farah/ws_farah/build/ros2_control_demo_description': CMAKE_PREFIX_PATH=/opt/ros/humble /usr/bin/cmake --build /home/farah/ws_farah/build/ros2_control_demo_description -- -j8 -l8
[86.547s] DEBUG:colcon.colcon_core.event_handler.log_command:Invoked command in '/home/farah/ws_farah/build/ros2_control_demo_description' returned '0': CMAKE_PREFIX_PATH=/opt/ros/humble /usr/bin/cmake --build /home/farah/ws_farah/build/ros2_control_demo_description -- -j8 -l8
[86.548s] DEBUG:colcon.colcon_core.event_handler.log_command:Invoking command in '/home/farah/ws_farah/build/ros2_control_demo_description': CMAKE_PREFIX_PATH=/opt/ros/humble /usr/bin/cmake --install /home/farah/ws_farah/build/ros2_control_demo_description
[86.561s] Level 1:colcon.colcon_core.environment:create_environment_scripts_only(ros2_control_demo_description)
[86.562s] Level 1:colcon.colcon_core.environment:checking '/home/farah/ws_farah/install/ros2_control_demo_description' for CMake module files
[86.562s] DEBUG:colcon.colcon_core.event_handler.log_command:Invoked command in '/home/farah/ws_farah/build/ros2_control_demo_description' returned '0': CMAKE_PREFIX_PATH=/opt/ros/humble /usr/bin/cmake --install /home/farah/ws_farah/build/ros2_control_demo_description
[86.562s] Level 1:colcon.colcon_core.environment:checking '/home/farah/ws_farah/install/ros2_control_demo_description' for CMake config files
[86.562s] Level 1:colcon.colcon_core.shell:create_environment_hook('ros2_control_demo_description', 'cmake_prefix_path')
[86.563s] INFO:colcon.colcon_core.shell:Creating environment hook '/home/farah/ws_farah/install/ros2_control_demo_description/share/ros2_control_demo_description/hook/cmake_prefix_path.ps1'
[86.563s] INFO:colcon.colcon_core.shell:Creating environment descriptor '/home/farah/ws_farah/install/ros2_control_demo_description/share/ros2_control_demo_description/hook/cmake_prefix_path.dsv'
[86.563s] INFO:colcon.colcon_core.shell:Creating environment hook '/home/farah/ws_farah/install/ros2_control_demo_description/share/ros2_control_demo_description/hook/cmake_prefix_path.sh'
[86.564s] Level 1:colcon.colcon_core.environment:checking '/home/farah/ws_farah/install/ros2_control_demo_description/bin'
[86.564s] Level 1:colcon.colcon_core.environment:checking '/home/farah/ws_farah/install/ros2_control_demo_description/lib/pkgconfig/ros2_control_demo_description.pc'
[86.564s] Level 1:colcon.colcon_core.environment:checking '/home/farah/ws_farah/install/ros2_control_demo_description/lib/python3.10/site-packages'
[86.564s] Level 1:colcon.colcon_core.environment:checking '/home/farah/ws_farah/install/ros2_control_demo_description/bin'
[86.564s] INFO:colcon.colcon_core.shell:Creating package script '/home/farah/ws_farah/install/ros2_control_demo_description/share/ros2_control_demo_description/package.ps1'
[86.564s] INFO:colcon.colcon_core.shell:Creating package descriptor '/home/farah/ws_farah/install/ros2_control_demo_description/share/ros2_control_demo_description/package.dsv'
[86.565s] INFO:colcon.colcon_core.shell:Creating package script '/home/farah/ws_farah/install/ros2_control_demo_description/share/ros2_control_demo_description/package.sh'
[86.565s] INFO:colcon.colcon_core.shell:Creating package script '/home/farah/ws_farah/install/ros2_control_demo_description/share/ros2_control_demo_description/package.bash'
[86.565s] INFO:colcon.colcon_core.shell:Creating package script '/home/farah/ws_farah/install/ros2_control_demo_description/share/ros2_control_demo_description/package.zsh'
[86.566s] Level 1:colcon.colcon_core.environment:create_file_with_runtime_dependencies(/home/farah/ws_farah/install/ros2_control_demo_description/share/colcon-core/packages/ros2_control_demo_description)
[86.566s] Level 1:colcon.colcon_core.environment:create_environment_scripts_only(ros2_control_demo_description)
[86.566s] Level 1:colcon.colcon_core.environment:checking '/home/farah/ws_farah/install/ros2_control_demo_description' for CMake module files
[86.566s] Level 1:colcon.colcon_core.environment:checking '/home/farah/ws_farah/install/ros2_control_demo_description' for CMake config files
[86.567s] Level 1:colcon.colcon_core.shell:create_environment_hook('ros2_control_demo_description', 'cmake_prefix_path')
[86.567s] INFO:colcon.colcon_core.shell:Creating environment hook '/home/farah/ws_farah/install/ros2_control_demo_description/share/ros2_control_demo_description/hook/cmake_prefix_path.ps1'
[86.567s] INFO:colcon.colcon_core.shell:Creating environment descriptor '/home/farah/ws_farah/install/ros2_control_demo_description/share/ros2_control_demo_description/hook/cmake_prefix_path.dsv'
[86.567s] INFO:colcon.colcon_core.shell:Creating environment hook '/home/farah/ws_farah/install/ros2_control_demo_description/share/ros2_control_demo_description/hook/cmake_prefix_path.sh'
[86.568s] Level 1:colcon.colcon_core.environment:checking '/home/farah/ws_farah/install/ros2_control_demo_description/bin'
[86.568s] Level 1:colcon.colcon_core.environment:checking '/home/farah/ws_farah/install/ros2_control_demo_description/lib/pkgconfig/ros2_control_demo_description.pc'
[86.568s] Level 1:colcon.colcon_core.environment:checking '/home/farah/ws_farah/install/ros2_control_demo_description/lib/python3.10/site-packages'
[86.568s] Level 1:colcon.colcon_core.environment:checking '/home/farah/ws_farah/install/ros2_control_demo_description/bin'
[86.568s] INFO:colcon.colcon_core.shell:Creating package script '/home/farah/ws_farah/install/ros2_control_demo_description/share/ros2_control_demo_description/package.ps1'
[86.569s] INFO:colcon.colcon_core.shell:Creating package descriptor '/home/farah/ws_farah/install/ros2_control_demo_description/share/ros2_control_demo_description/package.dsv'
[86.569s] INFO:colcon.colcon_core.shell:Creating package script '/home/farah/ws_farah/install/ros2_control_demo_description/share/ros2_control_demo_description/package.sh'
[86.569s] INFO:colcon.colcon_core.shell:Creating package script '/home/farah/ws_farah/install/ros2_control_demo_description/share/ros2_control_demo_description/package.bash'
[86.570s] INFO:colcon.colcon_core.shell:Creating package script '/home/farah/ws_farah/install/ros2_control_demo_description/share/ros2_control_demo_description/package.zsh'
[86.570s] Level 1:colcon.colcon_core.environment:create_file_with_runtime_dependencies(/home/farah/ws_farah/install/ros2_control_demo_description/share/colcon-core/packages/ros2_control_demo_description)
[86.570s] INFO:colcon.colcon_ros.task.ament_python.build:Building ROS package in '/home/farah/ws_farah/src/ros2_controllers/ros2_controllers_test_nodes' with build type 'ament_python'
[86.571s] Level 1:colcon.colcon_core.shell:create_environment_hook('ros2_controllers_test_nodes', 'ament_prefix_path')
[86.571s] INFO:colcon.colcon_core.shell:Creating environment hook '/home/farah/ws_farah/install/ros2_controllers_test_nodes/share/ros2_controllers_test_nodes/hook/ament_prefix_path.ps1'
[86.571s] INFO:colcon.colcon_core.shell:Creating environment descriptor '/home/farah/ws_farah/install/ros2_controllers_test_nodes/share/ros2_controllers_test_nodes/hook/ament_prefix_path.dsv'
[86.572s] INFO:colcon.colcon_core.shell:Creating environment hook '/home/farah/ws_farah/install/ros2_controllers_test_nodes/share/ros2_controllers_test_nodes/hook/ament_prefix_path.sh'
[86.572s] INFO:colcon.colcon_core.shell:Skip shell extension 'powershell' for command environment: Not usable outside of PowerShell
[86.572s] DEBUG:colcon.colcon_core.shell:Skip shell extension 'dsv' for command environment
[86.758s] INFO:colcon.colcon_core.task.python.build:Building Python package in '/home/farah/ws_farah/src/ros2_controllers/ros2_controllers_test_nodes'
[86.758s] INFO:colcon.colcon_core.shell:Skip shell extension 'powershell' for command environment: Not usable outside of PowerShell
[86.758s] DEBUG:colcon.colcon_core.shell:Skip shell extension 'dsv' for command environment
[87.318s] DEBUG:colcon.colcon_core.event_handler.log_command:Invoking command in '/home/farah/ws_farah/src/ros2_controllers/ros2_controllers_test_nodes': PYTHONPATH=/home/farah/ws_farah/build/ros2_controllers_test_nodes/prefix_override:/usr/lib/python3/dist-packages/colcon_core/task/python/colcon_distutils_commands:/home/farah/ws_farah/install/ros2_controllers_test_nodes/lib/python3.10/site-packages:${PYTHONPATH} /usr/bin/python3 -W ignore:setup.py install is deprecated -W ignore:easy_install command is deprecated setup.py egg_info --egg-base ../../../build/ros2_controllers_test_nodes build --build-base /home/farah/ws_farah/build/ros2_controllers_test_nodes/build install --record /home/farah/ws_farah/build/ros2_controllers_test_nodes/install.log --single-version-externally-managed install_data
[87.834s] Level 1:colcon.colcon_core.environment:checking '/home/farah/ws_farah/install/ros2_controllers_test_nodes' for CMake module files
[87.835s] DEBUG:colcon.colcon_core.event_handler.log_command:Invoked command in '/home/farah/ws_farah/src/ros2_controllers/ros2_controllers_test_nodes' returned '0': PYTHONPATH=/home/farah/ws_farah/build/ros2_controllers_test_nodes/prefix_override:/usr/lib/python3/dist-packages/colcon_core/task/python/colcon_distutils_commands:/home/farah/ws_farah/install/ros2_controllers_test_nodes/lib/python3.10/site-packages:${PYTHONPATH} /usr/bin/python3 -W ignore:setup.py install is deprecated -W ignore:easy_install command is deprecated setup.py egg_info --egg-base ../../../build/ros2_controllers_test_nodes build --build-base /home/farah/ws_farah/build/ros2_controllers_test_nodes/build install --record /home/farah/ws_farah/build/ros2_controllers_test_nodes/install.log --single-version-externally-managed install_data
[87.835s] Level 1:colcon.colcon_core.environment:checking '/home/farah/ws_farah/install/ros2_controllers_test_nodes' for CMake config files
[87.836s] Level 1:colcon.colcon_core.environment:checking '/home/farah/ws_farah/install/ros2_controllers_test_nodes/lib'
[87.836s] Level 1:colcon.colcon_core.environment:checking '/home/farah/ws_farah/install/ros2_controllers_test_nodes/bin'
[87.836s] Level 1:colcon.colcon_core.environment:checking '/home/farah/ws_farah/install/ros2_controllers_test_nodes/lib/pkgconfig/ros2_controllers_test_nodes.pc'
[87.836s] Level 1:colcon.colcon_core.environment:checking '/home/farah/ws_farah/install/ros2_controllers_test_nodes/lib/python3.10/site-packages'
[87.836s] Level 1:colcon.colcon_core.shell:create_environment_hook('ros2_controllers_test_nodes', 'pythonpath')
[87.836s] INFO:colcon.colcon_core.shell:Creating environment hook '/home/farah/ws_farah/install/ros2_controllers_test_nodes/share/ros2_controllers_test_nodes/hook/pythonpath.ps1'
[87.836s] INFO:colcon.colcon_core.shell:Creating environment descriptor '/home/farah/ws_farah/install/ros2_controllers_test_nodes/share/ros2_controllers_test_nodes/hook/pythonpath.dsv'
[87.837s] INFO:colcon.colcon_core.shell:Creating environment hook '/home/farah/ws_farah/install/ros2_controllers_test_nodes/share/ros2_controllers_test_nodes/hook/pythonpath.sh'
[87.837s] Level 1:colcon.colcon_core.environment:checking '/home/farah/ws_farah/install/ros2_controllers_test_nodes/bin'
[87.837s] Level 1:colcon.colcon_core.environment:create_environment_scripts_only(ros2_controllers_test_nodes)
[87.837s] INFO:colcon.colcon_core.shell:Creating package script '/home/farah/ws_farah/install/ros2_controllers_test_nodes/share/ros2_controllers_test_nodes/package.ps1'
[87.838s] INFO:colcon.colcon_core.shell:Creating package descriptor '/home/farah/ws_farah/install/ros2_controllers_test_nodes/share/ros2_controllers_test_nodes/package.dsv'
[87.838s] INFO:colcon.colcon_core.shell:Creating package script '/home/farah/ws_farah/install/ros2_controllers_test_nodes/share/ros2_controllers_test_nodes/package.sh'
[87.838s] INFO:colcon.colcon_core.shell:Creating package script '/home/farah/ws_farah/install/ros2_controllers_test_nodes/share/ros2_controllers_test_nodes/package.bash'
[87.839s] INFO:colcon.colcon_core.shell:Creating package script '/home/farah/ws_farah/install/ros2_controllers_test_nodes/share/ros2_controllers_test_nodes/package.zsh'
[87.839s] Level 1:colcon.colcon_core.environment:create_file_with_runtime_dependencies(/home/farah/ws_farah/install/ros2_controllers_test_nodes/share/colcon-core/packages/ros2_controllers_test_nodes)
[87.839s] INFO:colcon.colcon_ros.task.ament_cmake.build:Building ROS package in '/home/farah/ws_farah/src/ros2_controllers/force_torque_sensor_broadcaster' with build type 'ament_cmake'
[87.839s] INFO:colcon.colcon_cmake.task.cmake.build:Building CMake package in '/home/farah/ws_farah/src/ros2_controllers/force_torque_sensor_broadcaster'
[87.840s] INFO:colcon.colcon_core.shell:Skip shell extension 'powershell' for command environment: Not usable outside of PowerShell
[87.840s] DEBUG:colcon.colcon_core.shell:Skip shell extension 'dsv' for command environment
[87.850s] DEBUG:colcon.colcon_core.event_handler.log_command:Invoking command in '/home/farah/ws_farah/build/force_torque_sensor_broadcaster': AMENT_PREFIX_PATH=/home/farah/ws_farah/install/hardware_interface_testing:/home/farah/ws_farah/install/controller_interface:/home/farah/ws_farah/install/hardware_interface:/home/farah/ws_farah/install/ros2_control_test_assets:${AMENT_PREFIX_PATH} CMAKE_PREFIX_PATH=/home/farah/ws_farah/install/hardware_interface_testing:/home/farah/ws_farah/install/controller_interface:/home/farah/ws_farah/install/hardware_interface:/home/farah/ws_farah/install/ros2_control_test_assets:/opt/ros/humble LD_LIBRARY_PATH=/home/farah/ws_farah/install/hardware_interface_testing/lib:/home/farah/ws_farah/install/controller_interface/lib:/home/farah/ws_farah/install/hardware_interface/lib:${LD_LIBRARY_PATH} /usr/bin/cmake /home/farah/ws_farah/src/ros2_controllers/force_torque_sensor_broadcaster -DCMAKE_INSTALL_PREFIX=/home/farah/ws_farah/install/force_torque_sensor_broadcaster
[89.292s] DEBUG:colcon.colcon_core.event_handler.log_command:Invoked command in '/home/farah/ws_farah/build/force_torque_sensor_broadcaster' returned '0': AMENT_PREFIX_PATH=/home/farah/ws_farah/install/hardware_interface_testing:/home/farah/ws_farah/install/controller_interface:/home/farah/ws_farah/install/hardware_interface:/home/farah/ws_farah/install/ros2_control_test_assets:${AMENT_PREFIX_PATH} CMAKE_PREFIX_PATH=/home/farah/ws_farah/install/hardware_interface_testing:/home/farah/ws_farah/install/controller_interface:/home/farah/ws_farah/install/hardware_interface:/home/farah/ws_farah/install/ros2_control_test_assets:/opt/ros/humble LD_LIBRARY_PATH=/home/farah/ws_farah/install/hardware_interface_testing/lib:/home/farah/ws_farah/install/controller_interface/lib:/home/farah/ws_farah/install/hardware_interface/lib:${LD_LIBRARY_PATH} /usr/bin/cmake /home/farah/ws_farah/src/ros2_controllers/force_torque_sensor_broadcaster -DCMAKE_INSTALL_PREFIX=/home/farah/ws_farah/install/force_torque_sensor_broadcaster
[89.293s] DEBUG:colcon.colcon_core.event_handler.log_command:Invoking command in '/home/farah/ws_farah/build/force_torque_sensor_broadcaster': AMENT_PREFIX_PATH=/home/farah/ws_farah/install/hardware_interface_testing:/home/farah/ws_farah/install/controller_interface:/home/farah/ws_farah/install/hardware_interface:/home/farah/ws_farah/install/ros2_control_test_assets:${AMENT_PREFIX_PATH} CMAKE_PREFIX_PATH=/home/farah/ws_farah/install/hardware_interface_testing:/home/farah/ws_farah/install/controller_interface:/home/farah/ws_farah/install/hardware_interface:/home/farah/ws_farah/install/ros2_control_test_assets:/opt/ros/humble LD_LIBRARY_PATH=/home/farah/ws_farah/install/hardware_interface_testing/lib:/home/farah/ws_farah/install/controller_interface/lib:/home/farah/ws_farah/install/hardware_interface/lib:${LD_LIBRARY_PATH} /usr/bin/cmake --build /home/farah/ws_farah/build/force_torque_sensor_broadcaster -- -j8 -l8
[104.767s] DEBUG:colcon.colcon_core.event_handler.log_command:Invoked command in '/home/farah/ws_farah/build/force_torque_sensor_broadcaster' returned '0': AMENT_PREFIX_PATH=/home/farah/ws_farah/install/hardware_interface_testing:/home/farah/ws_farah/install/controller_interface:/home/farah/ws_farah/install/hardware_interface:/home/farah/ws_farah/install/ros2_control_test_assets:${AMENT_PREFIX_PATH} CMAKE_PREFIX_PATH=/home/farah/ws_farah/install/hardware_interface_testing:/home/farah/ws_farah/install/controller_interface:/home/farah/ws_farah/install/hardware_interface:/home/farah/ws_farah/install/ros2_control_test_assets:/opt/ros/humble LD_LIBRARY_PATH=/home/farah/ws_farah/install/hardware_interface_testing/lib:/home/farah/ws_farah/install/controller_interface/lib:/home/farah/ws_farah/install/hardware_interface/lib:${LD_LIBRARY_PATH} /usr/bin/cmake --build /home/farah/ws_farah/build/force_torque_sensor_broadcaster -- -j8 -l8
[104.769s] DEBUG:colcon.colcon_core.event_handler.log_command:Invoking command in '/home/farah/ws_farah/build/force_torque_sensor_broadcaster': AMENT_PREFIX_PATH=/home/farah/ws_farah/install/hardware_interface_testing:/home/farah/ws_farah/install/controller_interface:/home/farah/ws_farah/install/hardware_interface:/home/farah/ws_farah/install/ros2_control_test_assets:${AMENT_PREFIX_PATH} CMAKE_PREFIX_PATH=/home/farah/ws_farah/install/hardware_interface_testing:/home/farah/ws_farah/install/controller_interface:/home/farah/ws_farah/install/hardware_interface:/home/farah/ws_farah/install/ros2_control_test_assets:/opt/ros/humble LD_LIBRARY_PATH=/home/farah/ws_farah/install/hardware_interface_testing/lib:/home/farah/ws_farah/install/controller_interface/lib:/home/farah/ws_farah/install/hardware_interface/lib:${LD_LIBRARY_PATH} /usr/bin/cmake --install /home/farah/ws_farah/build/force_torque_sensor_broadcaster
[104.780s] Level 1:colcon.colcon_core.environment:create_environment_scripts_only(force_torque_sensor_broadcaster)
[104.780s] Level 1:colcon.colcon_core.environment:checking '/home/farah/ws_farah/install/force_torque_sensor_broadcaster' for CMake module files
[104.781s] DEBUG:colcon.colcon_core.event_handler.log_command:Invoked command in '/home/farah/ws_farah/build/force_torque_sensor_broadcaster' returned '0': AMENT_PREFIX_PATH=/home/farah/ws_farah/install/hardware_interface_testing:/home/farah/ws_farah/install/controller_interface:/home/farah/ws_farah/install/hardware_interface:/home/farah/ws_farah/install/ros2_control_test_assets:${AMENT_PREFIX_PATH} CMAKE_PREFIX_PATH=/home/farah/ws_farah/install/hardware_interface_testing:/home/farah/ws_farah/install/controller_interface:/home/farah/ws_farah/install/hardware_interface:/home/farah/ws_farah/install/ros2_control_test_assets:/opt/ros/humble LD_LIBRARY_PATH=/home/farah/ws_farah/install/hardware_interface_testing/lib:/home/farah/ws_farah/install/controller_interface/lib:/home/farah/ws_farah/install/hardware_interface/lib:${LD_LIBRARY_PATH} /usr/bin/cmake --install /home/farah/ws_farah/build/force_torque_sensor_broadcaster
[104.781s] Level 1:colcon.colcon_core.environment:checking '/home/farah/ws_farah/install/force_torque_sensor_broadcaster' for CMake config files
[104.781s] Level 1:colcon.colcon_core.shell:create_environment_hook('force_torque_sensor_broadcaster', 'cmake_prefix_path')
[104.781s] INFO:colcon.colcon_core.shell:Creating environment hook '/home/farah/ws_farah/install/force_torque_sensor_broadcaster/share/force_torque_sensor_broadcaster/hook/cmake_prefix_path.ps1'
[104.782s] INFO:colcon.colcon_core.shell:Creating environment descriptor '/home/farah/ws_farah/install/force_torque_sensor_broadcaster/share/force_torque_sensor_broadcaster/hook/cmake_prefix_path.dsv'
[104.782s] INFO:colcon.colcon_core.shell:Creating environment hook '/home/farah/ws_farah/install/force_torque_sensor_broadcaster/share/force_torque_sensor_broadcaster/hook/cmake_prefix_path.sh'
[104.782s] Level 1:colcon.colcon_core.environment:checking '/home/farah/ws_farah/install/force_torque_sensor_broadcaster/lib'
[104.782s] Level 1:colcon.colcon_core.shell:create_environment_hook('force_torque_sensor_broadcaster', 'ld_library_path_lib')
[104.783s] INFO:colcon.colcon_core.shell:Creating environment hook '/home/farah/ws_farah/install/force_torque_sensor_broadcaster/share/force_torque_sensor_broadcaster/hook/ld_library_path_lib.ps1'
[104.783s] INFO:colcon.colcon_core.shell:Creating environment descriptor '/home/farah/ws_farah/install/force_torque_sensor_broadcaster/share/force_torque_sensor_broadcaster/hook/ld_library_path_lib.dsv'
[104.783s] INFO:colcon.colcon_core.shell:Creating environment hook '/home/farah/ws_farah/install/force_torque_sensor_broadcaster/share/force_torque_sensor_broadcaster/hook/ld_library_path_lib.sh'
[104.783s] Level 1:colcon.colcon_core.environment:checking '/home/farah/ws_farah/install/force_torque_sensor_broadcaster/bin'
[104.783s] Level 1:colcon.colcon_core.environment:checking '/home/farah/ws_farah/install/force_torque_sensor_broadcaster/lib/pkgconfig/force_torque_sensor_broadcaster.pc'
[104.784s] Level 1:colcon.colcon_core.environment:checking '/home/farah/ws_farah/install/force_torque_sensor_broadcaster/lib/python3.10/site-packages'
[104.784s] Level 1:colcon.colcon_core.environment:checking '/home/farah/ws_farah/install/force_torque_sensor_broadcaster/bin'
[104.784s] INFO:colcon.colcon_core.shell:Creating package script '/home/farah/ws_farah/install/force_torque_sensor_broadcaster/share/force_torque_sensor_broadcaster/package.ps1'
[104.784s] INFO:colcon.colcon_core.shell:Creating package descriptor '/home/farah/ws_farah/install/force_torque_sensor_broadcaster/share/force_torque_sensor_broadcaster/package.dsv'
[104.785s] INFO:colcon.colcon_core.shell:Creating package script '/home/farah/ws_farah/install/force_torque_sensor_broadcaster/share/force_torque_sensor_broadcaster/package.sh'
[104.785s] INFO:colcon.colcon_core.shell:Creating package script '/home/farah/ws_farah/install/force_torque_sensor_broadcaster/share/force_torque_sensor_broadcaster/package.bash'
[104.785s] INFO:colcon.colcon_core.shell:Creating package script '/home/farah/ws_farah/install/force_torque_sensor_broadcaster/share/force_torque_sensor_broadcaster/package.zsh'
[104.785s] Level 1:colcon.colcon_core.environment:create_file_with_runtime_dependencies(/home/farah/ws_farah/install/force_torque_sensor_broadcaster/share/colcon-core/packages/force_torque_sensor_broadcaster)
[104.786s] Level 1:colcon.colcon_core.environment:create_environment_scripts_only(force_torque_sensor_broadcaster)
[104.786s] Level 1:colcon.colcon_core.environment:checking '/home/farah/ws_farah/install/force_torque_sensor_broadcaster' for CMake module files
[104.786s] Level 1:colcon.colcon_core.environment:checking '/home/farah/ws_farah/install/force_torque_sensor_broadcaster' for CMake config files
[104.787s] Level 1:colcon.colcon_core.shell:create_environment_hook('force_torque_sensor_broadcaster', 'cmake_prefix_path')
[104.787s] INFO:colcon.colcon_core.shell:Creating environment hook '/home/farah/ws_farah/install/force_torque_sensor_broadcaster/share/force_torque_sensor_broadcaster/hook/cmake_prefix_path.ps1'
[104.787s] INFO:colcon.colcon_core.shell:Creating environment descriptor '/home/farah/ws_farah/install/force_torque_sensor_broadcaster/share/force_torque_sensor_broadcaster/hook/cmake_prefix_path.dsv'
[104.787s] INFO:colcon.colcon_core.shell:Creating environment hook '/home/farah/ws_farah/install/force_torque_sensor_broadcaster/share/force_torque_sensor_broadcaster/hook/cmake_prefix_path.sh'
[104.788s] Level 1:colcon.colcon_core.environment:checking '/home/farah/ws_farah/install/force_torque_sensor_broadcaster/lib'
[104.788s] Level 1:colcon.colcon_core.shell:create_environment_hook('force_torque_sensor_broadcaster', 'ld_library_path_lib')
[104.788s] INFO:colcon.colcon_core.shell:Creating environment hook '/home/farah/ws_farah/install/force_torque_sensor_broadcaster/share/force_torque_sensor_broadcaster/hook/ld_library_path_lib.ps1'
[104.788s] INFO:colcon.colcon_core.shell:Creating environment descriptor '/home/farah/ws_farah/install/force_torque_sensor_broadcaster/share/force_torque_sensor_broadcaster/hook/ld_library_path_lib.dsv'
[104.788s] INFO:colcon.colcon_core.shell:Creating environment hook '/home/farah/ws_farah/install/force_torque_sensor_broadcaster/share/force_torque_sensor_broadcaster/hook/ld_library_path_lib.sh'
[104.789s] Level 1:colcon.colcon_core.environment:checking '/home/farah/ws_farah/install/force_torque_sensor_broadcaster/bin'
[104.789s] Level 1:colcon.colcon_core.environment:checking '/home/farah/ws_farah/install/force_torque_sensor_broadcaster/lib/pkgconfig/force_torque_sensor_broadcaster.pc'
[104.789s] Level 1:colcon.colcon_core.environment:checking '/home/farah/ws_farah/install/force_torque_sensor_broadcaster/lib/python3.10/site-packages'
[104.789s] Level 1:colcon.colcon_core.environment:checking '/home/farah/ws_farah/install/force_torque_sensor_broadcaster/bin'
[104.789s] INFO:colcon.colcon_core.shell:Creating package script '/home/farah/ws_farah/install/force_torque_sensor_broadcaster/share/force_torque_sensor_broadcaster/package.ps1'
[104.790s] INFO:colcon.colcon_core.shell:Creating package descriptor '/home/farah/ws_farah/install/force_torque_sensor_broadcaster/share/force_torque_sensor_broadcaster/package.dsv'
[104.790s] INFO:colcon.colcon_core.shell:Creating package script '/home/farah/ws_farah/install/force_torque_sensor_broadcaster/share/force_torque_sensor_broadcaster/package.sh'
[104.791s] INFO:colcon.colcon_core.shell:Creating package script '/home/farah/ws_farah/install/force_torque_sensor_broadcaster/share/force_torque_sensor_broadcaster/package.bash'
[104.791s] INFO:colcon.colcon_core.shell:Creating package script '/home/farah/ws_farah/install/force_torque_sensor_broadcaster/share/force_torque_sensor_broadcaster/package.zsh'
[104.791s] Level 1:colcon.colcon_core.environment:create_file_with_runtime_dependencies(/home/farah/ws_farah/install/force_torque_sensor_broadcaster/share/colcon-core/packages/force_torque_sensor_broadcaster)
[104.792s] INFO:colcon.colcon_ros.task.ament_cmake.build:Building ROS package in '/home/farah/ws_farah/src/ros2_controllers/joint_trajectory_controller' with build type 'ament_cmake'
[104.792s] INFO:colcon.colcon_cmake.task.cmake.build:Building CMake package in '/home/farah/ws_farah/src/ros2_controllers/joint_trajectory_controller'
[104.792s] INFO:colcon.colcon_core.shell:Skip shell extension 'powershell' for command environment: Not usable outside of PowerShell
[104.792s] DEBUG:colcon.colcon_core.shell:Skip shell extension 'dsv' for command environment
[104.801s] DEBUG:colcon.colcon_core.event_handler.log_command:Invoking command in '/home/farah/ws_farah/build/joint_trajectory_controller': AMENT_PREFIX_PATH=/home/farah/ws_farah/install/hardware_interface_testing:/home/farah/ws_farah/install/controller_interface:/home/farah/ws_farah/install/hardware_interface:/home/farah/ws_farah/install/ros2_control_test_assets:${AMENT_PREFIX_PATH} CMAKE_PREFIX_PATH=/home/farah/ws_farah/install/hardware_interface_testing:/home/farah/ws_farah/install/controller_interface:/home/farah/ws_farah/install/hardware_interface:/home/farah/ws_farah/install/ros2_control_test_assets:/opt/ros/humble LD_LIBRARY_PATH=/home/farah/ws_farah/install/hardware_interface_testing/lib:/home/farah/ws_farah/install/controller_interface/lib:/home/farah/ws_farah/install/hardware_interface/lib:${LD_LIBRARY_PATH} /usr/bin/cmake /home/farah/ws_farah/src/ros2_controllers/joint_trajectory_controller -DCMAKE_INSTALL_PREFIX=/home/farah/ws_farah/install/joint_trajectory_controller
[106.325s] DEBUG:colcon.colcon_core.event_handler.log_command:Invoked command in '/home/farah/ws_farah/build/joint_trajectory_controller' returned '0': AMENT_PREFIX_PATH=/home/farah/ws_farah/install/hardware_interface_testing:/home/farah/ws_farah/install/controller_interface:/home/farah/ws_farah/install/hardware_interface:/home/farah/ws_farah/install/ros2_control_test_assets:${AMENT_PREFIX_PATH} CMAKE_PREFIX_PATH=/home/farah/ws_farah/install/hardware_interface_testing:/home/farah/ws_farah/install/controller_interface:/home/farah/ws_farah/install/hardware_interface:/home/farah/ws_farah/install/ros2_control_test_assets:/opt/ros/humble LD_LIBRARY_PATH=/home/farah/ws_farah/install/hardware_interface_testing/lib:/home/farah/ws_farah/install/controller_interface/lib:/home/farah/ws_farah/install/hardware_interface/lib:${LD_LIBRARY_PATH} /usr/bin/cmake /home/farah/ws_farah/src/ros2_controllers/joint_trajectory_controller -DCMAKE_INSTALL_PREFIX=/home/farah/ws_farah/install/joint_trajectory_controller
[106.326s] DEBUG:colcon.colcon_core.event_handler.log_command:Invoking command in '/home/farah/ws_farah/build/joint_trajectory_controller': AMENT_PREFIX_PATH=/home/farah/ws_farah/install/hardware_interface_testing:/home/farah/ws_farah/install/controller_interface:/home/farah/ws_farah/install/hardware_interface:/home/farah/ws_farah/install/ros2_control_test_assets:${AMENT_PREFIX_PATH} CMAKE_PREFIX_PATH=/home/farah/ws_farah/install/hardware_interface_testing:/home/farah/ws_farah/install/controller_interface:/home/farah/ws_farah/install/hardware_interface:/home/farah/ws_farah/install/ros2_control_test_assets:/opt/ros/humble LD_LIBRARY_PATH=/home/farah/ws_farah/install/hardware_interface_testing/lib:/home/farah/ws_farah/install/controller_interface/lib:/home/farah/ws_farah/install/hardware_interface/lib:${LD_LIBRARY_PATH} /usr/bin/cmake --build /home/farah/ws_farah/build/joint_trajectory_controller -- -j8 -l8
[140.475s] DEBUG:colcon.colcon_core.event_handler.log_command:Invoked command in '/home/farah/ws_farah/build/joint_trajectory_controller' returned '0': AMENT_PREFIX_PATH=/home/farah/ws_farah/install/hardware_interface_testing:/home/farah/ws_farah/install/controller_interface:/home/farah/ws_farah/install/hardware_interface:/home/farah/ws_farah/install/ros2_control_test_assets:${AMENT_PREFIX_PATH} CMAKE_PREFIX_PATH=/home/farah/ws_farah/install/hardware_interface_testing:/home/farah/ws_farah/install/controller_interface:/home/farah/ws_farah/install/hardware_interface:/home/farah/ws_farah/install/ros2_control_test_assets:/opt/ros/humble LD_LIBRARY_PATH=/home/farah/ws_farah/install/hardware_interface_testing/lib:/home/farah/ws_farah/install/controller_interface/lib:/home/farah/ws_farah/install/hardware_interface/lib:${LD_LIBRARY_PATH} /usr/bin/cmake --build /home/farah/ws_farah/build/joint_trajectory_controller -- -j8 -l8
[140.476s] DEBUG:colcon.colcon_core.event_handler.log_command:Invoking command in '/home/farah/ws_farah/build/joint_trajectory_controller': AMENT_PREFIX_PATH=/home/farah/ws_farah/install/hardware_interface_testing:/home/farah/ws_farah/install/controller_interface:/home/farah/ws_farah/install/hardware_interface:/home/farah/ws_farah/install/ros2_control_test_assets:${AMENT_PREFIX_PATH} CMAKE_PREFIX_PATH=/home/farah/ws_farah/install/hardware_interface_testing:/home/farah/ws_farah/install/controller_interface:/home/farah/ws_farah/install/hardware_interface:/home/farah/ws_farah/install/ros2_control_test_assets:/opt/ros/humble LD_LIBRARY_PATH=/home/farah/ws_farah/install/hardware_interface_testing/lib:/home/farah/ws_farah/install/controller_interface/lib:/home/farah/ws_farah/install/hardware_interface/lib:${LD_LIBRARY_PATH} /usr/bin/cmake --install /home/farah/ws_farah/build/joint_trajectory_controller
[140.495s] Level 1:colcon.colcon_core.environment:create_environment_scripts_only(joint_trajectory_controller)
[140.495s] Level 1:colcon.colcon_core.environment:checking '/home/farah/ws_farah/install/joint_trajectory_controller' for CMake module files
[140.495s] DEBUG:colcon.colcon_core.event_handler.log_command:Invoked command in '/home/farah/ws_farah/build/joint_trajectory_controller' returned '0': AMENT_PREFIX_PATH=/home/farah/ws_farah/install/hardware_interface_testing:/home/farah/ws_farah/install/controller_interface:/home/farah/ws_farah/install/hardware_interface:/home/farah/ws_farah/install/ros2_control_test_assets:${AMENT_PREFIX_PATH} CMAKE_PREFIX_PATH=/home/farah/ws_farah/install/hardware_interface_testing:/home/farah/ws_farah/install/controller_interface:/home/farah/ws_farah/install/hardware_interface:/home/farah/ws_farah/install/ros2_control_test_assets:/opt/ros/humble LD_LIBRARY_PATH=/home/farah/ws_farah/install/hardware_interface_testing/lib:/home/farah/ws_farah/install/controller_interface/lib:/home/farah/ws_farah/install/hardware_interface/lib:${LD_LIBRARY_PATH} /usr/bin/cmake --install /home/farah/ws_farah/build/joint_trajectory_controller
[140.496s] Level 1:colcon.colcon_core.environment:checking '/home/farah/ws_farah/install/joint_trajectory_controller' for CMake config files
[140.496s] Level 1:colcon.colcon_core.shell:create_environment_hook('joint_trajectory_controller', 'cmake_prefix_path')
[140.496s] INFO:colcon.colcon_core.shell:Creating environment hook '/home/farah/ws_farah/install/joint_trajectory_controller/share/joint_trajectory_controller/hook/cmake_prefix_path.ps1'
[140.496s] INFO:colcon.colcon_core.shell:Creating environment descriptor '/home/farah/ws_farah/install/joint_trajectory_controller/share/joint_trajectory_controller/hook/cmake_prefix_path.dsv'
[140.497s] INFO:colcon.colcon_core.shell:Creating environment hook '/home/farah/ws_farah/install/joint_trajectory_controller/share/joint_trajectory_controller/hook/cmake_prefix_path.sh'
[140.497s] Level 1:colcon.colcon_core.environment:checking '/home/farah/ws_farah/install/joint_trajectory_controller/lib'
[140.497s] Level 1:colcon.colcon_core.shell:create_environment_hook('joint_trajectory_controller', 'ld_library_path_lib')
[140.497s] INFO:colcon.colcon_core.shell:Creating environment hook '/home/farah/ws_farah/install/joint_trajectory_controller/share/joint_trajectory_controller/hook/ld_library_path_lib.ps1'
[140.497s] INFO:colcon.colcon_core.shell:Creating environment descriptor '/home/farah/ws_farah/install/joint_trajectory_controller/share/joint_trajectory_controller/hook/ld_library_path_lib.dsv'
[140.498s] INFO:colcon.colcon_core.shell:Creating environment hook '/home/farah/ws_farah/install/joint_trajectory_controller/share/joint_trajectory_controller/hook/ld_library_path_lib.sh'
[140.498s] Level 1:colcon.colcon_core.environment:checking '/home/farah/ws_farah/install/joint_trajectory_controller/bin'
[140.498s] Level 1:colcon.colcon_core.environment:checking '/home/farah/ws_farah/install/joint_trajectory_controller/lib/pkgconfig/joint_trajectory_controller.pc'
[140.498s] Level 1:colcon.colcon_core.environment:checking '/home/farah/ws_farah/install/joint_trajectory_controller/lib/python3.10/site-packages'
[140.498s] Level 1:colcon.colcon_core.environment:checking '/home/farah/ws_farah/install/joint_trajectory_controller/bin'
[140.499s] INFO:colcon.colcon_core.shell:Creating package script '/home/farah/ws_farah/install/joint_trajectory_controller/share/joint_trajectory_controller/package.ps1'
[140.499s] INFO:colcon.colcon_core.shell:Creating package descriptor '/home/farah/ws_farah/install/joint_trajectory_controller/share/joint_trajectory_controller/package.dsv'
[140.499s] INFO:colcon.colcon_core.shell:Creating package script '/home/farah/ws_farah/install/joint_trajectory_controller/share/joint_trajectory_controller/package.sh'
[140.500s] INFO:colcon.colcon_core.shell:Creating package script '/home/farah/ws_farah/install/joint_trajectory_controller/share/joint_trajectory_controller/package.bash'
[140.500s] INFO:colcon.colcon_core.shell:Creating package script '/home/farah/ws_farah/install/joint_trajectory_controller/share/joint_trajectory_controller/package.zsh'
[140.500s] Level 1:colcon.colcon_core.environment:create_file_with_runtime_dependencies(/home/farah/ws_farah/install/joint_trajectory_controller/share/colcon-core/packages/joint_trajectory_controller)
[140.501s] Level 1:colcon.colcon_core.environment:create_environment_scripts_only(joint_trajectory_controller)
[140.501s] Level 1:colcon.colcon_core.environment:checking '/home/farah/ws_farah/install/joint_trajectory_controller' for CMake module files
[140.501s] Level 1:colcon.colcon_core.environment:checking '/home/farah/ws_farah/install/joint_trajectory_controller' for CMake config files
[140.501s] Level 1:colcon.colcon_core.shell:create_environment_hook('joint_trajectory_controller', 'cmake_prefix_path')
[140.501s] INFO:colcon.colcon_core.shell:Creating environment hook '/home/farah/ws_farah/install/joint_trajectory_controller/share/joint_trajectory_controller/hook/cmake_prefix_path.ps1'
[140.502s] INFO:colcon.colcon_core.shell:Creating environment descriptor '/home/farah/ws_farah/install/joint_trajectory_controller/share/joint_trajectory_controller/hook/cmake_prefix_path.dsv'
[140.502s] INFO:colcon.colcon_core.shell:Creating environment hook '/home/farah/ws_farah/install/joint_trajectory_controller/share/joint_trajectory_controller/hook/cmake_prefix_path.sh'
[140.502s] Level 1:colcon.colcon_core.environment:checking '/home/farah/ws_farah/install/joint_trajectory_controller/lib'
[140.502s] Level 1:colcon.colcon_core.shell:create_environment_hook('joint_trajectory_controller', 'ld_library_path_lib')
[140.503s] INFO:colcon.colcon_core.shell:Creating environment hook '/home/farah/ws_farah/install/joint_trajectory_controller/share/joint_trajectory_controller/hook/ld_library_path_lib.ps1'
[140.503s] INFO:colcon.colcon_core.shell:Creating environment descriptor '/home/farah/ws_farah/install/joint_trajectory_controller/share/joint_trajectory_controller/hook/ld_library_path_lib.dsv'
[140.503s] INFO:colcon.colcon_core.shell:Creating environment hook '/home/farah/ws_farah/install/joint_trajectory_controller/share/joint_trajectory_controller/hook/ld_library_path_lib.sh'
[140.503s] Level 1:colcon.colcon_core.environment:checking '/home/farah/ws_farah/install/joint_trajectory_controller/bin'
[140.503s] Level 1:colcon.colcon_core.environment:checking '/home/farah/ws_farah/install/joint_trajectory_controller/lib/pkgconfig/joint_trajectory_controller.pc'
[140.504s] Level 1:colcon.colcon_core.environment:checking '/home/farah/ws_farah/install/joint_trajectory_controller/lib/python3.10/site-packages'
[140.504s] Level 1:colcon.colcon_core.environment:checking '/home/farah/ws_farah/install/joint_trajectory_controller/bin'
[140.504s] INFO:colcon.colcon_core.shell:Creating package script '/home/farah/ws_farah/install/joint_trajectory_controller/share/joint_trajectory_controller/package.ps1'
[140.505s] INFO:colcon.colcon_core.shell:Creating package descriptor '/home/farah/ws_farah/install/joint_trajectory_controller/share/joint_trajectory_controller/package.dsv'
[140.505s] INFO:colcon.colcon_core.shell:Creating package script '/home/farah/ws_farah/install/joint_trajectory_controller/share/joint_trajectory_controller/package.sh'
[140.505s] INFO:colcon.colcon_core.shell:Creating package script '/home/farah/ws_farah/install/joint_trajectory_controller/share/joint_trajectory_controller/package.bash'
[140.506s] INFO:colcon.colcon_core.shell:Creating package script '/home/farah/ws_farah/install/joint_trajectory_controller/share/joint_trajectory_controller/package.zsh'
[140.506s] Level 1:colcon.colcon_core.environment:create_file_with_runtime_dependencies(/home/farah/ws_farah/install/joint_trajectory_controller/share/colcon-core/packages/joint_trajectory_controller)
[140.506s] INFO:colcon.colcon_ros.task.ament_cmake.build:Building ROS package in '/home/farah/ws_farah/src/ros2_controllers/steering_controllers_library' with build type 'ament_cmake'
[140.506s] INFO:colcon.colcon_cmake.task.cmake.build:Building CMake package in '/home/farah/ws_farah/src/ros2_controllers/steering_controllers_library'
[140.507s] INFO:colcon.colcon_core.shell:Skip shell extension 'powershell' for command environment: Not usable outside of PowerShell
[140.507s] DEBUG:colcon.colcon_core.shell:Skip shell extension 'dsv' for command environment
[140.515s] DEBUG:colcon.colcon_core.event_handler.log_command:Invoking command in '/home/farah/ws_farah/build/steering_controllers_library': AMENT_PREFIX_PATH=/home/farah/ws_farah/install/controller_interface:/home/farah/ws_farah/install/hardware_interface:/home/farah/ws_farah/install/ros2_control_test_assets:${AMENT_PREFIX_PATH} CMAKE_PREFIX_PATH=/home/farah/ws_farah/install/controller_interface:/home/farah/ws_farah/install/hardware_interface:/home/farah/ws_farah/install/ros2_control_test_assets:/opt/ros/humble LD_LIBRARY_PATH=/home/farah/ws_farah/install/controller_interface/lib:/home/farah/ws_farah/install/hardware_interface/lib:${LD_LIBRARY_PATH} /usr/bin/cmake /home/farah/ws_farah/src/ros2_controllers/steering_controllers_library -DCMAKE_INSTALL_PREFIX=/home/farah/ws_farah/install/steering_controllers_library
[142.053s] DEBUG:colcon.colcon_core.event_handler.log_command:Invoked command in '/home/farah/ws_farah/build/steering_controllers_library' returned '0': AMENT_PREFIX_PATH=/home/farah/ws_farah/install/controller_interface:/home/farah/ws_farah/install/hardware_interface:/home/farah/ws_farah/install/ros2_control_test_assets:${AMENT_PREFIX_PATH} CMAKE_PREFIX_PATH=/home/farah/ws_farah/install/controller_interface:/home/farah/ws_farah/install/hardware_interface:/home/farah/ws_farah/install/ros2_control_test_assets:/opt/ros/humble LD_LIBRARY_PATH=/home/farah/ws_farah/install/controller_interface/lib:/home/farah/ws_farah/install/hardware_interface/lib:${LD_LIBRARY_PATH} /usr/bin/cmake /home/farah/ws_farah/src/ros2_controllers/steering_controllers_library -DCMAKE_INSTALL_PREFIX=/home/farah/ws_farah/install/steering_controllers_library
[142.054s] DEBUG:colcon.colcon_core.event_handler.log_command:Invoking command in '/home/farah/ws_farah/build/steering_controllers_library': AMENT_PREFIX_PATH=/home/farah/ws_farah/install/controller_interface:/home/farah/ws_farah/install/hardware_interface:/home/farah/ws_farah/install/ros2_control_test_assets:${AMENT_PREFIX_PATH} CMAKE_PREFIX_PATH=/home/farah/ws_farah/install/controller_interface:/home/farah/ws_farah/install/hardware_interface:/home/farah/ws_farah/install/ros2_control_test_assets:/opt/ros/humble LD_LIBRARY_PATH=/home/farah/ws_farah/install/controller_interface/lib:/home/farah/ws_farah/install/hardware_interface/lib:${LD_LIBRARY_PATH} /usr/bin/cmake --build /home/farah/ws_farah/build/steering_controllers_library -- -j8 -l8
[162.360s] DEBUG:colcon.colcon_core.event_handler.log_command:Invoked command in '/home/farah/ws_farah/build/steering_controllers_library' returned '0': AMENT_PREFIX_PATH=/home/farah/ws_farah/install/controller_interface:/home/farah/ws_farah/install/hardware_interface:/home/farah/ws_farah/install/ros2_control_test_assets:${AMENT_PREFIX_PATH} CMAKE_PREFIX_PATH=/home/farah/ws_farah/install/controller_interface:/home/farah/ws_farah/install/hardware_interface:/home/farah/ws_farah/install/ros2_control_test_assets:/opt/ros/humble LD_LIBRARY_PATH=/home/farah/ws_farah/install/controller_interface/lib:/home/farah/ws_farah/install/hardware_interface/lib:${LD_LIBRARY_PATH} /usr/bin/cmake --build /home/farah/ws_farah/build/steering_controllers_library -- -j8 -l8
[162.361s] DEBUG:colcon.colcon_core.event_handler.log_command:Invoking command in '/home/farah/ws_farah/build/steering_controllers_library': AMENT_PREFIX_PATH=/home/farah/ws_farah/install/controller_interface:/home/farah/ws_farah/install/hardware_interface:/home/farah/ws_farah/install/ros2_control_test_assets:${AMENT_PREFIX_PATH} CMAKE_PREFIX_PATH=/home/farah/ws_farah/install/controller_interface:/home/farah/ws_farah/install/hardware_interface:/home/farah/ws_farah/install/ros2_control_test_assets:/opt/ros/humble LD_LIBRARY_PATH=/home/farah/ws_farah/install/controller_interface/lib:/home/farah/ws_farah/install/hardware_interface/lib:${LD_LIBRARY_PATH} /usr/bin/cmake --install /home/farah/ws_farah/build/steering_controllers_library
[162.380s] Level 1:colcon.colcon_core.environment:create_environment_scripts_only(steering_controllers_library)
[162.381s] Level 1:colcon.colcon_core.environment:checking '/home/farah/ws_farah/install/steering_controllers_library' for CMake module files
[162.381s] DEBUG:colcon.colcon_core.event_handler.log_command:Invoked command in '/home/farah/ws_farah/build/steering_controllers_library' returned '0': AMENT_PREFIX_PATH=/home/farah/ws_farah/install/controller_interface:/home/farah/ws_farah/install/hardware_interface:/home/farah/ws_farah/install/ros2_control_test_assets:${AMENT_PREFIX_PATH} CMAKE_PREFIX_PATH=/home/farah/ws_farah/install/controller_interface:/home/farah/ws_farah/install/hardware_interface:/home/farah/ws_farah/install/ros2_control_test_assets:/opt/ros/humble LD_LIBRARY_PATH=/home/farah/ws_farah/install/controller_interface/lib:/home/farah/ws_farah/install/hardware_interface/lib:${LD_LIBRARY_PATH} /usr/bin/cmake --install /home/farah/ws_farah/build/steering_controllers_library
[162.381s] Level 1:colcon.colcon_core.environment:checking '/home/farah/ws_farah/install/steering_controllers_library' for CMake config files
[162.381s] Level 1:colcon.colcon_core.shell:create_environment_hook('steering_controllers_library', 'cmake_prefix_path')
[162.382s] INFO:colcon.colcon_core.shell:Creating environment hook '/home/farah/ws_farah/install/steering_controllers_library/share/steering_controllers_library/hook/cmake_prefix_path.ps1'
[162.382s] INFO:colcon.colcon_core.shell:Creating environment descriptor '/home/farah/ws_farah/install/steering_controllers_library/share/steering_controllers_library/hook/cmake_prefix_path.dsv'
[162.382s] INFO:colcon.colcon_core.shell:Creating environment hook '/home/farah/ws_farah/install/steering_controllers_library/share/steering_controllers_library/hook/cmake_prefix_path.sh'
[162.383s] Level 1:colcon.colcon_core.environment:checking '/home/farah/ws_farah/install/steering_controllers_library/lib'
[162.383s] Level 1:colcon.colcon_core.shell:create_environment_hook('steering_controllers_library', 'ld_library_path_lib')
[162.383s] INFO:colcon.colcon_core.shell:Creating environment hook '/home/farah/ws_farah/install/steering_controllers_library/share/steering_controllers_library/hook/ld_library_path_lib.ps1'
[162.383s] INFO:colcon.colcon_core.shell:Creating environment descriptor '/home/farah/ws_farah/install/steering_controllers_library/share/steering_controllers_library/hook/ld_library_path_lib.dsv'
[162.383s] INFO:colcon.colcon_core.shell:Creating environment hook '/home/farah/ws_farah/install/steering_controllers_library/share/steering_controllers_library/hook/ld_library_path_lib.sh'
[162.384s] Level 1:colcon.colcon_core.environment:checking '/home/farah/ws_farah/install/steering_controllers_library/bin'
[162.384s] Level 1:colcon.colcon_core.environment:checking '/home/farah/ws_farah/install/steering_controllers_library/lib/pkgconfig/steering_controllers_library.pc'
[162.384s] Level 1:colcon.colcon_core.environment:checking '/home/farah/ws_farah/install/steering_controllers_library/lib/python3.10/site-packages'
[162.384s] Level 1:colcon.colcon_core.environment:checking '/home/farah/ws_farah/install/steering_controllers_library/bin'
[162.384s] INFO:colcon.colcon_core.shell:Creating package script '/home/farah/ws_farah/install/steering_controllers_library/share/steering_controllers_library/package.ps1'
[162.385s] INFO:colcon.colcon_core.shell:Creating package descriptor '/home/farah/ws_farah/install/steering_controllers_library/share/steering_controllers_library/package.dsv'
[162.385s] INFO:colcon.colcon_core.shell:Creating package script '/home/farah/ws_farah/install/steering_controllers_library/share/steering_controllers_library/package.sh'
[162.385s] INFO:colcon.colcon_core.shell:Creating package script '/home/farah/ws_farah/install/steering_controllers_library/share/steering_controllers_library/package.bash'
[162.385s] INFO:colcon.colcon_core.shell:Creating package script '/home/farah/ws_farah/install/steering_controllers_library/share/steering_controllers_library/package.zsh'
[162.386s] Level 1:colcon.colcon_core.environment:create_file_with_runtime_dependencies(/home/farah/ws_farah/install/steering_controllers_library/share/colcon-core/packages/steering_controllers_library)
[162.386s] Level 1:colcon.colcon_core.environment:create_environment_scripts_only(steering_controllers_library)
[162.386s] Level 1:colcon.colcon_core.environment:checking '/home/farah/ws_farah/install/steering_controllers_library' for CMake module files
[162.387s] Level 1:colcon.colcon_core.environment:checking '/home/farah/ws_farah/install/steering_controllers_library' for CMake config files
[162.387s] Level 1:colcon.colcon_core.shell:create_environment_hook('steering_controllers_library', 'cmake_prefix_path')
[162.387s] INFO:colcon.colcon_core.shell:Creating environment hook '/home/farah/ws_farah/install/steering_controllers_library/share/steering_controllers_library/hook/cmake_prefix_path.ps1'
[162.387s] INFO:colcon.colcon_core.shell:Creating environment descriptor '/home/farah/ws_farah/install/steering_controllers_library/share/steering_controllers_library/hook/cmake_prefix_path.dsv'
[162.388s] INFO:colcon.colcon_core.shell:Creating environment hook '/home/farah/ws_farah/install/steering_controllers_library/share/steering_controllers_library/hook/cmake_prefix_path.sh'
[162.388s] Level 1:colcon.colcon_core.environment:checking '/home/farah/ws_farah/install/steering_controllers_library/lib'
[162.388s] Level 1:colcon.colcon_core.shell:create_environment_hook('steering_controllers_library', 'ld_library_path_lib')
[162.388s] INFO:colcon.colcon_core.shell:Creating environment hook '/home/farah/ws_farah/install/steering_controllers_library/share/steering_controllers_library/hook/ld_library_path_lib.ps1'
[162.389s] INFO:colcon.colcon_core.shell:Creating environment descriptor '/home/farah/ws_farah/install/steering_controllers_library/share/steering_controllers_library/hook/ld_library_path_lib.dsv'
[162.389s] INFO:colcon.colcon_core.shell:Creating environment hook '/home/farah/ws_farah/install/steering_controllers_library/share/steering_controllers_library/hook/ld_library_path_lib.sh'
[162.389s] Level 1:colcon.colcon_core.environment:checking '/home/farah/ws_farah/install/steering_controllers_library/bin'
[162.389s] Level 1:colcon.colcon_core.environment:checking '/home/farah/ws_farah/install/steering_controllers_library/lib/pkgconfig/steering_controllers_library.pc'
[162.389s] Level 1:colcon.colcon_core.environment:checking '/home/farah/ws_farah/install/steering_controllers_library/lib/python3.10/site-packages'
[162.390s] Level 1:colcon.colcon_core.environment:checking '/home/farah/ws_farah/install/steering_controllers_library/bin'
[162.390s] INFO:colcon.colcon_core.shell:Creating package script '/home/farah/ws_farah/install/steering_controllers_library/share/steering_controllers_library/package.ps1'
[162.390s] INFO:colcon.colcon_core.shell:Creating package descriptor '/home/farah/ws_farah/install/steering_controllers_library/share/steering_controllers_library/package.dsv'
[162.391s] INFO:colcon.colcon_core.shell:Creating package script '/home/farah/ws_farah/install/steering_controllers_library/share/steering_controllers_library/package.sh'
[162.391s] INFO:colcon.colcon_core.shell:Creating package script '/home/farah/ws_farah/install/steering_controllers_library/share/steering_controllers_library/package.bash'
[162.391s] INFO:colcon.colcon_core.shell:Creating package script '/home/farah/ws_farah/install/steering_controllers_library/share/steering_controllers_library/package.zsh'
[162.392s] Level 1:colcon.colcon_core.environment:create_file_with_runtime_dependencies(/home/farah/ws_farah/install/steering_controllers_library/share/colcon-core/packages/steering_controllers_library)
[162.392s] INFO:colcon.colcon_ros.task.ament_python.build:Building ROS package in '/home/farah/ws_farah/src/ros2_controllers/rqt_joint_trajectory_controller' with build type 'ament_python'
[162.392s] Level 1:colcon.colcon_core.shell:create_environment_hook('rqt_joint_trajectory_controller', 'ament_prefix_path')
[162.392s] INFO:colcon.colcon_core.shell:Creating environment hook '/home/farah/ws_farah/install/rqt_joint_trajectory_controller/share/rqt_joint_trajectory_controller/hook/ament_prefix_path.ps1'
[162.393s] INFO:colcon.colcon_core.shell:Creating environment descriptor '/home/farah/ws_farah/install/rqt_joint_trajectory_controller/share/rqt_joint_trajectory_controller/hook/ament_prefix_path.dsv'
[162.393s] INFO:colcon.colcon_core.shell:Creating environment hook '/home/farah/ws_farah/install/rqt_joint_trajectory_controller/share/rqt_joint_trajectory_controller/hook/ament_prefix_path.sh'
[162.393s] INFO:colcon.colcon_core.shell:Skip shell extension 'powershell' for command environment: Not usable outside of PowerShell
[162.394s] DEBUG:colcon.colcon_core.shell:Skip shell extension 'dsv' for command environment
[162.581s] INFO:colcon.colcon_core.task.python.build:Building Python package in '/home/farah/ws_farah/src/ros2_controllers/rqt_joint_trajectory_controller'
[162.581s] INFO:colcon.colcon_core.shell:Skip shell extension 'powershell' for command environment: Not usable outside of PowerShell
[162.581s] DEBUG:colcon.colcon_core.shell:Skip shell extension 'dsv' for command environment
[163.137s] DEBUG:colcon.colcon_core.event_handler.log_command:Invoking command in '/home/farah/ws_farah/src/ros2_controllers/rqt_joint_trajectory_controller': AMENT_PREFIX_PATH=/home/farah/ws_farah/install/controller_manager_msgs:${AMENT_PREFIX_PATH} CMAKE_PREFIX_PATH=/home/farah/ws_farah/install/controller_manager_msgs LD_LIBRARY_PATH=/home/farah/ws_farah/install/controller_manager_msgs/lib:${LD_LIBRARY_PATH} PYTHONPATH=/home/farah/ws_farah/build/rqt_joint_trajectory_controller/prefix_override:/usr/lib/python3/dist-packages/colcon_core/task/python/colcon_distutils_commands:/home/farah/ws_farah/install/rqt_joint_trajectory_controller/lib/python3.10/site-packages:/home/farah/ws_farah/install/controller_manager_msgs/local/lib/python3.10/dist-packages:${PYTHONPATH} /usr/bin/python3 -W ignore:setup.py install is deprecated -W ignore:easy_install command is deprecated setup.py egg_info --egg-base ../../../build/rqt_joint_trajectory_controller build --build-base /home/farah/ws_farah/build/rqt_joint_trajectory_controller/build install --record /home/farah/ws_farah/build/rqt_joint_trajectory_controller/install.log --single-version-externally-managed install_data
[163.659s] Level 1:colcon.colcon_core.environment:checking '/home/farah/ws_farah/install/rqt_joint_trajectory_controller' for CMake module files
[163.660s] DEBUG:colcon.colcon_core.event_handler.log_command:Invoked command in '/home/farah/ws_farah/src/ros2_controllers/rqt_joint_trajectory_controller' returned '0': AMENT_PREFIX_PATH=/home/farah/ws_farah/install/controller_manager_msgs:${AMENT_PREFIX_PATH} CMAKE_PREFIX_PATH=/home/farah/ws_farah/install/controller_manager_msgs LD_LIBRARY_PATH=/home/farah/ws_farah/install/controller_manager_msgs/lib:${LD_LIBRARY_PATH} PYTHONPATH=/home/farah/ws_farah/build/rqt_joint_trajectory_controller/prefix_override:/usr/lib/python3/dist-packages/colcon_core/task/python/colcon_distutils_commands:/home/farah/ws_farah/install/rqt_joint_trajectory_controller/lib/python3.10/site-packages:/home/farah/ws_farah/install/controller_manager_msgs/local/lib/python3.10/dist-packages:${PYTHONPATH} /usr/bin/python3 -W ignore:setup.py install is deprecated -W ignore:easy_install command is deprecated setup.py egg_info --egg-base ../../../build/rqt_joint_trajectory_controller build --build-base /home/farah/ws_farah/build/rqt_joint_trajectory_controller/build install --record /home/farah/ws_farah/build/rqt_joint_trajectory_controller/install.log --single-version-externally-managed install_data
[163.660s] Level 1:colcon.colcon_core.environment:checking '/home/farah/ws_farah/install/rqt_joint_trajectory_controller' for CMake config files
[163.660s] Level 1:colcon.colcon_core.environment:checking '/home/farah/ws_farah/install/rqt_joint_trajectory_controller/lib'
[163.660s] Level 1:colcon.colcon_core.environment:checking '/home/farah/ws_farah/install/rqt_joint_trajectory_controller/bin'
[163.661s] Level 1:colcon.colcon_core.environment:checking '/home/farah/ws_farah/install/rqt_joint_trajectory_controller/lib/pkgconfig/rqt_joint_trajectory_controller.pc'
[163.661s] Level 1:colcon.colcon_core.environment:checking '/home/farah/ws_farah/install/rqt_joint_trajectory_controller/lib/python3.10/site-packages'
[163.661s] Level 1:colcon.colcon_core.shell:create_environment_hook('rqt_joint_trajectory_controller', 'pythonpath')
[163.661s] INFO:colcon.colcon_core.shell:Creating environment hook '/home/farah/ws_farah/install/rqt_joint_trajectory_controller/share/rqt_joint_trajectory_controller/hook/pythonpath.ps1'
[163.661s] INFO:colcon.colcon_core.shell:Creating environment descriptor '/home/farah/ws_farah/install/rqt_joint_trajectory_controller/share/rqt_joint_trajectory_controller/hook/pythonpath.dsv'
[163.662s] INFO:colcon.colcon_core.shell:Creating environment hook '/home/farah/ws_farah/install/rqt_joint_trajectory_controller/share/rqt_joint_trajectory_controller/hook/pythonpath.sh'
[163.662s] Level 1:colcon.colcon_core.environment:checking '/home/farah/ws_farah/install/rqt_joint_trajectory_controller/bin'
[163.662s] Level 1:colcon.colcon_core.environment:create_environment_scripts_only(rqt_joint_trajectory_controller)
[163.662s] INFO:colcon.colcon_core.shell:Creating package script '/home/farah/ws_farah/install/rqt_joint_trajectory_controller/share/rqt_joint_trajectory_controller/package.ps1'
[163.663s] INFO:colcon.colcon_core.shell:Creating package descriptor '/home/farah/ws_farah/install/rqt_joint_trajectory_controller/share/rqt_joint_trajectory_controller/package.dsv'
[163.663s] INFO:colcon.colcon_core.shell:Creating package script '/home/farah/ws_farah/install/rqt_joint_trajectory_controller/share/rqt_joint_trajectory_controller/package.sh'
[163.663s] INFO:colcon.colcon_core.shell:Creating package script '/home/farah/ws_farah/install/rqt_joint_trajectory_controller/share/rqt_joint_trajectory_controller/package.bash'
[163.664s] INFO:colcon.colcon_core.shell:Creating package script '/home/farah/ws_farah/install/rqt_joint_trajectory_controller/share/rqt_joint_trajectory_controller/package.zsh'
[163.664s] Level 1:colcon.colcon_core.environment:create_file_with_runtime_dependencies(/home/farah/ws_farah/install/rqt_joint_trajectory_controller/share/colcon-core/packages/rqt_joint_trajectory_controller)
[163.664s] INFO:colcon.colcon_ros.task.ament_cmake.build:Building ROS package in '/home/farah/ws_farah/src/ros2_control/transmission_interface' with build type 'ament_cmake'
[163.664s] INFO:colcon.colcon_cmake.task.cmake.build:Building CMake package in '/home/farah/ws_farah/src/ros2_control/transmission_interface'
[163.665s] INFO:colcon.colcon_core.shell:Skip shell extension 'powershell' for command environment: Not usable outside of PowerShell
[163.665s] DEBUG:colcon.colcon_core.shell:Skip shell extension 'dsv' for command environment
[163.672s] DEBUG:colcon.colcon_core.event_handler.log_command:Invoking command in '/home/farah/ws_farah/build/transmission_interface': AMENT_PREFIX_PATH=/home/farah/ws_farah/install/hardware_interface:/home/farah/ws_farah/install/ros2_control_test_assets:${AMENT_PREFIX_PATH} CMAKE_PREFIX_PATH=/home/farah/ws_farah/install/hardware_interface:/home/farah/ws_farah/install/ros2_control_test_assets:/opt/ros/humble LD_LIBRARY_PATH=/home/farah/ws_farah/install/hardware_interface/lib:${LD_LIBRARY_PATH} /usr/bin/cmake /home/farah/ws_farah/src/ros2_control/transmission_interface -DCMAKE_INSTALL_PREFIX=/home/farah/ws_farah/install/transmission_interface
[165.028s] DEBUG:colcon.colcon_core.event_handler.log_command:Invoked command in '/home/farah/ws_farah/build/transmission_interface' returned '0': AMENT_PREFIX_PATH=/home/farah/ws_farah/install/hardware_interface:/home/farah/ws_farah/install/ros2_control_test_assets:${AMENT_PREFIX_PATH} CMAKE_PREFIX_PATH=/home/farah/ws_farah/install/hardware_interface:/home/farah/ws_farah/install/ros2_control_test_assets:/opt/ros/humble LD_LIBRARY_PATH=/home/farah/ws_farah/install/hardware_interface/lib:${LD_LIBRARY_PATH} /usr/bin/cmake /home/farah/ws_farah/src/ros2_control/transmission_interface -DCMAKE_INSTALL_PREFIX=/home/farah/ws_farah/install/transmission_interface
[165.029s] DEBUG:colcon.colcon_core.event_handler.log_command:Invoking command in '/home/farah/ws_farah/build/transmission_interface': AMENT_PREFIX_PATH=/home/farah/ws_farah/install/hardware_interface:/home/farah/ws_farah/install/ros2_control_test_assets:${AMENT_PREFIX_PATH} CMAKE_PREFIX_PATH=/home/farah/ws_farah/install/hardware_interface:/home/farah/ws_farah/install/ros2_control_test_assets:/opt/ros/humble LD_LIBRARY_PATH=/home/farah/ws_farah/install/hardware_interface/lib:${LD_LIBRARY_PATH} /usr/bin/cmake --build /home/farah/ws_farah/build/transmission_interface -- -j8 -l8
[176.924s] DEBUG:colcon.colcon_core.event_handler.log_command:Invoked command in '/home/farah/ws_farah/build/transmission_interface' returned '0': AMENT_PREFIX_PATH=/home/farah/ws_farah/install/hardware_interface:/home/farah/ws_farah/install/ros2_control_test_assets:${AMENT_PREFIX_PATH} CMAKE_PREFIX_PATH=/home/farah/ws_farah/install/hardware_interface:/home/farah/ws_farah/install/ros2_control_test_assets:/opt/ros/humble LD_LIBRARY_PATH=/home/farah/ws_farah/install/hardware_interface/lib:${LD_LIBRARY_PATH} /usr/bin/cmake --build /home/farah/ws_farah/build/transmission_interface -- -j8 -l8
[176.924s] DEBUG:colcon.colcon_core.event_handler.log_command:Invoking command in '/home/farah/ws_farah/build/transmission_interface': AMENT_PREFIX_PATH=/home/farah/ws_farah/install/hardware_interface:/home/farah/ws_farah/install/ros2_control_test_assets:${AMENT_PREFIX_PATH} CMAKE_PREFIX_PATH=/home/farah/ws_farah/install/hardware_interface:/home/farah/ws_farah/install/ros2_control_test_assets:/opt/ros/humble LD_LIBRARY_PATH=/home/farah/ws_farah/install/hardware_interface/lib:${LD_LIBRARY_PATH} /usr/bin/cmake --install /home/farah/ws_farah/build/transmission_interface
[176.936s] Level 1:colcon.colcon_core.environment:create_environment_scripts_only(transmission_interface)
[176.936s] Level 1:colcon.colcon_core.environment:checking '/home/farah/ws_farah/install/transmission_interface' for CMake module files
[176.937s] DEBUG:colcon.colcon_core.event_handler.log_command:Invoked command in '/home/farah/ws_farah/build/transmission_interface' returned '0': AMENT_PREFIX_PATH=/home/farah/ws_farah/install/hardware_interface:/home/farah/ws_farah/install/ros2_control_test_assets:${AMENT_PREFIX_PATH} CMAKE_PREFIX_PATH=/home/farah/ws_farah/install/hardware_interface:/home/farah/ws_farah/install/ros2_control_test_assets:/opt/ros/humble LD_LIBRARY_PATH=/home/farah/ws_farah/install/hardware_interface/lib:${LD_LIBRARY_PATH} /usr/bin/cmake --install /home/farah/ws_farah/build/transmission_interface
[176.937s] Level 1:colcon.colcon_core.environment:checking '/home/farah/ws_farah/install/transmission_interface' for CMake config files
[176.937s] Level 1:colcon.colcon_core.shell:create_environment_hook('transmission_interface', 'cmake_prefix_path')
[176.937s] INFO:colcon.colcon_core.shell:Creating environment hook '/home/farah/ws_farah/install/transmission_interface/share/transmission_interface/hook/cmake_prefix_path.ps1'
[176.937s] INFO:colcon.colcon_core.shell:Creating environment descriptor '/home/farah/ws_farah/install/transmission_interface/share/transmission_interface/hook/cmake_prefix_path.dsv'
[176.938s] INFO:colcon.colcon_core.shell:Creating environment hook '/home/farah/ws_farah/install/transmission_interface/share/transmission_interface/hook/cmake_prefix_path.sh'
[176.938s] Level 1:colcon.colcon_core.environment:checking '/home/farah/ws_farah/install/transmission_interface/lib'
[176.938s] Level 1:colcon.colcon_core.shell:create_environment_hook('transmission_interface', 'ld_library_path_lib')
[176.938s] INFO:colcon.colcon_core.shell:Creating environment hook '/home/farah/ws_farah/install/transmission_interface/share/transmission_interface/hook/ld_library_path_lib.ps1'
[176.939s] INFO:colcon.colcon_core.shell:Creating environment descriptor '/home/farah/ws_farah/install/transmission_interface/share/transmission_interface/hook/ld_library_path_lib.dsv'
[176.939s] INFO:colcon.colcon_core.shell:Creating environment hook '/home/farah/ws_farah/install/transmission_interface/share/transmission_interface/hook/ld_library_path_lib.sh'
[176.939s] Level 1:colcon.colcon_core.environment:checking '/home/farah/ws_farah/install/transmission_interface/bin'
[176.939s] Level 1:colcon.colcon_core.environment:checking '/home/farah/ws_farah/install/transmission_interface/lib/pkgconfig/transmission_interface.pc'
[176.939s] Level 1:colcon.colcon_core.environment:checking '/home/farah/ws_farah/install/transmission_interface/lib/python3.10/site-packages'
[176.940s] Level 1:colcon.colcon_core.environment:checking '/home/farah/ws_farah/install/transmission_interface/bin'
[176.940s] INFO:colcon.colcon_core.shell:Creating package script '/home/farah/ws_farah/install/transmission_interface/share/transmission_interface/package.ps1'
[176.940s] INFO:colcon.colcon_core.shell:Creating package descriptor '/home/farah/ws_farah/install/transmission_interface/share/transmission_interface/package.dsv'
[176.941s] INFO:colcon.colcon_core.shell:Creating package script '/home/farah/ws_farah/install/transmission_interface/share/transmission_interface/package.sh'
[176.941s] INFO:colcon.colcon_core.shell:Creating package script '/home/farah/ws_farah/install/transmission_interface/share/transmission_interface/package.bash'
[176.941s] INFO:colcon.colcon_core.shell:Creating package script '/home/farah/ws_farah/install/transmission_interface/share/transmission_interface/package.zsh'
[176.941s] Level 1:colcon.colcon_core.environment:create_file_with_runtime_dependencies(/home/farah/ws_farah/install/transmission_interface/share/colcon-core/packages/transmission_interface)
[176.942s] Level 1:colcon.colcon_core.environment:create_environment_scripts_only(transmission_interface)
[176.942s] Level 1:colcon.colcon_core.environment:checking '/home/farah/ws_farah/install/transmission_interface' for CMake module files
[176.943s] Level 1:colcon.colcon_core.environment:checking '/home/farah/ws_farah/install/transmission_interface' for CMake config files
[176.943s] Level 1:colcon.colcon_core.shell:create_environment_hook('transmission_interface', 'cmake_prefix_path')
[176.943s] INFO:colcon.colcon_core.shell:Creating environment hook '/home/farah/ws_farah/install/transmission_interface/share/transmission_interface/hook/cmake_prefix_path.ps1'
[176.943s] INFO:colcon.colcon_core.shell:Creating environment descriptor '/home/farah/ws_farah/install/transmission_interface/share/transmission_interface/hook/cmake_prefix_path.dsv'
[176.944s] INFO:colcon.colcon_core.shell:Creating environment hook '/home/farah/ws_farah/install/transmission_interface/share/transmission_interface/hook/cmake_prefix_path.sh'
[176.944s] Level 1:colcon.colcon_core.environment:checking '/home/farah/ws_farah/install/transmission_interface/lib'
[176.944s] Level 1:colcon.colcon_core.shell:create_environment_hook('transmission_interface', 'ld_library_path_lib')
[176.944s] INFO:colcon.colcon_core.shell:Creating environment hook '/home/farah/ws_farah/install/transmission_interface/share/transmission_interface/hook/ld_library_path_lib.ps1'
[176.945s] INFO:colcon.colcon_core.shell:Creating environment descriptor '/home/farah/ws_farah/install/transmission_interface/share/transmission_interface/hook/ld_library_path_lib.dsv'
[176.945s] INFO:colcon.colcon_core.shell:Creating environment hook '/home/farah/ws_farah/install/transmission_interface/share/transmission_interface/hook/ld_library_path_lib.sh'
[176.945s] Level 1:colcon.colcon_core.environment:checking '/home/farah/ws_farah/install/transmission_interface/bin'
[176.945s] Level 1:colcon.colcon_core.environment:checking '/home/farah/ws_farah/install/transmission_interface/lib/pkgconfig/transmission_interface.pc'
[176.945s] Level 1:colcon.colcon_core.environment:checking '/home/farah/ws_farah/install/transmission_interface/lib/python3.10/site-packages'
[176.946s] Level 1:colcon.colcon_core.environment:checking '/home/farah/ws_farah/install/transmission_interface/bin'
[176.946s] INFO:colcon.colcon_core.shell:Creating package script '/home/farah/ws_farah/install/transmission_interface/share/transmission_interface/package.ps1'
[176.946s] INFO:colcon.colcon_core.shell:Creating package descriptor '/home/farah/ws_farah/install/transmission_interface/share/transmission_interface/package.dsv'
[176.947s] INFO:colcon.colcon_core.shell:Creating package script '/home/farah/ws_farah/install/transmission_interface/share/transmission_interface/package.sh'
[176.947s] INFO:colcon.colcon_core.shell:Creating package script '/home/farah/ws_farah/install/transmission_interface/share/transmission_interface/package.bash'
[176.947s] INFO:colcon.colcon_core.shell:Creating package script '/home/farah/ws_farah/install/transmission_interface/share/transmission_interface/package.zsh'
[176.948s] Level 1:colcon.colcon_core.environment:create_file_with_runtime_dependencies(/home/farah/ws_farah/install/transmission_interface/share/colcon-core/packages/transmission_interface)
[176.948s] INFO:colcon.colcon_ros.task.ament_cmake.build:Building ROS package in '/home/farah/ws_farah/src/ros2_controllers/diff_drive_controller' with build type 'ament_cmake'
[176.948s] INFO:colcon.colcon_cmake.task.cmake.build:Building CMake package in '/home/farah/ws_farah/src/ros2_controllers/diff_drive_controller'
[176.948s] INFO:colcon.colcon_core.shell:Skip shell extension 'powershell' for command environment: Not usable outside of PowerShell
[176.948s] DEBUG:colcon.colcon_core.shell:Skip shell extension 'dsv' for command environment
[176.957s] DEBUG:colcon.colcon_core.event_handler.log_command:Invoking command in '/home/farah/ws_farah/build/diff_drive_controller': AMENT_PREFIX_PATH=/home/farah/ws_farah/install/hardware_interface_testing:/home/farah/ws_farah/install/controller_interface:/home/farah/ws_farah/install/hardware_interface:/home/farah/ws_farah/install/ros2_control_test_assets:${AMENT_PREFIX_PATH} CMAKE_PREFIX_PATH=/home/farah/ws_farah/install/hardware_interface_testing:/home/farah/ws_farah/install/controller_interface:/home/farah/ws_farah/install/hardware_interface:/home/farah/ws_farah/install/ros2_control_test_assets:/opt/ros/humble LD_LIBRARY_PATH=/home/farah/ws_farah/install/hardware_interface_testing/lib:/home/farah/ws_farah/install/controller_interface/lib:/home/farah/ws_farah/install/hardware_interface/lib:${LD_LIBRARY_PATH} /usr/bin/cmake /home/farah/ws_farah/src/ros2_controllers/diff_drive_controller -DCMAKE_INSTALL_PREFIX=/home/farah/ws_farah/install/diff_drive_controller
[178.488s] DEBUG:colcon.colcon_core.event_handler.log_command:Invoked command in '/home/farah/ws_farah/build/diff_drive_controller' returned '0': AMENT_PREFIX_PATH=/home/farah/ws_farah/install/hardware_interface_testing:/home/farah/ws_farah/install/controller_interface:/home/farah/ws_farah/install/hardware_interface:/home/farah/ws_farah/install/ros2_control_test_assets:${AMENT_PREFIX_PATH} CMAKE_PREFIX_PATH=/home/farah/ws_farah/install/hardware_interface_testing:/home/farah/ws_farah/install/controller_interface:/home/farah/ws_farah/install/hardware_interface:/home/farah/ws_farah/install/ros2_control_test_assets:/opt/ros/humble LD_LIBRARY_PATH=/home/farah/ws_farah/install/hardware_interface_testing/lib:/home/farah/ws_farah/install/controller_interface/lib:/home/farah/ws_farah/install/hardware_interface/lib:${LD_LIBRARY_PATH} /usr/bin/cmake /home/farah/ws_farah/src/ros2_controllers/diff_drive_controller -DCMAKE_INSTALL_PREFIX=/home/farah/ws_farah/install/diff_drive_controller
[178.490s] DEBUG:colcon.colcon_core.event_handler.log_command:Invoking command in '/home/farah/ws_farah/build/diff_drive_controller': AMENT_PREFIX_PATH=/home/farah/ws_farah/install/hardware_interface_testing:/home/farah/ws_farah/install/controller_interface:/home/farah/ws_farah/install/hardware_interface:/home/farah/ws_farah/install/ros2_control_test_assets:${AMENT_PREFIX_PATH} CMAKE_PREFIX_PATH=/home/farah/ws_farah/install/hardware_interface_testing:/home/farah/ws_farah/install/controller_interface:/home/farah/ws_farah/install/hardware_interface:/home/farah/ws_farah/install/ros2_control_test_assets:/opt/ros/humble LD_LIBRARY_PATH=/home/farah/ws_farah/install/hardware_interface_testing/lib:/home/farah/ws_farah/install/controller_interface/lib:/home/farah/ws_farah/install/hardware_interface/lib:${LD_LIBRARY_PATH} /usr/bin/cmake --build /home/farah/ws_farah/build/diff_drive_controller -- -j8 -l8
[199.678s] DEBUG:colcon.colcon_core.event_handler.log_command:Invoked command in '/home/farah/ws_farah/build/diff_drive_controller' returned '0': AMENT_PREFIX_PATH=/home/farah/ws_farah/install/hardware_interface_testing:/home/farah/ws_farah/install/controller_interface:/home/farah/ws_farah/install/hardware_interface:/home/farah/ws_farah/install/ros2_control_test_assets:${AMENT_PREFIX_PATH} CMAKE_PREFIX_PATH=/home/farah/ws_farah/install/hardware_interface_testing:/home/farah/ws_farah/install/controller_interface:/home/farah/ws_farah/install/hardware_interface:/home/farah/ws_farah/install/ros2_control_test_assets:/opt/ros/humble LD_LIBRARY_PATH=/home/farah/ws_farah/install/hardware_interface_testing/lib:/home/farah/ws_farah/install/controller_interface/lib:/home/farah/ws_farah/install/hardware_interface/lib:${LD_LIBRARY_PATH} /usr/bin/cmake --build /home/farah/ws_farah/build/diff_drive_controller -- -j8 -l8
[199.679s] DEBUG:colcon.colcon_core.event_handler.log_command:Invoking command in '/home/farah/ws_farah/build/diff_drive_controller': AMENT_PREFIX_PATH=/home/farah/ws_farah/install/hardware_interface_testing:/home/farah/ws_farah/install/controller_interface:/home/farah/ws_farah/install/hardware_interface:/home/farah/ws_farah/install/ros2_control_test_assets:${AMENT_PREFIX_PATH} CMAKE_PREFIX_PATH=/home/farah/ws_farah/install/hardware_interface_testing:/home/farah/ws_farah/install/controller_interface:/home/farah/ws_farah/install/hardware_interface:/home/farah/ws_farah/install/ros2_control_test_assets:/opt/ros/humble LD_LIBRARY_PATH=/home/farah/ws_farah/install/hardware_interface_testing/lib:/home/farah/ws_farah/install/controller_interface/lib:/home/farah/ws_farah/install/hardware_interface/lib:${LD_LIBRARY_PATH} /usr/bin/cmake --install /home/farah/ws_farah/build/diff_drive_controller
[199.698s] Level 1:colcon.colcon_core.environment:create_environment_scripts_only(diff_drive_controller)
[199.699s] Level 1:colcon.colcon_core.environment:checking '/home/farah/ws_farah/install/diff_drive_controller' for CMake module files
[199.699s] DEBUG:colcon.colcon_core.event_handler.log_command:Invoked command in '/home/farah/ws_farah/build/diff_drive_controller' returned '0': AMENT_PREFIX_PATH=/home/farah/ws_farah/install/hardware_interface_testing:/home/farah/ws_farah/install/controller_interface:/home/farah/ws_farah/install/hardware_interface:/home/farah/ws_farah/install/ros2_control_test_assets:${AMENT_PREFIX_PATH} CMAKE_PREFIX_PATH=/home/farah/ws_farah/install/hardware_interface_testing:/home/farah/ws_farah/install/controller_interface:/home/farah/ws_farah/install/hardware_interface:/home/farah/ws_farah/install/ros2_control_test_assets:/opt/ros/humble LD_LIBRARY_PATH=/home/farah/ws_farah/install/hardware_interface_testing/lib:/home/farah/ws_farah/install/controller_interface/lib:/home/farah/ws_farah/install/hardware_interface/lib:${LD_LIBRARY_PATH} /usr/bin/cmake --install /home/farah/ws_farah/build/diff_drive_controller
[199.699s] Level 1:colcon.colcon_core.environment:checking '/home/farah/ws_farah/install/diff_drive_controller' for CMake config files
[199.700s] Level 1:colcon.colcon_core.shell:create_environment_hook('diff_drive_controller', 'cmake_prefix_path')
[199.700s] INFO:colcon.colcon_core.shell:Creating environment hook '/home/farah/ws_farah/install/diff_drive_controller/share/diff_drive_controller/hook/cmake_prefix_path.ps1'
[199.700s] INFO:colcon.colcon_core.shell:Creating environment descriptor '/home/farah/ws_farah/install/diff_drive_controller/share/diff_drive_controller/hook/cmake_prefix_path.dsv'
[199.700s] INFO:colcon.colcon_core.shell:Creating environment hook '/home/farah/ws_farah/install/diff_drive_controller/share/diff_drive_controller/hook/cmake_prefix_path.sh'
[199.701s] Level 1:colcon.colcon_core.environment:checking '/home/farah/ws_farah/install/diff_drive_controller/lib'
[199.701s] Level 1:colcon.colcon_core.shell:create_environment_hook('diff_drive_controller', 'ld_library_path_lib')
[199.701s] INFO:colcon.colcon_core.shell:Creating environment hook '/home/farah/ws_farah/install/diff_drive_controller/share/diff_drive_controller/hook/ld_library_path_lib.ps1'
[199.701s] INFO:colcon.colcon_core.shell:Creating environment descriptor '/home/farah/ws_farah/install/diff_drive_controller/share/diff_drive_controller/hook/ld_library_path_lib.dsv'
[199.701s] INFO:colcon.colcon_core.shell:Creating environment hook '/home/farah/ws_farah/install/diff_drive_controller/share/diff_drive_controller/hook/ld_library_path_lib.sh'
[199.702s] Level 1:colcon.colcon_core.environment:checking '/home/farah/ws_farah/install/diff_drive_controller/bin'
[199.702s] Level 1:colcon.colcon_core.environment:checking '/home/farah/ws_farah/install/diff_drive_controller/lib/pkgconfig/diff_drive_controller.pc'
[199.702s] Level 1:colcon.colcon_core.environment:checking '/home/farah/ws_farah/install/diff_drive_controller/lib/python3.10/site-packages'
[199.702s] Level 1:colcon.colcon_core.environment:checking '/home/farah/ws_farah/install/diff_drive_controller/bin'
[199.702s] INFO:colcon.colcon_core.shell:Creating package script '/home/farah/ws_farah/install/diff_drive_controller/share/diff_drive_controller/package.ps1'
[199.703s] INFO:colcon.colcon_core.shell:Creating package descriptor '/home/farah/ws_farah/install/diff_drive_controller/share/diff_drive_controller/package.dsv'
[199.703s] INFO:colcon.colcon_core.shell:Creating package script '/home/farah/ws_farah/install/diff_drive_controller/share/diff_drive_controller/package.sh'
[199.703s] INFO:colcon.colcon_core.shell:Creating package script '/home/farah/ws_farah/install/diff_drive_controller/share/diff_drive_controller/package.bash'
[199.704s] INFO:colcon.colcon_core.shell:Creating package script '/home/farah/ws_farah/install/diff_drive_controller/share/diff_drive_controller/package.zsh'
[199.704s] Level 1:colcon.colcon_core.environment:create_file_with_runtime_dependencies(/home/farah/ws_farah/install/diff_drive_controller/share/colcon-core/packages/diff_drive_controller)
[199.704s] Level 1:colcon.colcon_core.environment:create_environment_scripts_only(diff_drive_controller)
[199.705s] Level 1:colcon.colcon_core.environment:checking '/home/farah/ws_farah/install/diff_drive_controller' for CMake module files
[199.705s] Level 1:colcon.colcon_core.environment:checking '/home/farah/ws_farah/install/diff_drive_controller' for CMake config files
[199.705s] Level 1:colcon.colcon_core.shell:create_environment_hook('diff_drive_controller', 'cmake_prefix_path')
[199.705s] INFO:colcon.colcon_core.shell:Creating environment hook '/home/farah/ws_farah/install/diff_drive_controller/share/diff_drive_controller/hook/cmake_prefix_path.ps1'
[199.706s] INFO:colcon.colcon_core.shell:Creating environment descriptor '/home/farah/ws_farah/install/diff_drive_controller/share/diff_drive_controller/hook/cmake_prefix_path.dsv'
[199.706s] INFO:colcon.colcon_core.shell:Creating environment hook '/home/farah/ws_farah/install/diff_drive_controller/share/diff_drive_controller/hook/cmake_prefix_path.sh'
[199.706s] Level 1:colcon.colcon_core.environment:checking '/home/farah/ws_farah/install/diff_drive_controller/lib'
[199.706s] Level 1:colcon.colcon_core.shell:create_environment_hook('diff_drive_controller', 'ld_library_path_lib')
[199.707s] INFO:colcon.colcon_core.shell:Creating environment hook '/home/farah/ws_farah/install/diff_drive_controller/share/diff_drive_controller/hook/ld_library_path_lib.ps1'
[199.707s] INFO:colcon.colcon_core.shell:Creating environment descriptor '/home/farah/ws_farah/install/diff_drive_controller/share/diff_drive_controller/hook/ld_library_path_lib.dsv'
[199.707s] INFO:colcon.colcon_core.shell:Creating environment hook '/home/farah/ws_farah/install/diff_drive_controller/share/diff_drive_controller/hook/ld_library_path_lib.sh'
[199.707s] Level 1:colcon.colcon_core.environment:checking '/home/farah/ws_farah/install/diff_drive_controller/bin'
[199.708s] Level 1:colcon.colcon_core.environment:checking '/home/farah/ws_farah/install/diff_drive_controller/lib/pkgconfig/diff_drive_controller.pc'
[199.708s] Level 1:colcon.colcon_core.environment:checking '/home/farah/ws_farah/install/diff_drive_controller/lib/python3.10/site-packages'
[199.708s] Level 1:colcon.colcon_core.environment:checking '/home/farah/ws_farah/install/diff_drive_controller/bin'
[199.708s] INFO:colcon.colcon_core.shell:Creating package script '/home/farah/ws_farah/install/diff_drive_controller/share/diff_drive_controller/package.ps1'
[199.709s] INFO:colcon.colcon_core.shell:Creating package descriptor '/home/farah/ws_farah/install/diff_drive_controller/share/diff_drive_controller/package.dsv'
[199.709s] INFO:colcon.colcon_core.shell:Creating package script '/home/farah/ws_farah/install/diff_drive_controller/share/diff_drive_controller/package.sh'
[199.709s] INFO:colcon.colcon_core.shell:Creating package script '/home/farah/ws_farah/install/diff_drive_controller/share/diff_drive_controller/package.bash'
[199.710s] INFO:colcon.colcon_core.shell:Creating package script '/home/farah/ws_farah/install/diff_drive_controller/share/diff_drive_controller/package.zsh'
[199.710s] Level 1:colcon.colcon_core.environment:create_file_with_runtime_dependencies(/home/farah/ws_farah/install/diff_drive_controller/share/colcon-core/packages/diff_drive_controller)
[199.710s] INFO:colcon.colcon_ros.task.ament_cmake.build:Building ROS package in '/home/farah/ws_farah/src/ros2_controllers/gpio_controllers' with build type 'ament_cmake'
[199.710s] INFO:colcon.colcon_cmake.task.cmake.build:Building CMake package in '/home/farah/ws_farah/src/ros2_controllers/gpio_controllers'
[199.711s] INFO:colcon.colcon_core.shell:Skip shell extension 'powershell' for command environment: Not usable outside of PowerShell
[199.711s] DEBUG:colcon.colcon_core.shell:Skip shell extension 'dsv' for command environment
[199.720s] DEBUG:colcon.colcon_core.event_handler.log_command:Invoking command in '/home/farah/ws_farah/build/gpio_controllers': AMENT_PREFIX_PATH=/home/farah/ws_farah/install/hardware_interface_testing:/home/farah/ws_farah/install/controller_interface:/home/farah/ws_farah/install/hardware_interface:/home/farah/ws_farah/install/ros2_control_test_assets:${AMENT_PREFIX_PATH} CMAKE_PREFIX_PATH=/home/farah/ws_farah/install/hardware_interface_testing:/home/farah/ws_farah/install/controller_interface:/home/farah/ws_farah/install/hardware_interface:/home/farah/ws_farah/install/ros2_control_test_assets:/opt/ros/humble LD_LIBRARY_PATH=/home/farah/ws_farah/install/hardware_interface_testing/lib:/home/farah/ws_farah/install/controller_interface/lib:/home/farah/ws_farah/install/hardware_interface/lib:${LD_LIBRARY_PATH} /usr/bin/cmake /home/farah/ws_farah/src/ros2_controllers/gpio_controllers -DCMAKE_INSTALL_PREFIX=/home/farah/ws_farah/install/gpio_controllers
[201.139s] DEBUG:colcon.colcon_core.event_handler.log_command:Invoked command in '/home/farah/ws_farah/build/gpio_controllers' returned '0': AMENT_PREFIX_PATH=/home/farah/ws_farah/install/hardware_interface_testing:/home/farah/ws_farah/install/controller_interface:/home/farah/ws_farah/install/hardware_interface:/home/farah/ws_farah/install/ros2_control_test_assets:${AMENT_PREFIX_PATH} CMAKE_PREFIX_PATH=/home/farah/ws_farah/install/hardware_interface_testing:/home/farah/ws_farah/install/controller_interface:/home/farah/ws_farah/install/hardware_interface:/home/farah/ws_farah/install/ros2_control_test_assets:/opt/ros/humble LD_LIBRARY_PATH=/home/farah/ws_farah/install/hardware_interface_testing/lib:/home/farah/ws_farah/install/controller_interface/lib:/home/farah/ws_farah/install/hardware_interface/lib:${LD_LIBRARY_PATH} /usr/bin/cmake /home/farah/ws_farah/src/ros2_controllers/gpio_controllers -DCMAKE_INSTALL_PREFIX=/home/farah/ws_farah/install/gpio_controllers
[201.141s] DEBUG:colcon.colcon_core.event_handler.log_command:Invoking command in '/home/farah/ws_farah/build/gpio_controllers': AMENT_PREFIX_PATH=/home/farah/ws_farah/install/hardware_interface_testing:/home/farah/ws_farah/install/controller_interface:/home/farah/ws_farah/install/hardware_interface:/home/farah/ws_farah/install/ros2_control_test_assets:${AMENT_PREFIX_PATH} CMAKE_PREFIX_PATH=/home/farah/ws_farah/install/hardware_interface_testing:/home/farah/ws_farah/install/controller_interface:/home/farah/ws_farah/install/hardware_interface:/home/farah/ws_farah/install/ros2_control_test_assets:/opt/ros/humble LD_LIBRARY_PATH=/home/farah/ws_farah/install/hardware_interface_testing/lib:/home/farah/ws_farah/install/controller_interface/lib:/home/farah/ws_farah/install/hardware_interface/lib:${LD_LIBRARY_PATH} /usr/bin/cmake --build /home/farah/ws_farah/build/gpio_controllers -- -j8 -l8
[221.159s] DEBUG:colcon.colcon_core.event_handler.log_command:Invoked command in '/home/farah/ws_farah/build/gpio_controllers' returned '0': AMENT_PREFIX_PATH=/home/farah/ws_farah/install/hardware_interface_testing:/home/farah/ws_farah/install/controller_interface:/home/farah/ws_farah/install/hardware_interface:/home/farah/ws_farah/install/ros2_control_test_assets:${AMENT_PREFIX_PATH} CMAKE_PREFIX_PATH=/home/farah/ws_farah/install/hardware_interface_testing:/home/farah/ws_farah/install/controller_interface:/home/farah/ws_farah/install/hardware_interface:/home/farah/ws_farah/install/ros2_control_test_assets:/opt/ros/humble LD_LIBRARY_PATH=/home/farah/ws_farah/install/hardware_interface_testing/lib:/home/farah/ws_farah/install/controller_interface/lib:/home/farah/ws_farah/install/hardware_interface/lib:${LD_LIBRARY_PATH} /usr/bin/cmake --build /home/farah/ws_farah/build/gpio_controllers -- -j8 -l8
[221.160s] DEBUG:colcon.colcon_core.event_handler.log_command:Invoking command in '/home/farah/ws_farah/build/gpio_controllers': AMENT_PREFIX_PATH=/home/farah/ws_farah/install/hardware_interface_testing:/home/farah/ws_farah/install/controller_interface:/home/farah/ws_farah/install/hardware_interface:/home/farah/ws_farah/install/ros2_control_test_assets:${AMENT_PREFIX_PATH} CMAKE_PREFIX_PATH=/home/farah/ws_farah/install/hardware_interface_testing:/home/farah/ws_farah/install/controller_interface:/home/farah/ws_farah/install/hardware_interface:/home/farah/ws_farah/install/ros2_control_test_assets:/opt/ros/humble LD_LIBRARY_PATH=/home/farah/ws_farah/install/hardware_interface_testing/lib:/home/farah/ws_farah/install/controller_interface/lib:/home/farah/ws_farah/install/hardware_interface/lib:${LD_LIBRARY_PATH} /usr/bin/cmake --install /home/farah/ws_farah/build/gpio_controllers
[221.175s] Level 1:colcon.colcon_core.environment:create_environment_scripts_only(gpio_controllers)
[221.175s] Level 1:colcon.colcon_core.environment:checking '/home/farah/ws_farah/install/gpio_controllers' for CMake module files
[221.176s] DEBUG:colcon.colcon_core.event_handler.log_command:Invoked command in '/home/farah/ws_farah/build/gpio_controllers' returned '0': AMENT_PREFIX_PATH=/home/farah/ws_farah/install/hardware_interface_testing:/home/farah/ws_farah/install/controller_interface:/home/farah/ws_farah/install/hardware_interface:/home/farah/ws_farah/install/ros2_control_test_assets:${AMENT_PREFIX_PATH} CMAKE_PREFIX_PATH=/home/farah/ws_farah/install/hardware_interface_testing:/home/farah/ws_farah/install/controller_interface:/home/farah/ws_farah/install/hardware_interface:/home/farah/ws_farah/install/ros2_control_test_assets:/opt/ros/humble LD_LIBRARY_PATH=/home/farah/ws_farah/install/hardware_interface_testing/lib:/home/farah/ws_farah/install/controller_interface/lib:/home/farah/ws_farah/install/hardware_interface/lib:${LD_LIBRARY_PATH} /usr/bin/cmake --install /home/farah/ws_farah/build/gpio_controllers
[221.176s] Level 1:colcon.colcon_core.environment:checking '/home/farah/ws_farah/install/gpio_controllers' for CMake config files
[221.176s] Level 1:colcon.colcon_core.shell:create_environment_hook('gpio_controllers', 'cmake_prefix_path')
[221.176s] INFO:colcon.colcon_core.shell:Creating environment hook '/home/farah/ws_farah/install/gpio_controllers/share/gpio_controllers/hook/cmake_prefix_path.ps1'
[221.177s] INFO:colcon.colcon_core.shell:Creating environment descriptor '/home/farah/ws_farah/install/gpio_controllers/share/gpio_controllers/hook/cmake_prefix_path.dsv'
[221.177s] INFO:colcon.colcon_core.shell:Creating environment hook '/home/farah/ws_farah/install/gpio_controllers/share/gpio_controllers/hook/cmake_prefix_path.sh'
[221.178s] Level 1:colcon.colcon_core.environment:checking '/home/farah/ws_farah/install/gpio_controllers/lib'
[221.178s] Level 1:colcon.colcon_core.shell:create_environment_hook('gpio_controllers', 'ld_library_path_lib')
[221.178s] INFO:colcon.colcon_core.shell:Creating environment hook '/home/farah/ws_farah/install/gpio_controllers/share/gpio_controllers/hook/ld_library_path_lib.ps1'
[221.178s] INFO:colcon.colcon_core.shell:Creating environment descriptor '/home/farah/ws_farah/install/gpio_controllers/share/gpio_controllers/hook/ld_library_path_lib.dsv'
[221.178s] INFO:colcon.colcon_core.shell:Creating environment hook '/home/farah/ws_farah/install/gpio_controllers/share/gpio_controllers/hook/ld_library_path_lib.sh'
[221.179s] Level 1:colcon.colcon_core.environment:checking '/home/farah/ws_farah/install/gpio_controllers/bin'
[221.179s] Level 1:colcon.colcon_core.environment:checking '/home/farah/ws_farah/install/gpio_controllers/lib/pkgconfig/gpio_controllers.pc'
[221.179s] Level 1:colcon.colcon_core.environment:checking '/home/farah/ws_farah/install/gpio_controllers/lib/python3.10/site-packages'
[221.179s] Level 1:colcon.colcon_core.environment:checking '/home/farah/ws_farah/install/gpio_controllers/bin'
[221.179s] INFO:colcon.colcon_core.shell:Creating package script '/home/farah/ws_farah/install/gpio_controllers/share/gpio_controllers/package.ps1'
[221.180s] INFO:colcon.colcon_core.shell:Creating package descriptor '/home/farah/ws_farah/install/gpio_controllers/share/gpio_controllers/package.dsv'
[221.180s] INFO:colcon.colcon_core.shell:Creating package script '/home/farah/ws_farah/install/gpio_controllers/share/gpio_controllers/package.sh'
[221.180s] INFO:colcon.colcon_core.shell:Creating package script '/home/farah/ws_farah/install/gpio_controllers/share/gpio_controllers/package.bash'
[221.181s] INFO:colcon.colcon_core.shell:Creating package script '/home/farah/ws_farah/install/gpio_controllers/share/gpio_controllers/package.zsh'
[221.181s] Level 1:colcon.colcon_core.environment:create_file_with_runtime_dependencies(/home/farah/ws_farah/install/gpio_controllers/share/colcon-core/packages/gpio_controllers)
[221.181s] Level 1:colcon.colcon_core.environment:create_environment_scripts_only(gpio_controllers)
[221.181s] Level 1:colcon.colcon_core.environment:checking '/home/farah/ws_farah/install/gpio_controllers' for CMake module files
[221.182s] Level 1:colcon.colcon_core.environment:checking '/home/farah/ws_farah/install/gpio_controllers' for CMake config files
[221.182s] Level 1:colcon.colcon_core.shell:create_environment_hook('gpio_controllers', 'cmake_prefix_path')
[221.182s] INFO:colcon.colcon_core.shell:Creating environment hook '/home/farah/ws_farah/install/gpio_controllers/share/gpio_controllers/hook/cmake_prefix_path.ps1'
[221.182s] INFO:colcon.colcon_core.shell:Creating environment descriptor '/home/farah/ws_farah/install/gpio_controllers/share/gpio_controllers/hook/cmake_prefix_path.dsv'
[221.183s] INFO:colcon.colcon_core.shell:Creating environment hook '/home/farah/ws_farah/install/gpio_controllers/share/gpio_controllers/hook/cmake_prefix_path.sh'
[221.183s] Level 1:colcon.colcon_core.environment:checking '/home/farah/ws_farah/install/gpio_controllers/lib'
[221.183s] Level 1:colcon.colcon_core.shell:create_environment_hook('gpio_controllers', 'ld_library_path_lib')
[221.183s] INFO:colcon.colcon_core.shell:Creating environment hook '/home/farah/ws_farah/install/gpio_controllers/share/gpio_controllers/hook/ld_library_path_lib.ps1'
[221.184s] INFO:colcon.colcon_core.shell:Creating environment descriptor '/home/farah/ws_farah/install/gpio_controllers/share/gpio_controllers/hook/ld_library_path_lib.dsv'
[221.184s] INFO:colcon.colcon_core.shell:Creating environment hook '/home/farah/ws_farah/install/gpio_controllers/share/gpio_controllers/hook/ld_library_path_lib.sh'
[221.184s] Level 1:colcon.colcon_core.environment:checking '/home/farah/ws_farah/install/gpio_controllers/bin'
[221.184s] Level 1:colcon.colcon_core.environment:checking '/home/farah/ws_farah/install/gpio_controllers/lib/pkgconfig/gpio_controllers.pc'
[221.184s] Level 1:colcon.colcon_core.environment:checking '/home/farah/ws_farah/install/gpio_controllers/lib/python3.10/site-packages'
[221.185s] Level 1:colcon.colcon_core.environment:checking '/home/farah/ws_farah/install/gpio_controllers/bin'
[221.185s] INFO:colcon.colcon_core.shell:Creating package script '/home/farah/ws_farah/install/gpio_controllers/share/gpio_controllers/package.ps1'
[221.185s] INFO:colcon.colcon_core.shell:Creating package descriptor '/home/farah/ws_farah/install/gpio_controllers/share/gpio_controllers/package.dsv'
[221.186s] INFO:colcon.colcon_core.shell:Creating package script '/home/farah/ws_farah/install/gpio_controllers/share/gpio_controllers/package.sh'
[221.186s] INFO:colcon.colcon_core.shell:Creating package script '/home/farah/ws_farah/install/gpio_controllers/share/gpio_controllers/package.bash'
[221.186s] INFO:colcon.colcon_core.shell:Creating package script '/home/farah/ws_farah/install/gpio_controllers/share/gpio_controllers/package.zsh'
[221.186s] Level 1:colcon.colcon_core.environment:create_file_with_runtime_dependencies(/home/farah/ws_farah/install/gpio_controllers/share/colcon-core/packages/gpio_controllers)
[221.187s] INFO:colcon.colcon_ros.task.ament_cmake.build:Building ROS package in '/home/farah/ws_farah/src/ros2_controllers/bicycle_steering_controller' with build type 'ament_cmake'
[221.187s] INFO:colcon.colcon_cmake.task.cmake.build:Building CMake package in '/home/farah/ws_farah/src/ros2_controllers/bicycle_steering_controller'
[221.187s] INFO:colcon.colcon_core.shell:Skip shell extension 'powershell' for command environment: Not usable outside of PowerShell
[221.187s] DEBUG:colcon.colcon_core.shell:Skip shell extension 'dsv' for command environment
[221.197s] DEBUG:colcon.colcon_core.event_handler.log_command:Invoking command in '/home/farah/ws_farah/build/bicycle_steering_controller': AMENT_PREFIX_PATH=/home/farah/ws_farah/install/steering_controllers_library:/home/farah/ws_farah/install/hardware_interface_testing:/home/farah/ws_farah/install/controller_interface:/home/farah/ws_farah/install/hardware_interface:/home/farah/ws_farah/install/ros2_control_test_assets:${AMENT_PREFIX_PATH} CMAKE_PREFIX_PATH=/home/farah/ws_farah/install/steering_controllers_library:/home/farah/ws_farah/install/hardware_interface_testing:/home/farah/ws_farah/install/controller_interface:/home/farah/ws_farah/install/hardware_interface:/home/farah/ws_farah/install/ros2_control_test_assets:/opt/ros/humble LD_LIBRARY_PATH=/home/farah/ws_farah/install/steering_controllers_library/lib:/home/farah/ws_farah/install/hardware_interface_testing/lib:/home/farah/ws_farah/install/controller_interface/lib:/home/farah/ws_farah/install/hardware_interface/lib:${LD_LIBRARY_PATH} /usr/bin/cmake /home/farah/ws_farah/src/ros2_controllers/bicycle_steering_controller -DCMAKE_INSTALL_PREFIX=/home/farah/ws_farah/install/bicycle_steering_controller
[222.760s] DEBUG:colcon.colcon_core.event_handler.log_command:Invoked command in '/home/farah/ws_farah/build/bicycle_steering_controller' returned '0': AMENT_PREFIX_PATH=/home/farah/ws_farah/install/steering_controllers_library:/home/farah/ws_farah/install/hardware_interface_testing:/home/farah/ws_farah/install/controller_interface:/home/farah/ws_farah/install/hardware_interface:/home/farah/ws_farah/install/ros2_control_test_assets:${AMENT_PREFIX_PATH} CMAKE_PREFIX_PATH=/home/farah/ws_farah/install/steering_controllers_library:/home/farah/ws_farah/install/hardware_interface_testing:/home/farah/ws_farah/install/controller_interface:/home/farah/ws_farah/install/hardware_interface:/home/farah/ws_farah/install/ros2_control_test_assets:/opt/ros/humble LD_LIBRARY_PATH=/home/farah/ws_farah/install/steering_controllers_library/lib:/home/farah/ws_farah/install/hardware_interface_testing/lib:/home/farah/ws_farah/install/controller_interface/lib:/home/farah/ws_farah/install/hardware_interface/lib:${LD_LIBRARY_PATH} /usr/bin/cmake /home/farah/ws_farah/src/ros2_controllers/bicycle_steering_controller -DCMAKE_INSTALL_PREFIX=/home/farah/ws_farah/install/bicycle_steering_controller
[222.761s] DEBUG:colcon.colcon_core.event_handler.log_command:Invoking command in '/home/farah/ws_farah/build/bicycle_steering_controller': AMENT_PREFIX_PATH=/home/farah/ws_farah/install/steering_controllers_library:/home/farah/ws_farah/install/hardware_interface_testing:/home/farah/ws_farah/install/controller_interface:/home/farah/ws_farah/install/hardware_interface:/home/farah/ws_farah/install/ros2_control_test_assets:${AMENT_PREFIX_PATH} CMAKE_PREFIX_PATH=/home/farah/ws_farah/install/steering_controllers_library:/home/farah/ws_farah/install/hardware_interface_testing:/home/farah/ws_farah/install/controller_interface:/home/farah/ws_farah/install/hardware_interface:/home/farah/ws_farah/install/ros2_control_test_assets:/opt/ros/humble LD_LIBRARY_PATH=/home/farah/ws_farah/install/steering_controllers_library/lib:/home/farah/ws_farah/install/hardware_interface_testing/lib:/home/farah/ws_farah/install/controller_interface/lib:/home/farah/ws_farah/install/hardware_interface/lib:${LD_LIBRARY_PATH} /usr/bin/cmake --build /home/farah/ws_farah/build/bicycle_steering_controller -- -j8 -l8
[237.646s] DEBUG:colcon.colcon_core.event_handler.log_command:Invoked command in '/home/farah/ws_farah/build/bicycle_steering_controller' returned '0': AMENT_PREFIX_PATH=/home/farah/ws_farah/install/steering_controllers_library:/home/farah/ws_farah/install/hardware_interface_testing:/home/farah/ws_farah/install/controller_interface:/home/farah/ws_farah/install/hardware_interface:/home/farah/ws_farah/install/ros2_control_test_assets:${AMENT_PREFIX_PATH} CMAKE_PREFIX_PATH=/home/farah/ws_farah/install/steering_controllers_library:/home/farah/ws_farah/install/hardware_interface_testing:/home/farah/ws_farah/install/controller_interface:/home/farah/ws_farah/install/hardware_interface:/home/farah/ws_farah/install/ros2_control_test_assets:/opt/ros/humble LD_LIBRARY_PATH=/home/farah/ws_farah/install/steering_controllers_library/lib:/home/farah/ws_farah/install/hardware_interface_testing/lib:/home/farah/ws_farah/install/controller_interface/lib:/home/farah/ws_farah/install/hardware_interface/lib:${LD_LIBRARY_PATH} /usr/bin/cmake --build /home/farah/ws_farah/build/bicycle_steering_controller -- -j8 -l8
[237.647s] DEBUG:colcon.colcon_core.event_handler.log_command:Invoking command in '/home/farah/ws_farah/build/bicycle_steering_controller': AMENT_PREFIX_PATH=/home/farah/ws_farah/install/steering_controllers_library:/home/farah/ws_farah/install/hardware_interface_testing:/home/farah/ws_farah/install/controller_interface:/home/farah/ws_farah/install/hardware_interface:/home/farah/ws_farah/install/ros2_control_test_assets:${AMENT_PREFIX_PATH} CMAKE_PREFIX_PATH=/home/farah/ws_farah/install/steering_controllers_library:/home/farah/ws_farah/install/hardware_interface_testing:/home/farah/ws_farah/install/controller_interface:/home/farah/ws_farah/install/hardware_interface:/home/farah/ws_farah/install/ros2_control_test_assets:/opt/ros/humble LD_LIBRARY_PATH=/home/farah/ws_farah/install/steering_controllers_library/lib:/home/farah/ws_farah/install/hardware_interface_testing/lib:/home/farah/ws_farah/install/controller_interface/lib:/home/farah/ws_farah/install/hardware_interface/lib:${LD_LIBRARY_PATH} /usr/bin/cmake --install /home/farah/ws_farah/build/bicycle_steering_controller
[237.657s] Level 1:colcon.colcon_core.environment:create_environment_scripts_only(bicycle_steering_controller)
[237.658s] Level 1:colcon.colcon_core.environment:checking '/home/farah/ws_farah/install/bicycle_steering_controller' for CMake module files
[237.658s] DEBUG:colcon.colcon_core.event_handler.log_command:Invoked command in '/home/farah/ws_farah/build/bicycle_steering_controller' returned '0': AMENT_PREFIX_PATH=/home/farah/ws_farah/install/steering_controllers_library:/home/farah/ws_farah/install/hardware_interface_testing:/home/farah/ws_farah/install/controller_interface:/home/farah/ws_farah/install/hardware_interface:/home/farah/ws_farah/install/ros2_control_test_assets:${AMENT_PREFIX_PATH} CMAKE_PREFIX_PATH=/home/farah/ws_farah/install/steering_controllers_library:/home/farah/ws_farah/install/hardware_interface_testing:/home/farah/ws_farah/install/controller_interface:/home/farah/ws_farah/install/hardware_interface:/home/farah/ws_farah/install/ros2_control_test_assets:/opt/ros/humble LD_LIBRARY_PATH=/home/farah/ws_farah/install/steering_controllers_library/lib:/home/farah/ws_farah/install/hardware_interface_testing/lib:/home/farah/ws_farah/install/controller_interface/lib:/home/farah/ws_farah/install/hardware_interface/lib:${LD_LIBRARY_PATH} /usr/bin/cmake --install /home/farah/ws_farah/build/bicycle_steering_controller
[237.658s] Level 1:colcon.colcon_core.environment:checking '/home/farah/ws_farah/install/bicycle_steering_controller' for CMake config files
[237.659s] Level 1:colcon.colcon_core.shell:create_environment_hook('bicycle_steering_controller', 'cmake_prefix_path')
[237.659s] INFO:colcon.colcon_core.shell:Creating environment hook '/home/farah/ws_farah/install/bicycle_steering_controller/share/bicycle_steering_controller/hook/cmake_prefix_path.ps1'
[237.659s] INFO:colcon.colcon_core.shell:Creating environment descriptor '/home/farah/ws_farah/install/bicycle_steering_controller/share/bicycle_steering_controller/hook/cmake_prefix_path.dsv'
[237.659s] INFO:colcon.colcon_core.shell:Creating environment hook '/home/farah/ws_farah/install/bicycle_steering_controller/share/bicycle_steering_controller/hook/cmake_prefix_path.sh'
[237.660s] Level 1:colcon.colcon_core.environment:checking '/home/farah/ws_farah/install/bicycle_steering_controller/lib'
[237.660s] Level 1:colcon.colcon_core.shell:create_environment_hook('bicycle_steering_controller', 'ld_library_path_lib')
[237.660s] INFO:colcon.colcon_core.shell:Creating environment hook '/home/farah/ws_farah/install/bicycle_steering_controller/share/bicycle_steering_controller/hook/ld_library_path_lib.ps1'
[237.660s] INFO:colcon.colcon_core.shell:Creating environment descriptor '/home/farah/ws_farah/install/bicycle_steering_controller/share/bicycle_steering_controller/hook/ld_library_path_lib.dsv'
[237.660s] INFO:colcon.colcon_core.shell:Creating environment hook '/home/farah/ws_farah/install/bicycle_steering_controller/share/bicycle_steering_controller/hook/ld_library_path_lib.sh'
[237.661s] Level 1:colcon.colcon_core.environment:checking '/home/farah/ws_farah/install/bicycle_steering_controller/bin'
[237.661s] Level 1:colcon.colcon_core.environment:checking '/home/farah/ws_farah/install/bicycle_steering_controller/lib/pkgconfig/bicycle_steering_controller.pc'
[237.661s] Level 1:colcon.colcon_core.environment:checking '/home/farah/ws_farah/install/bicycle_steering_controller/lib/python3.10/site-packages'
[237.661s] Level 1:colcon.colcon_core.environment:checking '/home/farah/ws_farah/install/bicycle_steering_controller/bin'
[237.661s] INFO:colcon.colcon_core.shell:Creating package script '/home/farah/ws_farah/install/bicycle_steering_controller/share/bicycle_steering_controller/package.ps1'
[237.662s] INFO:colcon.colcon_core.shell:Creating package descriptor '/home/farah/ws_farah/install/bicycle_steering_controller/share/bicycle_steering_controller/package.dsv'
[237.662s] INFO:colcon.colcon_core.shell:Creating package script '/home/farah/ws_farah/install/bicycle_steering_controller/share/bicycle_steering_controller/package.sh'
[237.662s] INFO:colcon.colcon_core.shell:Creating package script '/home/farah/ws_farah/install/bicycle_steering_controller/share/bicycle_steering_controller/package.bash'
[237.663s] INFO:colcon.colcon_core.shell:Creating package script '/home/farah/ws_farah/install/bicycle_steering_controller/share/bicycle_steering_controller/package.zsh'
[237.663s] Level 1:colcon.colcon_core.environment:create_file_with_runtime_dependencies(/home/farah/ws_farah/install/bicycle_steering_controller/share/colcon-core/packages/bicycle_steering_controller)
[237.663s] Level 1:colcon.colcon_core.environment:create_environment_scripts_only(bicycle_steering_controller)
[237.664s] Level 1:colcon.colcon_core.environment:checking '/home/farah/ws_farah/install/bicycle_steering_controller' for CMake module files
[237.664s] Level 1:colcon.colcon_core.environment:checking '/home/farah/ws_farah/install/bicycle_steering_controller' for CMake config files
[237.664s] Level 1:colcon.colcon_core.shell:create_environment_hook('bicycle_steering_controller', 'cmake_prefix_path')
[237.664s] INFO:colcon.colcon_core.shell:Creating environment hook '/home/farah/ws_farah/install/bicycle_steering_controller/share/bicycle_steering_controller/hook/cmake_prefix_path.ps1'
[237.664s] INFO:colcon.colcon_core.shell:Creating environment descriptor '/home/farah/ws_farah/install/bicycle_steering_controller/share/bicycle_steering_controller/hook/cmake_prefix_path.dsv'
[237.665s] INFO:colcon.colcon_core.shell:Creating environment hook '/home/farah/ws_farah/install/bicycle_steering_controller/share/bicycle_steering_controller/hook/cmake_prefix_path.sh'
[237.665s] Level 1:colcon.colcon_core.environment:checking '/home/farah/ws_farah/install/bicycle_steering_controller/lib'
[237.665s] Level 1:colcon.colcon_core.shell:create_environment_hook('bicycle_steering_controller', 'ld_library_path_lib')
[237.665s] INFO:colcon.colcon_core.shell:Creating environment hook '/home/farah/ws_farah/install/bicycle_steering_controller/share/bicycle_steering_controller/hook/ld_library_path_lib.ps1'
[237.666s] INFO:colcon.colcon_core.shell:Creating environment descriptor '/home/farah/ws_farah/install/bicycle_steering_controller/share/bicycle_steering_controller/hook/ld_library_path_lib.dsv'
[237.666s] INFO:colcon.colcon_core.shell:Creating environment hook '/home/farah/ws_farah/install/bicycle_steering_controller/share/bicycle_steering_controller/hook/ld_library_path_lib.sh'
[237.666s] Level 1:colcon.colcon_core.environment:checking '/home/farah/ws_farah/install/bicycle_steering_controller/bin'
[237.666s] Level 1:colcon.colcon_core.environment:checking '/home/farah/ws_farah/install/bicycle_steering_controller/lib/pkgconfig/bicycle_steering_controller.pc'
[237.666s] Level 1:colcon.colcon_core.environment:checking '/home/farah/ws_farah/install/bicycle_steering_controller/lib/python3.10/site-packages'
[237.667s] Level 1:colcon.colcon_core.environment:checking '/home/farah/ws_farah/install/bicycle_steering_controller/bin'
[237.667s] INFO:colcon.colcon_core.shell:Creating package script '/home/farah/ws_farah/install/bicycle_steering_controller/share/bicycle_steering_controller/package.ps1'
[237.667s] INFO:colcon.colcon_core.shell:Creating package descriptor '/home/farah/ws_farah/install/bicycle_steering_controller/share/bicycle_steering_controller/package.dsv'
[237.668s] INFO:colcon.colcon_core.shell:Creating package script '/home/farah/ws_farah/install/bicycle_steering_controller/share/bicycle_steering_controller/package.sh'
[237.668s] INFO:colcon.colcon_core.shell:Creating package script '/home/farah/ws_farah/install/bicycle_steering_controller/share/bicycle_steering_controller/package.bash'
[237.668s] INFO:colcon.colcon_core.shell:Creating package script '/home/farah/ws_farah/install/bicycle_steering_controller/share/bicycle_steering_controller/package.zsh'
[237.669s] Level 1:colcon.colcon_core.environment:create_file_with_runtime_dependencies(/home/farah/ws_farah/install/bicycle_steering_controller/share/colcon-core/packages/bicycle_steering_controller)
[237.669s] INFO:colcon.colcon_ros.task.ament_cmake.build:Building ROS package in '/home/farah/ws_farah/src/ros2_controllers/position_controllers' with build type 'ament_cmake'
[237.669s] INFO:colcon.colcon_cmake.task.cmake.build:Building CMake package in '/home/farah/ws_farah/src/ros2_controllers/position_controllers'
[237.669s] INFO:colcon.colcon_core.shell:Skip shell extension 'powershell' for command environment: Not usable outside of PowerShell
[237.669s] DEBUG:colcon.colcon_core.shell:Skip shell extension 'dsv' for command environment
[237.679s] DEBUG:colcon.colcon_core.event_handler.log_command:Invoking command in '/home/farah/ws_farah/build/position_controllers': AMENT_PREFIX_PATH=/home/farah/ws_farah/install/forward_command_controller:/home/farah/ws_farah/install/hardware_interface_testing:/home/farah/ws_farah/install/controller_interface:/home/farah/ws_farah/install/hardware_interface:/home/farah/ws_farah/install/ros2_control_test_assets:${AMENT_PREFIX_PATH} CMAKE_PREFIX_PATH=/home/farah/ws_farah/install/forward_command_controller:/home/farah/ws_farah/install/hardware_interface_testing:/home/farah/ws_farah/install/controller_interface:/home/farah/ws_farah/install/hardware_interface:/home/farah/ws_farah/install/ros2_control_test_assets:/opt/ros/humble LD_LIBRARY_PATH=/home/farah/ws_farah/install/forward_command_controller/lib:/home/farah/ws_farah/install/hardware_interface_testing/lib:/home/farah/ws_farah/install/controller_interface/lib:/home/farah/ws_farah/install/hardware_interface/lib:${LD_LIBRARY_PATH} /usr/bin/cmake /home/farah/ws_farah/src/ros2_controllers/position_controllers -DCMAKE_INSTALL_PREFIX=/home/farah/ws_farah/install/position_controllers
[239.095s] DEBUG:colcon.colcon_core.event_handler.log_command:Invoked command in '/home/farah/ws_farah/build/position_controllers' returned '0': AMENT_PREFIX_PATH=/home/farah/ws_farah/install/forward_command_controller:/home/farah/ws_farah/install/hardware_interface_testing:/home/farah/ws_farah/install/controller_interface:/home/farah/ws_farah/install/hardware_interface:/home/farah/ws_farah/install/ros2_control_test_assets:${AMENT_PREFIX_PATH} CMAKE_PREFIX_PATH=/home/farah/ws_farah/install/forward_command_controller:/home/farah/ws_farah/install/hardware_interface_testing:/home/farah/ws_farah/install/controller_interface:/home/farah/ws_farah/install/hardware_interface:/home/farah/ws_farah/install/ros2_control_test_assets:/opt/ros/humble LD_LIBRARY_PATH=/home/farah/ws_farah/install/forward_command_controller/lib:/home/farah/ws_farah/install/hardware_interface_testing/lib:/home/farah/ws_farah/install/controller_interface/lib:/home/farah/ws_farah/install/hardware_interface/lib:${LD_LIBRARY_PATH} /usr/bin/cmake /home/farah/ws_farah/src/ros2_controllers/position_controllers -DCMAKE_INSTALL_PREFIX=/home/farah/ws_farah/install/position_controllers
[239.096s] DEBUG:colcon.colcon_core.event_handler.log_command:Invoking command in '/home/farah/ws_farah/build/position_controllers': AMENT_PREFIX_PATH=/home/farah/ws_farah/install/forward_command_controller:/home/farah/ws_farah/install/hardware_interface_testing:/home/farah/ws_farah/install/controller_interface:/home/farah/ws_farah/install/hardware_interface:/home/farah/ws_farah/install/ros2_control_test_assets:${AMENT_PREFIX_PATH} CMAKE_PREFIX_PATH=/home/farah/ws_farah/install/forward_command_controller:/home/farah/ws_farah/install/hardware_interface_testing:/home/farah/ws_farah/install/controller_interface:/home/farah/ws_farah/install/hardware_interface:/home/farah/ws_farah/install/ros2_control_test_assets:/opt/ros/humble LD_LIBRARY_PATH=/home/farah/ws_farah/install/forward_command_controller/lib:/home/farah/ws_farah/install/hardware_interface_testing/lib:/home/farah/ws_farah/install/controller_interface/lib:/home/farah/ws_farah/install/hardware_interface/lib:${LD_LIBRARY_PATH} /usr/bin/cmake --build /home/farah/ws_farah/build/position_controllers -- -j8 -l8
[248.668s] DEBUG:colcon.colcon_core.event_handler.log_command:Invoked command in '/home/farah/ws_farah/build/position_controllers' returned '0': AMENT_PREFIX_PATH=/home/farah/ws_farah/install/forward_command_controller:/home/farah/ws_farah/install/hardware_interface_testing:/home/farah/ws_farah/install/controller_interface:/home/farah/ws_farah/install/hardware_interface:/home/farah/ws_farah/install/ros2_control_test_assets:${AMENT_PREFIX_PATH} CMAKE_PREFIX_PATH=/home/farah/ws_farah/install/forward_command_controller:/home/farah/ws_farah/install/hardware_interface_testing:/home/farah/ws_farah/install/controller_interface:/home/farah/ws_farah/install/hardware_interface:/home/farah/ws_farah/install/ros2_control_test_assets:/opt/ros/humble LD_LIBRARY_PATH=/home/farah/ws_farah/install/forward_command_controller/lib:/home/farah/ws_farah/install/hardware_interface_testing/lib:/home/farah/ws_farah/install/controller_interface/lib:/home/farah/ws_farah/install/hardware_interface/lib:${LD_LIBRARY_PATH} /usr/bin/cmake --build /home/farah/ws_farah/build/position_controllers -- -j8 -l8
[248.669s] DEBUG:colcon.colcon_core.event_handler.log_command:Invoking command in '/home/farah/ws_farah/build/position_controllers': AMENT_PREFIX_PATH=/home/farah/ws_farah/install/forward_command_controller:/home/farah/ws_farah/install/hardware_interface_testing:/home/farah/ws_farah/install/controller_interface:/home/farah/ws_farah/install/hardware_interface:/home/farah/ws_farah/install/ros2_control_test_assets:${AMENT_PREFIX_PATH} CMAKE_PREFIX_PATH=/home/farah/ws_farah/install/forward_command_controller:/home/farah/ws_farah/install/hardware_interface_testing:/home/farah/ws_farah/install/controller_interface:/home/farah/ws_farah/install/hardware_interface:/home/farah/ws_farah/install/ros2_control_test_assets:/opt/ros/humble LD_LIBRARY_PATH=/home/farah/ws_farah/install/forward_command_controller/lib:/home/farah/ws_farah/install/hardware_interface_testing/lib:/home/farah/ws_farah/install/controller_interface/lib:/home/farah/ws_farah/install/hardware_interface/lib:${LD_LIBRARY_PATH} /usr/bin/cmake --install /home/farah/ws_farah/build/position_controllers
[248.681s] Level 1:colcon.colcon_core.environment:create_environment_scripts_only(position_controllers)
[248.681s] Level 1:colcon.colcon_core.environment:checking '/home/farah/ws_farah/install/position_controllers' for CMake module files
[248.682s] DEBUG:colcon.colcon_core.event_handler.log_command:Invoked command in '/home/farah/ws_farah/build/position_controllers' returned '0': AMENT_PREFIX_PATH=/home/farah/ws_farah/install/forward_command_controller:/home/farah/ws_farah/install/hardware_interface_testing:/home/farah/ws_farah/install/controller_interface:/home/farah/ws_farah/install/hardware_interface:/home/farah/ws_farah/install/ros2_control_test_assets:${AMENT_PREFIX_PATH} CMAKE_PREFIX_PATH=/home/farah/ws_farah/install/forward_command_controller:/home/farah/ws_farah/install/hardware_interface_testing:/home/farah/ws_farah/install/controller_interface:/home/farah/ws_farah/install/hardware_interface:/home/farah/ws_farah/install/ros2_control_test_assets:/opt/ros/humble LD_LIBRARY_PATH=/home/farah/ws_farah/install/forward_command_controller/lib:/home/farah/ws_farah/install/hardware_interface_testing/lib:/home/farah/ws_farah/install/controller_interface/lib:/home/farah/ws_farah/install/hardware_interface/lib:${LD_LIBRARY_PATH} /usr/bin/cmake --install /home/farah/ws_farah/build/position_controllers
[248.682s] Level 1:colcon.colcon_core.environment:checking '/home/farah/ws_farah/install/position_controllers' for CMake config files
[248.682s] Level 1:colcon.colcon_core.shell:create_environment_hook('position_controllers', 'cmake_prefix_path')
[248.682s] INFO:colcon.colcon_core.shell:Creating environment hook '/home/farah/ws_farah/install/position_controllers/share/position_controllers/hook/cmake_prefix_path.ps1'
[248.683s] INFO:colcon.colcon_core.shell:Creating environment descriptor '/home/farah/ws_farah/install/position_controllers/share/position_controllers/hook/cmake_prefix_path.dsv'
[248.683s] INFO:colcon.colcon_core.shell:Creating environment hook '/home/farah/ws_farah/install/position_controllers/share/position_controllers/hook/cmake_prefix_path.sh'
[248.683s] Level 1:colcon.colcon_core.environment:checking '/home/farah/ws_farah/install/position_controllers/lib'
[248.683s] Level 1:colcon.colcon_core.shell:create_environment_hook('position_controllers', 'ld_library_path_lib')
[248.684s] INFO:colcon.colcon_core.shell:Creating environment hook '/home/farah/ws_farah/install/position_controllers/share/position_controllers/hook/ld_library_path_lib.ps1'
[248.684s] INFO:colcon.colcon_core.shell:Creating environment descriptor '/home/farah/ws_farah/install/position_controllers/share/position_controllers/hook/ld_library_path_lib.dsv'
[248.684s] INFO:colcon.colcon_core.shell:Creating environment hook '/home/farah/ws_farah/install/position_controllers/share/position_controllers/hook/ld_library_path_lib.sh'
[248.684s] Level 1:colcon.colcon_core.environment:checking '/home/farah/ws_farah/install/position_controllers/bin'
[248.684s] Level 1:colcon.colcon_core.environment:checking '/home/farah/ws_farah/install/position_controllers/lib/pkgconfig/position_controllers.pc'
[248.685s] Level 1:colcon.colcon_core.environment:checking '/home/farah/ws_farah/install/position_controllers/lib/python3.10/site-packages'
[248.685s] Level 1:colcon.colcon_core.environment:checking '/home/farah/ws_farah/install/position_controllers/bin'
[248.685s] INFO:colcon.colcon_core.shell:Creating package script '/home/farah/ws_farah/install/position_controllers/share/position_controllers/package.ps1'
[248.686s] INFO:colcon.colcon_core.shell:Creating package descriptor '/home/farah/ws_farah/install/position_controllers/share/position_controllers/package.dsv'
[248.686s] INFO:colcon.colcon_core.shell:Creating package script '/home/farah/ws_farah/install/position_controllers/share/position_controllers/package.sh'
[248.687s] INFO:colcon.colcon_core.shell:Creating package script '/home/farah/ws_farah/install/position_controllers/share/position_controllers/package.bash'
[248.687s] INFO:colcon.colcon_core.shell:Creating package script '/home/farah/ws_farah/install/position_controllers/share/position_controllers/package.zsh'
[248.687s] Level 1:colcon.colcon_core.environment:create_file_with_runtime_dependencies(/home/farah/ws_farah/install/position_controllers/share/colcon-core/packages/position_controllers)
[248.688s] Level 1:colcon.colcon_core.environment:create_environment_scripts_only(position_controllers)
[248.688s] Level 1:colcon.colcon_core.environment:checking '/home/farah/ws_farah/install/position_controllers' for CMake module files
[248.688s] Level 1:colcon.colcon_core.environment:checking '/home/farah/ws_farah/install/position_controllers' for CMake config files
[248.688s] Level 1:colcon.colcon_core.shell:create_environment_hook('position_controllers', 'cmake_prefix_path')
[248.688s] INFO:colcon.colcon_core.shell:Creating environment hook '/home/farah/ws_farah/install/position_controllers/share/position_controllers/hook/cmake_prefix_path.ps1'
[248.689s] INFO:colcon.colcon_core.shell:Creating environment descriptor '/home/farah/ws_farah/install/position_controllers/share/position_controllers/hook/cmake_prefix_path.dsv'
[248.689s] INFO:colcon.colcon_core.shell:Creating environment hook '/home/farah/ws_farah/install/position_controllers/share/position_controllers/hook/cmake_prefix_path.sh'
[248.689s] Level 1:colcon.colcon_core.environment:checking '/home/farah/ws_farah/install/position_controllers/lib'
[248.689s] Level 1:colcon.colcon_core.shell:create_environment_hook('position_controllers', 'ld_library_path_lib')
[248.690s] INFO:colcon.colcon_core.shell:Creating environment hook '/home/farah/ws_farah/install/position_controllers/share/position_controllers/hook/ld_library_path_lib.ps1'
[248.690s] INFO:colcon.colcon_core.shell:Creating environment descriptor '/home/farah/ws_farah/install/position_controllers/share/position_controllers/hook/ld_library_path_lib.dsv'
[248.690s] INFO:colcon.colcon_core.shell:Creating environment hook '/home/farah/ws_farah/install/position_controllers/share/position_controllers/hook/ld_library_path_lib.sh'
[248.691s] Level 1:colcon.colcon_core.environment:checking '/home/farah/ws_farah/install/position_controllers/bin'
[248.691s] Level 1:colcon.colcon_core.environment:checking '/home/farah/ws_farah/install/position_controllers/lib/pkgconfig/position_controllers.pc'
[248.691s] Level 1:colcon.colcon_core.environment:checking '/home/farah/ws_farah/install/position_controllers/lib/python3.10/site-packages'
[248.691s] Level 1:colcon.colcon_core.environment:checking '/home/farah/ws_farah/install/position_controllers/bin'
[248.691s] INFO:colcon.colcon_core.shell:Creating package script '/home/farah/ws_farah/install/position_controllers/share/position_controllers/package.ps1'
[248.692s] INFO:colcon.colcon_core.shell:Creating package descriptor '/home/farah/ws_farah/install/position_controllers/share/position_controllers/package.dsv'
[248.692s] INFO:colcon.colcon_core.shell:Creating package script '/home/farah/ws_farah/install/position_controllers/share/position_controllers/package.sh'
[248.693s] INFO:colcon.colcon_core.shell:Creating package script '/home/farah/ws_farah/install/position_controllers/share/position_controllers/package.bash'
[248.693s] INFO:colcon.colcon_core.shell:Creating package script '/home/farah/ws_farah/install/position_controllers/share/position_controllers/package.zsh'
[248.693s] Level 1:colcon.colcon_core.environment:create_file_with_runtime_dependencies(/home/farah/ws_farah/install/position_controllers/share/colcon-core/packages/position_controllers)
[248.694s] INFO:colcon.colcon_ros.task.ament_cmake.build:Building ROS package in '/home/farah/ws_farah/src/ros2_control_demos/example_5' with build type 'ament_cmake'
[248.694s] INFO:colcon.colcon_cmake.task.cmake.build:Building CMake package in '/home/farah/ws_farah/src/ros2_control_demos/example_5'
[248.694s] INFO:colcon.colcon_core.shell:Skip shell extension 'powershell' for command environment: Not usable outside of PowerShell
[248.694s] DEBUG:colcon.colcon_core.shell:Skip shell extension 'dsv' for command environment
[248.711s] DEBUG:colcon.colcon_core.event_handler.log_command:Invoking command in '/home/farah/ws_farah/build/ros2_control_demo_example_5': AMENT_PREFIX_PATH=/home/farah/ws_farah/install/joint_state_broadcaster:/home/farah/ws_farah/install/forward_command_controller:/home/farah/ws_farah/install/force_torque_sensor_broadcaster:/home/farah/ws_farah/install/hardware_interface_testing:/home/farah/ws_farah/install/controller_interface:/home/farah/ws_farah/install/ros2controlcli:/home/farah/ws_farah/install/hardware_interface:/home/farah/ws_farah/install/ros2_controllers_test_nodes:/home/farah/ws_farah/install/ros2_control_test_assets:/home/farah/ws_farah/install/ros2_control_demo_description:/home/farah/ws_farah/install/controller_manager_msgs:${AMENT_PREFIX_PATH} CMAKE_PREFIX_PATH=/home/farah/ws_farah/install/joint_state_broadcaster:/home/farah/ws_farah/install/forward_command_controller:/home/farah/ws_farah/install/force_torque_sensor_broadcaster:/home/farah/ws_farah/install/hardware_interface_testing:/home/farah/ws_farah/install/controller_interface:/home/farah/ws_farah/install/hardware_interface:/home/farah/ws_farah/install/ros2_control_test_assets:/home/farah/ws_farah/install/ros2_control_demo_description:/home/farah/ws_farah/install/controller_manager_msgs:/opt/ros/humble LD_LIBRARY_PATH=/home/farah/ws_farah/install/joint_state_broadcaster/lib:/home/farah/ws_farah/install/forward_command_controller/lib:/home/farah/ws_farah/install/force_torque_sensor_broadcaster/lib:/home/farah/ws_farah/install/hardware_interface_testing/lib:/home/farah/ws_farah/install/controller_interface/lib:/home/farah/ws_farah/install/hardware_interface/lib:/home/farah/ws_farah/install/controller_manager_msgs/lib:${LD_LIBRARY_PATH} PYTHONPATH=/home/farah/ws_farah/install/ros2controlcli/lib/python3.10/site-packages:/home/farah/ws_farah/install/ros2_controllers_test_nodes/lib/python3.10/site-packages:/home/farah/ws_farah/install/controller_manager_msgs/local/lib/python3.10/dist-packages:${PYTHONPATH} /usr/bin/cmake /home/farah/ws_farah/src/ros2_control_demos/example_5 -DCMAKE_INSTALL_PREFIX=/home/farah/ws_farah/install/ros2_control_demo_example_5
[250.901s] DEBUG:colcon.colcon_core.event_handler.log_command:Invoked command in '/home/farah/ws_farah/build/ros2_control_demo_example_5' returned '0': AMENT_PREFIX_PATH=/home/farah/ws_farah/install/joint_state_broadcaster:/home/farah/ws_farah/install/forward_command_controller:/home/farah/ws_farah/install/force_torque_sensor_broadcaster:/home/farah/ws_farah/install/hardware_interface_testing:/home/farah/ws_farah/install/controller_interface:/home/farah/ws_farah/install/ros2controlcli:/home/farah/ws_farah/install/hardware_interface:/home/farah/ws_farah/install/ros2_controllers_test_nodes:/home/farah/ws_farah/install/ros2_control_test_assets:/home/farah/ws_farah/install/ros2_control_demo_description:/home/farah/ws_farah/install/controller_manager_msgs:${AMENT_PREFIX_PATH} CMAKE_PREFIX_PATH=/home/farah/ws_farah/install/joint_state_broadcaster:/home/farah/ws_farah/install/forward_command_controller:/home/farah/ws_farah/install/force_torque_sensor_broadcaster:/home/farah/ws_farah/install/hardware_interface_testing:/home/farah/ws_farah/install/controller_interface:/home/farah/ws_farah/install/hardware_interface:/home/farah/ws_farah/install/ros2_control_test_assets:/home/farah/ws_farah/install/ros2_control_demo_description:/home/farah/ws_farah/install/controller_manager_msgs:/opt/ros/humble LD_LIBRARY_PATH=/home/farah/ws_farah/install/joint_state_broadcaster/lib:/home/farah/ws_farah/install/forward_command_controller/lib:/home/farah/ws_farah/install/force_torque_sensor_broadcaster/lib:/home/farah/ws_farah/install/hardware_interface_testing/lib:/home/farah/ws_farah/install/controller_interface/lib:/home/farah/ws_farah/install/hardware_interface/lib:/home/farah/ws_farah/install/controller_manager_msgs/lib:${LD_LIBRARY_PATH} PYTHONPATH=/home/farah/ws_farah/install/ros2controlcli/lib/python3.10/site-packages:/home/farah/ws_farah/install/ros2_controllers_test_nodes/lib/python3.10/site-packages:/home/farah/ws_farah/install/controller_manager_msgs/local/lib/python3.10/dist-packages:${PYTHONPATH} /usr/bin/cmake /home/farah/ws_farah/src/ros2_control_demos/example_5 -DCMAKE_INSTALL_PREFIX=/home/farah/ws_farah/install/ros2_control_demo_example_5
[250.902s] DEBUG:colcon.colcon_core.event_handler.log_command:Invoking command in '/home/farah/ws_farah/build/ros2_control_demo_example_5': AMENT_PREFIX_PATH=/home/farah/ws_farah/install/joint_state_broadcaster:/home/farah/ws_farah/install/forward_command_controller:/home/farah/ws_farah/install/force_torque_sensor_broadcaster:/home/farah/ws_farah/install/hardware_interface_testing:/home/farah/ws_farah/install/controller_interface:/home/farah/ws_farah/install/ros2controlcli:/home/farah/ws_farah/install/hardware_interface:/home/farah/ws_farah/install/ros2_controllers_test_nodes:/home/farah/ws_farah/install/ros2_control_test_assets:/home/farah/ws_farah/install/ros2_control_demo_description:/home/farah/ws_farah/install/controller_manager_msgs:${AMENT_PREFIX_PATH} CMAKE_PREFIX_PATH=/home/farah/ws_farah/install/joint_state_broadcaster:/home/farah/ws_farah/install/forward_command_controller:/home/farah/ws_farah/install/force_torque_sensor_broadcaster:/home/farah/ws_farah/install/hardware_interface_testing:/home/farah/ws_farah/install/controller_interface:/home/farah/ws_farah/install/hardware_interface:/home/farah/ws_farah/install/ros2_control_test_assets:/home/farah/ws_farah/install/ros2_control_demo_description:/home/farah/ws_farah/install/controller_manager_msgs:/opt/ros/humble LD_LIBRARY_PATH=/home/farah/ws_farah/install/joint_state_broadcaster/lib:/home/farah/ws_farah/install/forward_command_controller/lib:/home/farah/ws_farah/install/force_torque_sensor_broadcaster/lib:/home/farah/ws_farah/install/hardware_interface_testing/lib:/home/farah/ws_farah/install/controller_interface/lib:/home/farah/ws_farah/install/hardware_interface/lib:/home/farah/ws_farah/install/controller_manager_msgs/lib:${LD_LIBRARY_PATH} PYTHONPATH=/home/farah/ws_farah/install/ros2controlcli/lib/python3.10/site-packages:/home/farah/ws_farah/install/ros2_controllers_test_nodes/lib/python3.10/site-packages:/home/farah/ws_farah/install/controller_manager_msgs/local/lib/python3.10/dist-packages:${PYTHONPATH} /usr/bin/cmake --build /home/farah/ws_farah/build/ros2_control_demo_example_5 -- -j8 -l8
[254.437s] DEBUG:colcon.colcon_core.event_handler.log_command:Invoked command in '/home/farah/ws_farah/build/ros2_control_demo_example_5' returned '0': AMENT_PREFIX_PATH=/home/farah/ws_farah/install/joint_state_broadcaster:/home/farah/ws_farah/install/forward_command_controller:/home/farah/ws_farah/install/force_torque_sensor_broadcaster:/home/farah/ws_farah/install/hardware_interface_testing:/home/farah/ws_farah/install/controller_interface:/home/farah/ws_farah/install/ros2controlcli:/home/farah/ws_farah/install/hardware_interface:/home/farah/ws_farah/install/ros2_controllers_test_nodes:/home/farah/ws_farah/install/ros2_control_test_assets:/home/farah/ws_farah/install/ros2_control_demo_description:/home/farah/ws_farah/install/controller_manager_msgs:${AMENT_PREFIX_PATH} CMAKE_PREFIX_PATH=/home/farah/ws_farah/install/joint_state_broadcaster:/home/farah/ws_farah/install/forward_command_controller:/home/farah/ws_farah/install/force_torque_sensor_broadcaster:/home/farah/ws_farah/install/hardware_interface_testing:/home/farah/ws_farah/install/controller_interface:/home/farah/ws_farah/install/hardware_interface:/home/farah/ws_farah/install/ros2_control_test_assets:/home/farah/ws_farah/install/ros2_control_demo_description:/home/farah/ws_farah/install/controller_manager_msgs:/opt/ros/humble LD_LIBRARY_PATH=/home/farah/ws_farah/install/joint_state_broadcaster/lib:/home/farah/ws_farah/install/forward_command_controller/lib:/home/farah/ws_farah/install/force_torque_sensor_broadcaster/lib:/home/farah/ws_farah/install/hardware_interface_testing/lib:/home/farah/ws_farah/install/controller_interface/lib:/home/farah/ws_farah/install/hardware_interface/lib:/home/farah/ws_farah/install/controller_manager_msgs/lib:${LD_LIBRARY_PATH} PYTHONPATH=/home/farah/ws_farah/install/ros2controlcli/lib/python3.10/site-packages:/home/farah/ws_farah/install/ros2_controllers_test_nodes/lib/python3.10/site-packages:/home/farah/ws_farah/install/controller_manager_msgs/local/lib/python3.10/dist-packages:${PYTHONPATH} /usr/bin/cmake --build /home/farah/ws_farah/build/ros2_control_demo_example_5 -- -j8 -l8
[254.439s] DEBUG:colcon.colcon_core.event_handler.log_command:Invoking command in '/home/farah/ws_farah/build/ros2_control_demo_example_5': AMENT_PREFIX_PATH=/home/farah/ws_farah/install/joint_state_broadcaster:/home/farah/ws_farah/install/forward_command_controller:/home/farah/ws_farah/install/force_torque_sensor_broadcaster:/home/farah/ws_farah/install/hardware_interface_testing:/home/farah/ws_farah/install/controller_interface:/home/farah/ws_farah/install/ros2controlcli:/home/farah/ws_farah/install/hardware_interface:/home/farah/ws_farah/install/ros2_controllers_test_nodes:/home/farah/ws_farah/install/ros2_control_test_assets:/home/farah/ws_farah/install/ros2_control_demo_description:/home/farah/ws_farah/install/controller_manager_msgs:${AMENT_PREFIX_PATH} CMAKE_PREFIX_PATH=/home/farah/ws_farah/install/joint_state_broadcaster:/home/farah/ws_farah/install/forward_command_controller:/home/farah/ws_farah/install/force_torque_sensor_broadcaster:/home/farah/ws_farah/install/hardware_interface_testing:/home/farah/ws_farah/install/controller_interface:/home/farah/ws_farah/install/hardware_interface:/home/farah/ws_farah/install/ros2_control_test_assets:/home/farah/ws_farah/install/ros2_control_demo_description:/home/farah/ws_farah/install/controller_manager_msgs:/opt/ros/humble LD_LIBRARY_PATH=/home/farah/ws_farah/install/joint_state_broadcaster/lib:/home/farah/ws_farah/install/forward_command_controller/lib:/home/farah/ws_farah/install/force_torque_sensor_broadcaster/lib:/home/farah/ws_farah/install/hardware_interface_testing/lib:/home/farah/ws_farah/install/controller_interface/lib:/home/farah/ws_farah/install/hardware_interface/lib:/home/farah/ws_farah/install/controller_manager_msgs/lib:${LD_LIBRARY_PATH} PYTHONPATH=/home/farah/ws_farah/install/ros2controlcli/lib/python3.10/site-packages:/home/farah/ws_farah/install/ros2_controllers_test_nodes/lib/python3.10/site-packages:/home/farah/ws_farah/install/controller_manager_msgs/local/lib/python3.10/dist-packages:${PYTHONPATH} /usr/bin/cmake --install /home/farah/ws_farah/build/ros2_control_demo_example_5
[254.451s] Level 1:colcon.colcon_core.environment:create_environment_scripts_only(ros2_control_demo_example_5)
[254.452s] Level 1:colcon.colcon_core.environment:checking '/home/farah/ws_farah/install/ros2_control_demo_example_5' for CMake module files
[254.452s] DEBUG:colcon.colcon_core.event_handler.log_command:Invoked command in '/home/farah/ws_farah/build/ros2_control_demo_example_5' returned '0': AMENT_PREFIX_PATH=/home/farah/ws_farah/install/joint_state_broadcaster:/home/farah/ws_farah/install/forward_command_controller:/home/farah/ws_farah/install/force_torque_sensor_broadcaster:/home/farah/ws_farah/install/hardware_interface_testing:/home/farah/ws_farah/install/controller_interface:/home/farah/ws_farah/install/ros2controlcli:/home/farah/ws_farah/install/hardware_interface:/home/farah/ws_farah/install/ros2_controllers_test_nodes:/home/farah/ws_farah/install/ros2_control_test_assets:/home/farah/ws_farah/install/ros2_control_demo_description:/home/farah/ws_farah/install/controller_manager_msgs:${AMENT_PREFIX_PATH} CMAKE_PREFIX_PATH=/home/farah/ws_farah/install/joint_state_broadcaster:/home/farah/ws_farah/install/forward_command_controller:/home/farah/ws_farah/install/force_torque_sensor_broadcaster:/home/farah/ws_farah/install/hardware_interface_testing:/home/farah/ws_farah/install/controller_interface:/home/farah/ws_farah/install/hardware_interface:/home/farah/ws_farah/install/ros2_control_test_assets:/home/farah/ws_farah/install/ros2_control_demo_description:/home/farah/ws_farah/install/controller_manager_msgs:/opt/ros/humble LD_LIBRARY_PATH=/home/farah/ws_farah/install/joint_state_broadcaster/lib:/home/farah/ws_farah/install/forward_command_controller/lib:/home/farah/ws_farah/install/force_torque_sensor_broadcaster/lib:/home/farah/ws_farah/install/hardware_interface_testing/lib:/home/farah/ws_farah/install/controller_interface/lib:/home/farah/ws_farah/install/hardware_interface/lib:/home/farah/ws_farah/install/controller_manager_msgs/lib:${LD_LIBRARY_PATH} PYTHONPATH=/home/farah/ws_farah/install/ros2controlcli/lib/python3.10/site-packages:/home/farah/ws_farah/install/ros2_controllers_test_nodes/lib/python3.10/site-packages:/home/farah/ws_farah/install/controller_manager_msgs/local/lib/python3.10/dist-packages:${PYTHONPATH} /usr/bin/cmake --install /home/farah/ws_farah/build/ros2_control_demo_example_5
[254.452s] Level 1:colcon.colcon_core.environment:checking '/home/farah/ws_farah/install/ros2_control_demo_example_5' for CMake config files
[254.452s] Level 1:colcon.colcon_core.shell:create_environment_hook('ros2_control_demo_example_5', 'cmake_prefix_path')
[254.453s] INFO:colcon.colcon_core.shell:Creating environment hook '/home/farah/ws_farah/install/ros2_control_demo_example_5/share/ros2_control_demo_example_5/hook/cmake_prefix_path.ps1'
[254.453s] INFO:colcon.colcon_core.shell:Creating environment descriptor '/home/farah/ws_farah/install/ros2_control_demo_example_5/share/ros2_control_demo_example_5/hook/cmake_prefix_path.dsv'
[254.453s] INFO:colcon.colcon_core.shell:Creating environment hook '/home/farah/ws_farah/install/ros2_control_demo_example_5/share/ros2_control_demo_example_5/hook/cmake_prefix_path.sh'
[254.454s] Level 1:colcon.colcon_core.environment:checking '/home/farah/ws_farah/install/ros2_control_demo_example_5/lib'
[254.454s] Level 1:colcon.colcon_core.shell:create_environment_hook('ros2_control_demo_example_5', 'ld_library_path_lib')
[254.454s] INFO:colcon.colcon_core.shell:Creating environment hook '/home/farah/ws_farah/install/ros2_control_demo_example_5/share/ros2_control_demo_example_5/hook/ld_library_path_lib.ps1'
[254.454s] INFO:colcon.colcon_core.shell:Creating environment descriptor '/home/farah/ws_farah/install/ros2_control_demo_example_5/share/ros2_control_demo_example_5/hook/ld_library_path_lib.dsv'
[254.454s] INFO:colcon.colcon_core.shell:Creating environment hook '/home/farah/ws_farah/install/ros2_control_demo_example_5/share/ros2_control_demo_example_5/hook/ld_library_path_lib.sh'
[254.455s] Level 1:colcon.colcon_core.environment:checking '/home/farah/ws_farah/install/ros2_control_demo_example_5/bin'
[254.455s] Level 1:colcon.colcon_core.environment:checking '/home/farah/ws_farah/install/ros2_control_demo_example_5/lib/pkgconfig/ros2_control_demo_example_5.pc'
[254.455s] Level 1:colcon.colcon_core.environment:checking '/home/farah/ws_farah/install/ros2_control_demo_example_5/lib/python3.10/site-packages'
[254.455s] Level 1:colcon.colcon_core.environment:checking '/home/farah/ws_farah/install/ros2_control_demo_example_5/bin'
[254.455s] INFO:colcon.colcon_core.shell:Creating package script '/home/farah/ws_farah/install/ros2_control_demo_example_5/share/ros2_control_demo_example_5/package.ps1'
[254.456s] INFO:colcon.colcon_core.shell:Creating package descriptor '/home/farah/ws_farah/install/ros2_control_demo_example_5/share/ros2_control_demo_example_5/package.dsv'
[254.456s] INFO:colcon.colcon_core.shell:Creating package script '/home/farah/ws_farah/install/ros2_control_demo_example_5/share/ros2_control_demo_example_5/package.sh'
[254.456s] INFO:colcon.colcon_core.shell:Creating package script '/home/farah/ws_farah/install/ros2_control_demo_example_5/share/ros2_control_demo_example_5/package.bash'
[254.457s] INFO:colcon.colcon_core.shell:Creating package script '/home/farah/ws_farah/install/ros2_control_demo_example_5/share/ros2_control_demo_example_5/package.zsh'
[254.457s] Level 1:colcon.colcon_core.environment:create_file_with_runtime_dependencies(/home/farah/ws_farah/install/ros2_control_demo_example_5/share/colcon-core/packages/ros2_control_demo_example_5)
[254.457s] Level 1:colcon.colcon_core.environment:create_environment_scripts_only(ros2_control_demo_example_5)
[254.458s] Level 1:colcon.colcon_core.environment:checking '/home/farah/ws_farah/install/ros2_control_demo_example_5' for CMake module files
[254.458s] Level 1:colcon.colcon_core.environment:checking '/home/farah/ws_farah/install/ros2_control_demo_example_5' for CMake config files
[254.458s] Level 1:colcon.colcon_core.shell:create_environment_hook('ros2_control_demo_example_5', 'cmake_prefix_path')
[254.458s] INFO:colcon.colcon_core.shell:Creating environment hook '/home/farah/ws_farah/install/ros2_control_demo_example_5/share/ros2_control_demo_example_5/hook/cmake_prefix_path.ps1'
[254.459s] INFO:colcon.colcon_core.shell:Creating environment descriptor '/home/farah/ws_farah/install/ros2_control_demo_example_5/share/ros2_control_demo_example_5/hook/cmake_prefix_path.dsv'
[254.459s] INFO:colcon.colcon_core.shell:Creating environment hook '/home/farah/ws_farah/install/ros2_control_demo_example_5/share/ros2_control_demo_example_5/hook/cmake_prefix_path.sh'
[254.460s] Level 1:colcon.colcon_core.environment:checking '/home/farah/ws_farah/install/ros2_control_demo_example_5/lib'
[254.460s] Level 1:colcon.colcon_core.shell:create_environment_hook('ros2_control_demo_example_5', 'ld_library_path_lib')
[254.460s] INFO:colcon.colcon_core.shell:Creating environment hook '/home/farah/ws_farah/install/ros2_control_demo_example_5/share/ros2_control_demo_example_5/hook/ld_library_path_lib.ps1'
[254.460s] INFO:colcon.colcon_core.shell:Creating environment descriptor '/home/farah/ws_farah/install/ros2_control_demo_example_5/share/ros2_control_demo_example_5/hook/ld_library_path_lib.dsv'
[254.461s] INFO:colcon.colcon_core.shell:Creating environment hook '/home/farah/ws_farah/install/ros2_control_demo_example_5/share/ros2_control_demo_example_5/hook/ld_library_path_lib.sh'
[254.461s] Level 1:colcon.colcon_core.environment:checking '/home/farah/ws_farah/install/ros2_control_demo_example_5/bin'
[254.461s] Level 1:colcon.colcon_core.environment:checking '/home/farah/ws_farah/install/ros2_control_demo_example_5/lib/pkgconfig/ros2_control_demo_example_5.pc'
[254.462s] Level 1:colcon.colcon_core.environment:checking '/home/farah/ws_farah/install/ros2_control_demo_example_5/lib/python3.10/site-packages'
[254.462s] Level 1:colcon.colcon_core.environment:checking '/home/farah/ws_farah/install/ros2_control_demo_example_5/bin'
[254.462s] INFO:colcon.colcon_core.shell:Creating package script '/home/farah/ws_farah/install/ros2_control_demo_example_5/share/ros2_control_demo_example_5/package.ps1'
[254.463s] INFO:colcon.colcon_core.shell:Creating package descriptor '/home/farah/ws_farah/install/ros2_control_demo_example_5/share/ros2_control_demo_example_5/package.dsv'
[254.463s] INFO:colcon.colcon_core.shell:Creating package script '/home/farah/ws_farah/install/ros2_control_demo_example_5/share/ros2_control_demo_example_5/package.sh'
[254.463s] INFO:colcon.colcon_core.shell:Creating package script '/home/farah/ws_farah/install/ros2_control_demo_example_5/share/ros2_control_demo_example_5/package.bash'
[254.464s] INFO:colcon.colcon_core.shell:Creating package script '/home/farah/ws_farah/install/ros2_control_demo_example_5/share/ros2_control_demo_example_5/package.zsh'
[254.464s] Level 1:colcon.colcon_core.environment:create_file_with_runtime_dependencies(/home/farah/ws_farah/install/ros2_control_demo_example_5/share/colcon-core/packages/ros2_control_demo_example_5)
[254.464s] INFO:colcon.colcon_ros.task.ament_cmake.build:Building ROS package in '/home/farah/ws_farah/src/ros2_controllers/velocity_controllers' with build type 'ament_cmake'
[254.464s] INFO:colcon.colcon_cmake.task.cmake.build:Building CMake package in '/home/farah/ws_farah/src/ros2_controllers/velocity_controllers'
[254.465s] INFO:colcon.colcon_core.shell:Skip shell extension 'powershell' for command environment: Not usable outside of PowerShell
[254.465s] DEBUG:colcon.colcon_core.shell:Skip shell extension 'dsv' for command environment
[254.475s] DEBUG:colcon.colcon_core.event_handler.log_command:Invoking command in '/home/farah/ws_farah/build/velocity_controllers': AMENT_PREFIX_PATH=/home/farah/ws_farah/install/forward_command_controller:/home/farah/ws_farah/install/hardware_interface_testing:/home/farah/ws_farah/install/controller_interface:/home/farah/ws_farah/install/hardware_interface:/home/farah/ws_farah/install/ros2_control_test_assets:${AMENT_PREFIX_PATH} CMAKE_PREFIX_PATH=/home/farah/ws_farah/install/forward_command_controller:/home/farah/ws_farah/install/hardware_interface_testing:/home/farah/ws_farah/install/controller_interface:/home/farah/ws_farah/install/hardware_interface:/home/farah/ws_farah/install/ros2_control_test_assets:/opt/ros/humble LD_LIBRARY_PATH=/home/farah/ws_farah/install/forward_command_controller/lib:/home/farah/ws_farah/install/hardware_interface_testing/lib:/home/farah/ws_farah/install/controller_interface/lib:/home/farah/ws_farah/install/hardware_interface/lib:${LD_LIBRARY_PATH} /usr/bin/cmake /home/farah/ws_farah/src/ros2_controllers/velocity_controllers -DCMAKE_INSTALL_PREFIX=/home/farah/ws_farah/install/velocity_controllers
[256.048s] DEBUG:colcon.colcon_core.event_handler.log_command:Invoked command in '/home/farah/ws_farah/build/velocity_controllers' returned '0': AMENT_PREFIX_PATH=/home/farah/ws_farah/install/forward_command_controller:/home/farah/ws_farah/install/hardware_interface_testing:/home/farah/ws_farah/install/controller_interface:/home/farah/ws_farah/install/hardware_interface:/home/farah/ws_farah/install/ros2_control_test_assets:${AMENT_PREFIX_PATH} CMAKE_PREFIX_PATH=/home/farah/ws_farah/install/forward_command_controller:/home/farah/ws_farah/install/hardware_interface_testing:/home/farah/ws_farah/install/controller_interface:/home/farah/ws_farah/install/hardware_interface:/home/farah/ws_farah/install/ros2_control_test_assets:/opt/ros/humble LD_LIBRARY_PATH=/home/farah/ws_farah/install/forward_command_controller/lib:/home/farah/ws_farah/install/hardware_interface_testing/lib:/home/farah/ws_farah/install/controller_interface/lib:/home/farah/ws_farah/install/hardware_interface/lib:${LD_LIBRARY_PATH} /usr/bin/cmake /home/farah/ws_farah/src/ros2_controllers/velocity_controllers -DCMAKE_INSTALL_PREFIX=/home/farah/ws_farah/install/velocity_controllers
[256.049s] DEBUG:colcon.colcon_core.event_handler.log_command:Invoking command in '/home/farah/ws_farah/build/velocity_controllers': AMENT_PREFIX_PATH=/home/farah/ws_farah/install/forward_command_controller:/home/farah/ws_farah/install/hardware_interface_testing:/home/farah/ws_farah/install/controller_interface:/home/farah/ws_farah/install/hardware_interface:/home/farah/ws_farah/install/ros2_control_test_assets:${AMENT_PREFIX_PATH} CMAKE_PREFIX_PATH=/home/farah/ws_farah/install/forward_command_controller:/home/farah/ws_farah/install/hardware_interface_testing:/home/farah/ws_farah/install/controller_interface:/home/farah/ws_farah/install/hardware_interface:/home/farah/ws_farah/install/ros2_control_test_assets:/opt/ros/humble LD_LIBRARY_PATH=/home/farah/ws_farah/install/forward_command_controller/lib:/home/farah/ws_farah/install/hardware_interface_testing/lib:/home/farah/ws_farah/install/controller_interface/lib:/home/farah/ws_farah/install/hardware_interface/lib:${LD_LIBRARY_PATH} /usr/bin/cmake --build /home/farah/ws_farah/build/velocity_controllers -- -j8 -l8
[266.021s] DEBUG:colcon.colcon_core.event_handler.log_command:Invoked command in '/home/farah/ws_farah/build/velocity_controllers' returned '0': AMENT_PREFIX_PATH=/home/farah/ws_farah/install/forward_command_controller:/home/farah/ws_farah/install/hardware_interface_testing:/home/farah/ws_farah/install/controller_interface:/home/farah/ws_farah/install/hardware_interface:/home/farah/ws_farah/install/ros2_control_test_assets:${AMENT_PREFIX_PATH} CMAKE_PREFIX_PATH=/home/farah/ws_farah/install/forward_command_controller:/home/farah/ws_farah/install/hardware_interface_testing:/home/farah/ws_farah/install/controller_interface:/home/farah/ws_farah/install/hardware_interface:/home/farah/ws_farah/install/ros2_control_test_assets:/opt/ros/humble LD_LIBRARY_PATH=/home/farah/ws_farah/install/forward_command_controller/lib:/home/farah/ws_farah/install/hardware_interface_testing/lib:/home/farah/ws_farah/install/controller_interface/lib:/home/farah/ws_farah/install/hardware_interface/lib:${LD_LIBRARY_PATH} /usr/bin/cmake --build /home/farah/ws_farah/build/velocity_controllers -- -j8 -l8
[266.023s] DEBUG:colcon.colcon_core.event_handler.log_command:Invoking command in '/home/farah/ws_farah/build/velocity_controllers': AMENT_PREFIX_PATH=/home/farah/ws_farah/install/forward_command_controller:/home/farah/ws_farah/install/hardware_interface_testing:/home/farah/ws_farah/install/controller_interface:/home/farah/ws_farah/install/hardware_interface:/home/farah/ws_farah/install/ros2_control_test_assets:${AMENT_PREFIX_PATH} CMAKE_PREFIX_PATH=/home/farah/ws_farah/install/forward_command_controller:/home/farah/ws_farah/install/hardware_interface_testing:/home/farah/ws_farah/install/controller_interface:/home/farah/ws_farah/install/hardware_interface:/home/farah/ws_farah/install/ros2_control_test_assets:/opt/ros/humble LD_LIBRARY_PATH=/home/farah/ws_farah/install/forward_command_controller/lib:/home/farah/ws_farah/install/hardware_interface_testing/lib:/home/farah/ws_farah/install/controller_interface/lib:/home/farah/ws_farah/install/hardware_interface/lib:${LD_LIBRARY_PATH} /usr/bin/cmake --install /home/farah/ws_farah/build/velocity_controllers
[266.032s] Level 1:colcon.colcon_core.environment:create_environment_scripts_only(velocity_controllers)
[266.032s] Level 1:colcon.colcon_core.environment:checking '/home/farah/ws_farah/install/velocity_controllers' for CMake module files
[266.033s] DEBUG:colcon.colcon_core.event_handler.log_command:Invoked command in '/home/farah/ws_farah/build/velocity_controllers' returned '0': AMENT_PREFIX_PATH=/home/farah/ws_farah/install/forward_command_controller:/home/farah/ws_farah/install/hardware_interface_testing:/home/farah/ws_farah/install/controller_interface:/home/farah/ws_farah/install/hardware_interface:/home/farah/ws_farah/install/ros2_control_test_assets:${AMENT_PREFIX_PATH} CMAKE_PREFIX_PATH=/home/farah/ws_farah/install/forward_command_controller:/home/farah/ws_farah/install/hardware_interface_testing:/home/farah/ws_farah/install/controller_interface:/home/farah/ws_farah/install/hardware_interface:/home/farah/ws_farah/install/ros2_control_test_assets:/opt/ros/humble LD_LIBRARY_PATH=/home/farah/ws_farah/install/forward_command_controller/lib:/home/farah/ws_farah/install/hardware_interface_testing/lib:/home/farah/ws_farah/install/controller_interface/lib:/home/farah/ws_farah/install/hardware_interface/lib:${LD_LIBRARY_PATH} /usr/bin/cmake --install /home/farah/ws_farah/build/velocity_controllers
[266.033s] Level 1:colcon.colcon_core.environment:checking '/home/farah/ws_farah/install/velocity_controllers' for CMake config files
[266.033s] Level 1:colcon.colcon_core.shell:create_environment_hook('velocity_controllers', 'cmake_prefix_path')
[266.033s] INFO:colcon.colcon_core.shell:Creating environment hook '/home/farah/ws_farah/install/velocity_controllers/share/velocity_controllers/hook/cmake_prefix_path.ps1'
[266.034s] INFO:colcon.colcon_core.shell:Creating environment descriptor '/home/farah/ws_farah/install/velocity_controllers/share/velocity_controllers/hook/cmake_prefix_path.dsv'
[266.034s] INFO:colcon.colcon_core.shell:Creating environment hook '/home/farah/ws_farah/install/velocity_controllers/share/velocity_controllers/hook/cmake_prefix_path.sh'
[266.034s] Level 1:colcon.colcon_core.environment:checking '/home/farah/ws_farah/install/velocity_controllers/lib'
[266.034s] Level 1:colcon.colcon_core.shell:create_environment_hook('velocity_controllers', 'ld_library_path_lib')
[266.035s] INFO:colcon.colcon_core.shell:Creating environment hook '/home/farah/ws_farah/install/velocity_controllers/share/velocity_controllers/hook/ld_library_path_lib.ps1'
[266.035s] INFO:colcon.colcon_core.shell:Creating environment descriptor '/home/farah/ws_farah/install/velocity_controllers/share/velocity_controllers/hook/ld_library_path_lib.dsv'
[266.035s] INFO:colcon.colcon_core.shell:Creating environment hook '/home/farah/ws_farah/install/velocity_controllers/share/velocity_controllers/hook/ld_library_path_lib.sh'
[266.035s] Level 1:colcon.colcon_core.environment:checking '/home/farah/ws_farah/install/velocity_controllers/bin'
[266.035s] Level 1:colcon.colcon_core.environment:checking '/home/farah/ws_farah/install/velocity_controllers/lib/pkgconfig/velocity_controllers.pc'
[266.036s] Level 1:colcon.colcon_core.environment:checking '/home/farah/ws_farah/install/velocity_controllers/lib/python3.10/site-packages'
[266.036s] Level 1:colcon.colcon_core.environment:checking '/home/farah/ws_farah/install/velocity_controllers/bin'
[266.036s] INFO:colcon.colcon_core.shell:Creating package script '/home/farah/ws_farah/install/velocity_controllers/share/velocity_controllers/package.ps1'
[266.036s] INFO:colcon.colcon_core.shell:Creating package descriptor '/home/farah/ws_farah/install/velocity_controllers/share/velocity_controllers/package.dsv'
[266.037s] INFO:colcon.colcon_core.shell:Creating package script '/home/farah/ws_farah/install/velocity_controllers/share/velocity_controllers/package.sh'
[266.037s] INFO:colcon.colcon_core.shell:Creating package script '/home/farah/ws_farah/install/velocity_controllers/share/velocity_controllers/package.bash'
[266.037s] INFO:colcon.colcon_core.shell:Creating package script '/home/farah/ws_farah/install/velocity_controllers/share/velocity_controllers/package.zsh'
[266.038s] Level 1:colcon.colcon_core.environment:create_file_with_runtime_dependencies(/home/farah/ws_farah/install/velocity_controllers/share/colcon-core/packages/velocity_controllers)
[266.038s] Level 1:colcon.colcon_core.environment:create_environment_scripts_only(velocity_controllers)
[266.038s] Level 1:colcon.colcon_core.environment:checking '/home/farah/ws_farah/install/velocity_controllers' for CMake module files
[266.038s] Level 1:colcon.colcon_core.environment:checking '/home/farah/ws_farah/install/velocity_controllers' for CMake config files
[266.039s] Level 1:colcon.colcon_core.shell:create_environment_hook('velocity_controllers', 'cmake_prefix_path')
[266.039s] INFO:colcon.colcon_core.shell:Creating environment hook '/home/farah/ws_farah/install/velocity_controllers/share/velocity_controllers/hook/cmake_prefix_path.ps1'
[266.039s] INFO:colcon.colcon_core.shell:Creating environment descriptor '/home/farah/ws_farah/install/velocity_controllers/share/velocity_controllers/hook/cmake_prefix_path.dsv'
[266.039s] INFO:colcon.colcon_core.shell:Creating environment hook '/home/farah/ws_farah/install/velocity_controllers/share/velocity_controllers/hook/cmake_prefix_path.sh'
[266.040s] Level 1:colcon.colcon_core.environment:checking '/home/farah/ws_farah/install/velocity_controllers/lib'
[266.040s] Level 1:colcon.colcon_core.shell:create_environment_hook('velocity_controllers', 'ld_library_path_lib')
[266.040s] INFO:colcon.colcon_core.shell:Creating environment hook '/home/farah/ws_farah/install/velocity_controllers/share/velocity_controllers/hook/ld_library_path_lib.ps1'
[266.040s] INFO:colcon.colcon_core.shell:Creating environment descriptor '/home/farah/ws_farah/install/velocity_controllers/share/velocity_controllers/hook/ld_library_path_lib.dsv'
[266.041s] INFO:colcon.colcon_core.shell:Creating environment hook '/home/farah/ws_farah/install/velocity_controllers/share/velocity_controllers/hook/ld_library_path_lib.sh'
[266.041s] Level 1:colcon.colcon_core.environment:checking '/home/farah/ws_farah/install/velocity_controllers/bin'
[266.041s] Level 1:colcon.colcon_core.environment:checking '/home/farah/ws_farah/install/velocity_controllers/lib/pkgconfig/velocity_controllers.pc'
[266.041s] Level 1:colcon.colcon_core.environment:checking '/home/farah/ws_farah/install/velocity_controllers/lib/python3.10/site-packages'
[266.041s] Level 1:colcon.colcon_core.environment:checking '/home/farah/ws_farah/install/velocity_controllers/bin'
[266.041s] INFO:colcon.colcon_core.shell:Creating package script '/home/farah/ws_farah/install/velocity_controllers/share/velocity_controllers/package.ps1'
[266.042s] INFO:colcon.colcon_core.shell:Creating package descriptor '/home/farah/ws_farah/install/velocity_controllers/share/velocity_controllers/package.dsv'
[266.042s] INFO:colcon.colcon_core.shell:Creating package script '/home/farah/ws_farah/install/velocity_controllers/share/velocity_controllers/package.sh'
[266.043s] INFO:colcon.colcon_core.shell:Creating package script '/home/farah/ws_farah/install/velocity_controllers/share/velocity_controllers/package.bash'
[266.043s] INFO:colcon.colcon_core.shell:Creating package script '/home/farah/ws_farah/install/velocity_controllers/share/velocity_controllers/package.zsh'
[266.043s] Level 1:colcon.colcon_core.environment:create_file_with_runtime_dependencies(/home/farah/ws_farah/install/velocity_controllers/share/colcon-core/packages/velocity_controllers)
[266.044s] INFO:colcon.colcon_ros.task.ament_cmake.build:Building ROS package in '/home/farah/ws_farah/src/ros2_control_demos/example_1' with build type 'ament_cmake'
[266.044s] INFO:colcon.colcon_cmake.task.cmake.build:Building CMake package in '/home/farah/ws_farah/src/ros2_control_demos/example_1'
[266.044s] INFO:colcon.colcon_core.shell:Skip shell extension 'powershell' for command environment: Not usable outside of PowerShell
[266.044s] DEBUG:colcon.colcon_core.shell:Skip shell extension 'dsv' for command environment
[266.061s] DEBUG:colcon.colcon_core.event_handler.log_command:Invoking command in '/home/farah/ws_farah/build/ros2_control_demo_example_1': AMENT_PREFIX_PATH=/home/farah/ws_farah/install/joint_trajectory_controller:/home/farah/ws_farah/install/joint_state_broadcaster:/home/farah/ws_farah/install/forward_command_controller:/home/farah/ws_farah/install/hardware_interface_testing:/home/farah/ws_farah/install/controller_interface:/home/farah/ws_farah/install/rqt_joint_trajectory_controller:/home/farah/ws_farah/install/ros2controlcli:/home/farah/ws_farah/install/hardware_interface:/home/farah/ws_farah/install/ros2_controllers_test_nodes:/home/farah/ws_farah/install/ros2_control_test_assets:/home/farah/ws_farah/install/ros2_control_demo_description:/home/farah/ws_farah/install/controller_manager_msgs:${AMENT_PREFIX_PATH} CMAKE_PREFIX_PATH=/home/farah/ws_farah/install/joint_trajectory_controller:/home/farah/ws_farah/install/joint_state_broadcaster:/home/farah/ws_farah/install/forward_command_controller:/home/farah/ws_farah/install/hardware_interface_testing:/home/farah/ws_farah/install/controller_interface:/home/farah/ws_farah/install/hardware_interface:/home/farah/ws_farah/install/ros2_control_test_assets:/home/farah/ws_farah/install/ros2_control_demo_description:/home/farah/ws_farah/install/controller_manager_msgs:/opt/ros/humble LD_LIBRARY_PATH=/home/farah/ws_farah/install/joint_trajectory_controller/lib:/home/farah/ws_farah/install/joint_state_broadcaster/lib:/home/farah/ws_farah/install/forward_command_controller/lib:/home/farah/ws_farah/install/hardware_interface_testing/lib:/home/farah/ws_farah/install/controller_interface/lib:/home/farah/ws_farah/install/hardware_interface/lib:/home/farah/ws_farah/install/controller_manager_msgs/lib:${LD_LIBRARY_PATH} PYTHONPATH=/home/farah/ws_farah/install/rqt_joint_trajectory_controller/lib/python3.10/site-packages:/home/farah/ws_farah/install/ros2controlcli/lib/python3.10/site-packages:/home/farah/ws_farah/install/ros2_controllers_test_nodes/lib/python3.10/site-packages:/home/farah/ws_farah/install/controller_manager_msgs/local/lib/python3.10/dist-packages:${PYTHONPATH} /usr/bin/cmake /home/farah/ws_farah/src/ros2_control_demos/example_1 -DCMAKE_INSTALL_PREFIX=/home/farah/ws_farah/install/ros2_control_demo_example_1
[268.304s] DEBUG:colcon.colcon_core.event_handler.log_command:Invoked command in '/home/farah/ws_farah/build/ros2_control_demo_example_1' returned '0': AMENT_PREFIX_PATH=/home/farah/ws_farah/install/joint_trajectory_controller:/home/farah/ws_farah/install/joint_state_broadcaster:/home/farah/ws_farah/install/forward_command_controller:/home/farah/ws_farah/install/hardware_interface_testing:/home/farah/ws_farah/install/controller_interface:/home/farah/ws_farah/install/rqt_joint_trajectory_controller:/home/farah/ws_farah/install/ros2controlcli:/home/farah/ws_farah/install/hardware_interface:/home/farah/ws_farah/install/ros2_controllers_test_nodes:/home/farah/ws_farah/install/ros2_control_test_assets:/home/farah/ws_farah/install/ros2_control_demo_description:/home/farah/ws_farah/install/controller_manager_msgs:${AMENT_PREFIX_PATH} CMAKE_PREFIX_PATH=/home/farah/ws_farah/install/joint_trajectory_controller:/home/farah/ws_farah/install/joint_state_broadcaster:/home/farah/ws_farah/install/forward_command_controller:/home/farah/ws_farah/install/hardware_interface_testing:/home/farah/ws_farah/install/controller_interface:/home/farah/ws_farah/install/hardware_interface:/home/farah/ws_farah/install/ros2_control_test_assets:/home/farah/ws_farah/install/ros2_control_demo_description:/home/farah/ws_farah/install/controller_manager_msgs:/opt/ros/humble LD_LIBRARY_PATH=/home/farah/ws_farah/install/joint_trajectory_controller/lib:/home/farah/ws_farah/install/joint_state_broadcaster/lib:/home/farah/ws_farah/install/forward_command_controller/lib:/home/farah/ws_farah/install/hardware_interface_testing/lib:/home/farah/ws_farah/install/controller_interface/lib:/home/farah/ws_farah/install/hardware_interface/lib:/home/farah/ws_farah/install/controller_manager_msgs/lib:${LD_LIBRARY_PATH} PYTHONPATH=/home/farah/ws_farah/install/rqt_joint_trajectory_controller/lib/python3.10/site-packages:/home/farah/ws_farah/install/ros2controlcli/lib/python3.10/site-packages:/home/farah/ws_farah/install/ros2_controllers_test_nodes/lib/python3.10/site-packages:/home/farah/ws_farah/install/controller_manager_msgs/local/lib/python3.10/dist-packages:${PYTHONPATH} /usr/bin/cmake /home/farah/ws_farah/src/ros2_control_demos/example_1 -DCMAKE_INSTALL_PREFIX=/home/farah/ws_farah/install/ros2_control_demo_example_1
[268.306s] DEBUG:colcon.colcon_core.event_handler.log_command:Invoking command in '/home/farah/ws_farah/build/ros2_control_demo_example_1': AMENT_PREFIX_PATH=/home/farah/ws_farah/install/joint_trajectory_controller:/home/farah/ws_farah/install/joint_state_broadcaster:/home/farah/ws_farah/install/forward_command_controller:/home/farah/ws_farah/install/hardware_interface_testing:/home/farah/ws_farah/install/controller_interface:/home/farah/ws_farah/install/rqt_joint_trajectory_controller:/home/farah/ws_farah/install/ros2controlcli:/home/farah/ws_farah/install/hardware_interface:/home/farah/ws_farah/install/ros2_controllers_test_nodes:/home/farah/ws_farah/install/ros2_control_test_assets:/home/farah/ws_farah/install/ros2_control_demo_description:/home/farah/ws_farah/install/controller_manager_msgs:${AMENT_PREFIX_PATH} CMAKE_PREFIX_PATH=/home/farah/ws_farah/install/joint_trajectory_controller:/home/farah/ws_farah/install/joint_state_broadcaster:/home/farah/ws_farah/install/forward_command_controller:/home/farah/ws_farah/install/hardware_interface_testing:/home/farah/ws_farah/install/controller_interface:/home/farah/ws_farah/install/hardware_interface:/home/farah/ws_farah/install/ros2_control_test_assets:/home/farah/ws_farah/install/ros2_control_demo_description:/home/farah/ws_farah/install/controller_manager_msgs:/opt/ros/humble LD_LIBRARY_PATH=/home/farah/ws_farah/install/joint_trajectory_controller/lib:/home/farah/ws_farah/install/joint_state_broadcaster/lib:/home/farah/ws_farah/install/forward_command_controller/lib:/home/farah/ws_farah/install/hardware_interface_testing/lib:/home/farah/ws_farah/install/controller_interface/lib:/home/farah/ws_farah/install/hardware_interface/lib:/home/farah/ws_farah/install/controller_manager_msgs/lib:${LD_LIBRARY_PATH} PYTHONPATH=/home/farah/ws_farah/install/rqt_joint_trajectory_controller/lib/python3.10/site-packages:/home/farah/ws_farah/install/ros2controlcli/lib/python3.10/site-packages:/home/farah/ws_farah/install/ros2_controllers_test_nodes/lib/python3.10/site-packages:/home/farah/ws_farah/install/controller_manager_msgs/local/lib/python3.10/dist-packages:${PYTHONPATH} /usr/bin/cmake --build /home/farah/ws_farah/build/ros2_control_demo_example_1 -- -j8 -l8
[271.442s] DEBUG:colcon.colcon_core.event_handler.log_command:Invoked command in '/home/farah/ws_farah/build/ros2_control_demo_example_1' returned '0': AMENT_PREFIX_PATH=/home/farah/ws_farah/install/joint_trajectory_controller:/home/farah/ws_farah/install/joint_state_broadcaster:/home/farah/ws_farah/install/forward_command_controller:/home/farah/ws_farah/install/hardware_interface_testing:/home/farah/ws_farah/install/controller_interface:/home/farah/ws_farah/install/rqt_joint_trajectory_controller:/home/farah/ws_farah/install/ros2controlcli:/home/farah/ws_farah/install/hardware_interface:/home/farah/ws_farah/install/ros2_controllers_test_nodes:/home/farah/ws_farah/install/ros2_control_test_assets:/home/farah/ws_farah/install/ros2_control_demo_description:/home/farah/ws_farah/install/controller_manager_msgs:${AMENT_PREFIX_PATH} CMAKE_PREFIX_PATH=/home/farah/ws_farah/install/joint_trajectory_controller:/home/farah/ws_farah/install/joint_state_broadcaster:/home/farah/ws_farah/install/forward_command_controller:/home/farah/ws_farah/install/hardware_interface_testing:/home/farah/ws_farah/install/controller_interface:/home/farah/ws_farah/install/hardware_interface:/home/farah/ws_farah/install/ros2_control_test_assets:/home/farah/ws_farah/install/ros2_control_demo_description:/home/farah/ws_farah/install/controller_manager_msgs:/opt/ros/humble LD_LIBRARY_PATH=/home/farah/ws_farah/install/joint_trajectory_controller/lib:/home/farah/ws_farah/install/joint_state_broadcaster/lib:/home/farah/ws_farah/install/forward_command_controller/lib:/home/farah/ws_farah/install/hardware_interface_testing/lib:/home/farah/ws_farah/install/controller_interface/lib:/home/farah/ws_farah/install/hardware_interface/lib:/home/farah/ws_farah/install/controller_manager_msgs/lib:${LD_LIBRARY_PATH} PYTHONPATH=/home/farah/ws_farah/install/rqt_joint_trajectory_controller/lib/python3.10/site-packages:/home/farah/ws_farah/install/ros2controlcli/lib/python3.10/site-packages:/home/farah/ws_farah/install/ros2_controllers_test_nodes/lib/python3.10/site-packages:/home/farah/ws_farah/install/controller_manager_msgs/local/lib/python3.10/dist-packages:${PYTHONPATH} /usr/bin/cmake --build /home/farah/ws_farah/build/ros2_control_demo_example_1 -- -j8 -l8
[271.444s] DEBUG:colcon.colcon_core.event_handler.log_command:Invoking command in '/home/farah/ws_farah/build/ros2_control_demo_example_1': AMENT_PREFIX_PATH=/home/farah/ws_farah/install/joint_trajectory_controller:/home/farah/ws_farah/install/joint_state_broadcaster:/home/farah/ws_farah/install/forward_command_controller:/home/farah/ws_farah/install/hardware_interface_testing:/home/farah/ws_farah/install/controller_interface:/home/farah/ws_farah/install/rqt_joint_trajectory_controller:/home/farah/ws_farah/install/ros2controlcli:/home/farah/ws_farah/install/hardware_interface:/home/farah/ws_farah/install/ros2_controllers_test_nodes:/home/farah/ws_farah/install/ros2_control_test_assets:/home/farah/ws_farah/install/ros2_control_demo_description:/home/farah/ws_farah/install/controller_manager_msgs:${AMENT_PREFIX_PATH} CMAKE_PREFIX_PATH=/home/farah/ws_farah/install/joint_trajectory_controller:/home/farah/ws_farah/install/joint_state_broadcaster:/home/farah/ws_farah/install/forward_command_controller:/home/farah/ws_farah/install/hardware_interface_testing:/home/farah/ws_farah/install/controller_interface:/home/farah/ws_farah/install/hardware_interface:/home/farah/ws_farah/install/ros2_control_test_assets:/home/farah/ws_farah/install/ros2_control_demo_description:/home/farah/ws_farah/install/controller_manager_msgs:/opt/ros/humble LD_LIBRARY_PATH=/home/farah/ws_farah/install/joint_trajectory_controller/lib:/home/farah/ws_farah/install/joint_state_broadcaster/lib:/home/farah/ws_farah/install/forward_command_controller/lib:/home/farah/ws_farah/install/hardware_interface_testing/lib:/home/farah/ws_farah/install/controller_interface/lib:/home/farah/ws_farah/install/hardware_interface/lib:/home/farah/ws_farah/install/controller_manager_msgs/lib:${LD_LIBRARY_PATH} PYTHONPATH=/home/farah/ws_farah/install/rqt_joint_trajectory_controller/lib/python3.10/site-packages:/home/farah/ws_farah/install/ros2controlcli/lib/python3.10/site-packages:/home/farah/ws_farah/install/ros2_controllers_test_nodes/lib/python3.10/site-packages:/home/farah/ws_farah/install/controller_manager_msgs/local/lib/python3.10/dist-packages:${PYTHONPATH} /usr/bin/cmake --install /home/farah/ws_farah/build/ros2_control_demo_example_1
[271.456s] Level 1:colcon.colcon_core.environment:create_environment_scripts_only(ros2_control_demo_example_1)
[271.456s] Level 1:colcon.colcon_core.environment:checking '/home/farah/ws_farah/install/ros2_control_demo_example_1' for CMake module files
[271.457s] DEBUG:colcon.colcon_core.event_handler.log_command:Invoked command in '/home/farah/ws_farah/build/ros2_control_demo_example_1' returned '0': AMENT_PREFIX_PATH=/home/farah/ws_farah/install/joint_trajectory_controller:/home/farah/ws_farah/install/joint_state_broadcaster:/home/farah/ws_farah/install/forward_command_controller:/home/farah/ws_farah/install/hardware_interface_testing:/home/farah/ws_farah/install/controller_interface:/home/farah/ws_farah/install/rqt_joint_trajectory_controller:/home/farah/ws_farah/install/ros2controlcli:/home/farah/ws_farah/install/hardware_interface:/home/farah/ws_farah/install/ros2_controllers_test_nodes:/home/farah/ws_farah/install/ros2_control_test_assets:/home/farah/ws_farah/install/ros2_control_demo_description:/home/farah/ws_farah/install/controller_manager_msgs:${AMENT_PREFIX_PATH} CMAKE_PREFIX_PATH=/home/farah/ws_farah/install/joint_trajectory_controller:/home/farah/ws_farah/install/joint_state_broadcaster:/home/farah/ws_farah/install/forward_command_controller:/home/farah/ws_farah/install/hardware_interface_testing:/home/farah/ws_farah/install/controller_interface:/home/farah/ws_farah/install/hardware_interface:/home/farah/ws_farah/install/ros2_control_test_assets:/home/farah/ws_farah/install/ros2_control_demo_description:/home/farah/ws_farah/install/controller_manager_msgs:/opt/ros/humble LD_LIBRARY_PATH=/home/farah/ws_farah/install/joint_trajectory_controller/lib:/home/farah/ws_farah/install/joint_state_broadcaster/lib:/home/farah/ws_farah/install/forward_command_controller/lib:/home/farah/ws_farah/install/hardware_interface_testing/lib:/home/farah/ws_farah/install/controller_interface/lib:/home/farah/ws_farah/install/hardware_interface/lib:/home/farah/ws_farah/install/controller_manager_msgs/lib:${LD_LIBRARY_PATH} PYTHONPATH=/home/farah/ws_farah/install/rqt_joint_trajectory_controller/lib/python3.10/site-packages:/home/farah/ws_farah/install/ros2controlcli/lib/python3.10/site-packages:/home/farah/ws_farah/install/ros2_controllers_test_nodes/lib/python3.10/site-packages:/home/farah/ws_farah/install/controller_manager_msgs/local/lib/python3.10/dist-packages:${PYTHONPATH} /usr/bin/cmake --install /home/farah/ws_farah/build/ros2_control_demo_example_1
[271.457s] Level 1:colcon.colcon_core.environment:checking '/home/farah/ws_farah/install/ros2_control_demo_example_1' for CMake config files
[271.457s] Level 1:colcon.colcon_core.shell:create_environment_hook('ros2_control_demo_example_1', 'cmake_prefix_path')
[271.458s] INFO:colcon.colcon_core.shell:Creating environment hook '/home/farah/ws_farah/install/ros2_control_demo_example_1/share/ros2_control_demo_example_1/hook/cmake_prefix_path.ps1'
[271.459s] INFO:colcon.colcon_core.shell:Creating environment descriptor '/home/farah/ws_farah/install/ros2_control_demo_example_1/share/ros2_control_demo_example_1/hook/cmake_prefix_path.dsv'
[271.459s] INFO:colcon.colcon_core.shell:Creating environment hook '/home/farah/ws_farah/install/ros2_control_demo_example_1/share/ros2_control_demo_example_1/hook/cmake_prefix_path.sh'
[271.460s] Level 1:colcon.colcon_core.environment:checking '/home/farah/ws_farah/install/ros2_control_demo_example_1/lib'
[271.460s] Level 1:colcon.colcon_core.shell:create_environment_hook('ros2_control_demo_example_1', 'ld_library_path_lib')
[271.460s] INFO:colcon.colcon_core.shell:Creating environment hook '/home/farah/ws_farah/install/ros2_control_demo_example_1/share/ros2_control_demo_example_1/hook/ld_library_path_lib.ps1'
[271.461s] INFO:colcon.colcon_core.shell:Creating environment descriptor '/home/farah/ws_farah/install/ros2_control_demo_example_1/share/ros2_control_demo_example_1/hook/ld_library_path_lib.dsv'
[271.461s] INFO:colcon.colcon_core.shell:Creating environment hook '/home/farah/ws_farah/install/ros2_control_demo_example_1/share/ros2_control_demo_example_1/hook/ld_library_path_lib.sh'
[271.461s] Level 1:colcon.colcon_core.environment:checking '/home/farah/ws_farah/install/ros2_control_demo_example_1/bin'
[271.461s] Level 1:colcon.colcon_core.environment:checking '/home/farah/ws_farah/install/ros2_control_demo_example_1/lib/pkgconfig/ros2_control_demo_example_1.pc'
[271.461s] Level 1:colcon.colcon_core.environment:checking '/home/farah/ws_farah/install/ros2_control_demo_example_1/lib/python3.10/site-packages'
[271.462s] Level 1:colcon.colcon_core.environment:checking '/home/farah/ws_farah/install/ros2_control_demo_example_1/bin'
[271.462s] INFO:colcon.colcon_core.shell:Creating package script '/home/farah/ws_farah/install/ros2_control_demo_example_1/share/ros2_control_demo_example_1/package.ps1'
[271.462s] INFO:colcon.colcon_core.shell:Creating package descriptor '/home/farah/ws_farah/install/ros2_control_demo_example_1/share/ros2_control_demo_example_1/package.dsv'
[271.463s] INFO:colcon.colcon_core.shell:Creating package script '/home/farah/ws_farah/install/ros2_control_demo_example_1/share/ros2_control_demo_example_1/package.sh'
[271.463s] INFO:colcon.colcon_core.shell:Creating package script '/home/farah/ws_farah/install/ros2_control_demo_example_1/share/ros2_control_demo_example_1/package.bash'
[271.463s] INFO:colcon.colcon_core.shell:Creating package script '/home/farah/ws_farah/install/ros2_control_demo_example_1/share/ros2_control_demo_example_1/package.zsh'
[271.464s] Level 1:colcon.colcon_core.environment:create_file_with_runtime_dependencies(/home/farah/ws_farah/install/ros2_control_demo_example_1/share/colcon-core/packages/ros2_control_demo_example_1)
[271.464s] Level 1:colcon.colcon_core.environment:create_environment_scripts_only(ros2_control_demo_example_1)
[271.464s] Level 1:colcon.colcon_core.environment:checking '/home/farah/ws_farah/install/ros2_control_demo_example_1' for CMake module files
[271.465s] Level 1:colcon.colcon_core.environment:checking '/home/farah/ws_farah/install/ros2_control_demo_example_1' for CMake config files
[271.465s] Level 1:colcon.colcon_core.shell:create_environment_hook('ros2_control_demo_example_1', 'cmake_prefix_path')
[271.465s] INFO:colcon.colcon_core.shell:Creating environment hook '/home/farah/ws_farah/install/ros2_control_demo_example_1/share/ros2_control_demo_example_1/hook/cmake_prefix_path.ps1'
[271.465s] INFO:colcon.colcon_core.shell:Creating environment descriptor '/home/farah/ws_farah/install/ros2_control_demo_example_1/share/ros2_control_demo_example_1/hook/cmake_prefix_path.dsv'
[271.466s] INFO:colcon.colcon_core.shell:Creating environment hook '/home/farah/ws_farah/install/ros2_control_demo_example_1/share/ros2_control_demo_example_1/hook/cmake_prefix_path.sh'
[271.466s] Level 1:colcon.colcon_core.environment:checking '/home/farah/ws_farah/install/ros2_control_demo_example_1/lib'
[271.466s] Level 1:colcon.colcon_core.shell:create_environment_hook('ros2_control_demo_example_1', 'ld_library_path_lib')
[271.466s] INFO:colcon.colcon_core.shell:Creating environment hook '/home/farah/ws_farah/install/ros2_control_demo_example_1/share/ros2_control_demo_example_1/hook/ld_library_path_lib.ps1'
[271.466s] INFO:colcon.colcon_core.shell:Creating environment descriptor '/home/farah/ws_farah/install/ros2_control_demo_example_1/share/ros2_control_demo_example_1/hook/ld_library_path_lib.dsv'
[271.467s] INFO:colcon.colcon_core.shell:Creating environment hook '/home/farah/ws_farah/install/ros2_control_demo_example_1/share/ros2_control_demo_example_1/hook/ld_library_path_lib.sh'
[271.467s] Level 1:colcon.colcon_core.environment:checking '/home/farah/ws_farah/install/ros2_control_demo_example_1/bin'
[271.467s] Level 1:colcon.colcon_core.environment:checking '/home/farah/ws_farah/install/ros2_control_demo_example_1/lib/pkgconfig/ros2_control_demo_example_1.pc'
[271.467s] Level 1:colcon.colcon_core.environment:checking '/home/farah/ws_farah/install/ros2_control_demo_example_1/lib/python3.10/site-packages'
[271.467s] Level 1:colcon.colcon_core.environment:checking '/home/farah/ws_farah/install/ros2_control_demo_example_1/bin'
[271.468s] INFO:colcon.colcon_core.shell:Creating package script '/home/farah/ws_farah/install/ros2_control_demo_example_1/share/ros2_control_demo_example_1/package.ps1'
[271.468s] INFO:colcon.colcon_core.shell:Creating package descriptor '/home/farah/ws_farah/install/ros2_control_demo_example_1/share/ros2_control_demo_example_1/package.dsv'
[271.469s] INFO:colcon.colcon_core.shell:Creating package script '/home/farah/ws_farah/install/ros2_control_demo_example_1/share/ros2_control_demo_example_1/package.sh'
[271.469s] INFO:colcon.colcon_core.shell:Creating package script '/home/farah/ws_farah/install/ros2_control_demo_example_1/share/ros2_control_demo_example_1/package.bash'
[271.469s] INFO:colcon.colcon_core.shell:Creating package script '/home/farah/ws_farah/install/ros2_control_demo_example_1/share/ros2_control_demo_example_1/package.zsh'
[271.469s] Level 1:colcon.colcon_core.environment:create_file_with_runtime_dependencies(/home/farah/ws_farah/install/ros2_control_demo_example_1/share/colcon-core/packages/ros2_control_demo_example_1)
[271.470s] INFO:colcon.colcon_ros.task.ament_cmake.build:Building ROS package in '/home/farah/ws_farah/src/ros2_control_demos/example_4' with build type 'ament_cmake'
[271.470s] INFO:colcon.colcon_cmake.task.cmake.build:Building CMake package in '/home/farah/ws_farah/src/ros2_control_demos/example_4'
[271.470s] INFO:colcon.colcon_core.shell:Skip shell extension 'powershell' for command environment: Not usable outside of PowerShell
[271.470s] DEBUG:colcon.colcon_core.shell:Skip shell extension 'dsv' for command environment
[271.487s] DEBUG:colcon.colcon_core.event_handler.log_command:Invoking command in '/home/farah/ws_farah/build/ros2_control_demo_example_4': AMENT_PREFIX_PATH=/home/farah/ws_farah/install/joint_state_broadcaster:/home/farah/ws_farah/install/forward_command_controller:/home/farah/ws_farah/install/force_torque_sensor_broadcaster:/home/farah/ws_farah/install/hardware_interface_testing:/home/farah/ws_farah/install/controller_interface:/home/farah/ws_farah/install/ros2controlcli:/home/farah/ws_farah/install/hardware_interface:/home/farah/ws_farah/install/ros2_controllers_test_nodes:/home/farah/ws_farah/install/ros2_control_test_assets:/home/farah/ws_farah/install/ros2_control_demo_description:/home/farah/ws_farah/install/controller_manager_msgs:${AMENT_PREFIX_PATH} CMAKE_PREFIX_PATH=/home/farah/ws_farah/install/joint_state_broadcaster:/home/farah/ws_farah/install/forward_command_controller:/home/farah/ws_farah/install/force_torque_sensor_broadcaster:/home/farah/ws_farah/install/hardware_interface_testing:/home/farah/ws_farah/install/controller_interface:/home/farah/ws_farah/install/hardware_interface:/home/farah/ws_farah/install/ros2_control_test_assets:/home/farah/ws_farah/install/ros2_control_demo_description:/home/farah/ws_farah/install/controller_manager_msgs:/opt/ros/humble LD_LIBRARY_PATH=/home/farah/ws_farah/install/joint_state_broadcaster/lib:/home/farah/ws_farah/install/forward_command_controller/lib:/home/farah/ws_farah/install/force_torque_sensor_broadcaster/lib:/home/farah/ws_farah/install/hardware_interface_testing/lib:/home/farah/ws_farah/install/controller_interface/lib:/home/farah/ws_farah/install/hardware_interface/lib:/home/farah/ws_farah/install/controller_manager_msgs/lib:${LD_LIBRARY_PATH} PYTHONPATH=/home/farah/ws_farah/install/ros2controlcli/lib/python3.10/site-packages:/home/farah/ws_farah/install/ros2_controllers_test_nodes/lib/python3.10/site-packages:/home/farah/ws_farah/install/controller_manager_msgs/local/lib/python3.10/dist-packages:${PYTHONPATH} /usr/bin/cmake /home/farah/ws_farah/src/ros2_control_demos/example_4 -DCMAKE_INSTALL_PREFIX=/home/farah/ws_farah/install/ros2_control_demo_example_4
[273.636s] DEBUG:colcon.colcon_core.event_handler.log_command:Invoked command in '/home/farah/ws_farah/build/ros2_control_demo_example_4' returned '0': AMENT_PREFIX_PATH=/home/farah/ws_farah/install/joint_state_broadcaster:/home/farah/ws_farah/install/forward_command_controller:/home/farah/ws_farah/install/force_torque_sensor_broadcaster:/home/farah/ws_farah/install/hardware_interface_testing:/home/farah/ws_farah/install/controller_interface:/home/farah/ws_farah/install/ros2controlcli:/home/farah/ws_farah/install/hardware_interface:/home/farah/ws_farah/install/ros2_controllers_test_nodes:/home/farah/ws_farah/install/ros2_control_test_assets:/home/farah/ws_farah/install/ros2_control_demo_description:/home/farah/ws_farah/install/controller_manager_msgs:${AMENT_PREFIX_PATH} CMAKE_PREFIX_PATH=/home/farah/ws_farah/install/joint_state_broadcaster:/home/farah/ws_farah/install/forward_command_controller:/home/farah/ws_farah/install/force_torque_sensor_broadcaster:/home/farah/ws_farah/install/hardware_interface_testing:/home/farah/ws_farah/install/controller_interface:/home/farah/ws_farah/install/hardware_interface:/home/farah/ws_farah/install/ros2_control_test_assets:/home/farah/ws_farah/install/ros2_control_demo_description:/home/farah/ws_farah/install/controller_manager_msgs:/opt/ros/humble LD_LIBRARY_PATH=/home/farah/ws_farah/install/joint_state_broadcaster/lib:/home/farah/ws_farah/install/forward_command_controller/lib:/home/farah/ws_farah/install/force_torque_sensor_broadcaster/lib:/home/farah/ws_farah/install/hardware_interface_testing/lib:/home/farah/ws_farah/install/controller_interface/lib:/home/farah/ws_farah/install/hardware_interface/lib:/home/farah/ws_farah/install/controller_manager_msgs/lib:${LD_LIBRARY_PATH} PYTHONPATH=/home/farah/ws_farah/install/ros2controlcli/lib/python3.10/site-packages:/home/farah/ws_farah/install/ros2_controllers_test_nodes/lib/python3.10/site-packages:/home/farah/ws_farah/install/controller_manager_msgs/local/lib/python3.10/dist-packages:${PYTHONPATH} /usr/bin/cmake /home/farah/ws_farah/src/ros2_control_demos/example_4 -DCMAKE_INSTALL_PREFIX=/home/farah/ws_farah/install/ros2_control_demo_example_4
[273.637s] DEBUG:colcon.colcon_core.event_handler.log_command:Invoking command in '/home/farah/ws_farah/build/ros2_control_demo_example_4': AMENT_PREFIX_PATH=/home/farah/ws_farah/install/joint_state_broadcaster:/home/farah/ws_farah/install/forward_command_controller:/home/farah/ws_farah/install/force_torque_sensor_broadcaster:/home/farah/ws_farah/install/hardware_interface_testing:/home/farah/ws_farah/install/controller_interface:/home/farah/ws_farah/install/ros2controlcli:/home/farah/ws_farah/install/hardware_interface:/home/farah/ws_farah/install/ros2_controllers_test_nodes:/home/farah/ws_farah/install/ros2_control_test_assets:/home/farah/ws_farah/install/ros2_control_demo_description:/home/farah/ws_farah/install/controller_manager_msgs:${AMENT_PREFIX_PATH} CMAKE_PREFIX_PATH=/home/farah/ws_farah/install/joint_state_broadcaster:/home/farah/ws_farah/install/forward_command_controller:/home/farah/ws_farah/install/force_torque_sensor_broadcaster:/home/farah/ws_farah/install/hardware_interface_testing:/home/farah/ws_farah/install/controller_interface:/home/farah/ws_farah/install/hardware_interface:/home/farah/ws_farah/install/ros2_control_test_assets:/home/farah/ws_farah/install/ros2_control_demo_description:/home/farah/ws_farah/install/controller_manager_msgs:/opt/ros/humble LD_LIBRARY_PATH=/home/farah/ws_farah/install/joint_state_broadcaster/lib:/home/farah/ws_farah/install/forward_command_controller/lib:/home/farah/ws_farah/install/force_torque_sensor_broadcaster/lib:/home/farah/ws_farah/install/hardware_interface_testing/lib:/home/farah/ws_farah/install/controller_interface/lib:/home/farah/ws_farah/install/hardware_interface/lib:/home/farah/ws_farah/install/controller_manager_msgs/lib:${LD_LIBRARY_PATH} PYTHONPATH=/home/farah/ws_farah/install/ros2controlcli/lib/python3.10/site-packages:/home/farah/ws_farah/install/ros2_controllers_test_nodes/lib/python3.10/site-packages:/home/farah/ws_farah/install/controller_manager_msgs/local/lib/python3.10/dist-packages:${PYTHONPATH} /usr/bin/cmake --build /home/farah/ws_farah/build/ros2_control_demo_example_4 -- -j8 -l8
[277.038s] DEBUG:colcon.colcon_core.event_handler.log_command:Invoked command in '/home/farah/ws_farah/build/ros2_control_demo_example_4' returned '0': AMENT_PREFIX_PATH=/home/farah/ws_farah/install/joint_state_broadcaster:/home/farah/ws_farah/install/forward_command_controller:/home/farah/ws_farah/install/force_torque_sensor_broadcaster:/home/farah/ws_farah/install/hardware_interface_testing:/home/farah/ws_farah/install/controller_interface:/home/farah/ws_farah/install/ros2controlcli:/home/farah/ws_farah/install/hardware_interface:/home/farah/ws_farah/install/ros2_controllers_test_nodes:/home/farah/ws_farah/install/ros2_control_test_assets:/home/farah/ws_farah/install/ros2_control_demo_description:/home/farah/ws_farah/install/controller_manager_msgs:${AMENT_PREFIX_PATH} CMAKE_PREFIX_PATH=/home/farah/ws_farah/install/joint_state_broadcaster:/home/farah/ws_farah/install/forward_command_controller:/home/farah/ws_farah/install/force_torque_sensor_broadcaster:/home/farah/ws_farah/install/hardware_interface_testing:/home/farah/ws_farah/install/controller_interface:/home/farah/ws_farah/install/hardware_interface:/home/farah/ws_farah/install/ros2_control_test_assets:/home/farah/ws_farah/install/ros2_control_demo_description:/home/farah/ws_farah/install/controller_manager_msgs:/opt/ros/humble LD_LIBRARY_PATH=/home/farah/ws_farah/install/joint_state_broadcaster/lib:/home/farah/ws_farah/install/forward_command_controller/lib:/home/farah/ws_farah/install/force_torque_sensor_broadcaster/lib:/home/farah/ws_farah/install/hardware_interface_testing/lib:/home/farah/ws_farah/install/controller_interface/lib:/home/farah/ws_farah/install/hardware_interface/lib:/home/farah/ws_farah/install/controller_manager_msgs/lib:${LD_LIBRARY_PATH} PYTHONPATH=/home/farah/ws_farah/install/ros2controlcli/lib/python3.10/site-packages:/home/farah/ws_farah/install/ros2_controllers_test_nodes/lib/python3.10/site-packages:/home/farah/ws_farah/install/controller_manager_msgs/local/lib/python3.10/dist-packages:${PYTHONPATH} /usr/bin/cmake --build /home/farah/ws_farah/build/ros2_control_demo_example_4 -- -j8 -l8
[277.038s] DEBUG:colcon.colcon_core.event_handler.log_command:Invoking command in '/home/farah/ws_farah/build/ros2_control_demo_example_4': AMENT_PREFIX_PATH=/home/farah/ws_farah/install/joint_state_broadcaster:/home/farah/ws_farah/install/forward_command_controller:/home/farah/ws_farah/install/force_torque_sensor_broadcaster:/home/farah/ws_farah/install/hardware_interface_testing:/home/farah/ws_farah/install/controller_interface:/home/farah/ws_farah/install/ros2controlcli:/home/farah/ws_farah/install/hardware_interface:/home/farah/ws_farah/install/ros2_controllers_test_nodes:/home/farah/ws_farah/install/ros2_control_test_assets:/home/farah/ws_farah/install/ros2_control_demo_description:/home/farah/ws_farah/install/controller_manager_msgs:${AMENT_PREFIX_PATH} CMAKE_PREFIX_PATH=/home/farah/ws_farah/install/joint_state_broadcaster:/home/farah/ws_farah/install/forward_command_controller:/home/farah/ws_farah/install/force_torque_sensor_broadcaster:/home/farah/ws_farah/install/hardware_interface_testing:/home/farah/ws_farah/install/controller_interface:/home/farah/ws_farah/install/hardware_interface:/home/farah/ws_farah/install/ros2_control_test_assets:/home/farah/ws_farah/install/ros2_control_demo_description:/home/farah/ws_farah/install/controller_manager_msgs:/opt/ros/humble LD_LIBRARY_PATH=/home/farah/ws_farah/install/joint_state_broadcaster/lib:/home/farah/ws_farah/install/forward_command_controller/lib:/home/farah/ws_farah/install/force_torque_sensor_broadcaster/lib:/home/farah/ws_farah/install/hardware_interface_testing/lib:/home/farah/ws_farah/install/controller_interface/lib:/home/farah/ws_farah/install/hardware_interface/lib:/home/farah/ws_farah/install/controller_manager_msgs/lib:${LD_LIBRARY_PATH} PYTHONPATH=/home/farah/ws_farah/install/ros2controlcli/lib/python3.10/site-packages:/home/farah/ws_farah/install/ros2_controllers_test_nodes/lib/python3.10/site-packages:/home/farah/ws_farah/install/controller_manager_msgs/local/lib/python3.10/dist-packages:${PYTHONPATH} /usr/bin/cmake --install /home/farah/ws_farah/build/ros2_control_demo_example_4
[277.051s] Level 1:colcon.colcon_core.environment:create_environment_scripts_only(ros2_control_demo_example_4)
[277.051s] Level 1:colcon.colcon_core.environment:checking '/home/farah/ws_farah/install/ros2_control_demo_example_4' for CMake module files
[277.051s] DEBUG:colcon.colcon_core.event_handler.log_command:Invoked command in '/home/farah/ws_farah/build/ros2_control_demo_example_4' returned '0': AMENT_PREFIX_PATH=/home/farah/ws_farah/install/joint_state_broadcaster:/home/farah/ws_farah/install/forward_command_controller:/home/farah/ws_farah/install/force_torque_sensor_broadcaster:/home/farah/ws_farah/install/hardware_interface_testing:/home/farah/ws_farah/install/controller_interface:/home/farah/ws_farah/install/ros2controlcli:/home/farah/ws_farah/install/hardware_interface:/home/farah/ws_farah/install/ros2_controllers_test_nodes:/home/farah/ws_farah/install/ros2_control_test_assets:/home/farah/ws_farah/install/ros2_control_demo_description:/home/farah/ws_farah/install/controller_manager_msgs:${AMENT_PREFIX_PATH} CMAKE_PREFIX_PATH=/home/farah/ws_farah/install/joint_state_broadcaster:/home/farah/ws_farah/install/forward_command_controller:/home/farah/ws_farah/install/force_torque_sensor_broadcaster:/home/farah/ws_farah/install/hardware_interface_testing:/home/farah/ws_farah/install/controller_interface:/home/farah/ws_farah/install/hardware_interface:/home/farah/ws_farah/install/ros2_control_test_assets:/home/farah/ws_farah/install/ros2_control_demo_description:/home/farah/ws_farah/install/controller_manager_msgs:/opt/ros/humble LD_LIBRARY_PATH=/home/farah/ws_farah/install/joint_state_broadcaster/lib:/home/farah/ws_farah/install/forward_command_controller/lib:/home/farah/ws_farah/install/force_torque_sensor_broadcaster/lib:/home/farah/ws_farah/install/hardware_interface_testing/lib:/home/farah/ws_farah/install/controller_interface/lib:/home/farah/ws_farah/install/hardware_interface/lib:/home/farah/ws_farah/install/controller_manager_msgs/lib:${LD_LIBRARY_PATH} PYTHONPATH=/home/farah/ws_farah/install/ros2controlcli/lib/python3.10/site-packages:/home/farah/ws_farah/install/ros2_controllers_test_nodes/lib/python3.10/site-packages:/home/farah/ws_farah/install/controller_manager_msgs/local/lib/python3.10/dist-packages:${PYTHONPATH} /usr/bin/cmake --install /home/farah/ws_farah/build/ros2_control_demo_example_4
[277.052s] Level 1:colcon.colcon_core.environment:checking '/home/farah/ws_farah/install/ros2_control_demo_example_4' for CMake config files
[277.052s] Level 1:colcon.colcon_core.shell:create_environment_hook('ros2_control_demo_example_4', 'cmake_prefix_path')
[277.052s] INFO:colcon.colcon_core.shell:Creating environment hook '/home/farah/ws_farah/install/ros2_control_demo_example_4/share/ros2_control_demo_example_4/hook/cmake_prefix_path.ps1'
[277.052s] INFO:colcon.colcon_core.shell:Creating environment descriptor '/home/farah/ws_farah/install/ros2_control_demo_example_4/share/ros2_control_demo_example_4/hook/cmake_prefix_path.dsv'
[277.053s] INFO:colcon.colcon_core.shell:Creating environment hook '/home/farah/ws_farah/install/ros2_control_demo_example_4/share/ros2_control_demo_example_4/hook/cmake_prefix_path.sh'
[277.053s] Level 1:colcon.colcon_core.environment:checking '/home/farah/ws_farah/install/ros2_control_demo_example_4/lib'
[277.053s] Level 1:colcon.colcon_core.shell:create_environment_hook('ros2_control_demo_example_4', 'ld_library_path_lib')
[277.053s] INFO:colcon.colcon_core.shell:Creating environment hook '/home/farah/ws_farah/install/ros2_control_demo_example_4/share/ros2_control_demo_example_4/hook/ld_library_path_lib.ps1'
[277.054s] INFO:colcon.colcon_core.shell:Creating environment descriptor '/home/farah/ws_farah/install/ros2_control_demo_example_4/share/ros2_control_demo_example_4/hook/ld_library_path_lib.dsv'
[277.054s] INFO:colcon.colcon_core.shell:Creating environment hook '/home/farah/ws_farah/install/ros2_control_demo_example_4/share/ros2_control_demo_example_4/hook/ld_library_path_lib.sh'
[277.054s] Level 1:colcon.colcon_core.environment:checking '/home/farah/ws_farah/install/ros2_control_demo_example_4/bin'
[277.054s] Level 1:colcon.colcon_core.environment:checking '/home/farah/ws_farah/install/ros2_control_demo_example_4/lib/pkgconfig/ros2_control_demo_example_4.pc'
[277.054s] Level 1:colcon.colcon_core.environment:checking '/home/farah/ws_farah/install/ros2_control_demo_example_4/lib/python3.10/site-packages'
[277.055s] Level 1:colcon.colcon_core.environment:checking '/home/farah/ws_farah/install/ros2_control_demo_example_4/bin'
[277.055s] INFO:colcon.colcon_core.shell:Creating package script '/home/farah/ws_farah/install/ros2_control_demo_example_4/share/ros2_control_demo_example_4/package.ps1'
[277.055s] INFO:colcon.colcon_core.shell:Creating package descriptor '/home/farah/ws_farah/install/ros2_control_demo_example_4/share/ros2_control_demo_example_4/package.dsv'
[277.056s] INFO:colcon.colcon_core.shell:Creating package script '/home/farah/ws_farah/install/ros2_control_demo_example_4/share/ros2_control_demo_example_4/package.sh'
[277.056s] INFO:colcon.colcon_core.shell:Creating package script '/home/farah/ws_farah/install/ros2_control_demo_example_4/share/ros2_control_demo_example_4/package.bash'
[277.056s] INFO:colcon.colcon_core.shell:Creating package script '/home/farah/ws_farah/install/ros2_control_demo_example_4/share/ros2_control_demo_example_4/package.zsh'
[277.056s] Level 1:colcon.colcon_core.environment:create_file_with_runtime_dependencies(/home/farah/ws_farah/install/ros2_control_demo_example_4/share/colcon-core/packages/ros2_control_demo_example_4)
[277.057s] Level 1:colcon.colcon_core.environment:create_environment_scripts_only(ros2_control_demo_example_4)
[277.057s] Level 1:colcon.colcon_core.environment:checking '/home/farah/ws_farah/install/ros2_control_demo_example_4' for CMake module files
[277.057s] Level 1:colcon.colcon_core.environment:checking '/home/farah/ws_farah/install/ros2_control_demo_example_4' for CMake config files
[277.058s] Level 1:colcon.colcon_core.shell:create_environment_hook('ros2_control_demo_example_4', 'cmake_prefix_path')
[277.058s] INFO:colcon.colcon_core.shell:Creating environment hook '/home/farah/ws_farah/install/ros2_control_demo_example_4/share/ros2_control_demo_example_4/hook/cmake_prefix_path.ps1'
[277.058s] INFO:colcon.colcon_core.shell:Creating environment descriptor '/home/farah/ws_farah/install/ros2_control_demo_example_4/share/ros2_control_demo_example_4/hook/cmake_prefix_path.dsv'
[277.058s] INFO:colcon.colcon_core.shell:Creating environment hook '/home/farah/ws_farah/install/ros2_control_demo_example_4/share/ros2_control_demo_example_4/hook/cmake_prefix_path.sh'
[277.059s] Level 1:colcon.colcon_core.environment:checking '/home/farah/ws_farah/install/ros2_control_demo_example_4/lib'
[277.059s] Level 1:colcon.colcon_core.shell:create_environment_hook('ros2_control_demo_example_4', 'ld_library_path_lib')
[277.059s] INFO:colcon.colcon_core.shell:Creating environment hook '/home/farah/ws_farah/install/ros2_control_demo_example_4/share/ros2_control_demo_example_4/hook/ld_library_path_lib.ps1'
[277.059s] INFO:colcon.colcon_core.shell:Creating environment descriptor '/home/farah/ws_farah/install/ros2_control_demo_example_4/share/ros2_control_demo_example_4/hook/ld_library_path_lib.dsv'
[277.059s] INFO:colcon.colcon_core.shell:Creating environment hook '/home/farah/ws_farah/install/ros2_control_demo_example_4/share/ros2_control_demo_example_4/hook/ld_library_path_lib.sh'
[277.060s] Level 1:colcon.colcon_core.environment:checking '/home/farah/ws_farah/install/ros2_control_demo_example_4/bin'
[277.060s] Level 1:colcon.colcon_core.environment:checking '/home/farah/ws_farah/install/ros2_control_demo_example_4/lib/pkgconfig/ros2_control_demo_example_4.pc'
[277.060s] Level 1:colcon.colcon_core.environment:checking '/home/farah/ws_farah/install/ros2_control_demo_example_4/lib/python3.10/site-packages'
[277.060s] Level 1:colcon.colcon_core.environment:checking '/home/farah/ws_farah/install/ros2_control_demo_example_4/bin'
[277.060s] INFO:colcon.colcon_core.shell:Creating package script '/home/farah/ws_farah/install/ros2_control_demo_example_4/share/ros2_control_demo_example_4/package.ps1'
[277.061s] INFO:colcon.colcon_core.shell:Creating package descriptor '/home/farah/ws_farah/install/ros2_control_demo_example_4/share/ros2_control_demo_example_4/package.dsv'
[277.061s] INFO:colcon.colcon_core.shell:Creating package script '/home/farah/ws_farah/install/ros2_control_demo_example_4/share/ros2_control_demo_example_4/package.sh'
[277.061s] INFO:colcon.colcon_core.shell:Creating package script '/home/farah/ws_farah/install/ros2_control_demo_example_4/share/ros2_control_demo_example_4/package.bash'
[277.062s] INFO:colcon.colcon_core.shell:Creating package script '/home/farah/ws_farah/install/ros2_control_demo_example_4/share/ros2_control_demo_example_4/package.zsh'
[277.062s] Level 1:colcon.colcon_core.environment:create_file_with_runtime_dependencies(/home/farah/ws_farah/install/ros2_control_demo_example_4/share/colcon-core/packages/ros2_control_demo_example_4)
[277.062s] INFO:colcon.colcon_ros.task.ament_cmake.build:Building ROS package in '/home/farah/ws_farah/src/ros2_control/joint_limits' with build type 'ament_cmake'
[277.062s] INFO:colcon.colcon_cmake.task.cmake.build:Building CMake package in '/home/farah/ws_farah/src/ros2_control/joint_limits'
[277.063s] INFO:colcon.colcon_core.shell:Skip shell extension 'powershell' for command environment: Not usable outside of PowerShell
[277.063s] DEBUG:colcon.colcon_core.shell:Skip shell extension 'dsv' for command environment
[277.069s] DEBUG:colcon.colcon_core.event_handler.log_command:Invoking command in '/home/farah/ws_farah/build/joint_limits': CMAKE_PREFIX_PATH=/opt/ros/humble /usr/bin/cmake /home/farah/ws_farah/src/ros2_control/joint_limits -DCMAKE_INSTALL_PREFIX=/home/farah/ws_farah/install/joint_limits
[278.293s] DEBUG:colcon.colcon_core.event_handler.log_command:Invoked command in '/home/farah/ws_farah/build/joint_limits' returned '0': CMAKE_PREFIX_PATH=/opt/ros/humble /usr/bin/cmake /home/farah/ws_farah/src/ros2_control/joint_limits -DCMAKE_INSTALL_PREFIX=/home/farah/ws_farah/install/joint_limits
[278.294s] DEBUG:colcon.colcon_core.event_handler.log_command:Invoking command in '/home/farah/ws_farah/build/joint_limits': CMAKE_PREFIX_PATH=/opt/ros/humble /usr/bin/cmake --build /home/farah/ws_farah/build/joint_limits -- -j8 -l8
[284.688s] DEBUG:colcon.colcon_core.event_handler.log_command:Invoked command in '/home/farah/ws_farah/build/joint_limits' returned '0': CMAKE_PREFIX_PATH=/opt/ros/humble /usr/bin/cmake --build /home/farah/ws_farah/build/joint_limits -- -j8 -l8
[284.690s] DEBUG:colcon.colcon_core.event_handler.log_command:Invoking command in '/home/farah/ws_farah/build/joint_limits': CMAKE_PREFIX_PATH=/opt/ros/humble /usr/bin/cmake --install /home/farah/ws_farah/build/joint_limits
[284.700s] Level 1:colcon.colcon_core.environment:create_environment_scripts_only(joint_limits)
[284.701s] Level 1:colcon.colcon_core.environment:checking '/home/farah/ws_farah/install/joint_limits' for CMake module files
[284.701s] DEBUG:colcon.colcon_core.event_handler.log_command:Invoked command in '/home/farah/ws_farah/build/joint_limits' returned '0': CMAKE_PREFIX_PATH=/opt/ros/humble /usr/bin/cmake --install /home/farah/ws_farah/build/joint_limits
[284.701s] Level 1:colcon.colcon_core.environment:checking '/home/farah/ws_farah/install/joint_limits' for CMake config files
[284.701s] Level 1:colcon.colcon_core.shell:create_environment_hook('joint_limits', 'cmake_prefix_path')
[284.702s] INFO:colcon.colcon_core.shell:Creating environment hook '/home/farah/ws_farah/install/joint_limits/share/joint_limits/hook/cmake_prefix_path.ps1'
[284.702s] INFO:colcon.colcon_core.shell:Creating environment descriptor '/home/farah/ws_farah/install/joint_limits/share/joint_limits/hook/cmake_prefix_path.dsv'
[284.702s] INFO:colcon.colcon_core.shell:Creating environment hook '/home/farah/ws_farah/install/joint_limits/share/joint_limits/hook/cmake_prefix_path.sh'
[284.703s] Level 1:colcon.colcon_core.environment:checking '/home/farah/ws_farah/install/joint_limits/lib'
[284.703s] Level 1:colcon.colcon_core.environment:checking '/home/farah/ws_farah/install/joint_limits/bin'
[284.703s] Level 1:colcon.colcon_core.environment:checking '/home/farah/ws_farah/install/joint_limits/lib/pkgconfig/joint_limits.pc'
[284.703s] Level 1:colcon.colcon_core.environment:checking '/home/farah/ws_farah/install/joint_limits/lib/python3.10/site-packages'
[284.703s] Level 1:colcon.colcon_core.environment:checking '/home/farah/ws_farah/install/joint_limits/bin'
[284.703s] INFO:colcon.colcon_core.shell:Creating package script '/home/farah/ws_farah/install/joint_limits/share/joint_limits/package.ps1'
[284.704s] INFO:colcon.colcon_core.shell:Creating package descriptor '/home/farah/ws_farah/install/joint_limits/share/joint_limits/package.dsv'
[284.704s] INFO:colcon.colcon_core.shell:Creating package script '/home/farah/ws_farah/install/joint_limits/share/joint_limits/package.sh'
[284.705s] INFO:colcon.colcon_core.shell:Creating package script '/home/farah/ws_farah/install/joint_limits/share/joint_limits/package.bash'
[284.705s] INFO:colcon.colcon_core.shell:Creating package script '/home/farah/ws_farah/install/joint_limits/share/joint_limits/package.zsh'
[284.705s] Level 1:colcon.colcon_core.environment:create_file_with_runtime_dependencies(/home/farah/ws_farah/install/joint_limits/share/colcon-core/packages/joint_limits)
[284.706s] Level 1:colcon.colcon_core.environment:create_environment_scripts_only(joint_limits)
[284.706s] Level 1:colcon.colcon_core.environment:checking '/home/farah/ws_farah/install/joint_limits' for CMake module files
[284.706s] Level 1:colcon.colcon_core.environment:checking '/home/farah/ws_farah/install/joint_limits' for CMake config files
[284.706s] Level 1:colcon.colcon_core.shell:create_environment_hook('joint_limits', 'cmake_prefix_path')
[284.707s] INFO:colcon.colcon_core.shell:Creating environment hook '/home/farah/ws_farah/install/joint_limits/share/joint_limits/hook/cmake_prefix_path.ps1'
[284.707s] INFO:colcon.colcon_core.shell:Creating environment descriptor '/home/farah/ws_farah/install/joint_limits/share/joint_limits/hook/cmake_prefix_path.dsv'
[284.707s] INFO:colcon.colcon_core.shell:Creating environment hook '/home/farah/ws_farah/install/joint_limits/share/joint_limits/hook/cmake_prefix_path.sh'
[284.708s] Level 1:colcon.colcon_core.environment:checking '/home/farah/ws_farah/install/joint_limits/lib'
[284.708s] Level 1:colcon.colcon_core.environment:checking '/home/farah/ws_farah/install/joint_limits/bin'
[284.708s] Level 1:colcon.colcon_core.environment:checking '/home/farah/ws_farah/install/joint_limits/lib/pkgconfig/joint_limits.pc'
[284.708s] Level 1:colcon.colcon_core.environment:checking '/home/farah/ws_farah/install/joint_limits/lib/python3.10/site-packages'
[284.708s] Level 1:colcon.colcon_core.environment:checking '/home/farah/ws_farah/install/joint_limits/bin'
[284.709s] INFO:colcon.colcon_core.shell:Creating package script '/home/farah/ws_farah/install/joint_limits/share/joint_limits/package.ps1'
[284.709s] INFO:colcon.colcon_core.shell:Creating package descriptor '/home/farah/ws_farah/install/joint_limits/share/joint_limits/package.dsv'
[284.709s] INFO:colcon.colcon_core.shell:Creating package script '/home/farah/ws_farah/install/joint_limits/share/joint_limits/package.sh'
[284.710s] INFO:colcon.colcon_core.shell:Creating package script '/home/farah/ws_farah/install/joint_limits/share/joint_limits/package.bash'
[284.710s] INFO:colcon.colcon_core.shell:Creating package script '/home/farah/ws_farah/install/joint_limits/share/joint_limits/package.zsh'
[284.710s] Level 1:colcon.colcon_core.environment:create_file_with_runtime_dependencies(/home/farah/ws_farah/install/joint_limits/share/colcon-core/packages/joint_limits)
[284.711s] INFO:colcon.colcon_ros.task.ament_cmake.build:Building ROS package in '/home/farah/ws_farah/src/ros2_controllers/admittance_controller' with build type 'ament_cmake'
[284.711s] INFO:colcon.colcon_cmake.task.cmake.build:Building CMake package in '/home/farah/ws_farah/src/ros2_controllers/admittance_controller'
[284.711s] INFO:colcon.colcon_core.shell:Skip shell extension 'powershell' for command environment: Not usable outside of PowerShell
[284.711s] DEBUG:colcon.colcon_core.shell:Skip shell extension 'dsv' for command environment
[284.720s] DEBUG:colcon.colcon_core.event_handler.log_command:Invoking command in '/home/farah/ws_farah/build/admittance_controller': AMENT_PREFIX_PATH=/home/farah/ws_farah/install/hardware_interface_testing:/home/farah/ws_farah/install/controller_interface:/home/farah/ws_farah/install/hardware_interface:/home/farah/ws_farah/install/ros2_control_test_assets:${AMENT_PREFIX_PATH} CMAKE_PREFIX_PATH=/home/farah/ws_farah/install/hardware_interface_testing:/home/farah/ws_farah/install/controller_interface:/home/farah/ws_farah/install/hardware_interface:/home/farah/ws_farah/install/ros2_control_test_assets:/opt/ros/humble LD_LIBRARY_PATH=/home/farah/ws_farah/install/hardware_interface_testing/lib:/home/farah/ws_farah/install/controller_interface/lib:/home/farah/ws_farah/install/hardware_interface/lib:${LD_LIBRARY_PATH} /usr/bin/cmake /home/farah/ws_farah/src/ros2_controllers/admittance_controller -DCMAKE_INSTALL_PREFIX=/home/farah/ws_farah/install/admittance_controller
[286.384s] DEBUG:colcon.colcon_core.event_handler.log_command:Invoked command in '/home/farah/ws_farah/build/admittance_controller' returned '0': AMENT_PREFIX_PATH=/home/farah/ws_farah/install/hardware_interface_testing:/home/farah/ws_farah/install/controller_interface:/home/farah/ws_farah/install/hardware_interface:/home/farah/ws_farah/install/ros2_control_test_assets:${AMENT_PREFIX_PATH} CMAKE_PREFIX_PATH=/home/farah/ws_farah/install/hardware_interface_testing:/home/farah/ws_farah/install/controller_interface:/home/farah/ws_farah/install/hardware_interface:/home/farah/ws_farah/install/ros2_control_test_assets:/opt/ros/humble LD_LIBRARY_PATH=/home/farah/ws_farah/install/hardware_interface_testing/lib:/home/farah/ws_farah/install/controller_interface/lib:/home/farah/ws_farah/install/hardware_interface/lib:${LD_LIBRARY_PATH} /usr/bin/cmake /home/farah/ws_farah/src/ros2_controllers/admittance_controller -DCMAKE_INSTALL_PREFIX=/home/farah/ws_farah/install/admittance_controller
[286.385s] DEBUG:colcon.colcon_core.event_handler.log_command:Invoking command in '/home/farah/ws_farah/build/admittance_controller': AMENT_PREFIX_PATH=/home/farah/ws_farah/install/hardware_interface_testing:/home/farah/ws_farah/install/controller_interface:/home/farah/ws_farah/install/hardware_interface:/home/farah/ws_farah/install/ros2_control_test_assets:${AMENT_PREFIX_PATH} CMAKE_PREFIX_PATH=/home/farah/ws_farah/install/hardware_interface_testing:/home/farah/ws_farah/install/controller_interface:/home/farah/ws_farah/install/hardware_interface:/home/farah/ws_farah/install/ros2_control_test_assets:/opt/ros/humble LD_LIBRARY_PATH=/home/farah/ws_farah/install/hardware_interface_testing/lib:/home/farah/ws_farah/install/controller_interface/lib:/home/farah/ws_farah/install/hardware_interface/lib:${LD_LIBRARY_PATH} /usr/bin/cmake --build /home/farah/ws_farah/build/admittance_controller -- -j8 -l8
[321.096s] DEBUG:colcon.colcon_core.event_handler.log_command:Invoked command in '/home/farah/ws_farah/build/admittance_controller' returned '0': AMENT_PREFIX_PATH=/home/farah/ws_farah/install/hardware_interface_testing:/home/farah/ws_farah/install/controller_interface:/home/farah/ws_farah/install/hardware_interface:/home/farah/ws_farah/install/ros2_control_test_assets:${AMENT_PREFIX_PATH} CMAKE_PREFIX_PATH=/home/farah/ws_farah/install/hardware_interface_testing:/home/farah/ws_farah/install/controller_interface:/home/farah/ws_farah/install/hardware_interface:/home/farah/ws_farah/install/ros2_control_test_assets:/opt/ros/humble LD_LIBRARY_PATH=/home/farah/ws_farah/install/hardware_interface_testing/lib:/home/farah/ws_farah/install/controller_interface/lib:/home/farah/ws_farah/install/hardware_interface/lib:${LD_LIBRARY_PATH} /usr/bin/cmake --build /home/farah/ws_farah/build/admittance_controller -- -j8 -l8
[321.098s] DEBUG:colcon.colcon_core.event_handler.log_command:Invoking command in '/home/farah/ws_farah/build/admittance_controller': AMENT_PREFIX_PATH=/home/farah/ws_farah/install/hardware_interface_testing:/home/farah/ws_farah/install/controller_interface:/home/farah/ws_farah/install/hardware_interface:/home/farah/ws_farah/install/ros2_control_test_assets:${AMENT_PREFIX_PATH} CMAKE_PREFIX_PATH=/home/farah/ws_farah/install/hardware_interface_testing:/home/farah/ws_farah/install/controller_interface:/home/farah/ws_farah/install/hardware_interface:/home/farah/ws_farah/install/ros2_control_test_assets:/opt/ros/humble LD_LIBRARY_PATH=/home/farah/ws_farah/install/hardware_interface_testing/lib:/home/farah/ws_farah/install/controller_interface/lib:/home/farah/ws_farah/install/hardware_interface/lib:${LD_LIBRARY_PATH} /usr/bin/cmake --install /home/farah/ws_farah/build/admittance_controller
[321.121s] Level 1:colcon.colcon_core.environment:create_environment_scripts_only(admittance_controller)
[321.122s] DEBUG:colcon.colcon_core.event_handler.log_command:Invoked command in '/home/farah/ws_farah/build/admittance_controller' returned '0': AMENT_PREFIX_PATH=/home/farah/ws_farah/install/hardware_interface_testing:/home/farah/ws_farah/install/controller_interface:/home/farah/ws_farah/install/hardware_interface:/home/farah/ws_farah/install/ros2_control_test_assets:${AMENT_PREFIX_PATH} CMAKE_PREFIX_PATH=/home/farah/ws_farah/install/hardware_interface_testing:/home/farah/ws_farah/install/controller_interface:/home/farah/ws_farah/install/hardware_interface:/home/farah/ws_farah/install/ros2_control_test_assets:/opt/ros/humble LD_LIBRARY_PATH=/home/farah/ws_farah/install/hardware_interface_testing/lib:/home/farah/ws_farah/install/controller_interface/lib:/home/farah/ws_farah/install/hardware_interface/lib:${LD_LIBRARY_PATH} /usr/bin/cmake --install /home/farah/ws_farah/build/admittance_controller
[321.122s] Level 1:colcon.colcon_core.environment:checking '/home/farah/ws_farah/install/admittance_controller' for CMake module files
[321.122s] Level 1:colcon.colcon_core.environment:checking '/home/farah/ws_farah/install/admittance_controller' for CMake config files
[321.123s] Level 1:colcon.colcon_core.shell:create_environment_hook('admittance_controller', 'cmake_prefix_path')
[321.123s] INFO:colcon.colcon_core.shell:Creating environment hook '/home/farah/ws_farah/install/admittance_controller/share/admittance_controller/hook/cmake_prefix_path.ps1'
[321.123s] INFO:colcon.colcon_core.shell:Creating environment descriptor '/home/farah/ws_farah/install/admittance_controller/share/admittance_controller/hook/cmake_prefix_path.dsv'
[321.124s] INFO:colcon.colcon_core.shell:Creating environment hook '/home/farah/ws_farah/install/admittance_controller/share/admittance_controller/hook/cmake_prefix_path.sh'
[321.124s] Level 1:colcon.colcon_core.environment:checking '/home/farah/ws_farah/install/admittance_controller/lib'
[321.124s] Level 1:colcon.colcon_core.shell:create_environment_hook('admittance_controller', 'ld_library_path_lib')
[321.124s] INFO:colcon.colcon_core.shell:Creating environment hook '/home/farah/ws_farah/install/admittance_controller/share/admittance_controller/hook/ld_library_path_lib.ps1'
[321.125s] INFO:colcon.colcon_core.shell:Creating environment descriptor '/home/farah/ws_farah/install/admittance_controller/share/admittance_controller/hook/ld_library_path_lib.dsv'
[321.125s] INFO:colcon.colcon_core.shell:Creating environment hook '/home/farah/ws_farah/install/admittance_controller/share/admittance_controller/hook/ld_library_path_lib.sh'
[321.125s] Level 1:colcon.colcon_core.environment:checking '/home/farah/ws_farah/install/admittance_controller/bin'
[321.125s] Level 1:colcon.colcon_core.environment:checking '/home/farah/ws_farah/install/admittance_controller/lib/pkgconfig/admittance_controller.pc'
[321.126s] Level 1:colcon.colcon_core.environment:checking '/home/farah/ws_farah/install/admittance_controller/lib/python3.10/site-packages'
[321.126s] Level 1:colcon.colcon_core.environment:checking '/home/farah/ws_farah/install/admittance_controller/bin'
[321.126s] INFO:colcon.colcon_core.shell:Creating package script '/home/farah/ws_farah/install/admittance_controller/share/admittance_controller/package.ps1'
[321.126s] INFO:colcon.colcon_core.shell:Creating package descriptor '/home/farah/ws_farah/install/admittance_controller/share/admittance_controller/package.dsv'
[321.127s] INFO:colcon.colcon_core.shell:Creating package script '/home/farah/ws_farah/install/admittance_controller/share/admittance_controller/package.sh'
[321.127s] INFO:colcon.colcon_core.shell:Creating package script '/home/farah/ws_farah/install/admittance_controller/share/admittance_controller/package.bash'
[321.127s] INFO:colcon.colcon_core.shell:Creating package script '/home/farah/ws_farah/install/admittance_controller/share/admittance_controller/package.zsh'
[321.128s] Level 1:colcon.colcon_core.environment:create_file_with_runtime_dependencies(/home/farah/ws_farah/install/admittance_controller/share/colcon-core/packages/admittance_controller)
[321.128s] Level 1:colcon.colcon_core.environment:create_environment_scripts_only(admittance_controller)
[321.128s] Level 1:colcon.colcon_core.environment:checking '/home/farah/ws_farah/install/admittance_controller' for CMake module files
[321.129s] Level 1:colcon.colcon_core.environment:checking '/home/farah/ws_farah/install/admittance_controller' for CMake config files
[321.129s] Level 1:colcon.colcon_core.shell:create_environment_hook('admittance_controller', 'cmake_prefix_path')
[321.129s] INFO:colcon.colcon_core.shell:Creating environment hook '/home/farah/ws_farah/install/admittance_controller/share/admittance_controller/hook/cmake_prefix_path.ps1'
[321.129s] INFO:colcon.colcon_core.shell:Creating environment descriptor '/home/farah/ws_farah/install/admittance_controller/share/admittance_controller/hook/cmake_prefix_path.dsv'
[321.129s] INFO:colcon.colcon_core.shell:Creating environment hook '/home/farah/ws_farah/install/admittance_controller/share/admittance_controller/hook/cmake_prefix_path.sh'
[321.130s] Level 1:colcon.colcon_core.environment:checking '/home/farah/ws_farah/install/admittance_controller/lib'
[321.130s] Level 1:colcon.colcon_core.shell:create_environment_hook('admittance_controller', 'ld_library_path_lib')
[321.130s] INFO:colcon.colcon_core.shell:Creating environment hook '/home/farah/ws_farah/install/admittance_controller/share/admittance_controller/hook/ld_library_path_lib.ps1'
[321.130s] INFO:colcon.colcon_core.shell:Creating environment descriptor '/home/farah/ws_farah/install/admittance_controller/share/admittance_controller/hook/ld_library_path_lib.dsv'
[321.131s] INFO:colcon.colcon_core.shell:Creating environment hook '/home/farah/ws_farah/install/admittance_controller/share/admittance_controller/hook/ld_library_path_lib.sh'
[321.131s] Level 1:colcon.colcon_core.environment:checking '/home/farah/ws_farah/install/admittance_controller/bin'
[321.131s] Level 1:colcon.colcon_core.environment:checking '/home/farah/ws_farah/install/admittance_controller/lib/pkgconfig/admittance_controller.pc'
[321.131s] Level 1:colcon.colcon_core.environment:checking '/home/farah/ws_farah/install/admittance_controller/lib/python3.10/site-packages'
[321.131s] Level 1:colcon.colcon_core.environment:checking '/home/farah/ws_farah/install/admittance_controller/bin'
[321.132s] INFO:colcon.colcon_core.shell:Creating package script '/home/farah/ws_farah/install/admittance_controller/share/admittance_controller/package.ps1'
[321.132s] INFO:colcon.colcon_core.shell:Creating package descriptor '/home/farah/ws_farah/install/admittance_controller/share/admittance_controller/package.dsv'
[321.132s] INFO:colcon.colcon_core.shell:Creating package script '/home/farah/ws_farah/install/admittance_controller/share/admittance_controller/package.sh'
[321.133s] INFO:colcon.colcon_core.shell:Creating package script '/home/farah/ws_farah/install/admittance_controller/share/admittance_controller/package.bash'
[321.133s] INFO:colcon.colcon_core.shell:Creating package script '/home/farah/ws_farah/install/admittance_controller/share/admittance_controller/package.zsh'
[321.133s] Level 1:colcon.colcon_core.environment:create_file_with_runtime_dependencies(/home/farah/ws_farah/install/admittance_controller/share/colcon-core/packages/admittance_controller)
[321.134s] INFO:colcon.colcon_ros.task.ament_cmake.build:Building ROS package in '/home/farah/ws_farah/src/ros2_controllers/gripper_controllers' with build type 'ament_cmake'
[321.134s] INFO:colcon.colcon_cmake.task.cmake.build:Building CMake package in '/home/farah/ws_farah/src/ros2_controllers/gripper_controllers'
[321.134s] INFO:colcon.colcon_core.shell:Skip shell extension 'powershell' for command environment: Not usable outside of PowerShell
[321.134s] DEBUG:colcon.colcon_core.shell:Skip shell extension 'dsv' for command environment
[321.144s] DEBUG:colcon.colcon_core.event_handler.log_command:Invoking command in '/home/farah/ws_farah/build/gripper_controllers': AMENT_PREFIX_PATH=/home/farah/ws_farah/install/hardware_interface_testing:/home/farah/ws_farah/install/controller_interface:/home/farah/ws_farah/install/hardware_interface:/home/farah/ws_farah/install/ros2_control_test_assets:${AMENT_PREFIX_PATH} CMAKE_PREFIX_PATH=/home/farah/ws_farah/install/hardware_interface_testing:/home/farah/ws_farah/install/controller_interface:/home/farah/ws_farah/install/hardware_interface:/home/farah/ws_farah/install/ros2_control_test_assets:/opt/ros/humble LD_LIBRARY_PATH=/home/farah/ws_farah/install/hardware_interface_testing/lib:/home/farah/ws_farah/install/controller_interface/lib:/home/farah/ws_farah/install/hardware_interface/lib:${LD_LIBRARY_PATH} /usr/bin/cmake /home/farah/ws_farah/src/ros2_controllers/gripper_controllers -DCMAKE_INSTALL_PREFIX=/home/farah/ws_farah/install/gripper_controllers
[322.685s] DEBUG:colcon.colcon_core.event_handler.log_command:Invoked command in '/home/farah/ws_farah/build/gripper_controllers' returned '0': AMENT_PREFIX_PATH=/home/farah/ws_farah/install/hardware_interface_testing:/home/farah/ws_farah/install/controller_interface:/home/farah/ws_farah/install/hardware_interface:/home/farah/ws_farah/install/ros2_control_test_assets:${AMENT_PREFIX_PATH} CMAKE_PREFIX_PATH=/home/farah/ws_farah/install/hardware_interface_testing:/home/farah/ws_farah/install/controller_interface:/home/farah/ws_farah/install/hardware_interface:/home/farah/ws_farah/install/ros2_control_test_assets:/opt/ros/humble LD_LIBRARY_PATH=/home/farah/ws_farah/install/hardware_interface_testing/lib:/home/farah/ws_farah/install/controller_interface/lib:/home/farah/ws_farah/install/hardware_interface/lib:${LD_LIBRARY_PATH} /usr/bin/cmake /home/farah/ws_farah/src/ros2_controllers/gripper_controllers -DCMAKE_INSTALL_PREFIX=/home/farah/ws_farah/install/gripper_controllers
[322.686s] DEBUG:colcon.colcon_core.event_handler.log_command:Invoking command in '/home/farah/ws_farah/build/gripper_controllers': AMENT_PREFIX_PATH=/home/farah/ws_farah/install/hardware_interface_testing:/home/farah/ws_farah/install/controller_interface:/home/farah/ws_farah/install/hardware_interface:/home/farah/ws_farah/install/ros2_control_test_assets:${AMENT_PREFIX_PATH} CMAKE_PREFIX_PATH=/home/farah/ws_farah/install/hardware_interface_testing:/home/farah/ws_farah/install/controller_interface:/home/farah/ws_farah/install/hardware_interface:/home/farah/ws_farah/install/ros2_control_test_assets:/opt/ros/humble LD_LIBRARY_PATH=/home/farah/ws_farah/install/hardware_interface_testing/lib:/home/farah/ws_farah/install/controller_interface/lib:/home/farah/ws_farah/install/hardware_interface/lib:${LD_LIBRARY_PATH} /usr/bin/cmake --build /home/farah/ws_farah/build/gripper_controllers -- -j8 -l8
[335.170s] DEBUG:colcon.colcon_core.event_handler.log_command:Invoked command in '/home/farah/ws_farah/build/gripper_controllers' returned '0': AMENT_PREFIX_PATH=/home/farah/ws_farah/install/hardware_interface_testing:/home/farah/ws_farah/install/controller_interface:/home/farah/ws_farah/install/hardware_interface:/home/farah/ws_farah/install/ros2_control_test_assets:${AMENT_PREFIX_PATH} CMAKE_PREFIX_PATH=/home/farah/ws_farah/install/hardware_interface_testing:/home/farah/ws_farah/install/controller_interface:/home/farah/ws_farah/install/hardware_interface:/home/farah/ws_farah/install/ros2_control_test_assets:/opt/ros/humble LD_LIBRARY_PATH=/home/farah/ws_farah/install/hardware_interface_testing/lib:/home/farah/ws_farah/install/controller_interface/lib:/home/farah/ws_farah/install/hardware_interface/lib:${LD_LIBRARY_PATH} /usr/bin/cmake --build /home/farah/ws_farah/build/gripper_controllers -- -j8 -l8
[335.172s] DEBUG:colcon.colcon_core.event_handler.log_command:Invoking command in '/home/farah/ws_farah/build/gripper_controllers': AMENT_PREFIX_PATH=/home/farah/ws_farah/install/hardware_interface_testing:/home/farah/ws_farah/install/controller_interface:/home/farah/ws_farah/install/hardware_interface:/home/farah/ws_farah/install/ros2_control_test_assets:${AMENT_PREFIX_PATH} CMAKE_PREFIX_PATH=/home/farah/ws_farah/install/hardware_interface_testing:/home/farah/ws_farah/install/controller_interface:/home/farah/ws_farah/install/hardware_interface:/home/farah/ws_farah/install/ros2_control_test_assets:/opt/ros/humble LD_LIBRARY_PATH=/home/farah/ws_farah/install/hardware_interface_testing/lib:/home/farah/ws_farah/install/controller_interface/lib:/home/farah/ws_farah/install/hardware_interface/lib:${LD_LIBRARY_PATH} /usr/bin/cmake --install /home/farah/ws_farah/build/gripper_controllers
[335.185s] Level 1:colcon.colcon_core.environment:create_environment_scripts_only(gripper_controllers)
[335.185s] Level 1:colcon.colcon_core.environment:checking '/home/farah/ws_farah/install/gripper_controllers' for CMake module files
[335.186s] DEBUG:colcon.colcon_core.event_handler.log_command:Invoked command in '/home/farah/ws_farah/build/gripper_controllers' returned '0': AMENT_PREFIX_PATH=/home/farah/ws_farah/install/hardware_interface_testing:/home/farah/ws_farah/install/controller_interface:/home/farah/ws_farah/install/hardware_interface:/home/farah/ws_farah/install/ros2_control_test_assets:${AMENT_PREFIX_PATH} CMAKE_PREFIX_PATH=/home/farah/ws_farah/install/hardware_interface_testing:/home/farah/ws_farah/install/controller_interface:/home/farah/ws_farah/install/hardware_interface:/home/farah/ws_farah/install/ros2_control_test_assets:/opt/ros/humble LD_LIBRARY_PATH=/home/farah/ws_farah/install/hardware_interface_testing/lib:/home/farah/ws_farah/install/controller_interface/lib:/home/farah/ws_farah/install/hardware_interface/lib:${LD_LIBRARY_PATH} /usr/bin/cmake --install /home/farah/ws_farah/build/gripper_controllers
[335.186s] Level 1:colcon.colcon_core.environment:checking '/home/farah/ws_farah/install/gripper_controllers' for CMake config files
[335.186s] Level 1:colcon.colcon_core.shell:create_environment_hook('gripper_controllers', 'cmake_prefix_path')
[335.186s] INFO:colcon.colcon_core.shell:Creating environment hook '/home/farah/ws_farah/install/gripper_controllers/share/gripper_controllers/hook/cmake_prefix_path.ps1'
[335.187s] INFO:colcon.colcon_core.shell:Creating environment descriptor '/home/farah/ws_farah/install/gripper_controllers/share/gripper_controllers/hook/cmake_prefix_path.dsv'
[335.187s] INFO:colcon.colcon_core.shell:Creating environment hook '/home/farah/ws_farah/install/gripper_controllers/share/gripper_controllers/hook/cmake_prefix_path.sh'
[335.187s] Level 1:colcon.colcon_core.environment:checking '/home/farah/ws_farah/install/gripper_controllers/lib'
[335.187s] Level 1:colcon.colcon_core.shell:create_environment_hook('gripper_controllers', 'ld_library_path_lib')
[335.188s] INFO:colcon.colcon_core.shell:Creating environment hook '/home/farah/ws_farah/install/gripper_controllers/share/gripper_controllers/hook/ld_library_path_lib.ps1'
[335.188s] INFO:colcon.colcon_core.shell:Creating environment descriptor '/home/farah/ws_farah/install/gripper_controllers/share/gripper_controllers/hook/ld_library_path_lib.dsv'
[335.188s] INFO:colcon.colcon_core.shell:Creating environment hook '/home/farah/ws_farah/install/gripper_controllers/share/gripper_controllers/hook/ld_library_path_lib.sh'
[335.189s] Level 1:colcon.colcon_core.environment:checking '/home/farah/ws_farah/install/gripper_controllers/bin'
[335.189s] Level 1:colcon.colcon_core.environment:checking '/home/farah/ws_farah/install/gripper_controllers/lib/pkgconfig/gripper_controllers.pc'
[335.189s] Level 1:colcon.colcon_core.environment:checking '/home/farah/ws_farah/install/gripper_controllers/lib/python3.10/site-packages'
[335.189s] Level 1:colcon.colcon_core.environment:checking '/home/farah/ws_farah/install/gripper_controllers/bin'
[335.189s] INFO:colcon.colcon_core.shell:Creating package script '/home/farah/ws_farah/install/gripper_controllers/share/gripper_controllers/package.ps1'
[335.190s] INFO:colcon.colcon_core.shell:Creating package descriptor '/home/farah/ws_farah/install/gripper_controllers/share/gripper_controllers/package.dsv'
[335.190s] INFO:colcon.colcon_core.shell:Creating package script '/home/farah/ws_farah/install/gripper_controllers/share/gripper_controllers/package.sh'
[335.190s] INFO:colcon.colcon_core.shell:Creating package script '/home/farah/ws_farah/install/gripper_controllers/share/gripper_controllers/package.bash'
[335.191s] INFO:colcon.colcon_core.shell:Creating package script '/home/farah/ws_farah/install/gripper_controllers/share/gripper_controllers/package.zsh'
[335.191s] Level 1:colcon.colcon_core.environment:create_file_with_runtime_dependencies(/home/farah/ws_farah/install/gripper_controllers/share/colcon-core/packages/gripper_controllers)
[335.191s] Level 1:colcon.colcon_core.environment:create_environment_scripts_only(gripper_controllers)
[335.191s] Level 1:colcon.colcon_core.environment:checking '/home/farah/ws_farah/install/gripper_controllers' for CMake module files
[335.192s] Level 1:colcon.colcon_core.environment:checking '/home/farah/ws_farah/install/gripper_controllers' for CMake config files
[335.192s] Level 1:colcon.colcon_core.shell:create_environment_hook('gripper_controllers', 'cmake_prefix_path')
[335.192s] INFO:colcon.colcon_core.shell:Creating environment hook '/home/farah/ws_farah/install/gripper_controllers/share/gripper_controllers/hook/cmake_prefix_path.ps1'
[335.192s] INFO:colcon.colcon_core.shell:Creating environment descriptor '/home/farah/ws_farah/install/gripper_controllers/share/gripper_controllers/hook/cmake_prefix_path.dsv'
[335.193s] INFO:colcon.colcon_core.shell:Creating environment hook '/home/farah/ws_farah/install/gripper_controllers/share/gripper_controllers/hook/cmake_prefix_path.sh'
[335.193s] Level 1:colcon.colcon_core.environment:checking '/home/farah/ws_farah/install/gripper_controllers/lib'
[335.193s] Level 1:colcon.colcon_core.shell:create_environment_hook('gripper_controllers', 'ld_library_path_lib')
[335.193s] INFO:colcon.colcon_core.shell:Creating environment hook '/home/farah/ws_farah/install/gripper_controllers/share/gripper_controllers/hook/ld_library_path_lib.ps1'
[335.194s] INFO:colcon.colcon_core.shell:Creating environment descriptor '/home/farah/ws_farah/install/gripper_controllers/share/gripper_controllers/hook/ld_library_path_lib.dsv'
[335.194s] INFO:colcon.colcon_core.shell:Creating environment hook '/home/farah/ws_farah/install/gripper_controllers/share/gripper_controllers/hook/ld_library_path_lib.sh'
[335.194s] Level 1:colcon.colcon_core.environment:checking '/home/farah/ws_farah/install/gripper_controllers/bin'
[335.194s] Level 1:colcon.colcon_core.environment:checking '/home/farah/ws_farah/install/gripper_controllers/lib/pkgconfig/gripper_controllers.pc'
[335.194s] Level 1:colcon.colcon_core.environment:checking '/home/farah/ws_farah/install/gripper_controllers/lib/python3.10/site-packages'
[335.195s] Level 1:colcon.colcon_core.environment:checking '/home/farah/ws_farah/install/gripper_controllers/bin'
[335.195s] INFO:colcon.colcon_core.shell:Creating package script '/home/farah/ws_farah/install/gripper_controllers/share/gripper_controllers/package.ps1'
[335.195s] INFO:colcon.colcon_core.shell:Creating package descriptor '/home/farah/ws_farah/install/gripper_controllers/share/gripper_controllers/package.dsv'
[335.196s] INFO:colcon.colcon_core.shell:Creating package script '/home/farah/ws_farah/install/gripper_controllers/share/gripper_controllers/package.sh'
[335.196s] INFO:colcon.colcon_core.shell:Creating package script '/home/farah/ws_farah/install/gripper_controllers/share/gripper_controllers/package.bash'
[335.196s] INFO:colcon.colcon_core.shell:Creating package script '/home/farah/ws_farah/install/gripper_controllers/share/gripper_controllers/package.zsh'
[335.197s] Level 1:colcon.colcon_core.environment:create_file_with_runtime_dependencies(/home/farah/ws_farah/install/gripper_controllers/share/colcon-core/packages/gripper_controllers)
[335.197s] INFO:colcon.colcon_ros.task.ament_cmake.build:Building ROS package in '/home/farah/ws_farah/src/ros2_controllers/imu_sensor_broadcaster' with build type 'ament_cmake'
[335.197s] INFO:colcon.colcon_cmake.task.cmake.build:Building CMake package in '/home/farah/ws_farah/src/ros2_controllers/imu_sensor_broadcaster'
[335.197s] INFO:colcon.colcon_core.shell:Skip shell extension 'powershell' for command environment: Not usable outside of PowerShell
[335.197s] DEBUG:colcon.colcon_core.shell:Skip shell extension 'dsv' for command environment
[335.207s] DEBUG:colcon.colcon_core.event_handler.log_command:Invoking command in '/home/farah/ws_farah/build/imu_sensor_broadcaster': AMENT_PREFIX_PATH=/home/farah/ws_farah/install/hardware_interface_testing:/home/farah/ws_farah/install/controller_interface:/home/farah/ws_farah/install/hardware_interface:/home/farah/ws_farah/install/ros2_control_test_assets:${AMENT_PREFIX_PATH} CMAKE_PREFIX_PATH=/home/farah/ws_farah/install/hardware_interface_testing:/home/farah/ws_farah/install/controller_interface:/home/farah/ws_farah/install/hardware_interface:/home/farah/ws_farah/install/ros2_control_test_assets:/opt/ros/humble LD_LIBRARY_PATH=/home/farah/ws_farah/install/hardware_interface_testing/lib:/home/farah/ws_farah/install/controller_interface/lib:/home/farah/ws_farah/install/hardware_interface/lib:${LD_LIBRARY_PATH} /usr/bin/cmake /home/farah/ws_farah/src/ros2_controllers/imu_sensor_broadcaster -DCMAKE_INSTALL_PREFIX=/home/farah/ws_farah/install/imu_sensor_broadcaster
[336.714s] DEBUG:colcon.colcon_core.event_handler.log_command:Invoked command in '/home/farah/ws_farah/build/imu_sensor_broadcaster' returned '0': AMENT_PREFIX_PATH=/home/farah/ws_farah/install/hardware_interface_testing:/home/farah/ws_farah/install/controller_interface:/home/farah/ws_farah/install/hardware_interface:/home/farah/ws_farah/install/ros2_control_test_assets:${AMENT_PREFIX_PATH} CMAKE_PREFIX_PATH=/home/farah/ws_farah/install/hardware_interface_testing:/home/farah/ws_farah/install/controller_interface:/home/farah/ws_farah/install/hardware_interface:/home/farah/ws_farah/install/ros2_control_test_assets:/opt/ros/humble LD_LIBRARY_PATH=/home/farah/ws_farah/install/hardware_interface_testing/lib:/home/farah/ws_farah/install/controller_interface/lib:/home/farah/ws_farah/install/hardware_interface/lib:${LD_LIBRARY_PATH} /usr/bin/cmake /home/farah/ws_farah/src/ros2_controllers/imu_sensor_broadcaster -DCMAKE_INSTALL_PREFIX=/home/farah/ws_farah/install/imu_sensor_broadcaster
[336.715s] DEBUG:colcon.colcon_core.event_handler.log_command:Invoking command in '/home/farah/ws_farah/build/imu_sensor_broadcaster': AMENT_PREFIX_PATH=/home/farah/ws_farah/install/hardware_interface_testing:/home/farah/ws_farah/install/controller_interface:/home/farah/ws_farah/install/hardware_interface:/home/farah/ws_farah/install/ros2_control_test_assets:${AMENT_PREFIX_PATH} CMAKE_PREFIX_PATH=/home/farah/ws_farah/install/hardware_interface_testing:/home/farah/ws_farah/install/controller_interface:/home/farah/ws_farah/install/hardware_interface:/home/farah/ws_farah/install/ros2_control_test_assets:/opt/ros/humble LD_LIBRARY_PATH=/home/farah/ws_farah/install/hardware_interface_testing/lib:/home/farah/ws_farah/install/controller_interface/lib:/home/farah/ws_farah/install/hardware_interface/lib:${LD_LIBRARY_PATH} /usr/bin/cmake --build /home/farah/ws_farah/build/imu_sensor_broadcaster -- -j8 -l8
[352.557s] DEBUG:colcon.colcon_core.event_handler.log_command:Invoked command in '/home/farah/ws_farah/build/imu_sensor_broadcaster' returned '0': AMENT_PREFIX_PATH=/home/farah/ws_farah/install/hardware_interface_testing:/home/farah/ws_farah/install/controller_interface:/home/farah/ws_farah/install/hardware_interface:/home/farah/ws_farah/install/ros2_control_test_assets:${AMENT_PREFIX_PATH} CMAKE_PREFIX_PATH=/home/farah/ws_farah/install/hardware_interface_testing:/home/farah/ws_farah/install/controller_interface:/home/farah/ws_farah/install/hardware_interface:/home/farah/ws_farah/install/ros2_control_test_assets:/opt/ros/humble LD_LIBRARY_PATH=/home/farah/ws_farah/install/hardware_interface_testing/lib:/home/farah/ws_farah/install/controller_interface/lib:/home/farah/ws_farah/install/hardware_interface/lib:${LD_LIBRARY_PATH} /usr/bin/cmake --build /home/farah/ws_farah/build/imu_sensor_broadcaster -- -j8 -l8
[352.558s] DEBUG:colcon.colcon_core.event_handler.log_command:Invoking command in '/home/farah/ws_farah/build/imu_sensor_broadcaster': AMENT_PREFIX_PATH=/home/farah/ws_farah/install/hardware_interface_testing:/home/farah/ws_farah/install/controller_interface:/home/farah/ws_farah/install/hardware_interface:/home/farah/ws_farah/install/ros2_control_test_assets:${AMENT_PREFIX_PATH} CMAKE_PREFIX_PATH=/home/farah/ws_farah/install/hardware_interface_testing:/home/farah/ws_farah/install/controller_interface:/home/farah/ws_farah/install/hardware_interface:/home/farah/ws_farah/install/ros2_control_test_assets:/opt/ros/humble LD_LIBRARY_PATH=/home/farah/ws_farah/install/hardware_interface_testing/lib:/home/farah/ws_farah/install/controller_interface/lib:/home/farah/ws_farah/install/hardware_interface/lib:${LD_LIBRARY_PATH} /usr/bin/cmake --install /home/farah/ws_farah/build/imu_sensor_broadcaster
[352.571s] Level 1:colcon.colcon_core.environment:create_environment_scripts_only(imu_sensor_broadcaster)
[352.571s] Level 1:colcon.colcon_core.environment:checking '/home/farah/ws_farah/install/imu_sensor_broadcaster' for CMake module files
[352.571s] DEBUG:colcon.colcon_core.event_handler.log_command:Invoked command in '/home/farah/ws_farah/build/imu_sensor_broadcaster' returned '0': AMENT_PREFIX_PATH=/home/farah/ws_farah/install/hardware_interface_testing:/home/farah/ws_farah/install/controller_interface:/home/farah/ws_farah/install/hardware_interface:/home/farah/ws_farah/install/ros2_control_test_assets:${AMENT_PREFIX_PATH} CMAKE_PREFIX_PATH=/home/farah/ws_farah/install/hardware_interface_testing:/home/farah/ws_farah/install/controller_interface:/home/farah/ws_farah/install/hardware_interface:/home/farah/ws_farah/install/ros2_control_test_assets:/opt/ros/humble LD_LIBRARY_PATH=/home/farah/ws_farah/install/hardware_interface_testing/lib:/home/farah/ws_farah/install/controller_interface/lib:/home/farah/ws_farah/install/hardware_interface/lib:${LD_LIBRARY_PATH} /usr/bin/cmake --install /home/farah/ws_farah/build/imu_sensor_broadcaster
[352.572s] Level 1:colcon.colcon_core.environment:checking '/home/farah/ws_farah/install/imu_sensor_broadcaster' for CMake config files
[352.572s] Level 1:colcon.colcon_core.shell:create_environment_hook('imu_sensor_broadcaster', 'cmake_prefix_path')
[352.572s] INFO:colcon.colcon_core.shell:Creating environment hook '/home/farah/ws_farah/install/imu_sensor_broadcaster/share/imu_sensor_broadcaster/hook/cmake_prefix_path.ps1'
[352.572s] INFO:colcon.colcon_core.shell:Creating environment descriptor '/home/farah/ws_farah/install/imu_sensor_broadcaster/share/imu_sensor_broadcaster/hook/cmake_prefix_path.dsv'
[352.573s] INFO:colcon.colcon_core.shell:Creating environment hook '/home/farah/ws_farah/install/imu_sensor_broadcaster/share/imu_sensor_broadcaster/hook/cmake_prefix_path.sh'
[352.573s] Level 1:colcon.colcon_core.environment:checking '/home/farah/ws_farah/install/imu_sensor_broadcaster/lib'
[352.573s] Level 1:colcon.colcon_core.shell:create_environment_hook('imu_sensor_broadcaster', 'ld_library_path_lib')
[352.574s] INFO:colcon.colcon_core.shell:Creating environment hook '/home/farah/ws_farah/install/imu_sensor_broadcaster/share/imu_sensor_broadcaster/hook/ld_library_path_lib.ps1'
[352.574s] INFO:colcon.colcon_core.shell:Creating environment descriptor '/home/farah/ws_farah/install/imu_sensor_broadcaster/share/imu_sensor_broadcaster/hook/ld_library_path_lib.dsv'
[352.574s] INFO:colcon.colcon_core.shell:Creating environment hook '/home/farah/ws_farah/install/imu_sensor_broadcaster/share/imu_sensor_broadcaster/hook/ld_library_path_lib.sh'
[352.575s] Level 1:colcon.colcon_core.environment:checking '/home/farah/ws_farah/install/imu_sensor_broadcaster/bin'
[352.575s] Level 1:colcon.colcon_core.environment:checking '/home/farah/ws_farah/install/imu_sensor_broadcaster/lib/pkgconfig/imu_sensor_broadcaster.pc'
[352.575s] Level 1:colcon.colcon_core.environment:checking '/home/farah/ws_farah/install/imu_sensor_broadcaster/lib/python3.10/site-packages'
[352.575s] Level 1:colcon.colcon_core.environment:checking '/home/farah/ws_farah/install/imu_sensor_broadcaster/bin'
[352.575s] INFO:colcon.colcon_core.shell:Creating package script '/home/farah/ws_farah/install/imu_sensor_broadcaster/share/imu_sensor_broadcaster/package.ps1'
[352.576s] INFO:colcon.colcon_core.shell:Creating package descriptor '/home/farah/ws_farah/install/imu_sensor_broadcaster/share/imu_sensor_broadcaster/package.dsv'
[352.576s] INFO:colcon.colcon_core.shell:Creating package script '/home/farah/ws_farah/install/imu_sensor_broadcaster/share/imu_sensor_broadcaster/package.sh'
[352.576s] INFO:colcon.colcon_core.shell:Creating package script '/home/farah/ws_farah/install/imu_sensor_broadcaster/share/imu_sensor_broadcaster/package.bash'
[352.577s] INFO:colcon.colcon_core.shell:Creating package script '/home/farah/ws_farah/install/imu_sensor_broadcaster/share/imu_sensor_broadcaster/package.zsh'
[352.577s] Level 1:colcon.colcon_core.environment:create_file_with_runtime_dependencies(/home/farah/ws_farah/install/imu_sensor_broadcaster/share/colcon-core/packages/imu_sensor_broadcaster)
[352.577s] Level 1:colcon.colcon_core.environment:create_environment_scripts_only(imu_sensor_broadcaster)
[352.577s] Level 1:colcon.colcon_core.environment:checking '/home/farah/ws_farah/install/imu_sensor_broadcaster' for CMake module files
[352.578s] Level 1:colcon.colcon_core.environment:checking '/home/farah/ws_farah/install/imu_sensor_broadcaster' for CMake config files
[352.578s] Level 1:colcon.colcon_core.shell:create_environment_hook('imu_sensor_broadcaster', 'cmake_prefix_path')
[352.578s] INFO:colcon.colcon_core.shell:Creating environment hook '/home/farah/ws_farah/install/imu_sensor_broadcaster/share/imu_sensor_broadcaster/hook/cmake_prefix_path.ps1'
[352.578s] INFO:colcon.colcon_core.shell:Creating environment descriptor '/home/farah/ws_farah/install/imu_sensor_broadcaster/share/imu_sensor_broadcaster/hook/cmake_prefix_path.dsv'
[352.579s] INFO:colcon.colcon_core.shell:Creating environment hook '/home/farah/ws_farah/install/imu_sensor_broadcaster/share/imu_sensor_broadcaster/hook/cmake_prefix_path.sh'
[352.579s] Level 1:colcon.colcon_core.environment:checking '/home/farah/ws_farah/install/imu_sensor_broadcaster/lib'
[352.579s] Level 1:colcon.colcon_core.shell:create_environment_hook('imu_sensor_broadcaster', 'ld_library_path_lib')
[352.579s] INFO:colcon.colcon_core.shell:Creating environment hook '/home/farah/ws_farah/install/imu_sensor_broadcaster/share/imu_sensor_broadcaster/hook/ld_library_path_lib.ps1'
[352.580s] INFO:colcon.colcon_core.shell:Creating environment descriptor '/home/farah/ws_farah/install/imu_sensor_broadcaster/share/imu_sensor_broadcaster/hook/ld_library_path_lib.dsv'
[352.580s] INFO:colcon.colcon_core.shell:Creating environment hook '/home/farah/ws_farah/install/imu_sensor_broadcaster/share/imu_sensor_broadcaster/hook/ld_library_path_lib.sh'
[352.580s] Level 1:colcon.colcon_core.environment:checking '/home/farah/ws_farah/install/imu_sensor_broadcaster/bin'
[352.580s] Level 1:colcon.colcon_core.environment:checking '/home/farah/ws_farah/install/imu_sensor_broadcaster/lib/pkgconfig/imu_sensor_broadcaster.pc'
[352.580s] Level 1:colcon.colcon_core.environment:checking '/home/farah/ws_farah/install/imu_sensor_broadcaster/lib/python3.10/site-packages'
[352.581s] Level 1:colcon.colcon_core.environment:checking '/home/farah/ws_farah/install/imu_sensor_broadcaster/bin'
[352.581s] INFO:colcon.colcon_core.shell:Creating package script '/home/farah/ws_farah/install/imu_sensor_broadcaster/share/imu_sensor_broadcaster/package.ps1'
[352.581s] INFO:colcon.colcon_core.shell:Creating package descriptor '/home/farah/ws_farah/install/imu_sensor_broadcaster/share/imu_sensor_broadcaster/package.dsv'
[352.582s] INFO:colcon.colcon_core.shell:Creating package script '/home/farah/ws_farah/install/imu_sensor_broadcaster/share/imu_sensor_broadcaster/package.sh'
[352.582s] INFO:colcon.colcon_core.shell:Creating package script '/home/farah/ws_farah/install/imu_sensor_broadcaster/share/imu_sensor_broadcaster/package.bash'
[352.582s] INFO:colcon.colcon_core.shell:Creating package script '/home/farah/ws_farah/install/imu_sensor_broadcaster/share/imu_sensor_broadcaster/package.zsh'
[352.583s] Level 1:colcon.colcon_core.environment:create_file_with_runtime_dependencies(/home/farah/ws_farah/install/imu_sensor_broadcaster/share/colcon-core/packages/imu_sensor_broadcaster)
[352.583s] INFO:colcon.colcon_ros.task.ament_cmake.build:Building ROS package in '/home/farah/ws_farah/src/ros2_controllers/mecanum_drive_controller' with build type 'ament_cmake'
[352.583s] INFO:colcon.colcon_cmake.task.cmake.build:Building CMake package in '/home/farah/ws_farah/src/ros2_controllers/mecanum_drive_controller'
[352.583s] INFO:colcon.colcon_core.shell:Skip shell extension 'powershell' for command environment: Not usable outside of PowerShell
[352.584s] DEBUG:colcon.colcon_core.shell:Skip shell extension 'dsv' for command environment
[352.593s] DEBUG:colcon.colcon_core.event_handler.log_command:Invoking command in '/home/farah/ws_farah/build/mecanum_drive_controller': AMENT_PREFIX_PATH=/home/farah/ws_farah/install/hardware_interface_testing:/home/farah/ws_farah/install/controller_interface:/home/farah/ws_farah/install/hardware_interface:/home/farah/ws_farah/install/ros2_control_test_assets:${AMENT_PREFIX_PATH} CMAKE_PREFIX_PATH=/home/farah/ws_farah/install/hardware_interface_testing:/home/farah/ws_farah/install/controller_interface:/home/farah/ws_farah/install/hardware_interface:/home/farah/ws_farah/install/ros2_control_test_assets:/opt/ros/humble LD_LIBRARY_PATH=/home/farah/ws_farah/install/hardware_interface_testing/lib:/home/farah/ws_farah/install/controller_interface/lib:/home/farah/ws_farah/install/hardware_interface/lib:${LD_LIBRARY_PATH} /usr/bin/cmake /home/farah/ws_farah/src/ros2_controllers/mecanum_drive_controller -DCMAKE_INSTALL_PREFIX=/home/farah/ws_farah/install/mecanum_drive_controller
[354.199s] DEBUG:colcon.colcon_core.event_handler.log_command:Invoked command in '/home/farah/ws_farah/build/mecanum_drive_controller' returned '0': AMENT_PREFIX_PATH=/home/farah/ws_farah/install/hardware_interface_testing:/home/farah/ws_farah/install/controller_interface:/home/farah/ws_farah/install/hardware_interface:/home/farah/ws_farah/install/ros2_control_test_assets:${AMENT_PREFIX_PATH} CMAKE_PREFIX_PATH=/home/farah/ws_farah/install/hardware_interface_testing:/home/farah/ws_farah/install/controller_interface:/home/farah/ws_farah/install/hardware_interface:/home/farah/ws_farah/install/ros2_control_test_assets:/opt/ros/humble LD_LIBRARY_PATH=/home/farah/ws_farah/install/hardware_interface_testing/lib:/home/farah/ws_farah/install/controller_interface/lib:/home/farah/ws_farah/install/hardware_interface/lib:${LD_LIBRARY_PATH} /usr/bin/cmake /home/farah/ws_farah/src/ros2_controllers/mecanum_drive_controller -DCMAKE_INSTALL_PREFIX=/home/farah/ws_farah/install/mecanum_drive_controller
[354.199s] DEBUG:colcon.colcon_core.event_handler.log_command:Invoking command in '/home/farah/ws_farah/build/mecanum_drive_controller': AMENT_PREFIX_PATH=/home/farah/ws_farah/install/hardware_interface_testing:/home/farah/ws_farah/install/controller_interface:/home/farah/ws_farah/install/hardware_interface:/home/farah/ws_farah/install/ros2_control_test_assets:${AMENT_PREFIX_PATH} CMAKE_PREFIX_PATH=/home/farah/ws_farah/install/hardware_interface_testing:/home/farah/ws_farah/install/controller_interface:/home/farah/ws_farah/install/hardware_interface:/home/farah/ws_farah/install/ros2_control_test_assets:/opt/ros/humble LD_LIBRARY_PATH=/home/farah/ws_farah/install/hardware_interface_testing/lib:/home/farah/ws_farah/install/controller_interface/lib:/home/farah/ws_farah/install/hardware_interface/lib:${LD_LIBRARY_PATH} /usr/bin/cmake --build /home/farah/ws_farah/build/mecanum_drive_controller -- -j8 -l8
[381.127s] DEBUG:colcon.colcon_core.event_handler.log_command:Invoked command in '/home/farah/ws_farah/build/mecanum_drive_controller' returned '0': AMENT_PREFIX_PATH=/home/farah/ws_farah/install/hardware_interface_testing:/home/farah/ws_farah/install/controller_interface:/home/farah/ws_farah/install/hardware_interface:/home/farah/ws_farah/install/ros2_control_test_assets:${AMENT_PREFIX_PATH} CMAKE_PREFIX_PATH=/home/farah/ws_farah/install/hardware_interface_testing:/home/farah/ws_farah/install/controller_interface:/home/farah/ws_farah/install/hardware_interface:/home/farah/ws_farah/install/ros2_control_test_assets:/opt/ros/humble LD_LIBRARY_PATH=/home/farah/ws_farah/install/hardware_interface_testing/lib:/home/farah/ws_farah/install/controller_interface/lib:/home/farah/ws_farah/install/hardware_interface/lib:${LD_LIBRARY_PATH} /usr/bin/cmake --build /home/farah/ws_farah/build/mecanum_drive_controller -- -j8 -l8
[381.128s] DEBUG:colcon.colcon_core.event_handler.log_command:Invoking command in '/home/farah/ws_farah/build/mecanum_drive_controller': AMENT_PREFIX_PATH=/home/farah/ws_farah/install/hardware_interface_testing:/home/farah/ws_farah/install/controller_interface:/home/farah/ws_farah/install/hardware_interface:/home/farah/ws_farah/install/ros2_control_test_assets:${AMENT_PREFIX_PATH} CMAKE_PREFIX_PATH=/home/farah/ws_farah/install/hardware_interface_testing:/home/farah/ws_farah/install/controller_interface:/home/farah/ws_farah/install/hardware_interface:/home/farah/ws_farah/install/ros2_control_test_assets:/opt/ros/humble LD_LIBRARY_PATH=/home/farah/ws_farah/install/hardware_interface_testing/lib:/home/farah/ws_farah/install/controller_interface/lib:/home/farah/ws_farah/install/hardware_interface/lib:${LD_LIBRARY_PATH} /usr/bin/cmake --install /home/farah/ws_farah/build/mecanum_drive_controller
[381.148s] Level 1:colcon.colcon_core.environment:create_environment_scripts_only(mecanum_drive_controller)
[381.148s] Level 1:colcon.colcon_core.environment:checking '/home/farah/ws_farah/install/mecanum_drive_controller' for CMake module files
[381.148s] DEBUG:colcon.colcon_core.event_handler.log_command:Invoked command in '/home/farah/ws_farah/build/mecanum_drive_controller' returned '0': AMENT_PREFIX_PATH=/home/farah/ws_farah/install/hardware_interface_testing:/home/farah/ws_farah/install/controller_interface:/home/farah/ws_farah/install/hardware_interface:/home/farah/ws_farah/install/ros2_control_test_assets:${AMENT_PREFIX_PATH} CMAKE_PREFIX_PATH=/home/farah/ws_farah/install/hardware_interface_testing:/home/farah/ws_farah/install/controller_interface:/home/farah/ws_farah/install/hardware_interface:/home/farah/ws_farah/install/ros2_control_test_assets:/opt/ros/humble LD_LIBRARY_PATH=/home/farah/ws_farah/install/hardware_interface_testing/lib:/home/farah/ws_farah/install/controller_interface/lib:/home/farah/ws_farah/install/hardware_interface/lib:${LD_LIBRARY_PATH} /usr/bin/cmake --install /home/farah/ws_farah/build/mecanum_drive_controller
[381.149s] Level 1:colcon.colcon_core.environment:checking '/home/farah/ws_farah/install/mecanum_drive_controller' for CMake config files
[381.149s] Level 1:colcon.colcon_core.shell:create_environment_hook('mecanum_drive_controller', 'cmake_prefix_path')
[381.149s] INFO:colcon.colcon_core.shell:Creating environment hook '/home/farah/ws_farah/install/mecanum_drive_controller/share/mecanum_drive_controller/hook/cmake_prefix_path.ps1'
[381.149s] INFO:colcon.colcon_core.shell:Creating environment descriptor '/home/farah/ws_farah/install/mecanum_drive_controller/share/mecanum_drive_controller/hook/cmake_prefix_path.dsv'
[381.150s] INFO:colcon.colcon_core.shell:Creating environment hook '/home/farah/ws_farah/install/mecanum_drive_controller/share/mecanum_drive_controller/hook/cmake_prefix_path.sh'
[381.150s] Level 1:colcon.colcon_core.environment:checking '/home/farah/ws_farah/install/mecanum_drive_controller/lib'
[381.150s] Level 1:colcon.colcon_core.shell:create_environment_hook('mecanum_drive_controller', 'ld_library_path_lib')
[381.150s] INFO:colcon.colcon_core.shell:Creating environment hook '/home/farah/ws_farah/install/mecanum_drive_controller/share/mecanum_drive_controller/hook/ld_library_path_lib.ps1'
[381.151s] INFO:colcon.colcon_core.shell:Creating environment descriptor '/home/farah/ws_farah/install/mecanum_drive_controller/share/mecanum_drive_controller/hook/ld_library_path_lib.dsv'
[381.151s] INFO:colcon.colcon_core.shell:Creating environment hook '/home/farah/ws_farah/install/mecanum_drive_controller/share/mecanum_drive_controller/hook/ld_library_path_lib.sh'
[381.151s] Level 1:colcon.colcon_core.environment:checking '/home/farah/ws_farah/install/mecanum_drive_controller/bin'
[381.151s] Level 1:colcon.colcon_core.environment:checking '/home/farah/ws_farah/install/mecanum_drive_controller/lib/pkgconfig/mecanum_drive_controller.pc'
[381.151s] Level 1:colcon.colcon_core.environment:checking '/home/farah/ws_farah/install/mecanum_drive_controller/lib/python3.10/site-packages'
[381.151s] Level 1:colcon.colcon_core.environment:checking '/home/farah/ws_farah/install/mecanum_drive_controller/bin'
[381.152s] INFO:colcon.colcon_core.shell:Creating package script '/home/farah/ws_farah/install/mecanum_drive_controller/share/mecanum_drive_controller/package.ps1'
[381.152s] INFO:colcon.colcon_core.shell:Creating package descriptor '/home/farah/ws_farah/install/mecanum_drive_controller/share/mecanum_drive_controller/package.dsv'
[381.152s] INFO:colcon.colcon_core.shell:Creating package script '/home/farah/ws_farah/install/mecanum_drive_controller/share/mecanum_drive_controller/package.sh'
[381.153s] INFO:colcon.colcon_core.shell:Creating package script '/home/farah/ws_farah/install/mecanum_drive_controller/share/mecanum_drive_controller/package.bash'
[381.153s] INFO:colcon.colcon_core.shell:Creating package script '/home/farah/ws_farah/install/mecanum_drive_controller/share/mecanum_drive_controller/package.zsh'
[381.153s] Level 1:colcon.colcon_core.environment:create_file_with_runtime_dependencies(/home/farah/ws_farah/install/mecanum_drive_controller/share/colcon-core/packages/mecanum_drive_controller)
[381.154s] Level 1:colcon.colcon_core.environment:create_environment_scripts_only(mecanum_drive_controller)
[381.154s] Level 1:colcon.colcon_core.environment:checking '/home/farah/ws_farah/install/mecanum_drive_controller' for CMake module files
[381.154s] Level 1:colcon.colcon_core.environment:checking '/home/farah/ws_farah/install/mecanum_drive_controller' for CMake config files
[381.154s] Level 1:colcon.colcon_core.shell:create_environment_hook('mecanum_drive_controller', 'cmake_prefix_path')
[381.155s] INFO:colcon.colcon_core.shell:Creating environment hook '/home/farah/ws_farah/install/mecanum_drive_controller/share/mecanum_drive_controller/hook/cmake_prefix_path.ps1'
[381.155s] INFO:colcon.colcon_core.shell:Creating environment descriptor '/home/farah/ws_farah/install/mecanum_drive_controller/share/mecanum_drive_controller/hook/cmake_prefix_path.dsv'
[381.155s] INFO:colcon.colcon_core.shell:Creating environment hook '/home/farah/ws_farah/install/mecanum_drive_controller/share/mecanum_drive_controller/hook/cmake_prefix_path.sh'
[381.156s] Level 1:colcon.colcon_core.environment:checking '/home/farah/ws_farah/install/mecanum_drive_controller/lib'
[381.156s] Level 1:colcon.colcon_core.shell:create_environment_hook('mecanum_drive_controller', 'ld_library_path_lib')
[381.156s] INFO:colcon.colcon_core.shell:Creating environment hook '/home/farah/ws_farah/install/mecanum_drive_controller/share/mecanum_drive_controller/hook/ld_library_path_lib.ps1'
[381.156s] INFO:colcon.colcon_core.shell:Creating environment descriptor '/home/farah/ws_farah/install/mecanum_drive_controller/share/mecanum_drive_controller/hook/ld_library_path_lib.dsv'
[381.156s] INFO:colcon.colcon_core.shell:Creating environment hook '/home/farah/ws_farah/install/mecanum_drive_controller/share/mecanum_drive_controller/hook/ld_library_path_lib.sh'
[381.157s] Level 1:colcon.colcon_core.environment:checking '/home/farah/ws_farah/install/mecanum_drive_controller/bin'
[381.157s] Level 1:colcon.colcon_core.environment:checking '/home/farah/ws_farah/install/mecanum_drive_controller/lib/pkgconfig/mecanum_drive_controller.pc'
[381.157s] Level 1:colcon.colcon_core.environment:checking '/home/farah/ws_farah/install/mecanum_drive_controller/lib/python3.10/site-packages'
[381.157s] Level 1:colcon.colcon_core.environment:checking '/home/farah/ws_farah/install/mecanum_drive_controller/bin'
[381.157s] INFO:colcon.colcon_core.shell:Creating package script '/home/farah/ws_farah/install/mecanum_drive_controller/share/mecanum_drive_controller/package.ps1'
[381.158s] INFO:colcon.colcon_core.shell:Creating package descriptor '/home/farah/ws_farah/install/mecanum_drive_controller/share/mecanum_drive_controller/package.dsv'
[381.158s] INFO:colcon.colcon_core.shell:Creating package script '/home/farah/ws_farah/install/mecanum_drive_controller/share/mecanum_drive_controller/package.sh'
[381.159s] INFO:colcon.colcon_core.shell:Creating package script '/home/farah/ws_farah/install/mecanum_drive_controller/share/mecanum_drive_controller/package.bash'
[381.159s] INFO:colcon.colcon_core.shell:Creating package script '/home/farah/ws_farah/install/mecanum_drive_controller/share/mecanum_drive_controller/package.zsh'
[381.159s] Level 1:colcon.colcon_core.environment:create_file_with_runtime_dependencies(/home/farah/ws_farah/install/mecanum_drive_controller/share/colcon-core/packages/mecanum_drive_controller)
[381.160s] INFO:colcon.colcon_ros.task.ament_cmake.build:Building ROS package in '/home/farah/ws_farah/src/ros2_controllers/pid_controller' with build type 'ament_cmake'
[381.160s] INFO:colcon.colcon_cmake.task.cmake.build:Building CMake package in '/home/farah/ws_farah/src/ros2_controllers/pid_controller'
[381.160s] INFO:colcon.colcon_core.shell:Skip shell extension 'powershell' for command environment: Not usable outside of PowerShell
[381.160s] DEBUG:colcon.colcon_core.shell:Skip shell extension 'dsv' for command environment
[381.169s] DEBUG:colcon.colcon_core.event_handler.log_command:Invoking command in '/home/farah/ws_farah/build/pid_controller': AMENT_PREFIX_PATH=/home/farah/ws_farah/install/hardware_interface_testing:/home/farah/ws_farah/install/controller_interface:/home/farah/ws_farah/install/hardware_interface:/home/farah/ws_farah/install/ros2_control_test_assets:${AMENT_PREFIX_PATH} CMAKE_PREFIX_PATH=/home/farah/ws_farah/install/hardware_interface_testing:/home/farah/ws_farah/install/controller_interface:/home/farah/ws_farah/install/hardware_interface:/home/farah/ws_farah/install/ros2_control_test_assets:/opt/ros/humble LD_LIBRARY_PATH=/home/farah/ws_farah/install/hardware_interface_testing/lib:/home/farah/ws_farah/install/controller_interface/lib:/home/farah/ws_farah/install/hardware_interface/lib:${LD_LIBRARY_PATH} /usr/bin/cmake /home/farah/ws_farah/src/ros2_controllers/pid_controller -DCMAKE_INSTALL_PREFIX=/home/farah/ws_farah/install/pid_controller
[382.727s] DEBUG:colcon.colcon_core.event_handler.log_command:Invoked command in '/home/farah/ws_farah/build/pid_controller' returned '0': AMENT_PREFIX_PATH=/home/farah/ws_farah/install/hardware_interface_testing:/home/farah/ws_farah/install/controller_interface:/home/farah/ws_farah/install/hardware_interface:/home/farah/ws_farah/install/ros2_control_test_assets:${AMENT_PREFIX_PATH} CMAKE_PREFIX_PATH=/home/farah/ws_farah/install/hardware_interface_testing:/home/farah/ws_farah/install/controller_interface:/home/farah/ws_farah/install/hardware_interface:/home/farah/ws_farah/install/ros2_control_test_assets:/opt/ros/humble LD_LIBRARY_PATH=/home/farah/ws_farah/install/hardware_interface_testing/lib:/home/farah/ws_farah/install/controller_interface/lib:/home/farah/ws_farah/install/hardware_interface/lib:${LD_LIBRARY_PATH} /usr/bin/cmake /home/farah/ws_farah/src/ros2_controllers/pid_controller -DCMAKE_INSTALL_PREFIX=/home/farah/ws_farah/install/pid_controller
[382.728s] DEBUG:colcon.colcon_core.event_handler.log_command:Invoking command in '/home/farah/ws_farah/build/pid_controller': AMENT_PREFIX_PATH=/home/farah/ws_farah/install/hardware_interface_testing:/home/farah/ws_farah/install/controller_interface:/home/farah/ws_farah/install/hardware_interface:/home/farah/ws_farah/install/ros2_control_test_assets:${AMENT_PREFIX_PATH} CMAKE_PREFIX_PATH=/home/farah/ws_farah/install/hardware_interface_testing:/home/farah/ws_farah/install/controller_interface:/home/farah/ws_farah/install/hardware_interface:/home/farah/ws_farah/install/ros2_control_test_assets:/opt/ros/humble LD_LIBRARY_PATH=/home/farah/ws_farah/install/hardware_interface_testing/lib:/home/farah/ws_farah/install/controller_interface/lib:/home/farah/ws_farah/install/hardware_interface/lib:${LD_LIBRARY_PATH} /usr/bin/cmake --build /home/farah/ws_farah/build/pid_controller -- -j8 -l8
[407.134s] DEBUG:colcon.colcon_core.event_handler.log_command:Invoked command in '/home/farah/ws_farah/build/pid_controller' returned '0': AMENT_PREFIX_PATH=/home/farah/ws_farah/install/hardware_interface_testing:/home/farah/ws_farah/install/controller_interface:/home/farah/ws_farah/install/hardware_interface:/home/farah/ws_farah/install/ros2_control_test_assets:${AMENT_PREFIX_PATH} CMAKE_PREFIX_PATH=/home/farah/ws_farah/install/hardware_interface_testing:/home/farah/ws_farah/install/controller_interface:/home/farah/ws_farah/install/hardware_interface:/home/farah/ws_farah/install/ros2_control_test_assets:/opt/ros/humble LD_LIBRARY_PATH=/home/farah/ws_farah/install/hardware_interface_testing/lib:/home/farah/ws_farah/install/controller_interface/lib:/home/farah/ws_farah/install/hardware_interface/lib:${LD_LIBRARY_PATH} /usr/bin/cmake --build /home/farah/ws_farah/build/pid_controller -- -j8 -l8
[407.135s] DEBUG:colcon.colcon_core.event_handler.log_command:Invoking command in '/home/farah/ws_farah/build/pid_controller': AMENT_PREFIX_PATH=/home/farah/ws_farah/install/hardware_interface_testing:/home/farah/ws_farah/install/controller_interface:/home/farah/ws_farah/install/hardware_interface:/home/farah/ws_farah/install/ros2_control_test_assets:${AMENT_PREFIX_PATH} CMAKE_PREFIX_PATH=/home/farah/ws_farah/install/hardware_interface_testing:/home/farah/ws_farah/install/controller_interface:/home/farah/ws_farah/install/hardware_interface:/home/farah/ws_farah/install/ros2_control_test_assets:/opt/ros/humble LD_LIBRARY_PATH=/home/farah/ws_farah/install/hardware_interface_testing/lib:/home/farah/ws_farah/install/controller_interface/lib:/home/farah/ws_farah/install/hardware_interface/lib:${LD_LIBRARY_PATH} /usr/bin/cmake --install /home/farah/ws_farah/build/pid_controller
[407.152s] Level 1:colcon.colcon_core.environment:create_environment_scripts_only(pid_controller)
[407.153s] Level 1:colcon.colcon_core.environment:checking '/home/farah/ws_farah/install/pid_controller' for CMake module files
[407.153s] DEBUG:colcon.colcon_core.event_handler.log_command:Invoked command in '/home/farah/ws_farah/build/pid_controller' returned '0': AMENT_PREFIX_PATH=/home/farah/ws_farah/install/hardware_interface_testing:/home/farah/ws_farah/install/controller_interface:/home/farah/ws_farah/install/hardware_interface:/home/farah/ws_farah/install/ros2_control_test_assets:${AMENT_PREFIX_PATH} CMAKE_PREFIX_PATH=/home/farah/ws_farah/install/hardware_interface_testing:/home/farah/ws_farah/install/controller_interface:/home/farah/ws_farah/install/hardware_interface:/home/farah/ws_farah/install/ros2_control_test_assets:/opt/ros/humble LD_LIBRARY_PATH=/home/farah/ws_farah/install/hardware_interface_testing/lib:/home/farah/ws_farah/install/controller_interface/lib:/home/farah/ws_farah/install/hardware_interface/lib:${LD_LIBRARY_PATH} /usr/bin/cmake --install /home/farah/ws_farah/build/pid_controller
[407.154s] Level 1:colcon.colcon_core.environment:checking '/home/farah/ws_farah/install/pid_controller' for CMake config files
[407.154s] Level 1:colcon.colcon_core.shell:create_environment_hook('pid_controller', 'cmake_prefix_path')
[407.154s] INFO:colcon.colcon_core.shell:Creating environment hook '/home/farah/ws_farah/install/pid_controller/share/pid_controller/hook/cmake_prefix_path.ps1'
[407.154s] INFO:colcon.colcon_core.shell:Creating environment descriptor '/home/farah/ws_farah/install/pid_controller/share/pid_controller/hook/cmake_prefix_path.dsv'
[407.155s] INFO:colcon.colcon_core.shell:Creating environment hook '/home/farah/ws_farah/install/pid_controller/share/pid_controller/hook/cmake_prefix_path.sh'
[407.155s] Level 1:colcon.colcon_core.environment:checking '/home/farah/ws_farah/install/pid_controller/lib'
[407.155s] Level 1:colcon.colcon_core.shell:create_environment_hook('pid_controller', 'ld_library_path_lib')
[407.155s] INFO:colcon.colcon_core.shell:Creating environment hook '/home/farah/ws_farah/install/pid_controller/share/pid_controller/hook/ld_library_path_lib.ps1'
[407.156s] INFO:colcon.colcon_core.shell:Creating environment descriptor '/home/farah/ws_farah/install/pid_controller/share/pid_controller/hook/ld_library_path_lib.dsv'
[407.156s] INFO:colcon.colcon_core.shell:Creating environment hook '/home/farah/ws_farah/install/pid_controller/share/pid_controller/hook/ld_library_path_lib.sh'
[407.156s] Level 1:colcon.colcon_core.environment:checking '/home/farah/ws_farah/install/pid_controller/bin'
[407.156s] Level 1:colcon.colcon_core.environment:checking '/home/farah/ws_farah/install/pid_controller/lib/pkgconfig/pid_controller.pc'
[407.157s] Level 1:colcon.colcon_core.environment:checking '/home/farah/ws_farah/install/pid_controller/lib/python3.10/site-packages'
[407.157s] Level 1:colcon.colcon_core.environment:checking '/home/farah/ws_farah/install/pid_controller/bin'
[407.157s] INFO:colcon.colcon_core.shell:Creating package script '/home/farah/ws_farah/install/pid_controller/share/pid_controller/package.ps1'
[407.157s] INFO:colcon.colcon_core.shell:Creating package descriptor '/home/farah/ws_farah/install/pid_controller/share/pid_controller/package.dsv'
[407.158s] INFO:colcon.colcon_core.shell:Creating package script '/home/farah/ws_farah/install/pid_controller/share/pid_controller/package.sh'
[407.158s] INFO:colcon.colcon_core.shell:Creating package script '/home/farah/ws_farah/install/pid_controller/share/pid_controller/package.bash'
[407.158s] INFO:colcon.colcon_core.shell:Creating package script '/home/farah/ws_farah/install/pid_controller/share/pid_controller/package.zsh'
[407.159s] Level 1:colcon.colcon_core.environment:create_file_with_runtime_dependencies(/home/farah/ws_farah/install/pid_controller/share/colcon-core/packages/pid_controller)
[407.159s] Level 1:colcon.colcon_core.environment:create_environment_scripts_only(pid_controller)
[407.159s] Level 1:colcon.colcon_core.environment:checking '/home/farah/ws_farah/install/pid_controller' for CMake module files
[407.160s] Level 1:colcon.colcon_core.environment:checking '/home/farah/ws_farah/install/pid_controller' for CMake config files
[407.160s] Level 1:colcon.colcon_core.shell:create_environment_hook('pid_controller', 'cmake_prefix_path')
[407.160s] INFO:colcon.colcon_core.shell:Creating environment hook '/home/farah/ws_farah/install/pid_controller/share/pid_controller/hook/cmake_prefix_path.ps1'
[407.161s] INFO:colcon.colcon_core.shell:Creating environment descriptor '/home/farah/ws_farah/install/pid_controller/share/pid_controller/hook/cmake_prefix_path.dsv'
[407.161s] INFO:colcon.colcon_core.shell:Creating environment hook '/home/farah/ws_farah/install/pid_controller/share/pid_controller/hook/cmake_prefix_path.sh'
[407.161s] Level 1:colcon.colcon_core.environment:checking '/home/farah/ws_farah/install/pid_controller/lib'
[407.161s] Level 1:colcon.colcon_core.shell:create_environment_hook('pid_controller', 'ld_library_path_lib')
[407.162s] INFO:colcon.colcon_core.shell:Creating environment hook '/home/farah/ws_farah/install/pid_controller/share/pid_controller/hook/ld_library_path_lib.ps1'
[407.162s] INFO:colcon.colcon_core.shell:Creating environment descriptor '/home/farah/ws_farah/install/pid_controller/share/pid_controller/hook/ld_library_path_lib.dsv'
[407.162s] INFO:colcon.colcon_core.shell:Creating environment hook '/home/farah/ws_farah/install/pid_controller/share/pid_controller/hook/ld_library_path_lib.sh'
[407.163s] Level 1:colcon.colcon_core.environment:checking '/home/farah/ws_farah/install/pid_controller/bin'
[407.163s] Level 1:colcon.colcon_core.environment:checking '/home/farah/ws_farah/install/pid_controller/lib/pkgconfig/pid_controller.pc'
[407.163s] Level 1:colcon.colcon_core.environment:checking '/home/farah/ws_farah/install/pid_controller/lib/python3.10/site-packages'
[407.163s] Level 1:colcon.colcon_core.environment:checking '/home/farah/ws_farah/install/pid_controller/bin'
[407.163s] INFO:colcon.colcon_core.shell:Creating package script '/home/farah/ws_farah/install/pid_controller/share/pid_controller/package.ps1'
[407.164s] INFO:colcon.colcon_core.shell:Creating package descriptor '/home/farah/ws_farah/install/pid_controller/share/pid_controller/package.dsv'
[407.164s] INFO:colcon.colcon_core.shell:Creating package script '/home/farah/ws_farah/install/pid_controller/share/pid_controller/package.sh'
[407.165s] INFO:colcon.colcon_core.shell:Creating package script '/home/farah/ws_farah/install/pid_controller/share/pid_controller/package.bash'
[407.165s] INFO:colcon.colcon_core.shell:Creating package script '/home/farah/ws_farah/install/pid_controller/share/pid_controller/package.zsh'
[407.165s] Level 1:colcon.colcon_core.environment:create_file_with_runtime_dependencies(/home/farah/ws_farah/install/pid_controller/share/colcon-core/packages/pid_controller)
[407.166s] INFO:colcon.colcon_ros.task.ament_cmake.build:Building ROS package in '/home/farah/ws_farah/src/ros2_controllers/pose_broadcaster' with build type 'ament_cmake'
[407.166s] INFO:colcon.colcon_cmake.task.cmake.build:Building CMake package in '/home/farah/ws_farah/src/ros2_controllers/pose_broadcaster'
[407.166s] INFO:colcon.colcon_core.shell:Skip shell extension 'powershell' for command environment: Not usable outside of PowerShell
[407.166s] DEBUG:colcon.colcon_core.shell:Skip shell extension 'dsv' for command environment
[407.176s] DEBUG:colcon.colcon_core.event_handler.log_command:Invoking command in '/home/farah/ws_farah/build/pose_broadcaster': AMENT_PREFIX_PATH=/home/farah/ws_farah/install/hardware_interface_testing:/home/farah/ws_farah/install/controller_interface:/home/farah/ws_farah/install/hardware_interface:/home/farah/ws_farah/install/ros2_control_test_assets:${AMENT_PREFIX_PATH} CMAKE_PREFIX_PATH=/home/farah/ws_farah/install/hardware_interface_testing:/home/farah/ws_farah/install/controller_interface:/home/farah/ws_farah/install/hardware_interface:/home/farah/ws_farah/install/ros2_control_test_assets:/opt/ros/humble LD_LIBRARY_PATH=/home/farah/ws_farah/install/hardware_interface_testing/lib:/home/farah/ws_farah/install/controller_interface/lib:/home/farah/ws_farah/install/hardware_interface/lib:${LD_LIBRARY_PATH} /usr/bin/cmake /home/farah/ws_farah/src/ros2_controllers/pose_broadcaster -DCMAKE_INSTALL_PREFIX=/home/farah/ws_farah/install/pose_broadcaster
[408.645s] DEBUG:colcon.colcon_core.event_handler.log_command:Invoked command in '/home/farah/ws_farah/build/pose_broadcaster' returned '0': AMENT_PREFIX_PATH=/home/farah/ws_farah/install/hardware_interface_testing:/home/farah/ws_farah/install/controller_interface:/home/farah/ws_farah/install/hardware_interface:/home/farah/ws_farah/install/ros2_control_test_assets:${AMENT_PREFIX_PATH} CMAKE_PREFIX_PATH=/home/farah/ws_farah/install/hardware_interface_testing:/home/farah/ws_farah/install/controller_interface:/home/farah/ws_farah/install/hardware_interface:/home/farah/ws_farah/install/ros2_control_test_assets:/opt/ros/humble LD_LIBRARY_PATH=/home/farah/ws_farah/install/hardware_interface_testing/lib:/home/farah/ws_farah/install/controller_interface/lib:/home/farah/ws_farah/install/hardware_interface/lib:${LD_LIBRARY_PATH} /usr/bin/cmake /home/farah/ws_farah/src/ros2_controllers/pose_broadcaster -DCMAKE_INSTALL_PREFIX=/home/farah/ws_farah/install/pose_broadcaster
[408.646s] DEBUG:colcon.colcon_core.event_handler.log_command:Invoking command in '/home/farah/ws_farah/build/pose_broadcaster': AMENT_PREFIX_PATH=/home/farah/ws_farah/install/hardware_interface_testing:/home/farah/ws_farah/install/controller_interface:/home/farah/ws_farah/install/hardware_interface:/home/farah/ws_farah/install/ros2_control_test_assets:${AMENT_PREFIX_PATH} CMAKE_PREFIX_PATH=/home/farah/ws_farah/install/hardware_interface_testing:/home/farah/ws_farah/install/controller_interface:/home/farah/ws_farah/install/hardware_interface:/home/farah/ws_farah/install/ros2_control_test_assets:/opt/ros/humble LD_LIBRARY_PATH=/home/farah/ws_farah/install/hardware_interface_testing/lib:/home/farah/ws_farah/install/controller_interface/lib:/home/farah/ws_farah/install/hardware_interface/lib:${LD_LIBRARY_PATH} /usr/bin/cmake --build /home/farah/ws_farah/build/pose_broadcaster -- -j8 -l8
[427.214s] DEBUG:colcon.colcon_core.event_handler.log_command:Invoked command in '/home/farah/ws_farah/build/pose_broadcaster' returned '0': AMENT_PREFIX_PATH=/home/farah/ws_farah/install/hardware_interface_testing:/home/farah/ws_farah/install/controller_interface:/home/farah/ws_farah/install/hardware_interface:/home/farah/ws_farah/install/ros2_control_test_assets:${AMENT_PREFIX_PATH} CMAKE_PREFIX_PATH=/home/farah/ws_farah/install/hardware_interface_testing:/home/farah/ws_farah/install/controller_interface:/home/farah/ws_farah/install/hardware_interface:/home/farah/ws_farah/install/ros2_control_test_assets:/opt/ros/humble LD_LIBRARY_PATH=/home/farah/ws_farah/install/hardware_interface_testing/lib:/home/farah/ws_farah/install/controller_interface/lib:/home/farah/ws_farah/install/hardware_interface/lib:${LD_LIBRARY_PATH} /usr/bin/cmake --build /home/farah/ws_farah/build/pose_broadcaster -- -j8 -l8
[427.214s] DEBUG:colcon.colcon_core.event_handler.log_command:Invoking command in '/home/farah/ws_farah/build/pose_broadcaster': AMENT_PREFIX_PATH=/home/farah/ws_farah/install/hardware_interface_testing:/home/farah/ws_farah/install/controller_interface:/home/farah/ws_farah/install/hardware_interface:/home/farah/ws_farah/install/ros2_control_test_assets:${AMENT_PREFIX_PATH} CMAKE_PREFIX_PATH=/home/farah/ws_farah/install/hardware_interface_testing:/home/farah/ws_farah/install/controller_interface:/home/farah/ws_farah/install/hardware_interface:/home/farah/ws_farah/install/ros2_control_test_assets:/opt/ros/humble LD_LIBRARY_PATH=/home/farah/ws_farah/install/hardware_interface_testing/lib:/home/farah/ws_farah/install/controller_interface/lib:/home/farah/ws_farah/install/hardware_interface/lib:${LD_LIBRARY_PATH} /usr/bin/cmake --install /home/farah/ws_farah/build/pose_broadcaster
[427.226s] Level 1:colcon.colcon_core.environment:create_environment_scripts_only(pose_broadcaster)
[427.226s] Level 1:colcon.colcon_core.environment:checking '/home/farah/ws_farah/install/pose_broadcaster' for CMake module files
[427.227s] DEBUG:colcon.colcon_core.event_handler.log_command:Invoked command in '/home/farah/ws_farah/build/pose_broadcaster' returned '0': AMENT_PREFIX_PATH=/home/farah/ws_farah/install/hardware_interface_testing:/home/farah/ws_farah/install/controller_interface:/home/farah/ws_farah/install/hardware_interface:/home/farah/ws_farah/install/ros2_control_test_assets:${AMENT_PREFIX_PATH} CMAKE_PREFIX_PATH=/home/farah/ws_farah/install/hardware_interface_testing:/home/farah/ws_farah/install/controller_interface:/home/farah/ws_farah/install/hardware_interface:/home/farah/ws_farah/install/ros2_control_test_assets:/opt/ros/humble LD_LIBRARY_PATH=/home/farah/ws_farah/install/hardware_interface_testing/lib:/home/farah/ws_farah/install/controller_interface/lib:/home/farah/ws_farah/install/hardware_interface/lib:${LD_LIBRARY_PATH} /usr/bin/cmake --install /home/farah/ws_farah/build/pose_broadcaster
[427.227s] Level 1:colcon.colcon_core.environment:checking '/home/farah/ws_farah/install/pose_broadcaster' for CMake config files
[427.227s] Level 1:colcon.colcon_core.shell:create_environment_hook('pose_broadcaster', 'cmake_prefix_path')
[427.227s] INFO:colcon.colcon_core.shell:Creating environment hook '/home/farah/ws_farah/install/pose_broadcaster/share/pose_broadcaster/hook/cmake_prefix_path.ps1'
[427.228s] INFO:colcon.colcon_core.shell:Creating environment descriptor '/home/farah/ws_farah/install/pose_broadcaster/share/pose_broadcaster/hook/cmake_prefix_path.dsv'
[427.228s] INFO:colcon.colcon_core.shell:Creating environment hook '/home/farah/ws_farah/install/pose_broadcaster/share/pose_broadcaster/hook/cmake_prefix_path.sh'
[427.228s] Level 1:colcon.colcon_core.environment:checking '/home/farah/ws_farah/install/pose_broadcaster/lib'
[427.229s] Level 1:colcon.colcon_core.shell:create_environment_hook('pose_broadcaster', 'ld_library_path_lib')
[427.229s] INFO:colcon.colcon_core.shell:Creating environment hook '/home/farah/ws_farah/install/pose_broadcaster/share/pose_broadcaster/hook/ld_library_path_lib.ps1'
[427.229s] INFO:colcon.colcon_core.shell:Creating environment descriptor '/home/farah/ws_farah/install/pose_broadcaster/share/pose_broadcaster/hook/ld_library_path_lib.dsv'
[427.229s] INFO:colcon.colcon_core.shell:Creating environment hook '/home/farah/ws_farah/install/pose_broadcaster/share/pose_broadcaster/hook/ld_library_path_lib.sh'
[427.229s] Level 1:colcon.colcon_core.environment:checking '/home/farah/ws_farah/install/pose_broadcaster/bin'
[427.230s] Level 1:colcon.colcon_core.environment:checking '/home/farah/ws_farah/install/pose_broadcaster/lib/pkgconfig/pose_broadcaster.pc'
[427.230s] Level 1:colcon.colcon_core.environment:checking '/home/farah/ws_farah/install/pose_broadcaster/lib/python3.10/site-packages'
[427.230s] Level 1:colcon.colcon_core.environment:checking '/home/farah/ws_farah/install/pose_broadcaster/bin'
[427.230s] INFO:colcon.colcon_core.shell:Creating package script '/home/farah/ws_farah/install/pose_broadcaster/share/pose_broadcaster/package.ps1'
[427.231s] INFO:colcon.colcon_core.shell:Creating package descriptor '/home/farah/ws_farah/install/pose_broadcaster/share/pose_broadcaster/package.dsv'
[427.231s] INFO:colcon.colcon_core.shell:Creating package script '/home/farah/ws_farah/install/pose_broadcaster/share/pose_broadcaster/package.sh'
[427.231s] INFO:colcon.colcon_core.shell:Creating package script '/home/farah/ws_farah/install/pose_broadcaster/share/pose_broadcaster/package.bash'
[427.232s] INFO:colcon.colcon_core.shell:Creating package script '/home/farah/ws_farah/install/pose_broadcaster/share/pose_broadcaster/package.zsh'
[427.232s] Level 1:colcon.colcon_core.environment:create_file_with_runtime_dependencies(/home/farah/ws_farah/install/pose_broadcaster/share/colcon-core/packages/pose_broadcaster)
[427.232s] Level 1:colcon.colcon_core.environment:create_environment_scripts_only(pose_broadcaster)
[427.233s] Level 1:colcon.colcon_core.environment:checking '/home/farah/ws_farah/install/pose_broadcaster' for CMake module files
[427.233s] Level 1:colcon.colcon_core.environment:checking '/home/farah/ws_farah/install/pose_broadcaster' for CMake config files
[427.233s] Level 1:colcon.colcon_core.shell:create_environment_hook('pose_broadcaster', 'cmake_prefix_path')
[427.233s] INFO:colcon.colcon_core.shell:Creating environment hook '/home/farah/ws_farah/install/pose_broadcaster/share/pose_broadcaster/hook/cmake_prefix_path.ps1'
[427.234s] INFO:colcon.colcon_core.shell:Creating environment descriptor '/home/farah/ws_farah/install/pose_broadcaster/share/pose_broadcaster/hook/cmake_prefix_path.dsv'
[427.234s] INFO:colcon.colcon_core.shell:Creating environment hook '/home/farah/ws_farah/install/pose_broadcaster/share/pose_broadcaster/hook/cmake_prefix_path.sh'
[427.234s] Level 1:colcon.colcon_core.environment:checking '/home/farah/ws_farah/install/pose_broadcaster/lib'
[427.234s] Level 1:colcon.colcon_core.shell:create_environment_hook('pose_broadcaster', 'ld_library_path_lib')
[427.234s] INFO:colcon.colcon_core.shell:Creating environment hook '/home/farah/ws_farah/install/pose_broadcaster/share/pose_broadcaster/hook/ld_library_path_lib.ps1'
[427.235s] INFO:colcon.colcon_core.shell:Creating environment descriptor '/home/farah/ws_farah/install/pose_broadcaster/share/pose_broadcaster/hook/ld_library_path_lib.dsv'
[427.235s] INFO:colcon.colcon_core.shell:Creating environment hook '/home/farah/ws_farah/install/pose_broadcaster/share/pose_broadcaster/hook/ld_library_path_lib.sh'
[427.235s] Level 1:colcon.colcon_core.environment:checking '/home/farah/ws_farah/install/pose_broadcaster/bin'
[427.235s] Level 1:colcon.colcon_core.environment:checking '/home/farah/ws_farah/install/pose_broadcaster/lib/pkgconfig/pose_broadcaster.pc'
[427.236s] Level 1:colcon.colcon_core.environment:checking '/home/farah/ws_farah/install/pose_broadcaster/lib/python3.10/site-packages'
[427.236s] Level 1:colcon.colcon_core.environment:checking '/home/farah/ws_farah/install/pose_broadcaster/bin'
[427.236s] INFO:colcon.colcon_core.shell:Creating package script '/home/farah/ws_farah/install/pose_broadcaster/share/pose_broadcaster/package.ps1'
[427.236s] INFO:colcon.colcon_core.shell:Creating package descriptor '/home/farah/ws_farah/install/pose_broadcaster/share/pose_broadcaster/package.dsv'
[427.237s] INFO:colcon.colcon_core.shell:Creating package script '/home/farah/ws_farah/install/pose_broadcaster/share/pose_broadcaster/package.sh'
[427.237s] INFO:colcon.colcon_core.shell:Creating package script '/home/farah/ws_farah/install/pose_broadcaster/share/pose_broadcaster/package.bash'
[427.238s] INFO:colcon.colcon_core.shell:Creating package script '/home/farah/ws_farah/install/pose_broadcaster/share/pose_broadcaster/package.zsh'
[427.238s] Level 1:colcon.colcon_core.environment:create_file_with_runtime_dependencies(/home/farah/ws_farah/install/pose_broadcaster/share/colcon-core/packages/pose_broadcaster)
[427.238s] INFO:colcon.colcon_ros.task.ament_cmake.build:Building ROS package in '/home/farah/ws_farah/src/ros2_controllers/range_sensor_broadcaster' with build type 'ament_cmake'
[427.238s] INFO:colcon.colcon_cmake.task.cmake.build:Building CMake package in '/home/farah/ws_farah/src/ros2_controllers/range_sensor_broadcaster'
[427.238s] INFO:colcon.colcon_core.shell:Skip shell extension 'powershell' for command environment: Not usable outside of PowerShell
[427.238s] DEBUG:colcon.colcon_core.shell:Skip shell extension 'dsv' for command environment
[427.248s] DEBUG:colcon.colcon_core.event_handler.log_command:Invoking command in '/home/farah/ws_farah/build/range_sensor_broadcaster': AMENT_PREFIX_PATH=/home/farah/ws_farah/install/hardware_interface_testing:/home/farah/ws_farah/install/controller_interface:/home/farah/ws_farah/install/hardware_interface:/home/farah/ws_farah/install/ros2_control_test_assets:${AMENT_PREFIX_PATH} CMAKE_PREFIX_PATH=/home/farah/ws_farah/install/hardware_interface_testing:/home/farah/ws_farah/install/controller_interface:/home/farah/ws_farah/install/hardware_interface:/home/farah/ws_farah/install/ros2_control_test_assets:/opt/ros/humble LD_LIBRARY_PATH=/home/farah/ws_farah/install/hardware_interface_testing/lib:/home/farah/ws_farah/install/controller_interface/lib:/home/farah/ws_farah/install/hardware_interface/lib:${LD_LIBRARY_PATH} /usr/bin/cmake /home/farah/ws_farah/src/ros2_controllers/range_sensor_broadcaster -DCMAKE_INSTALL_PREFIX=/home/farah/ws_farah/install/range_sensor_broadcaster
[428.692s] DEBUG:colcon.colcon_core.event_handler.log_command:Invoked command in '/home/farah/ws_farah/build/range_sensor_broadcaster' returned '0': AMENT_PREFIX_PATH=/home/farah/ws_farah/install/hardware_interface_testing:/home/farah/ws_farah/install/controller_interface:/home/farah/ws_farah/install/hardware_interface:/home/farah/ws_farah/install/ros2_control_test_assets:${AMENT_PREFIX_PATH} CMAKE_PREFIX_PATH=/home/farah/ws_farah/install/hardware_interface_testing:/home/farah/ws_farah/install/controller_interface:/home/farah/ws_farah/install/hardware_interface:/home/farah/ws_farah/install/ros2_control_test_assets:/opt/ros/humble LD_LIBRARY_PATH=/home/farah/ws_farah/install/hardware_interface_testing/lib:/home/farah/ws_farah/install/controller_interface/lib:/home/farah/ws_farah/install/hardware_interface/lib:${LD_LIBRARY_PATH} /usr/bin/cmake /home/farah/ws_farah/src/ros2_controllers/range_sensor_broadcaster -DCMAKE_INSTALL_PREFIX=/home/farah/ws_farah/install/range_sensor_broadcaster
[428.694s] DEBUG:colcon.colcon_core.event_handler.log_command:Invoking command in '/home/farah/ws_farah/build/range_sensor_broadcaster': AMENT_PREFIX_PATH=/home/farah/ws_farah/install/hardware_interface_testing:/home/farah/ws_farah/install/controller_interface:/home/farah/ws_farah/install/hardware_interface:/home/farah/ws_farah/install/ros2_control_test_assets:${AMENT_PREFIX_PATH} CMAKE_PREFIX_PATH=/home/farah/ws_farah/install/hardware_interface_testing:/home/farah/ws_farah/install/controller_interface:/home/farah/ws_farah/install/hardware_interface:/home/farah/ws_farah/install/ros2_control_test_assets:/opt/ros/humble LD_LIBRARY_PATH=/home/farah/ws_farah/install/hardware_interface_testing/lib:/home/farah/ws_farah/install/controller_interface/lib:/home/farah/ws_farah/install/hardware_interface/lib:${LD_LIBRARY_PATH} /usr/bin/cmake --build /home/farah/ws_farah/build/range_sensor_broadcaster -- -j8 -l8
[443.153s] DEBUG:colcon.colcon_core.event_handler.log_command:Invoked command in '/home/farah/ws_farah/build/range_sensor_broadcaster' returned '0': AMENT_PREFIX_PATH=/home/farah/ws_farah/install/hardware_interface_testing:/home/farah/ws_farah/install/controller_interface:/home/farah/ws_farah/install/hardware_interface:/home/farah/ws_farah/install/ros2_control_test_assets:${AMENT_PREFIX_PATH} CMAKE_PREFIX_PATH=/home/farah/ws_farah/install/hardware_interface_testing:/home/farah/ws_farah/install/controller_interface:/home/farah/ws_farah/install/hardware_interface:/home/farah/ws_farah/install/ros2_control_test_assets:/opt/ros/humble LD_LIBRARY_PATH=/home/farah/ws_farah/install/hardware_interface_testing/lib:/home/farah/ws_farah/install/controller_interface/lib:/home/farah/ws_farah/install/hardware_interface/lib:${LD_LIBRARY_PATH} /usr/bin/cmake --build /home/farah/ws_farah/build/range_sensor_broadcaster -- -j8 -l8
[443.155s] DEBUG:colcon.colcon_core.event_handler.log_command:Invoking command in '/home/farah/ws_farah/build/range_sensor_broadcaster': AMENT_PREFIX_PATH=/home/farah/ws_farah/install/hardware_interface_testing:/home/farah/ws_farah/install/controller_interface:/home/farah/ws_farah/install/hardware_interface:/home/farah/ws_farah/install/ros2_control_test_assets:${AMENT_PREFIX_PATH} CMAKE_PREFIX_PATH=/home/farah/ws_farah/install/hardware_interface_testing:/home/farah/ws_farah/install/controller_interface:/home/farah/ws_farah/install/hardware_interface:/home/farah/ws_farah/install/ros2_control_test_assets:/opt/ros/humble LD_LIBRARY_PATH=/home/farah/ws_farah/install/hardware_interface_testing/lib:/home/farah/ws_farah/install/controller_interface/lib:/home/farah/ws_farah/install/hardware_interface/lib:${LD_LIBRARY_PATH} /usr/bin/cmake --install /home/farah/ws_farah/build/range_sensor_broadcaster
[443.167s] Level 1:colcon.colcon_core.environment:create_environment_scripts_only(range_sensor_broadcaster)
[443.167s] Level 1:colcon.colcon_core.environment:checking '/home/farah/ws_farah/install/range_sensor_broadcaster' for CMake module files
[443.167s] DEBUG:colcon.colcon_core.event_handler.log_command:Invoked command in '/home/farah/ws_farah/build/range_sensor_broadcaster' returned '0': AMENT_PREFIX_PATH=/home/farah/ws_farah/install/hardware_interface_testing:/home/farah/ws_farah/install/controller_interface:/home/farah/ws_farah/install/hardware_interface:/home/farah/ws_farah/install/ros2_control_test_assets:${AMENT_PREFIX_PATH} CMAKE_PREFIX_PATH=/home/farah/ws_farah/install/hardware_interface_testing:/home/farah/ws_farah/install/controller_interface:/home/farah/ws_farah/install/hardware_interface:/home/farah/ws_farah/install/ros2_control_test_assets:/opt/ros/humble LD_LIBRARY_PATH=/home/farah/ws_farah/install/hardware_interface_testing/lib:/home/farah/ws_farah/install/controller_interface/lib:/home/farah/ws_farah/install/hardware_interface/lib:${LD_LIBRARY_PATH} /usr/bin/cmake --install /home/farah/ws_farah/build/range_sensor_broadcaster
[443.168s] Level 1:colcon.colcon_core.environment:checking '/home/farah/ws_farah/install/range_sensor_broadcaster' for CMake config files
[443.168s] Level 1:colcon.colcon_core.shell:create_environment_hook('range_sensor_broadcaster', 'cmake_prefix_path')
[443.168s] INFO:colcon.colcon_core.shell:Creating environment hook '/home/farah/ws_farah/install/range_sensor_broadcaster/share/range_sensor_broadcaster/hook/cmake_prefix_path.ps1'
[443.168s] INFO:colcon.colcon_core.shell:Creating environment descriptor '/home/farah/ws_farah/install/range_sensor_broadcaster/share/range_sensor_broadcaster/hook/cmake_prefix_path.dsv'
[443.168s] INFO:colcon.colcon_core.shell:Creating environment hook '/home/farah/ws_farah/install/range_sensor_broadcaster/share/range_sensor_broadcaster/hook/cmake_prefix_path.sh'
[443.169s] Level 1:colcon.colcon_core.environment:checking '/home/farah/ws_farah/install/range_sensor_broadcaster/lib'
[443.169s] Level 1:colcon.colcon_core.shell:create_environment_hook('range_sensor_broadcaster', 'ld_library_path_lib')
[443.169s] INFO:colcon.colcon_core.shell:Creating environment hook '/home/farah/ws_farah/install/range_sensor_broadcaster/share/range_sensor_broadcaster/hook/ld_library_path_lib.ps1'
[443.169s] INFO:colcon.colcon_core.shell:Creating environment descriptor '/home/farah/ws_farah/install/range_sensor_broadcaster/share/range_sensor_broadcaster/hook/ld_library_path_lib.dsv'
[443.170s] INFO:colcon.colcon_core.shell:Creating environment hook '/home/farah/ws_farah/install/range_sensor_broadcaster/share/range_sensor_broadcaster/hook/ld_library_path_lib.sh'
[443.170s] Level 1:colcon.colcon_core.environment:checking '/home/farah/ws_farah/install/range_sensor_broadcaster/bin'
[443.170s] Level 1:colcon.colcon_core.environment:checking '/home/farah/ws_farah/install/range_sensor_broadcaster/lib/pkgconfig/range_sensor_broadcaster.pc'
[443.170s] Level 1:colcon.colcon_core.environment:checking '/home/farah/ws_farah/install/range_sensor_broadcaster/lib/python3.10/site-packages'
[443.170s] Level 1:colcon.colcon_core.environment:checking '/home/farah/ws_farah/install/range_sensor_broadcaster/bin'
[443.171s] INFO:colcon.colcon_core.shell:Creating package script '/home/farah/ws_farah/install/range_sensor_broadcaster/share/range_sensor_broadcaster/package.ps1'
[443.171s] INFO:colcon.colcon_core.shell:Creating package descriptor '/home/farah/ws_farah/install/range_sensor_broadcaster/share/range_sensor_broadcaster/package.dsv'
[443.171s] INFO:colcon.colcon_core.shell:Creating package script '/home/farah/ws_farah/install/range_sensor_broadcaster/share/range_sensor_broadcaster/package.sh'
[443.172s] INFO:colcon.colcon_core.shell:Creating package script '/home/farah/ws_farah/install/range_sensor_broadcaster/share/range_sensor_broadcaster/package.bash'
[443.172s] INFO:colcon.colcon_core.shell:Creating package script '/home/farah/ws_farah/install/range_sensor_broadcaster/share/range_sensor_broadcaster/package.zsh'
[443.172s] Level 1:colcon.colcon_core.environment:create_file_with_runtime_dependencies(/home/farah/ws_farah/install/range_sensor_broadcaster/share/colcon-core/packages/range_sensor_broadcaster)
[443.173s] Level 1:colcon.colcon_core.environment:create_environment_scripts_only(range_sensor_broadcaster)
[443.173s] Level 1:colcon.colcon_core.environment:checking '/home/farah/ws_farah/install/range_sensor_broadcaster' for CMake module files
[443.174s] Level 1:colcon.colcon_core.environment:checking '/home/farah/ws_farah/install/range_sensor_broadcaster' for CMake config files
[443.174s] Level 1:colcon.colcon_core.shell:create_environment_hook('range_sensor_broadcaster', 'cmake_prefix_path')
[443.174s] INFO:colcon.colcon_core.shell:Creating environment hook '/home/farah/ws_farah/install/range_sensor_broadcaster/share/range_sensor_broadcaster/hook/cmake_prefix_path.ps1'
[443.174s] INFO:colcon.colcon_core.shell:Creating environment descriptor '/home/farah/ws_farah/install/range_sensor_broadcaster/share/range_sensor_broadcaster/hook/cmake_prefix_path.dsv'
[443.174s] INFO:colcon.colcon_core.shell:Creating environment hook '/home/farah/ws_farah/install/range_sensor_broadcaster/share/range_sensor_broadcaster/hook/cmake_prefix_path.sh'
[443.175s] Level 1:colcon.colcon_core.environment:checking '/home/farah/ws_farah/install/range_sensor_broadcaster/lib'
[443.175s] Level 1:colcon.colcon_core.shell:create_environment_hook('range_sensor_broadcaster', 'ld_library_path_lib')
[443.175s] INFO:colcon.colcon_core.shell:Creating environment hook '/home/farah/ws_farah/install/range_sensor_broadcaster/share/range_sensor_broadcaster/hook/ld_library_path_lib.ps1'
[443.175s] INFO:colcon.colcon_core.shell:Creating environment descriptor '/home/farah/ws_farah/install/range_sensor_broadcaster/share/range_sensor_broadcaster/hook/ld_library_path_lib.dsv'
[443.176s] INFO:colcon.colcon_core.shell:Creating environment hook '/home/farah/ws_farah/install/range_sensor_broadcaster/share/range_sensor_broadcaster/hook/ld_library_path_lib.sh'
[443.176s] Level 1:colcon.colcon_core.environment:checking '/home/farah/ws_farah/install/range_sensor_broadcaster/bin'
[443.176s] Level 1:colcon.colcon_core.environment:checking '/home/farah/ws_farah/install/range_sensor_broadcaster/lib/pkgconfig/range_sensor_broadcaster.pc'
[443.176s] Level 1:colcon.colcon_core.environment:checking '/home/farah/ws_farah/install/range_sensor_broadcaster/lib/python3.10/site-packages'
[443.176s] Level 1:colcon.colcon_core.environment:checking '/home/farah/ws_farah/install/range_sensor_broadcaster/bin'
[443.177s] INFO:colcon.colcon_core.shell:Creating package script '/home/farah/ws_farah/install/range_sensor_broadcaster/share/range_sensor_broadcaster/package.ps1'
[443.177s] INFO:colcon.colcon_core.shell:Creating package descriptor '/home/farah/ws_farah/install/range_sensor_broadcaster/share/range_sensor_broadcaster/package.dsv'
[443.177s] INFO:colcon.colcon_core.shell:Creating package script '/home/farah/ws_farah/install/range_sensor_broadcaster/share/range_sensor_broadcaster/package.sh'
[443.178s] INFO:colcon.colcon_core.shell:Creating package script '/home/farah/ws_farah/install/range_sensor_broadcaster/share/range_sensor_broadcaster/package.bash'
[443.178s] INFO:colcon.colcon_core.shell:Creating package script '/home/farah/ws_farah/install/range_sensor_broadcaster/share/range_sensor_broadcaster/package.zsh'
[443.178s] Level 1:colcon.colcon_core.environment:create_file_with_runtime_dependencies(/home/farah/ws_farah/install/range_sensor_broadcaster/share/colcon-core/packages/range_sensor_broadcaster)
[443.179s] INFO:colcon.colcon_ros.task.ament_cmake.build:Building ROS package in '/home/farah/ws_farah/src/ros2_controllers/tricycle_controller' with build type 'ament_cmake'
[443.179s] INFO:colcon.colcon_cmake.task.cmake.build:Building CMake package in '/home/farah/ws_farah/src/ros2_controllers/tricycle_controller'
[443.179s] INFO:colcon.colcon_core.shell:Skip shell extension 'powershell' for command environment: Not usable outside of PowerShell
[443.179s] DEBUG:colcon.colcon_core.shell:Skip shell extension 'dsv' for command environment
[443.188s] DEBUG:colcon.colcon_core.event_handler.log_command:Invoking command in '/home/farah/ws_farah/build/tricycle_controller': AMENT_PREFIX_PATH=/home/farah/ws_farah/install/hardware_interface_testing:/home/farah/ws_farah/install/controller_interface:/home/farah/ws_farah/install/hardware_interface:/home/farah/ws_farah/install/ros2_control_test_assets:${AMENT_PREFIX_PATH} CMAKE_PREFIX_PATH=/home/farah/ws_farah/install/hardware_interface_testing:/home/farah/ws_farah/install/controller_interface:/home/farah/ws_farah/install/hardware_interface:/home/farah/ws_farah/install/ros2_control_test_assets:/opt/ros/humble LD_LIBRARY_PATH=/home/farah/ws_farah/install/hardware_interface_testing/lib:/home/farah/ws_farah/install/controller_interface/lib:/home/farah/ws_farah/install/hardware_interface/lib:${LD_LIBRARY_PATH} /usr/bin/cmake /home/farah/ws_farah/src/ros2_controllers/tricycle_controller -DCMAKE_INSTALL_PREFIX=/home/farah/ws_farah/install/tricycle_controller
[444.661s] DEBUG:colcon.colcon_core.event_handler.log_command:Invoked command in '/home/farah/ws_farah/build/tricycle_controller' returned '0': AMENT_PREFIX_PATH=/home/farah/ws_farah/install/hardware_interface_testing:/home/farah/ws_farah/install/controller_interface:/home/farah/ws_farah/install/hardware_interface:/home/farah/ws_farah/install/ros2_control_test_assets:${AMENT_PREFIX_PATH} CMAKE_PREFIX_PATH=/home/farah/ws_farah/install/hardware_interface_testing:/home/farah/ws_farah/install/controller_interface:/home/farah/ws_farah/install/hardware_interface:/home/farah/ws_farah/install/ros2_control_test_assets:/opt/ros/humble LD_LIBRARY_PATH=/home/farah/ws_farah/install/hardware_interface_testing/lib:/home/farah/ws_farah/install/controller_interface/lib:/home/farah/ws_farah/install/hardware_interface/lib:${LD_LIBRARY_PATH} /usr/bin/cmake /home/farah/ws_farah/src/ros2_controllers/tricycle_controller -DCMAKE_INSTALL_PREFIX=/home/farah/ws_farah/install/tricycle_controller
[444.662s] DEBUG:colcon.colcon_core.event_handler.log_command:Invoking command in '/home/farah/ws_farah/build/tricycle_controller': AMENT_PREFIX_PATH=/home/farah/ws_farah/install/hardware_interface_testing:/home/farah/ws_farah/install/controller_interface:/home/farah/ws_farah/install/hardware_interface:/home/farah/ws_farah/install/ros2_control_test_assets:${AMENT_PREFIX_PATH} CMAKE_PREFIX_PATH=/home/farah/ws_farah/install/hardware_interface_testing:/home/farah/ws_farah/install/controller_interface:/home/farah/ws_farah/install/hardware_interface:/home/farah/ws_farah/install/ros2_control_test_assets:/opt/ros/humble LD_LIBRARY_PATH=/home/farah/ws_farah/install/hardware_interface_testing/lib:/home/farah/ws_farah/install/controller_interface/lib:/home/farah/ws_farah/install/hardware_interface/lib:${LD_LIBRARY_PATH} /usr/bin/cmake --build /home/farah/ws_farah/build/tricycle_controller -- -j8 -l8
[464.979s] DEBUG:colcon.colcon_core.event_handler.log_command:Invoked command in '/home/farah/ws_farah/build/tricycle_controller' returned '0': AMENT_PREFIX_PATH=/home/farah/ws_farah/install/hardware_interface_testing:/home/farah/ws_farah/install/controller_interface:/home/farah/ws_farah/install/hardware_interface:/home/farah/ws_farah/install/ros2_control_test_assets:${AMENT_PREFIX_PATH} CMAKE_PREFIX_PATH=/home/farah/ws_farah/install/hardware_interface_testing:/home/farah/ws_farah/install/controller_interface:/home/farah/ws_farah/install/hardware_interface:/home/farah/ws_farah/install/ros2_control_test_assets:/opt/ros/humble LD_LIBRARY_PATH=/home/farah/ws_farah/install/hardware_interface_testing/lib:/home/farah/ws_farah/install/controller_interface/lib:/home/farah/ws_farah/install/hardware_interface/lib:${LD_LIBRARY_PATH} /usr/bin/cmake --build /home/farah/ws_farah/build/tricycle_controller -- -j8 -l8
[464.980s] DEBUG:colcon.colcon_core.event_handler.log_command:Invoking command in '/home/farah/ws_farah/build/tricycle_controller': AMENT_PREFIX_PATH=/home/farah/ws_farah/install/hardware_interface_testing:/home/farah/ws_farah/install/controller_interface:/home/farah/ws_farah/install/hardware_interface:/home/farah/ws_farah/install/ros2_control_test_assets:${AMENT_PREFIX_PATH} CMAKE_PREFIX_PATH=/home/farah/ws_farah/install/hardware_interface_testing:/home/farah/ws_farah/install/controller_interface:/home/farah/ws_farah/install/hardware_interface:/home/farah/ws_farah/install/ros2_control_test_assets:/opt/ros/humble LD_LIBRARY_PATH=/home/farah/ws_farah/install/hardware_interface_testing/lib:/home/farah/ws_farah/install/controller_interface/lib:/home/farah/ws_farah/install/hardware_interface/lib:${LD_LIBRARY_PATH} /usr/bin/cmake --install /home/farah/ws_farah/build/tricycle_controller
[465.001s] Level 1:colcon.colcon_core.environment:create_environment_scripts_only(tricycle_controller)
[465.002s] Level 1:colcon.colcon_core.environment:checking '/home/farah/ws_farah/install/tricycle_controller' for CMake module files
[465.002s] DEBUG:colcon.colcon_core.event_handler.log_command:Invoked command in '/home/farah/ws_farah/build/tricycle_controller' returned '0': AMENT_PREFIX_PATH=/home/farah/ws_farah/install/hardware_interface_testing:/home/farah/ws_farah/install/controller_interface:/home/farah/ws_farah/install/hardware_interface:/home/farah/ws_farah/install/ros2_control_test_assets:${AMENT_PREFIX_PATH} CMAKE_PREFIX_PATH=/home/farah/ws_farah/install/hardware_interface_testing:/home/farah/ws_farah/install/controller_interface:/home/farah/ws_farah/install/hardware_interface:/home/farah/ws_farah/install/ros2_control_test_assets:/opt/ros/humble LD_LIBRARY_PATH=/home/farah/ws_farah/install/hardware_interface_testing/lib:/home/farah/ws_farah/install/controller_interface/lib:/home/farah/ws_farah/install/hardware_interface/lib:${LD_LIBRARY_PATH} /usr/bin/cmake --install /home/farah/ws_farah/build/tricycle_controller
[465.003s] Level 1:colcon.colcon_core.environment:checking '/home/farah/ws_farah/install/tricycle_controller' for CMake config files
[465.003s] Level 1:colcon.colcon_core.shell:create_environment_hook('tricycle_controller', 'cmake_prefix_path')
[465.003s] INFO:colcon.colcon_core.shell:Creating environment hook '/home/farah/ws_farah/install/tricycle_controller/share/tricycle_controller/hook/cmake_prefix_path.ps1'
[465.003s] INFO:colcon.colcon_core.shell:Creating environment descriptor '/home/farah/ws_farah/install/tricycle_controller/share/tricycle_controller/hook/cmake_prefix_path.dsv'
[465.003s] INFO:colcon.colcon_core.shell:Creating environment hook '/home/farah/ws_farah/install/tricycle_controller/share/tricycle_controller/hook/cmake_prefix_path.sh'
[465.004s] Level 1:colcon.colcon_core.environment:checking '/home/farah/ws_farah/install/tricycle_controller/lib'
[465.004s] Level 1:colcon.colcon_core.shell:create_environment_hook('tricycle_controller', 'ld_library_path_lib')
[465.004s] INFO:colcon.colcon_core.shell:Creating environment hook '/home/farah/ws_farah/install/tricycle_controller/share/tricycle_controller/hook/ld_library_path_lib.ps1'
[465.004s] INFO:colcon.colcon_core.shell:Creating environment descriptor '/home/farah/ws_farah/install/tricycle_controller/share/tricycle_controller/hook/ld_library_path_lib.dsv'
[465.005s] INFO:colcon.colcon_core.shell:Creating environment hook '/home/farah/ws_farah/install/tricycle_controller/share/tricycle_controller/hook/ld_library_path_lib.sh'
[465.005s] Level 1:colcon.colcon_core.environment:checking '/home/farah/ws_farah/install/tricycle_controller/bin'
[465.005s] Level 1:colcon.colcon_core.environment:checking '/home/farah/ws_farah/install/tricycle_controller/lib/pkgconfig/tricycle_controller.pc'
[465.005s] Level 1:colcon.colcon_core.environment:checking '/home/farah/ws_farah/install/tricycle_controller/lib/python3.10/site-packages'
[465.005s] Level 1:colcon.colcon_core.environment:checking '/home/farah/ws_farah/install/tricycle_controller/bin'
[465.006s] INFO:colcon.colcon_core.shell:Creating package script '/home/farah/ws_farah/install/tricycle_controller/share/tricycle_controller/package.ps1'
[465.006s] INFO:colcon.colcon_core.shell:Creating package descriptor '/home/farah/ws_farah/install/tricycle_controller/share/tricycle_controller/package.dsv'
[465.006s] INFO:colcon.colcon_core.shell:Creating package script '/home/farah/ws_farah/install/tricycle_controller/share/tricycle_controller/package.sh'
[465.007s] INFO:colcon.colcon_core.shell:Creating package script '/home/farah/ws_farah/install/tricycle_controller/share/tricycle_controller/package.bash'
[465.007s] INFO:colcon.colcon_core.shell:Creating package script '/home/farah/ws_farah/install/tricycle_controller/share/tricycle_controller/package.zsh'
[465.007s] Level 1:colcon.colcon_core.environment:create_file_with_runtime_dependencies(/home/farah/ws_farah/install/tricycle_controller/share/colcon-core/packages/tricycle_controller)
[465.008s] Level 1:colcon.colcon_core.environment:create_environment_scripts_only(tricycle_controller)
[465.008s] Level 1:colcon.colcon_core.environment:checking '/home/farah/ws_farah/install/tricycle_controller' for CMake module files
[465.008s] Level 1:colcon.colcon_core.environment:checking '/home/farah/ws_farah/install/tricycle_controller' for CMake config files
[465.008s] Level 1:colcon.colcon_core.shell:create_environment_hook('tricycle_controller', 'cmake_prefix_path')
[465.008s] INFO:colcon.colcon_core.shell:Creating environment hook '/home/farah/ws_farah/install/tricycle_controller/share/tricycle_controller/hook/cmake_prefix_path.ps1'
[465.009s] INFO:colcon.colcon_core.shell:Creating environment descriptor '/home/farah/ws_farah/install/tricycle_controller/share/tricycle_controller/hook/cmake_prefix_path.dsv'
[465.009s] INFO:colcon.colcon_core.shell:Creating environment hook '/home/farah/ws_farah/install/tricycle_controller/share/tricycle_controller/hook/cmake_prefix_path.sh'
[465.009s] Level 1:colcon.colcon_core.environment:checking '/home/farah/ws_farah/install/tricycle_controller/lib'
[465.009s] Level 1:colcon.colcon_core.shell:create_environment_hook('tricycle_controller', 'ld_library_path_lib')
[465.010s] INFO:colcon.colcon_core.shell:Creating environment hook '/home/farah/ws_farah/install/tricycle_controller/share/tricycle_controller/hook/ld_library_path_lib.ps1'
[465.010s] INFO:colcon.colcon_core.shell:Creating environment descriptor '/home/farah/ws_farah/install/tricycle_controller/share/tricycle_controller/hook/ld_library_path_lib.dsv'
[465.010s] INFO:colcon.colcon_core.shell:Creating environment hook '/home/farah/ws_farah/install/tricycle_controller/share/tricycle_controller/hook/ld_library_path_lib.sh'
[465.010s] Level 1:colcon.colcon_core.environment:checking '/home/farah/ws_farah/install/tricycle_controller/bin'
[465.010s] Level 1:colcon.colcon_core.environment:checking '/home/farah/ws_farah/install/tricycle_controller/lib/pkgconfig/tricycle_controller.pc'
[465.011s] Level 1:colcon.colcon_core.environment:checking '/home/farah/ws_farah/install/tricycle_controller/lib/python3.10/site-packages'
[465.011s] Level 1:colcon.colcon_core.environment:checking '/home/farah/ws_farah/install/tricycle_controller/bin'
[465.011s] INFO:colcon.colcon_core.shell:Creating package script '/home/farah/ws_farah/install/tricycle_controller/share/tricycle_controller/package.ps1'
[465.011s] INFO:colcon.colcon_core.shell:Creating package descriptor '/home/farah/ws_farah/install/tricycle_controller/share/tricycle_controller/package.dsv'
[465.012s] INFO:colcon.colcon_core.shell:Creating package script '/home/farah/ws_farah/install/tricycle_controller/share/tricycle_controller/package.sh'
[465.012s] INFO:colcon.colcon_core.shell:Creating package script '/home/farah/ws_farah/install/tricycle_controller/share/tricycle_controller/package.bash'
[465.012s] INFO:colcon.colcon_core.shell:Creating package script '/home/farah/ws_farah/install/tricycle_controller/share/tricycle_controller/package.zsh'
[465.013s] Level 1:colcon.colcon_core.environment:create_file_with_runtime_dependencies(/home/farah/ws_farah/install/tricycle_controller/share/colcon-core/packages/tricycle_controller)
[465.013s] INFO:colcon.colcon_ros.task.ament_cmake.build:Building ROS package in '/home/farah/ws_farah/src/ros2_controllers/ackermann_steering_controller' with build type 'ament_cmake'
[465.013s] INFO:colcon.colcon_cmake.task.cmake.build:Building CMake package in '/home/farah/ws_farah/src/ros2_controllers/ackermann_steering_controller'
[465.013s] INFO:colcon.colcon_core.shell:Skip shell extension 'powershell' for command environment: Not usable outside of PowerShell
[465.014s] DEBUG:colcon.colcon_core.shell:Skip shell extension 'dsv' for command environment
[465.024s] DEBUG:colcon.colcon_core.event_handler.log_command:Invoking command in '/home/farah/ws_farah/build/ackermann_steering_controller': AMENT_PREFIX_PATH=/home/farah/ws_farah/install/steering_controllers_library:/home/farah/ws_farah/install/hardware_interface_testing:/home/farah/ws_farah/install/controller_interface:/home/farah/ws_farah/install/hardware_interface:/home/farah/ws_farah/install/ros2_control_test_assets:${AMENT_PREFIX_PATH} CMAKE_PREFIX_PATH=/home/farah/ws_farah/install/steering_controllers_library:/home/farah/ws_farah/install/hardware_interface_testing:/home/farah/ws_farah/install/controller_interface:/home/farah/ws_farah/install/hardware_interface:/home/farah/ws_farah/install/ros2_control_test_assets:/opt/ros/humble LD_LIBRARY_PATH=/home/farah/ws_farah/install/steering_controllers_library/lib:/home/farah/ws_farah/install/hardware_interface_testing/lib:/home/farah/ws_farah/install/controller_interface/lib:/home/farah/ws_farah/install/hardware_interface/lib:${LD_LIBRARY_PATH} /usr/bin/cmake /home/farah/ws_farah/src/ros2_controllers/ackermann_steering_controller -DCMAKE_INSTALL_PREFIX=/home/farah/ws_farah/install/ackermann_steering_controller
[466.608s] DEBUG:colcon.colcon_core.event_handler.log_command:Invoked command in '/home/farah/ws_farah/build/ackermann_steering_controller' returned '0': AMENT_PREFIX_PATH=/home/farah/ws_farah/install/steering_controllers_library:/home/farah/ws_farah/install/hardware_interface_testing:/home/farah/ws_farah/install/controller_interface:/home/farah/ws_farah/install/hardware_interface:/home/farah/ws_farah/install/ros2_control_test_assets:${AMENT_PREFIX_PATH} CMAKE_PREFIX_PATH=/home/farah/ws_farah/install/steering_controllers_library:/home/farah/ws_farah/install/hardware_interface_testing:/home/farah/ws_farah/install/controller_interface:/home/farah/ws_farah/install/hardware_interface:/home/farah/ws_farah/install/ros2_control_test_assets:/opt/ros/humble LD_LIBRARY_PATH=/home/farah/ws_farah/install/steering_controllers_library/lib:/home/farah/ws_farah/install/hardware_interface_testing/lib:/home/farah/ws_farah/install/controller_interface/lib:/home/farah/ws_farah/install/hardware_interface/lib:${LD_LIBRARY_PATH} /usr/bin/cmake /home/farah/ws_farah/src/ros2_controllers/ackermann_steering_controller -DCMAKE_INSTALL_PREFIX=/home/farah/ws_farah/install/ackermann_steering_controller
[466.609s] DEBUG:colcon.colcon_core.event_handler.log_command:Invoking command in '/home/farah/ws_farah/build/ackermann_steering_controller': AMENT_PREFIX_PATH=/home/farah/ws_farah/install/steering_controllers_library:/home/farah/ws_farah/install/hardware_interface_testing:/home/farah/ws_farah/install/controller_interface:/home/farah/ws_farah/install/hardware_interface:/home/farah/ws_farah/install/ros2_control_test_assets:${AMENT_PREFIX_PATH} CMAKE_PREFIX_PATH=/home/farah/ws_farah/install/steering_controllers_library:/home/farah/ws_farah/install/hardware_interface_testing:/home/farah/ws_farah/install/controller_interface:/home/farah/ws_farah/install/hardware_interface:/home/farah/ws_farah/install/ros2_control_test_assets:/opt/ros/humble LD_LIBRARY_PATH=/home/farah/ws_farah/install/steering_controllers_library/lib:/home/farah/ws_farah/install/hardware_interface_testing/lib:/home/farah/ws_farah/install/controller_interface/lib:/home/farah/ws_farah/install/hardware_interface/lib:${LD_LIBRARY_PATH} /usr/bin/cmake --build /home/farah/ws_farah/build/ackermann_steering_controller -- -j8 -l8
[483.665s] DEBUG:colcon.colcon_core.event_handler.log_command:Invoked command in '/home/farah/ws_farah/build/ackermann_steering_controller' returned '0': AMENT_PREFIX_PATH=/home/farah/ws_farah/install/steering_controllers_library:/home/farah/ws_farah/install/hardware_interface_testing:/home/farah/ws_farah/install/controller_interface:/home/farah/ws_farah/install/hardware_interface:/home/farah/ws_farah/install/ros2_control_test_assets:${AMENT_PREFIX_PATH} CMAKE_PREFIX_PATH=/home/farah/ws_farah/install/steering_controllers_library:/home/farah/ws_farah/install/hardware_interface_testing:/home/farah/ws_farah/install/controller_interface:/home/farah/ws_farah/install/hardware_interface:/home/farah/ws_farah/install/ros2_control_test_assets:/opt/ros/humble LD_LIBRARY_PATH=/home/farah/ws_farah/install/steering_controllers_library/lib:/home/farah/ws_farah/install/hardware_interface_testing/lib:/home/farah/ws_farah/install/controller_interface/lib:/home/farah/ws_farah/install/hardware_interface/lib:${LD_LIBRARY_PATH} /usr/bin/cmake --build /home/farah/ws_farah/build/ackermann_steering_controller -- -j8 -l8
[483.667s] DEBUG:colcon.colcon_core.event_handler.log_command:Invoking command in '/home/farah/ws_farah/build/ackermann_steering_controller': AMENT_PREFIX_PATH=/home/farah/ws_farah/install/steering_controllers_library:/home/farah/ws_farah/install/hardware_interface_testing:/home/farah/ws_farah/install/controller_interface:/home/farah/ws_farah/install/hardware_interface:/home/farah/ws_farah/install/ros2_control_test_assets:${AMENT_PREFIX_PATH} CMAKE_PREFIX_PATH=/home/farah/ws_farah/install/steering_controllers_library:/home/farah/ws_farah/install/hardware_interface_testing:/home/farah/ws_farah/install/controller_interface:/home/farah/ws_farah/install/hardware_interface:/home/farah/ws_farah/install/ros2_control_test_assets:/opt/ros/humble LD_LIBRARY_PATH=/home/farah/ws_farah/install/steering_controllers_library/lib:/home/farah/ws_farah/install/hardware_interface_testing/lib:/home/farah/ws_farah/install/controller_interface/lib:/home/farah/ws_farah/install/hardware_interface/lib:${LD_LIBRARY_PATH} /usr/bin/cmake --install /home/farah/ws_farah/build/ackermann_steering_controller
[483.679s] Level 1:colcon.colcon_core.environment:create_environment_scripts_only(ackermann_steering_controller)
[483.679s] DEBUG:colcon.colcon_core.event_handler.log_command:Invoked command in '/home/farah/ws_farah/build/ackermann_steering_controller' returned '0': AMENT_PREFIX_PATH=/home/farah/ws_farah/install/steering_controllers_library:/home/farah/ws_farah/install/hardware_interface_testing:/home/farah/ws_farah/install/controller_interface:/home/farah/ws_farah/install/hardware_interface:/home/farah/ws_farah/install/ros2_control_test_assets:${AMENT_PREFIX_PATH} CMAKE_PREFIX_PATH=/home/farah/ws_farah/install/steering_controllers_library:/home/farah/ws_farah/install/hardware_interface_testing:/home/farah/ws_farah/install/controller_interface:/home/farah/ws_farah/install/hardware_interface:/home/farah/ws_farah/install/ros2_control_test_assets:/opt/ros/humble LD_LIBRARY_PATH=/home/farah/ws_farah/install/steering_controllers_library/lib:/home/farah/ws_farah/install/hardware_interface_testing/lib:/home/farah/ws_farah/install/controller_interface/lib:/home/farah/ws_farah/install/hardware_interface/lib:${LD_LIBRARY_PATH} /usr/bin/cmake --install /home/farah/ws_farah/build/ackermann_steering_controller
[483.679s] Level 1:colcon.colcon_core.environment:checking '/home/farah/ws_farah/install/ackermann_steering_controller' for CMake module files
[483.679s] Level 1:colcon.colcon_core.environment:checking '/home/farah/ws_farah/install/ackermann_steering_controller' for CMake config files
[483.680s] Level 1:colcon.colcon_core.shell:create_environment_hook('ackermann_steering_controller', 'cmake_prefix_path')
[483.680s] INFO:colcon.colcon_core.shell:Creating environment hook '/home/farah/ws_farah/install/ackermann_steering_controller/share/ackermann_steering_controller/hook/cmake_prefix_path.ps1'
[483.680s] INFO:colcon.colcon_core.shell:Creating environment descriptor '/home/farah/ws_farah/install/ackermann_steering_controller/share/ackermann_steering_controller/hook/cmake_prefix_path.dsv'
[483.680s] INFO:colcon.colcon_core.shell:Creating environment hook '/home/farah/ws_farah/install/ackermann_steering_controller/share/ackermann_steering_controller/hook/cmake_prefix_path.sh'
[483.681s] Level 1:colcon.colcon_core.environment:checking '/home/farah/ws_farah/install/ackermann_steering_controller/lib'
[483.681s] Level 1:colcon.colcon_core.shell:create_environment_hook('ackermann_steering_controller', 'ld_library_path_lib')
[483.681s] INFO:colcon.colcon_core.shell:Creating environment hook '/home/farah/ws_farah/install/ackermann_steering_controller/share/ackermann_steering_controller/hook/ld_library_path_lib.ps1'
[483.681s] INFO:colcon.colcon_core.shell:Creating environment descriptor '/home/farah/ws_farah/install/ackermann_steering_controller/share/ackermann_steering_controller/hook/ld_library_path_lib.dsv'
[483.682s] INFO:colcon.colcon_core.shell:Creating environment hook '/home/farah/ws_farah/install/ackermann_steering_controller/share/ackermann_steering_controller/hook/ld_library_path_lib.sh'
[483.682s] Level 1:colcon.colcon_core.environment:checking '/home/farah/ws_farah/install/ackermann_steering_controller/bin'
[483.682s] Level 1:colcon.colcon_core.environment:checking '/home/farah/ws_farah/install/ackermann_steering_controller/lib/pkgconfig/ackermann_steering_controller.pc'
[483.682s] Level 1:colcon.colcon_core.environment:checking '/home/farah/ws_farah/install/ackermann_steering_controller/lib/python3.10/site-packages'
[483.682s] Level 1:colcon.colcon_core.environment:checking '/home/farah/ws_farah/install/ackermann_steering_controller/bin'
[483.683s] INFO:colcon.colcon_core.shell:Creating package script '/home/farah/ws_farah/install/ackermann_steering_controller/share/ackermann_steering_controller/package.ps1'
[483.683s] INFO:colcon.colcon_core.shell:Creating package descriptor '/home/farah/ws_farah/install/ackermann_steering_controller/share/ackermann_steering_controller/package.dsv'
[483.683s] INFO:colcon.colcon_core.shell:Creating package script '/home/farah/ws_farah/install/ackermann_steering_controller/share/ackermann_steering_controller/package.sh'
[483.684s] INFO:colcon.colcon_core.shell:Creating package script '/home/farah/ws_farah/install/ackermann_steering_controller/share/ackermann_steering_controller/package.bash'
[483.684s] INFO:colcon.colcon_core.shell:Creating package script '/home/farah/ws_farah/install/ackermann_steering_controller/share/ackermann_steering_controller/package.zsh'
[483.684s] Level 1:colcon.colcon_core.environment:create_file_with_runtime_dependencies(/home/farah/ws_farah/install/ackermann_steering_controller/share/colcon-core/packages/ackermann_steering_controller)
[483.685s] Level 1:colcon.colcon_core.environment:create_environment_scripts_only(ackermann_steering_controller)
[483.685s] Level 1:colcon.colcon_core.environment:checking '/home/farah/ws_farah/install/ackermann_steering_controller' for CMake module files
[483.685s] Level 1:colcon.colcon_core.environment:checking '/home/farah/ws_farah/install/ackermann_steering_controller' for CMake config files
[483.685s] Level 1:colcon.colcon_core.shell:create_environment_hook('ackermann_steering_controller', 'cmake_prefix_path')
[483.686s] INFO:colcon.colcon_core.shell:Creating environment hook '/home/farah/ws_farah/install/ackermann_steering_controller/share/ackermann_steering_controller/hook/cmake_prefix_path.ps1'
[483.686s] INFO:colcon.colcon_core.shell:Creating environment descriptor '/home/farah/ws_farah/install/ackermann_steering_controller/share/ackermann_steering_controller/hook/cmake_prefix_path.dsv'
[483.686s] INFO:colcon.colcon_core.shell:Creating environment hook '/home/farah/ws_farah/install/ackermann_steering_controller/share/ackermann_steering_controller/hook/cmake_prefix_path.sh'
[483.687s] Level 1:colcon.colcon_core.environment:checking '/home/farah/ws_farah/install/ackermann_steering_controller/lib'
[483.687s] Level 1:colcon.colcon_core.shell:create_environment_hook('ackermann_steering_controller', 'ld_library_path_lib')
[483.687s] INFO:colcon.colcon_core.shell:Creating environment hook '/home/farah/ws_farah/install/ackermann_steering_controller/share/ackermann_steering_controller/hook/ld_library_path_lib.ps1'
[483.687s] INFO:colcon.colcon_core.shell:Creating environment descriptor '/home/farah/ws_farah/install/ackermann_steering_controller/share/ackermann_steering_controller/hook/ld_library_path_lib.dsv'
[483.687s] INFO:colcon.colcon_core.shell:Creating environment hook '/home/farah/ws_farah/install/ackermann_steering_controller/share/ackermann_steering_controller/hook/ld_library_path_lib.sh'
[483.688s] Level 1:colcon.colcon_core.environment:checking '/home/farah/ws_farah/install/ackermann_steering_controller/bin'
[483.688s] Level 1:colcon.colcon_core.environment:checking '/home/farah/ws_farah/install/ackermann_steering_controller/lib/pkgconfig/ackermann_steering_controller.pc'
[483.688s] Level 1:colcon.colcon_core.environment:checking '/home/farah/ws_farah/install/ackermann_steering_controller/lib/python3.10/site-packages'
[483.688s] Level 1:colcon.colcon_core.environment:checking '/home/farah/ws_farah/install/ackermann_steering_controller/bin'
[483.688s] INFO:colcon.colcon_core.shell:Creating package script '/home/farah/ws_farah/install/ackermann_steering_controller/share/ackermann_steering_controller/package.ps1'
[483.689s] INFO:colcon.colcon_core.shell:Creating package descriptor '/home/farah/ws_farah/install/ackermann_steering_controller/share/ackermann_steering_controller/package.dsv'
[483.689s] INFO:colcon.colcon_core.shell:Creating package script '/home/farah/ws_farah/install/ackermann_steering_controller/share/ackermann_steering_controller/package.sh'
[483.689s] INFO:colcon.colcon_core.shell:Creating package script '/home/farah/ws_farah/install/ackermann_steering_controller/share/ackermann_steering_controller/package.bash'
[483.690s] INFO:colcon.colcon_core.shell:Creating package script '/home/farah/ws_farah/install/ackermann_steering_controller/share/ackermann_steering_controller/package.zsh'
[483.690s] Level 1:colcon.colcon_core.environment:create_file_with_runtime_dependencies(/home/farah/ws_farah/install/ackermann_steering_controller/share/colcon-core/packages/ackermann_steering_controller)
[483.690s] INFO:colcon.colcon_ros.task.ament_cmake.build:Building ROS package in '/home/farah/ws_farah/src/ros2_controllers/effort_controllers' with build type 'ament_cmake'
[483.691s] INFO:colcon.colcon_cmake.task.cmake.build:Building CMake package in '/home/farah/ws_farah/src/ros2_controllers/effort_controllers'
[483.691s] INFO:colcon.colcon_core.shell:Skip shell extension 'powershell' for command environment: Not usable outside of PowerShell
[483.691s] DEBUG:colcon.colcon_core.shell:Skip shell extension 'dsv' for command environment
[483.702s] DEBUG:colcon.colcon_core.event_handler.log_command:Invoking command in '/home/farah/ws_farah/build/effort_controllers': AMENT_PREFIX_PATH=/home/farah/ws_farah/install/forward_command_controller:/home/farah/ws_farah/install/hardware_interface_testing:/home/farah/ws_farah/install/controller_interface:/home/farah/ws_farah/install/hardware_interface:/home/farah/ws_farah/install/ros2_control_test_assets:${AMENT_PREFIX_PATH} CMAKE_PREFIX_PATH=/home/farah/ws_farah/install/forward_command_controller:/home/farah/ws_farah/install/hardware_interface_testing:/home/farah/ws_farah/install/controller_interface:/home/farah/ws_farah/install/hardware_interface:/home/farah/ws_farah/install/ros2_control_test_assets:/opt/ros/humble LD_LIBRARY_PATH=/home/farah/ws_farah/install/forward_command_controller/lib:/home/farah/ws_farah/install/hardware_interface_testing/lib:/home/farah/ws_farah/install/controller_interface/lib:/home/farah/ws_farah/install/hardware_interface/lib:${LD_LIBRARY_PATH} /usr/bin/cmake /home/farah/ws_farah/src/ros2_controllers/effort_controllers -DCMAKE_INSTALL_PREFIX=/home/farah/ws_farah/install/effort_controllers
[485.257s] DEBUG:colcon.colcon_core.event_handler.log_command:Invoked command in '/home/farah/ws_farah/build/effort_controllers' returned '0': AMENT_PREFIX_PATH=/home/farah/ws_farah/install/forward_command_controller:/home/farah/ws_farah/install/hardware_interface_testing:/home/farah/ws_farah/install/controller_interface:/home/farah/ws_farah/install/hardware_interface:/home/farah/ws_farah/install/ros2_control_test_assets:${AMENT_PREFIX_PATH} CMAKE_PREFIX_PATH=/home/farah/ws_farah/install/forward_command_controller:/home/farah/ws_farah/install/hardware_interface_testing:/home/farah/ws_farah/install/controller_interface:/home/farah/ws_farah/install/hardware_interface:/home/farah/ws_farah/install/ros2_control_test_assets:/opt/ros/humble LD_LIBRARY_PATH=/home/farah/ws_farah/install/forward_command_controller/lib:/home/farah/ws_farah/install/hardware_interface_testing/lib:/home/farah/ws_farah/install/controller_interface/lib:/home/farah/ws_farah/install/hardware_interface/lib:${LD_LIBRARY_PATH} /usr/bin/cmake /home/farah/ws_farah/src/ros2_controllers/effort_controllers -DCMAKE_INSTALL_PREFIX=/home/farah/ws_farah/install/effort_controllers
[485.258s] DEBUG:colcon.colcon_core.event_handler.log_command:Invoking command in '/home/farah/ws_farah/build/effort_controllers': AMENT_PREFIX_PATH=/home/farah/ws_farah/install/forward_command_controller:/home/farah/ws_farah/install/hardware_interface_testing:/home/farah/ws_farah/install/controller_interface:/home/farah/ws_farah/install/hardware_interface:/home/farah/ws_farah/install/ros2_control_test_assets:${AMENT_PREFIX_PATH} CMAKE_PREFIX_PATH=/home/farah/ws_farah/install/forward_command_controller:/home/farah/ws_farah/install/hardware_interface_testing:/home/farah/ws_farah/install/controller_interface:/home/farah/ws_farah/install/hardware_interface:/home/farah/ws_farah/install/ros2_control_test_assets:/opt/ros/humble LD_LIBRARY_PATH=/home/farah/ws_farah/install/forward_command_controller/lib:/home/farah/ws_farah/install/hardware_interface_testing/lib:/home/farah/ws_farah/install/controller_interface/lib:/home/farah/ws_farah/install/hardware_interface/lib:${LD_LIBRARY_PATH} /usr/bin/cmake --build /home/farah/ws_farah/build/effort_controllers -- -j8 -l8
[494.872s] DEBUG:colcon.colcon_core.event_handler.log_command:Invoked command in '/home/farah/ws_farah/build/effort_controllers' returned '0': AMENT_PREFIX_PATH=/home/farah/ws_farah/install/forward_command_controller:/home/farah/ws_farah/install/hardware_interface_testing:/home/farah/ws_farah/install/controller_interface:/home/farah/ws_farah/install/hardware_interface:/home/farah/ws_farah/install/ros2_control_test_assets:${AMENT_PREFIX_PATH} CMAKE_PREFIX_PATH=/home/farah/ws_farah/install/forward_command_controller:/home/farah/ws_farah/install/hardware_interface_testing:/home/farah/ws_farah/install/controller_interface:/home/farah/ws_farah/install/hardware_interface:/home/farah/ws_farah/install/ros2_control_test_assets:/opt/ros/humble LD_LIBRARY_PATH=/home/farah/ws_farah/install/forward_command_controller/lib:/home/farah/ws_farah/install/hardware_interface_testing/lib:/home/farah/ws_farah/install/controller_interface/lib:/home/farah/ws_farah/install/hardware_interface/lib:${LD_LIBRARY_PATH} /usr/bin/cmake --build /home/farah/ws_farah/build/effort_controllers -- -j8 -l8
[494.873s] DEBUG:colcon.colcon_core.event_handler.log_command:Invoking command in '/home/farah/ws_farah/build/effort_controllers': AMENT_PREFIX_PATH=/home/farah/ws_farah/install/forward_command_controller:/home/farah/ws_farah/install/hardware_interface_testing:/home/farah/ws_farah/install/controller_interface:/home/farah/ws_farah/install/hardware_interface:/home/farah/ws_farah/install/ros2_control_test_assets:${AMENT_PREFIX_PATH} CMAKE_PREFIX_PATH=/home/farah/ws_farah/install/forward_command_controller:/home/farah/ws_farah/install/hardware_interface_testing:/home/farah/ws_farah/install/controller_interface:/home/farah/ws_farah/install/hardware_interface:/home/farah/ws_farah/install/ros2_control_test_assets:/opt/ros/humble LD_LIBRARY_PATH=/home/farah/ws_farah/install/forward_command_controller/lib:/home/farah/ws_farah/install/hardware_interface_testing/lib:/home/farah/ws_farah/install/controller_interface/lib:/home/farah/ws_farah/install/hardware_interface/lib:${LD_LIBRARY_PATH} /usr/bin/cmake --install /home/farah/ws_farah/build/effort_controllers
[494.883s] Level 1:colcon.colcon_core.environment:create_environment_scripts_only(effort_controllers)
[494.883s] Level 1:colcon.colcon_core.environment:checking '/home/farah/ws_farah/install/effort_controllers' for CMake module files
[494.884s] DEBUG:colcon.colcon_core.event_handler.log_command:Invoked command in '/home/farah/ws_farah/build/effort_controllers' returned '0': AMENT_PREFIX_PATH=/home/farah/ws_farah/install/forward_command_controller:/home/farah/ws_farah/install/hardware_interface_testing:/home/farah/ws_farah/install/controller_interface:/home/farah/ws_farah/install/hardware_interface:/home/farah/ws_farah/install/ros2_control_test_assets:${AMENT_PREFIX_PATH} CMAKE_PREFIX_PATH=/home/farah/ws_farah/install/forward_command_controller:/home/farah/ws_farah/install/hardware_interface_testing:/home/farah/ws_farah/install/controller_interface:/home/farah/ws_farah/install/hardware_interface:/home/farah/ws_farah/install/ros2_control_test_assets:/opt/ros/humble LD_LIBRARY_PATH=/home/farah/ws_farah/install/forward_command_controller/lib:/home/farah/ws_farah/install/hardware_interface_testing/lib:/home/farah/ws_farah/install/controller_interface/lib:/home/farah/ws_farah/install/hardware_interface/lib:${LD_LIBRARY_PATH} /usr/bin/cmake --install /home/farah/ws_farah/build/effort_controllers
[494.884s] Level 1:colcon.colcon_core.environment:checking '/home/farah/ws_farah/install/effort_controllers' for CMake config files
[494.884s] Level 1:colcon.colcon_core.shell:create_environment_hook('effort_controllers', 'cmake_prefix_path')
[494.884s] INFO:colcon.colcon_core.shell:Creating environment hook '/home/farah/ws_farah/install/effort_controllers/share/effort_controllers/hook/cmake_prefix_path.ps1'
[494.885s] INFO:colcon.colcon_core.shell:Creating environment descriptor '/home/farah/ws_farah/install/effort_controllers/share/effort_controllers/hook/cmake_prefix_path.dsv'
[494.885s] INFO:colcon.colcon_core.shell:Creating environment hook '/home/farah/ws_farah/install/effort_controllers/share/effort_controllers/hook/cmake_prefix_path.sh'
[494.885s] Level 1:colcon.colcon_core.environment:checking '/home/farah/ws_farah/install/effort_controllers/lib'
[494.885s] Level 1:colcon.colcon_core.shell:create_environment_hook('effort_controllers', 'ld_library_path_lib')
[494.886s] INFO:colcon.colcon_core.shell:Creating environment hook '/home/farah/ws_farah/install/effort_controllers/share/effort_controllers/hook/ld_library_path_lib.ps1'
[494.886s] INFO:colcon.colcon_core.shell:Creating environment descriptor '/home/farah/ws_farah/install/effort_controllers/share/effort_controllers/hook/ld_library_path_lib.dsv'
[494.886s] INFO:colcon.colcon_core.shell:Creating environment hook '/home/farah/ws_farah/install/effort_controllers/share/effort_controllers/hook/ld_library_path_lib.sh'
[494.886s] Level 1:colcon.colcon_core.environment:checking '/home/farah/ws_farah/install/effort_controllers/bin'
[494.886s] Level 1:colcon.colcon_core.environment:checking '/home/farah/ws_farah/install/effort_controllers/lib/pkgconfig/effort_controllers.pc'
[494.887s] Level 1:colcon.colcon_core.environment:checking '/home/farah/ws_farah/install/effort_controllers/lib/python3.10/site-packages'
[494.887s] Level 1:colcon.colcon_core.environment:checking '/home/farah/ws_farah/install/effort_controllers/bin'
[494.887s] INFO:colcon.colcon_core.shell:Creating package script '/home/farah/ws_farah/install/effort_controllers/share/effort_controllers/package.ps1'
[494.887s] INFO:colcon.colcon_core.shell:Creating package descriptor '/home/farah/ws_farah/install/effort_controllers/share/effort_controllers/package.dsv'
[494.888s] INFO:colcon.colcon_core.shell:Creating package script '/home/farah/ws_farah/install/effort_controllers/share/effort_controllers/package.sh'
[494.888s] INFO:colcon.colcon_core.shell:Creating package script '/home/farah/ws_farah/install/effort_controllers/share/effort_controllers/package.bash'
[494.888s] INFO:colcon.colcon_core.shell:Creating package script '/home/farah/ws_farah/install/effort_controllers/share/effort_controllers/package.zsh'
[494.889s] Level 1:colcon.colcon_core.environment:create_file_with_runtime_dependencies(/home/farah/ws_farah/install/effort_controllers/share/colcon-core/packages/effort_controllers)
[494.889s] Level 1:colcon.colcon_core.environment:create_environment_scripts_only(effort_controllers)
[494.889s] Level 1:colcon.colcon_core.environment:checking '/home/farah/ws_farah/install/effort_controllers' for CMake module files
[494.890s] Level 1:colcon.colcon_core.environment:checking '/home/farah/ws_farah/install/effort_controllers' for CMake config files
[494.890s] Level 1:colcon.colcon_core.shell:create_environment_hook('effort_controllers', 'cmake_prefix_path')
[494.890s] INFO:colcon.colcon_core.shell:Creating environment hook '/home/farah/ws_farah/install/effort_controllers/share/effort_controllers/hook/cmake_prefix_path.ps1'
[494.890s] INFO:colcon.colcon_core.shell:Creating environment descriptor '/home/farah/ws_farah/install/effort_controllers/share/effort_controllers/hook/cmake_prefix_path.dsv'
[494.890s] INFO:colcon.colcon_core.shell:Creating environment hook '/home/farah/ws_farah/install/effort_controllers/share/effort_controllers/hook/cmake_prefix_path.sh'
[494.891s] Level 1:colcon.colcon_core.environment:checking '/home/farah/ws_farah/install/effort_controllers/lib'
[494.891s] Level 1:colcon.colcon_core.shell:create_environment_hook('effort_controllers', 'ld_library_path_lib')
[494.891s] INFO:colcon.colcon_core.shell:Creating environment hook '/home/farah/ws_farah/install/effort_controllers/share/effort_controllers/hook/ld_library_path_lib.ps1'
[494.891s] INFO:colcon.colcon_core.shell:Creating environment descriptor '/home/farah/ws_farah/install/effort_controllers/share/effort_controllers/hook/ld_library_path_lib.dsv'
[494.892s] INFO:colcon.colcon_core.shell:Creating environment hook '/home/farah/ws_farah/install/effort_controllers/share/effort_controllers/hook/ld_library_path_lib.sh'
[494.892s] Level 1:colcon.colcon_core.environment:checking '/home/farah/ws_farah/install/effort_controllers/bin'
[494.892s] Level 1:colcon.colcon_core.environment:checking '/home/farah/ws_farah/install/effort_controllers/lib/pkgconfig/effort_controllers.pc'
[494.892s] Level 1:colcon.colcon_core.environment:checking '/home/farah/ws_farah/install/effort_controllers/lib/python3.10/site-packages'
[494.892s] Level 1:colcon.colcon_core.environment:checking '/home/farah/ws_farah/install/effort_controllers/bin'
[494.893s] INFO:colcon.colcon_core.shell:Creating package script '/home/farah/ws_farah/install/effort_controllers/share/effort_controllers/package.ps1'
[494.893s] INFO:colcon.colcon_core.shell:Creating package descriptor '/home/farah/ws_farah/install/effort_controllers/share/effort_controllers/package.dsv'
[494.894s] INFO:colcon.colcon_core.shell:Creating package script '/home/farah/ws_farah/install/effort_controllers/share/effort_controllers/package.sh'
[494.894s] INFO:colcon.colcon_core.shell:Creating package script '/home/farah/ws_farah/install/effort_controllers/share/effort_controllers/package.bash'
[494.894s] INFO:colcon.colcon_core.shell:Creating package script '/home/farah/ws_farah/install/effort_controllers/share/effort_controllers/package.zsh'
[494.894s] Level 1:colcon.colcon_core.environment:create_file_with_runtime_dependencies(/home/farah/ws_farah/install/effort_controllers/share/colcon-core/packages/effort_controllers)
[494.895s] INFO:colcon.colcon_ros.task.ament_cmake.build:Building ROS package in '/home/farah/ws_farah/src/ros2_control_demos/example_10' with build type 'ament_cmake'
[494.895s] INFO:colcon.colcon_cmake.task.cmake.build:Building CMake package in '/home/farah/ws_farah/src/ros2_control_demos/example_10'
[494.895s] INFO:colcon.colcon_core.shell:Skip shell extension 'powershell' for command environment: Not usable outside of PowerShell
[494.895s] DEBUG:colcon.colcon_core.shell:Skip shell extension 'dsv' for command environment
[494.912s] DEBUG:colcon.colcon_core.event_handler.log_command:Invoking command in '/home/farah/ws_farah/build/ros2_control_demo_example_10': AMENT_PREFIX_PATH=/home/farah/ws_farah/install/joint_state_broadcaster:/home/farah/ws_farah/install/gpio_controllers:/home/farah/ws_farah/install/forward_command_controller:/home/farah/ws_farah/install/hardware_interface_testing:/home/farah/ws_farah/install/controller_interface:/home/farah/ws_farah/install/ros2controlcli:/home/farah/ws_farah/install/hardware_interface:/home/farah/ws_farah/install/ros2_controllers_test_nodes:/home/farah/ws_farah/install/ros2_control_test_assets:/home/farah/ws_farah/install/ros2_control_demo_description:/home/farah/ws_farah/install/controller_manager_msgs:${AMENT_PREFIX_PATH} CMAKE_PREFIX_PATH=/home/farah/ws_farah/install/joint_state_broadcaster:/home/farah/ws_farah/install/gpio_controllers:/home/farah/ws_farah/install/forward_command_controller:/home/farah/ws_farah/install/hardware_interface_testing:/home/farah/ws_farah/install/controller_interface:/home/farah/ws_farah/install/hardware_interface:/home/farah/ws_farah/install/ros2_control_test_assets:/home/farah/ws_farah/install/ros2_control_demo_description:/home/farah/ws_farah/install/controller_manager_msgs:/opt/ros/humble LD_LIBRARY_PATH=/home/farah/ws_farah/install/joint_state_broadcaster/lib:/home/farah/ws_farah/install/gpio_controllers/lib:/home/farah/ws_farah/install/forward_command_controller/lib:/home/farah/ws_farah/install/hardware_interface_testing/lib:/home/farah/ws_farah/install/controller_interface/lib:/home/farah/ws_farah/install/hardware_interface/lib:/home/farah/ws_farah/install/controller_manager_msgs/lib:${LD_LIBRARY_PATH} PYTHONPATH=/home/farah/ws_farah/install/ros2controlcli/lib/python3.10/site-packages:/home/farah/ws_farah/install/ros2_controllers_test_nodes/lib/python3.10/site-packages:/home/farah/ws_farah/install/controller_manager_msgs/local/lib/python3.10/dist-packages:${PYTHONPATH} /usr/bin/cmake /home/farah/ws_farah/src/ros2_control_demos/example_10 -DCMAKE_INSTALL_PREFIX=/home/farah/ws_farah/install/ros2_control_demo_example_10
[496.982s] DEBUG:colcon.colcon_core.event_handler.log_command:Invoked command in '/home/farah/ws_farah/build/ros2_control_demo_example_10' returned '0': AMENT_PREFIX_PATH=/home/farah/ws_farah/install/joint_state_broadcaster:/home/farah/ws_farah/install/gpio_controllers:/home/farah/ws_farah/install/forward_command_controller:/home/farah/ws_farah/install/hardware_interface_testing:/home/farah/ws_farah/install/controller_interface:/home/farah/ws_farah/install/ros2controlcli:/home/farah/ws_farah/install/hardware_interface:/home/farah/ws_farah/install/ros2_controllers_test_nodes:/home/farah/ws_farah/install/ros2_control_test_assets:/home/farah/ws_farah/install/ros2_control_demo_description:/home/farah/ws_farah/install/controller_manager_msgs:${AMENT_PREFIX_PATH} CMAKE_PREFIX_PATH=/home/farah/ws_farah/install/joint_state_broadcaster:/home/farah/ws_farah/install/gpio_controllers:/home/farah/ws_farah/install/forward_command_controller:/home/farah/ws_farah/install/hardware_interface_testing:/home/farah/ws_farah/install/controller_interface:/home/farah/ws_farah/install/hardware_interface:/home/farah/ws_farah/install/ros2_control_test_assets:/home/farah/ws_farah/install/ros2_control_demo_description:/home/farah/ws_farah/install/controller_manager_msgs:/opt/ros/humble LD_LIBRARY_PATH=/home/farah/ws_farah/install/joint_state_broadcaster/lib:/home/farah/ws_farah/install/gpio_controllers/lib:/home/farah/ws_farah/install/forward_command_controller/lib:/home/farah/ws_farah/install/hardware_interface_testing/lib:/home/farah/ws_farah/install/controller_interface/lib:/home/farah/ws_farah/install/hardware_interface/lib:/home/farah/ws_farah/install/controller_manager_msgs/lib:${LD_LIBRARY_PATH} PYTHONPATH=/home/farah/ws_farah/install/ros2controlcli/lib/python3.10/site-packages:/home/farah/ws_farah/install/ros2_controllers_test_nodes/lib/python3.10/site-packages:/home/farah/ws_farah/install/controller_manager_msgs/local/lib/python3.10/dist-packages:${PYTHONPATH} /usr/bin/cmake /home/farah/ws_farah/src/ros2_control_demos/example_10 -DCMAKE_INSTALL_PREFIX=/home/farah/ws_farah/install/ros2_control_demo_example_10
[496.983s] DEBUG:colcon.colcon_core.event_handler.log_command:Invoking command in '/home/farah/ws_farah/build/ros2_control_demo_example_10': AMENT_PREFIX_PATH=/home/farah/ws_farah/install/joint_state_broadcaster:/home/farah/ws_farah/install/gpio_controllers:/home/farah/ws_farah/install/forward_command_controller:/home/farah/ws_farah/install/hardware_interface_testing:/home/farah/ws_farah/install/controller_interface:/home/farah/ws_farah/install/ros2controlcli:/home/farah/ws_farah/install/hardware_interface:/home/farah/ws_farah/install/ros2_controllers_test_nodes:/home/farah/ws_farah/install/ros2_control_test_assets:/home/farah/ws_farah/install/ros2_control_demo_description:/home/farah/ws_farah/install/controller_manager_msgs:${AMENT_PREFIX_PATH} CMAKE_PREFIX_PATH=/home/farah/ws_farah/install/joint_state_broadcaster:/home/farah/ws_farah/install/gpio_controllers:/home/farah/ws_farah/install/forward_command_controller:/home/farah/ws_farah/install/hardware_interface_testing:/home/farah/ws_farah/install/controller_interface:/home/farah/ws_farah/install/hardware_interface:/home/farah/ws_farah/install/ros2_control_test_assets:/home/farah/ws_farah/install/ros2_control_demo_description:/home/farah/ws_farah/install/controller_manager_msgs:/opt/ros/humble LD_LIBRARY_PATH=/home/farah/ws_farah/install/joint_state_broadcaster/lib:/home/farah/ws_farah/install/gpio_controllers/lib:/home/farah/ws_farah/install/forward_command_controller/lib:/home/farah/ws_farah/install/hardware_interface_testing/lib:/home/farah/ws_farah/install/controller_interface/lib:/home/farah/ws_farah/install/hardware_interface/lib:/home/farah/ws_farah/install/controller_manager_msgs/lib:${LD_LIBRARY_PATH} PYTHONPATH=/home/farah/ws_farah/install/ros2controlcli/lib/python3.10/site-packages:/home/farah/ws_farah/install/ros2_controllers_test_nodes/lib/python3.10/site-packages:/home/farah/ws_farah/install/controller_manager_msgs/local/lib/python3.10/dist-packages:${PYTHONPATH} /usr/bin/cmake --build /home/farah/ws_farah/build/ros2_control_demo_example_10 -- -j8 -l8
[500.217s] DEBUG:colcon.colcon_core.event_handler.log_command:Invoked command in '/home/farah/ws_farah/build/ros2_control_demo_example_10' returned '0': AMENT_PREFIX_PATH=/home/farah/ws_farah/install/joint_state_broadcaster:/home/farah/ws_farah/install/gpio_controllers:/home/farah/ws_farah/install/forward_command_controller:/home/farah/ws_farah/install/hardware_interface_testing:/home/farah/ws_farah/install/controller_interface:/home/farah/ws_farah/install/ros2controlcli:/home/farah/ws_farah/install/hardware_interface:/home/farah/ws_farah/install/ros2_controllers_test_nodes:/home/farah/ws_farah/install/ros2_control_test_assets:/home/farah/ws_farah/install/ros2_control_demo_description:/home/farah/ws_farah/install/controller_manager_msgs:${AMENT_PREFIX_PATH} CMAKE_PREFIX_PATH=/home/farah/ws_farah/install/joint_state_broadcaster:/home/farah/ws_farah/install/gpio_controllers:/home/farah/ws_farah/install/forward_command_controller:/home/farah/ws_farah/install/hardware_interface_testing:/home/farah/ws_farah/install/controller_interface:/home/farah/ws_farah/install/hardware_interface:/home/farah/ws_farah/install/ros2_control_test_assets:/home/farah/ws_farah/install/ros2_control_demo_description:/home/farah/ws_farah/install/controller_manager_msgs:/opt/ros/humble LD_LIBRARY_PATH=/home/farah/ws_farah/install/joint_state_broadcaster/lib:/home/farah/ws_farah/install/gpio_controllers/lib:/home/farah/ws_farah/install/forward_command_controller/lib:/home/farah/ws_farah/install/hardware_interface_testing/lib:/home/farah/ws_farah/install/controller_interface/lib:/home/farah/ws_farah/install/hardware_interface/lib:/home/farah/ws_farah/install/controller_manager_msgs/lib:${LD_LIBRARY_PATH} PYTHONPATH=/home/farah/ws_farah/install/ros2controlcli/lib/python3.10/site-packages:/home/farah/ws_farah/install/ros2_controllers_test_nodes/lib/python3.10/site-packages:/home/farah/ws_farah/install/controller_manager_msgs/local/lib/python3.10/dist-packages:${PYTHONPATH} /usr/bin/cmake --build /home/farah/ws_farah/build/ros2_control_demo_example_10 -- -j8 -l8
[500.219s] DEBUG:colcon.colcon_core.event_handler.log_command:Invoking command in '/home/farah/ws_farah/build/ros2_control_demo_example_10': AMENT_PREFIX_PATH=/home/farah/ws_farah/install/joint_state_broadcaster:/home/farah/ws_farah/install/gpio_controllers:/home/farah/ws_farah/install/forward_command_controller:/home/farah/ws_farah/install/hardware_interface_testing:/home/farah/ws_farah/install/controller_interface:/home/farah/ws_farah/install/ros2controlcli:/home/farah/ws_farah/install/hardware_interface:/home/farah/ws_farah/install/ros2_controllers_test_nodes:/home/farah/ws_farah/install/ros2_control_test_assets:/home/farah/ws_farah/install/ros2_control_demo_description:/home/farah/ws_farah/install/controller_manager_msgs:${AMENT_PREFIX_PATH} CMAKE_PREFIX_PATH=/home/farah/ws_farah/install/joint_state_broadcaster:/home/farah/ws_farah/install/gpio_controllers:/home/farah/ws_farah/install/forward_command_controller:/home/farah/ws_farah/install/hardware_interface_testing:/home/farah/ws_farah/install/controller_interface:/home/farah/ws_farah/install/hardware_interface:/home/farah/ws_farah/install/ros2_control_test_assets:/home/farah/ws_farah/install/ros2_control_demo_description:/home/farah/ws_farah/install/controller_manager_msgs:/opt/ros/humble LD_LIBRARY_PATH=/home/farah/ws_farah/install/joint_state_broadcaster/lib:/home/farah/ws_farah/install/gpio_controllers/lib:/home/farah/ws_farah/install/forward_command_controller/lib:/home/farah/ws_farah/install/hardware_interface_testing/lib:/home/farah/ws_farah/install/controller_interface/lib:/home/farah/ws_farah/install/hardware_interface/lib:/home/farah/ws_farah/install/controller_manager_msgs/lib:${LD_LIBRARY_PATH} PYTHONPATH=/home/farah/ws_farah/install/ros2controlcli/lib/python3.10/site-packages:/home/farah/ws_farah/install/ros2_controllers_test_nodes/lib/python3.10/site-packages:/home/farah/ws_farah/install/controller_manager_msgs/local/lib/python3.10/dist-packages:${PYTHONPATH} /usr/bin/cmake --install /home/farah/ws_farah/build/ros2_control_demo_example_10
[500.229s] Level 1:colcon.colcon_core.environment:create_environment_scripts_only(ros2_control_demo_example_10)
[500.230s] Level 1:colcon.colcon_core.environment:checking '/home/farah/ws_farah/install/ros2_control_demo_example_10' for CMake module files
[500.230s] DEBUG:colcon.colcon_core.event_handler.log_command:Invoked command in '/home/farah/ws_farah/build/ros2_control_demo_example_10' returned '0': AMENT_PREFIX_PATH=/home/farah/ws_farah/install/joint_state_broadcaster:/home/farah/ws_farah/install/gpio_controllers:/home/farah/ws_farah/install/forward_command_controller:/home/farah/ws_farah/install/hardware_interface_testing:/home/farah/ws_farah/install/controller_interface:/home/farah/ws_farah/install/ros2controlcli:/home/farah/ws_farah/install/hardware_interface:/home/farah/ws_farah/install/ros2_controllers_test_nodes:/home/farah/ws_farah/install/ros2_control_test_assets:/home/farah/ws_farah/install/ros2_control_demo_description:/home/farah/ws_farah/install/controller_manager_msgs:${AMENT_PREFIX_PATH} CMAKE_PREFIX_PATH=/home/farah/ws_farah/install/joint_state_broadcaster:/home/farah/ws_farah/install/gpio_controllers:/home/farah/ws_farah/install/forward_command_controller:/home/farah/ws_farah/install/hardware_interface_testing:/home/farah/ws_farah/install/controller_interface:/home/farah/ws_farah/install/hardware_interface:/home/farah/ws_farah/install/ros2_control_test_assets:/home/farah/ws_farah/install/ros2_control_demo_description:/home/farah/ws_farah/install/controller_manager_msgs:/opt/ros/humble LD_LIBRARY_PATH=/home/farah/ws_farah/install/joint_state_broadcaster/lib:/home/farah/ws_farah/install/gpio_controllers/lib:/home/farah/ws_farah/install/forward_command_controller/lib:/home/farah/ws_farah/install/hardware_interface_testing/lib:/home/farah/ws_farah/install/controller_interface/lib:/home/farah/ws_farah/install/hardware_interface/lib:/home/farah/ws_farah/install/controller_manager_msgs/lib:${LD_LIBRARY_PATH} PYTHONPATH=/home/farah/ws_farah/install/ros2controlcli/lib/python3.10/site-packages:/home/farah/ws_farah/install/ros2_controllers_test_nodes/lib/python3.10/site-packages:/home/farah/ws_farah/install/controller_manager_msgs/local/lib/python3.10/dist-packages:${PYTHONPATH} /usr/bin/cmake --install /home/farah/ws_farah/build/ros2_control_demo_example_10
[500.230s] Level 1:colcon.colcon_core.environment:checking '/home/farah/ws_farah/install/ros2_control_demo_example_10' for CMake config files
[500.231s] Level 1:colcon.colcon_core.shell:create_environment_hook('ros2_control_demo_example_10', 'cmake_prefix_path')
[500.231s] INFO:colcon.colcon_core.shell:Creating environment hook '/home/farah/ws_farah/install/ros2_control_demo_example_10/share/ros2_control_demo_example_10/hook/cmake_prefix_path.ps1'
[500.231s] INFO:colcon.colcon_core.shell:Creating environment descriptor '/home/farah/ws_farah/install/ros2_control_demo_example_10/share/ros2_control_demo_example_10/hook/cmake_prefix_path.dsv'
[500.231s] INFO:colcon.colcon_core.shell:Creating environment hook '/home/farah/ws_farah/install/ros2_control_demo_example_10/share/ros2_control_demo_example_10/hook/cmake_prefix_path.sh'
[500.232s] Level 1:colcon.colcon_core.environment:checking '/home/farah/ws_farah/install/ros2_control_demo_example_10/lib'
[500.232s] Level 1:colcon.colcon_core.shell:create_environment_hook('ros2_control_demo_example_10', 'ld_library_path_lib')
[500.232s] INFO:colcon.colcon_core.shell:Creating environment hook '/home/farah/ws_farah/install/ros2_control_demo_example_10/share/ros2_control_demo_example_10/hook/ld_library_path_lib.ps1'
[500.232s] INFO:colcon.colcon_core.shell:Creating environment descriptor '/home/farah/ws_farah/install/ros2_control_demo_example_10/share/ros2_control_demo_example_10/hook/ld_library_path_lib.dsv'
[500.232s] INFO:colcon.colcon_core.shell:Creating environment hook '/home/farah/ws_farah/install/ros2_control_demo_example_10/share/ros2_control_demo_example_10/hook/ld_library_path_lib.sh'
[500.233s] Level 1:colcon.colcon_core.environment:checking '/home/farah/ws_farah/install/ros2_control_demo_example_10/bin'
[500.233s] Level 1:colcon.colcon_core.environment:checking '/home/farah/ws_farah/install/ros2_control_demo_example_10/lib/pkgconfig/ros2_control_demo_example_10.pc'
[500.233s] Level 1:colcon.colcon_core.environment:checking '/home/farah/ws_farah/install/ros2_control_demo_example_10/lib/python3.10/site-packages'
[500.233s] Level 1:colcon.colcon_core.environment:checking '/home/farah/ws_farah/install/ros2_control_demo_example_10/bin'
[500.233s] INFO:colcon.colcon_core.shell:Creating package script '/home/farah/ws_farah/install/ros2_control_demo_example_10/share/ros2_control_demo_example_10/package.ps1'
[500.234s] INFO:colcon.colcon_core.shell:Creating package descriptor '/home/farah/ws_farah/install/ros2_control_demo_example_10/share/ros2_control_demo_example_10/package.dsv'
[500.234s] INFO:colcon.colcon_core.shell:Creating package script '/home/farah/ws_farah/install/ros2_control_demo_example_10/share/ros2_control_demo_example_10/package.sh'
[500.234s] INFO:colcon.colcon_core.shell:Creating package script '/home/farah/ws_farah/install/ros2_control_demo_example_10/share/ros2_control_demo_example_10/package.bash'
[500.235s] INFO:colcon.colcon_core.shell:Creating package script '/home/farah/ws_farah/install/ros2_control_demo_example_10/share/ros2_control_demo_example_10/package.zsh'
[500.235s] Level 1:colcon.colcon_core.environment:create_file_with_runtime_dependencies(/home/farah/ws_farah/install/ros2_control_demo_example_10/share/colcon-core/packages/ros2_control_demo_example_10)
[500.235s] Level 1:colcon.colcon_core.environment:create_environment_scripts_only(ros2_control_demo_example_10)
[500.236s] Level 1:colcon.colcon_core.environment:checking '/home/farah/ws_farah/install/ros2_control_demo_example_10' for CMake module files
[500.236s] Level 1:colcon.colcon_core.environment:checking '/home/farah/ws_farah/install/ros2_control_demo_example_10' for CMake config files
[500.236s] Level 1:colcon.colcon_core.shell:create_environment_hook('ros2_control_demo_example_10', 'cmake_prefix_path')
[500.236s] INFO:colcon.colcon_core.shell:Creating environment hook '/home/farah/ws_farah/install/ros2_control_demo_example_10/share/ros2_control_demo_example_10/hook/cmake_prefix_path.ps1'
[500.236s] INFO:colcon.colcon_core.shell:Creating environment descriptor '/home/farah/ws_farah/install/ros2_control_demo_example_10/share/ros2_control_demo_example_10/hook/cmake_prefix_path.dsv'
[500.237s] INFO:colcon.colcon_core.shell:Creating environment hook '/home/farah/ws_farah/install/ros2_control_demo_example_10/share/ros2_control_demo_example_10/hook/cmake_prefix_path.sh'
[500.237s] Level 1:colcon.colcon_core.environment:checking '/home/farah/ws_farah/install/ros2_control_demo_example_10/lib'
[500.237s] Level 1:colcon.colcon_core.shell:create_environment_hook('ros2_control_demo_example_10', 'ld_library_path_lib')
[500.237s] INFO:colcon.colcon_core.shell:Creating environment hook '/home/farah/ws_farah/install/ros2_control_demo_example_10/share/ros2_control_demo_example_10/hook/ld_library_path_lib.ps1'
[500.238s] INFO:colcon.colcon_core.shell:Creating environment descriptor '/home/farah/ws_farah/install/ros2_control_demo_example_10/share/ros2_control_demo_example_10/hook/ld_library_path_lib.dsv'
[500.238s] INFO:colcon.colcon_core.shell:Creating environment hook '/home/farah/ws_farah/install/ros2_control_demo_example_10/share/ros2_control_demo_example_10/hook/ld_library_path_lib.sh'
[500.238s] Level 1:colcon.colcon_core.environment:checking '/home/farah/ws_farah/install/ros2_control_demo_example_10/bin'
[500.238s] Level 1:colcon.colcon_core.environment:checking '/home/farah/ws_farah/install/ros2_control_demo_example_10/lib/pkgconfig/ros2_control_demo_example_10.pc'
[500.238s] Level 1:colcon.colcon_core.environment:checking '/home/farah/ws_farah/install/ros2_control_demo_example_10/lib/python3.10/site-packages'
[500.239s] Level 1:colcon.colcon_core.environment:checking '/home/farah/ws_farah/install/ros2_control_demo_example_10/bin'
[500.239s] INFO:colcon.colcon_core.shell:Creating package script '/home/farah/ws_farah/install/ros2_control_demo_example_10/share/ros2_control_demo_example_10/package.ps1'
[500.239s] INFO:colcon.colcon_core.shell:Creating package descriptor '/home/farah/ws_farah/install/ros2_control_demo_example_10/share/ros2_control_demo_example_10/package.dsv'
[500.240s] INFO:colcon.colcon_core.shell:Creating package script '/home/farah/ws_farah/install/ros2_control_demo_example_10/share/ros2_control_demo_example_10/package.sh'
[500.240s] INFO:colcon.colcon_core.shell:Creating package script '/home/farah/ws_farah/install/ros2_control_demo_example_10/share/ros2_control_demo_example_10/package.bash'
[500.240s] INFO:colcon.colcon_core.shell:Creating package script '/home/farah/ws_farah/install/ros2_control_demo_example_10/share/ros2_control_demo_example_10/package.zsh'
[500.241s] Level 1:colcon.colcon_core.environment:create_file_with_runtime_dependencies(/home/farah/ws_farah/install/ros2_control_demo_example_10/share/colcon-core/packages/ros2_control_demo_example_10)
[500.241s] INFO:colcon.colcon_ros.task.ament_cmake.build:Building ROS package in '/home/farah/ws_farah/src/ros2_control_demos/example_12' with build type 'ament_cmake'
[500.241s] INFO:colcon.colcon_cmake.task.cmake.build:Building CMake package in '/home/farah/ws_farah/src/ros2_control_demos/example_12'
[500.241s] INFO:colcon.colcon_core.shell:Skip shell extension 'powershell' for command environment: Not usable outside of PowerShell
[500.241s] DEBUG:colcon.colcon_core.shell:Skip shell extension 'dsv' for command environment
[500.258s] DEBUG:colcon.colcon_core.event_handler.log_command:Invoking command in '/home/farah/ws_farah/build/ros2_control_demo_example_12': AMENT_PREFIX_PATH=/home/farah/ws_farah/install/joint_trajectory_controller:/home/farah/ws_farah/install/joint_state_broadcaster:/home/farah/ws_farah/install/forward_command_controller:/home/farah/ws_farah/install/hardware_interface_testing:/home/farah/ws_farah/install/controller_interface:/home/farah/ws_farah/install/ros2controlcli:/home/farah/ws_farah/install/hardware_interface:/home/farah/ws_farah/install/ros2_controllers_test_nodes:/home/farah/ws_farah/install/ros2_control_test_assets:/home/farah/ws_farah/install/ros2_control_demo_description:/home/farah/ws_farah/install/controller_manager_msgs:${AMENT_PREFIX_PATH} CMAKE_PREFIX_PATH=/home/farah/ws_farah/install/joint_trajectory_controller:/home/farah/ws_farah/install/joint_state_broadcaster:/home/farah/ws_farah/install/forward_command_controller:/home/farah/ws_farah/install/hardware_interface_testing:/home/farah/ws_farah/install/controller_interface:/home/farah/ws_farah/install/hardware_interface:/home/farah/ws_farah/install/ros2_control_test_assets:/home/farah/ws_farah/install/ros2_control_demo_description:/home/farah/ws_farah/install/controller_manager_msgs:/opt/ros/humble LD_LIBRARY_PATH=/home/farah/ws_farah/install/joint_trajectory_controller/lib:/home/farah/ws_farah/install/joint_state_broadcaster/lib:/home/farah/ws_farah/install/forward_command_controller/lib:/home/farah/ws_farah/install/hardware_interface_testing/lib:/home/farah/ws_farah/install/controller_interface/lib:/home/farah/ws_farah/install/hardware_interface/lib:/home/farah/ws_farah/install/controller_manager_msgs/lib:${LD_LIBRARY_PATH} PYTHONPATH=/home/farah/ws_farah/install/ros2controlcli/lib/python3.10/site-packages:/home/farah/ws_farah/install/ros2_controllers_test_nodes/lib/python3.10/site-packages:/home/farah/ws_farah/install/controller_manager_msgs/local/lib/python3.10/dist-packages:${PYTHONPATH} /usr/bin/cmake /home/farah/ws_farah/src/ros2_control_demos/example_12 -DCMAKE_INSTALL_PREFIX=/home/farah/ws_farah/install/ros2_control_demo_example_12
[502.389s] DEBUG:colcon.colcon_core.event_handler.log_command:Invoked command in '/home/farah/ws_farah/build/ros2_control_demo_example_12' returned '0': AMENT_PREFIX_PATH=/home/farah/ws_farah/install/joint_trajectory_controller:/home/farah/ws_farah/install/joint_state_broadcaster:/home/farah/ws_farah/install/forward_command_controller:/home/farah/ws_farah/install/hardware_interface_testing:/home/farah/ws_farah/install/controller_interface:/home/farah/ws_farah/install/ros2controlcli:/home/farah/ws_farah/install/hardware_interface:/home/farah/ws_farah/install/ros2_controllers_test_nodes:/home/farah/ws_farah/install/ros2_control_test_assets:/home/farah/ws_farah/install/ros2_control_demo_description:/home/farah/ws_farah/install/controller_manager_msgs:${AMENT_PREFIX_PATH} CMAKE_PREFIX_PATH=/home/farah/ws_farah/install/joint_trajectory_controller:/home/farah/ws_farah/install/joint_state_broadcaster:/home/farah/ws_farah/install/forward_command_controller:/home/farah/ws_farah/install/hardware_interface_testing:/home/farah/ws_farah/install/controller_interface:/home/farah/ws_farah/install/hardware_interface:/home/farah/ws_farah/install/ros2_control_test_assets:/home/farah/ws_farah/install/ros2_control_demo_description:/home/farah/ws_farah/install/controller_manager_msgs:/opt/ros/humble LD_LIBRARY_PATH=/home/farah/ws_farah/install/joint_trajectory_controller/lib:/home/farah/ws_farah/install/joint_state_broadcaster/lib:/home/farah/ws_farah/install/forward_command_controller/lib:/home/farah/ws_farah/install/hardware_interface_testing/lib:/home/farah/ws_farah/install/controller_interface/lib:/home/farah/ws_farah/install/hardware_interface/lib:/home/farah/ws_farah/install/controller_manager_msgs/lib:${LD_LIBRARY_PATH} PYTHONPATH=/home/farah/ws_farah/install/ros2controlcli/lib/python3.10/site-packages:/home/farah/ws_farah/install/ros2_controllers_test_nodes/lib/python3.10/site-packages:/home/farah/ws_farah/install/controller_manager_msgs/local/lib/python3.10/dist-packages:${PYTHONPATH} /usr/bin/cmake /home/farah/ws_farah/src/ros2_control_demos/example_12 -DCMAKE_INSTALL_PREFIX=/home/farah/ws_farah/install/ros2_control_demo_example_12
[502.390s] DEBUG:colcon.colcon_core.event_handler.log_command:Invoking command in '/home/farah/ws_farah/build/ros2_control_demo_example_12': AMENT_PREFIX_PATH=/home/farah/ws_farah/install/joint_trajectory_controller:/home/farah/ws_farah/install/joint_state_broadcaster:/home/farah/ws_farah/install/forward_command_controller:/home/farah/ws_farah/install/hardware_interface_testing:/home/farah/ws_farah/install/controller_interface:/home/farah/ws_farah/install/ros2controlcli:/home/farah/ws_farah/install/hardware_interface:/home/farah/ws_farah/install/ros2_controllers_test_nodes:/home/farah/ws_farah/install/ros2_control_test_assets:/home/farah/ws_farah/install/ros2_control_demo_description:/home/farah/ws_farah/install/controller_manager_msgs:${AMENT_PREFIX_PATH} CMAKE_PREFIX_PATH=/home/farah/ws_farah/install/joint_trajectory_controller:/home/farah/ws_farah/install/joint_state_broadcaster:/home/farah/ws_farah/install/forward_command_controller:/home/farah/ws_farah/install/hardware_interface_testing:/home/farah/ws_farah/install/controller_interface:/home/farah/ws_farah/install/hardware_interface:/home/farah/ws_farah/install/ros2_control_test_assets:/home/farah/ws_farah/install/ros2_control_demo_description:/home/farah/ws_farah/install/controller_manager_msgs:/opt/ros/humble LD_LIBRARY_PATH=/home/farah/ws_farah/install/joint_trajectory_controller/lib:/home/farah/ws_farah/install/joint_state_broadcaster/lib:/home/farah/ws_farah/install/forward_command_controller/lib:/home/farah/ws_farah/install/hardware_interface_testing/lib:/home/farah/ws_farah/install/controller_interface/lib:/home/farah/ws_farah/install/hardware_interface/lib:/home/farah/ws_farah/install/controller_manager_msgs/lib:${LD_LIBRARY_PATH} PYTHONPATH=/home/farah/ws_farah/install/ros2controlcli/lib/python3.10/site-packages:/home/farah/ws_farah/install/ros2_controllers_test_nodes/lib/python3.10/site-packages:/home/farah/ws_farah/install/controller_manager_msgs/local/lib/python3.10/dist-packages:${PYTHONPATH} /usr/bin/cmake --build /home/farah/ws_farah/build/ros2_control_demo_example_12 -- -j8 -l8
[510.444s] DEBUG:colcon.colcon_core.event_handler.log_command:Invoked command in '/home/farah/ws_farah/build/ros2_control_demo_example_12' returned '0': AMENT_PREFIX_PATH=/home/farah/ws_farah/install/joint_trajectory_controller:/home/farah/ws_farah/install/joint_state_broadcaster:/home/farah/ws_farah/install/forward_command_controller:/home/farah/ws_farah/install/hardware_interface_testing:/home/farah/ws_farah/install/controller_interface:/home/farah/ws_farah/install/ros2controlcli:/home/farah/ws_farah/install/hardware_interface:/home/farah/ws_farah/install/ros2_controllers_test_nodes:/home/farah/ws_farah/install/ros2_control_test_assets:/home/farah/ws_farah/install/ros2_control_demo_description:/home/farah/ws_farah/install/controller_manager_msgs:${AMENT_PREFIX_PATH} CMAKE_PREFIX_PATH=/home/farah/ws_farah/install/joint_trajectory_controller:/home/farah/ws_farah/install/joint_state_broadcaster:/home/farah/ws_farah/install/forward_command_controller:/home/farah/ws_farah/install/hardware_interface_testing:/home/farah/ws_farah/install/controller_interface:/home/farah/ws_farah/install/hardware_interface:/home/farah/ws_farah/install/ros2_control_test_assets:/home/farah/ws_farah/install/ros2_control_demo_description:/home/farah/ws_farah/install/controller_manager_msgs:/opt/ros/humble LD_LIBRARY_PATH=/home/farah/ws_farah/install/joint_trajectory_controller/lib:/home/farah/ws_farah/install/joint_state_broadcaster/lib:/home/farah/ws_farah/install/forward_command_controller/lib:/home/farah/ws_farah/install/hardware_interface_testing/lib:/home/farah/ws_farah/install/controller_interface/lib:/home/farah/ws_farah/install/hardware_interface/lib:/home/farah/ws_farah/install/controller_manager_msgs/lib:${LD_LIBRARY_PATH} PYTHONPATH=/home/farah/ws_farah/install/ros2controlcli/lib/python3.10/site-packages:/home/farah/ws_farah/install/ros2_controllers_test_nodes/lib/python3.10/site-packages:/home/farah/ws_farah/install/controller_manager_msgs/local/lib/python3.10/dist-packages:${PYTHONPATH} /usr/bin/cmake --build /home/farah/ws_farah/build/ros2_control_demo_example_12 -- -j8 -l8
[510.445s] DEBUG:colcon.colcon_core.event_handler.log_command:Invoking command in '/home/farah/ws_farah/build/ros2_control_demo_example_12': AMENT_PREFIX_PATH=/home/farah/ws_farah/install/joint_trajectory_controller:/home/farah/ws_farah/install/joint_state_broadcaster:/home/farah/ws_farah/install/forward_command_controller:/home/farah/ws_farah/install/hardware_interface_testing:/home/farah/ws_farah/install/controller_interface:/home/farah/ws_farah/install/ros2controlcli:/home/farah/ws_farah/install/hardware_interface:/home/farah/ws_farah/install/ros2_controllers_test_nodes:/home/farah/ws_farah/install/ros2_control_test_assets:/home/farah/ws_farah/install/ros2_control_demo_description:/home/farah/ws_farah/install/controller_manager_msgs:${AMENT_PREFIX_PATH} CMAKE_PREFIX_PATH=/home/farah/ws_farah/install/joint_trajectory_controller:/home/farah/ws_farah/install/joint_state_broadcaster:/home/farah/ws_farah/install/forward_command_controller:/home/farah/ws_farah/install/hardware_interface_testing:/home/farah/ws_farah/install/controller_interface:/home/farah/ws_farah/install/hardware_interface:/home/farah/ws_farah/install/ros2_control_test_assets:/home/farah/ws_farah/install/ros2_control_demo_description:/home/farah/ws_farah/install/controller_manager_msgs:/opt/ros/humble LD_LIBRARY_PATH=/home/farah/ws_farah/install/joint_trajectory_controller/lib:/home/farah/ws_farah/install/joint_state_broadcaster/lib:/home/farah/ws_farah/install/forward_command_controller/lib:/home/farah/ws_farah/install/hardware_interface_testing/lib:/home/farah/ws_farah/install/controller_interface/lib:/home/farah/ws_farah/install/hardware_interface/lib:/home/farah/ws_farah/install/controller_manager_msgs/lib:${LD_LIBRARY_PATH} PYTHONPATH=/home/farah/ws_farah/install/ros2controlcli/lib/python3.10/site-packages:/home/farah/ws_farah/install/ros2_controllers_test_nodes/lib/python3.10/site-packages:/home/farah/ws_farah/install/controller_manager_msgs/local/lib/python3.10/dist-packages:${PYTHONPATH} /usr/bin/cmake --install /home/farah/ws_farah/build/ros2_control_demo_example_12
[510.462s] Level 1:colcon.colcon_core.environment:create_environment_scripts_only(ros2_control_demo_example_12)
[510.463s] Level 1:colcon.colcon_core.environment:checking '/home/farah/ws_farah/install/ros2_control_demo_example_12' for CMake module files
[510.463s] DEBUG:colcon.colcon_core.event_handler.log_command:Invoked command in '/home/farah/ws_farah/build/ros2_control_demo_example_12' returned '0': AMENT_PREFIX_PATH=/home/farah/ws_farah/install/joint_trajectory_controller:/home/farah/ws_farah/install/joint_state_broadcaster:/home/farah/ws_farah/install/forward_command_controller:/home/farah/ws_farah/install/hardware_interface_testing:/home/farah/ws_farah/install/controller_interface:/home/farah/ws_farah/install/ros2controlcli:/home/farah/ws_farah/install/hardware_interface:/home/farah/ws_farah/install/ros2_controllers_test_nodes:/home/farah/ws_farah/install/ros2_control_test_assets:/home/farah/ws_farah/install/ros2_control_demo_description:/home/farah/ws_farah/install/controller_manager_msgs:${AMENT_PREFIX_PATH} CMAKE_PREFIX_PATH=/home/farah/ws_farah/install/joint_trajectory_controller:/home/farah/ws_farah/install/joint_state_broadcaster:/home/farah/ws_farah/install/forward_command_controller:/home/farah/ws_farah/install/hardware_interface_testing:/home/farah/ws_farah/install/controller_interface:/home/farah/ws_farah/install/hardware_interface:/home/farah/ws_farah/install/ros2_control_test_assets:/home/farah/ws_farah/install/ros2_control_demo_description:/home/farah/ws_farah/install/controller_manager_msgs:/opt/ros/humble LD_LIBRARY_PATH=/home/farah/ws_farah/install/joint_trajectory_controller/lib:/home/farah/ws_farah/install/joint_state_broadcaster/lib:/home/farah/ws_farah/install/forward_command_controller/lib:/home/farah/ws_farah/install/hardware_interface_testing/lib:/home/farah/ws_farah/install/controller_interface/lib:/home/farah/ws_farah/install/hardware_interface/lib:/home/farah/ws_farah/install/controller_manager_msgs/lib:${LD_LIBRARY_PATH} PYTHONPATH=/home/farah/ws_farah/install/ros2controlcli/lib/python3.10/site-packages:/home/farah/ws_farah/install/ros2_controllers_test_nodes/lib/python3.10/site-packages:/home/farah/ws_farah/install/controller_manager_msgs/local/lib/python3.10/dist-packages:${PYTHONPATH} /usr/bin/cmake --install /home/farah/ws_farah/build/ros2_control_demo_example_12
[510.463s] Level 1:colcon.colcon_core.environment:checking '/home/farah/ws_farah/install/ros2_control_demo_example_12' for CMake config files
[510.464s] Level 1:colcon.colcon_core.shell:create_environment_hook('ros2_control_demo_example_12', 'cmake_prefix_path')
[510.464s] INFO:colcon.colcon_core.shell:Creating environment hook '/home/farah/ws_farah/install/ros2_control_demo_example_12/share/ros2_control_demo_example_12/hook/cmake_prefix_path.ps1'
[510.464s] INFO:colcon.colcon_core.shell:Creating environment descriptor '/home/farah/ws_farah/install/ros2_control_demo_example_12/share/ros2_control_demo_example_12/hook/cmake_prefix_path.dsv'
[510.464s] INFO:colcon.colcon_core.shell:Creating environment hook '/home/farah/ws_farah/install/ros2_control_demo_example_12/share/ros2_control_demo_example_12/hook/cmake_prefix_path.sh'
[510.465s] Level 1:colcon.colcon_core.environment:checking '/home/farah/ws_farah/install/ros2_control_demo_example_12/lib'
[510.465s] Level 1:colcon.colcon_core.shell:create_environment_hook('ros2_control_demo_example_12', 'ld_library_path_lib')
[510.465s] INFO:colcon.colcon_core.shell:Creating environment hook '/home/farah/ws_farah/install/ros2_control_demo_example_12/share/ros2_control_demo_example_12/hook/ld_library_path_lib.ps1'
[510.465s] INFO:colcon.colcon_core.shell:Creating environment descriptor '/home/farah/ws_farah/install/ros2_control_demo_example_12/share/ros2_control_demo_example_12/hook/ld_library_path_lib.dsv'
[510.466s] INFO:colcon.colcon_core.shell:Creating environment hook '/home/farah/ws_farah/install/ros2_control_demo_example_12/share/ros2_control_demo_example_12/hook/ld_library_path_lib.sh'
[510.466s] Level 1:colcon.colcon_core.environment:checking '/home/farah/ws_farah/install/ros2_control_demo_example_12/bin'
[510.466s] Level 1:colcon.colcon_core.environment:checking '/home/farah/ws_farah/install/ros2_control_demo_example_12/lib/pkgconfig/ros2_control_demo_example_12.pc'
[510.466s] Level 1:colcon.colcon_core.environment:checking '/home/farah/ws_farah/install/ros2_control_demo_example_12/lib/python3.10/site-packages'
[510.466s] Level 1:colcon.colcon_core.environment:checking '/home/farah/ws_farah/install/ros2_control_demo_example_12/bin'
[510.466s] INFO:colcon.colcon_core.shell:Creating package script '/home/farah/ws_farah/install/ros2_control_demo_example_12/share/ros2_control_demo_example_12/package.ps1'
[510.467s] INFO:colcon.colcon_core.shell:Creating package descriptor '/home/farah/ws_farah/install/ros2_control_demo_example_12/share/ros2_control_demo_example_12/package.dsv'
[510.467s] INFO:colcon.colcon_core.shell:Creating package script '/home/farah/ws_farah/install/ros2_control_demo_example_12/share/ros2_control_demo_example_12/package.sh'
[510.467s] INFO:colcon.colcon_core.shell:Creating package script '/home/farah/ws_farah/install/ros2_control_demo_example_12/share/ros2_control_demo_example_12/package.bash'
[510.468s] INFO:colcon.colcon_core.shell:Creating package script '/home/farah/ws_farah/install/ros2_control_demo_example_12/share/ros2_control_demo_example_12/package.zsh'
[510.468s] Level 1:colcon.colcon_core.environment:create_file_with_runtime_dependencies(/home/farah/ws_farah/install/ros2_control_demo_example_12/share/colcon-core/packages/ros2_control_demo_example_12)
[510.468s] Level 1:colcon.colcon_core.environment:create_environment_scripts_only(ros2_control_demo_example_12)
[510.469s] Level 1:colcon.colcon_core.environment:checking '/home/farah/ws_farah/install/ros2_control_demo_example_12' for CMake module files
[510.469s] Level 1:colcon.colcon_core.environment:checking '/home/farah/ws_farah/install/ros2_control_demo_example_12' for CMake config files
[510.469s] Level 1:colcon.colcon_core.shell:create_environment_hook('ros2_control_demo_example_12', 'cmake_prefix_path')
[510.469s] INFO:colcon.colcon_core.shell:Creating environment hook '/home/farah/ws_farah/install/ros2_control_demo_example_12/share/ros2_control_demo_example_12/hook/cmake_prefix_path.ps1'
[510.470s] INFO:colcon.colcon_core.shell:Creating environment descriptor '/home/farah/ws_farah/install/ros2_control_demo_example_12/share/ros2_control_demo_example_12/hook/cmake_prefix_path.dsv'
[510.470s] INFO:colcon.colcon_core.shell:Creating environment hook '/home/farah/ws_farah/install/ros2_control_demo_example_12/share/ros2_control_demo_example_12/hook/cmake_prefix_path.sh'
[510.470s] Level 1:colcon.colcon_core.environment:checking '/home/farah/ws_farah/install/ros2_control_demo_example_12/lib'
[510.470s] Level 1:colcon.colcon_core.shell:create_environment_hook('ros2_control_demo_example_12', 'ld_library_path_lib')
[510.471s] INFO:colcon.colcon_core.shell:Creating environment hook '/home/farah/ws_farah/install/ros2_control_demo_example_12/share/ros2_control_demo_example_12/hook/ld_library_path_lib.ps1'
[510.471s] INFO:colcon.colcon_core.shell:Creating environment descriptor '/home/farah/ws_farah/install/ros2_control_demo_example_12/share/ros2_control_demo_example_12/hook/ld_library_path_lib.dsv'
[510.471s] INFO:colcon.colcon_core.shell:Creating environment hook '/home/farah/ws_farah/install/ros2_control_demo_example_12/share/ros2_control_demo_example_12/hook/ld_library_path_lib.sh'
[510.471s] Level 1:colcon.colcon_core.environment:checking '/home/farah/ws_farah/install/ros2_control_demo_example_12/bin'
[510.471s] Level 1:colcon.colcon_core.environment:checking '/home/farah/ws_farah/install/ros2_control_demo_example_12/lib/pkgconfig/ros2_control_demo_example_12.pc'
[510.472s] Level 1:colcon.colcon_core.environment:checking '/home/farah/ws_farah/install/ros2_control_demo_example_12/lib/python3.10/site-packages'
[510.472s] Level 1:colcon.colcon_core.environment:checking '/home/farah/ws_farah/install/ros2_control_demo_example_12/bin'
[510.472s] INFO:colcon.colcon_core.shell:Creating package script '/home/farah/ws_farah/install/ros2_control_demo_example_12/share/ros2_control_demo_example_12/package.ps1'
[510.472s] INFO:colcon.colcon_core.shell:Creating package descriptor '/home/farah/ws_farah/install/ros2_control_demo_example_12/share/ros2_control_demo_example_12/package.dsv'
[510.473s] INFO:colcon.colcon_core.shell:Creating package script '/home/farah/ws_farah/install/ros2_control_demo_example_12/share/ros2_control_demo_example_12/package.sh'
[510.473s] INFO:colcon.colcon_core.shell:Creating package script '/home/farah/ws_farah/install/ros2_control_demo_example_12/share/ros2_control_demo_example_12/package.bash'
[510.473s] INFO:colcon.colcon_core.shell:Creating package script '/home/farah/ws_farah/install/ros2_control_demo_example_12/share/ros2_control_demo_example_12/package.zsh'
[510.474s] Level 1:colcon.colcon_core.environment:create_file_with_runtime_dependencies(/home/farah/ws_farah/install/ros2_control_demo_example_12/share/colcon-core/packages/ros2_control_demo_example_12)
[510.474s] INFO:colcon.colcon_ros.task.ament_cmake.build:Building ROS package in '/home/farah/ws_farah/src/ros2_control_demos/example_14' with build type 'ament_cmake'
[510.474s] INFO:colcon.colcon_cmake.task.cmake.build:Building CMake package in '/home/farah/ws_farah/src/ros2_control_demos/example_14'
[510.474s] INFO:colcon.colcon_core.shell:Skip shell extension 'powershell' for command environment: Not usable outside of PowerShell
[510.474s] DEBUG:colcon.colcon_core.shell:Skip shell extension 'dsv' for command environment
[510.489s] DEBUG:colcon.colcon_core.event_handler.log_command:Invoking command in '/home/farah/ws_farah/build/ros2_control_demo_example_14': AMENT_PREFIX_PATH=/home/farah/ws_farah/install/joint_state_broadcaster:/home/farah/ws_farah/install/forward_command_controller:/home/farah/ws_farah/install/hardware_interface_testing:/home/farah/ws_farah/install/controller_interface:/home/farah/ws_farah/install/ros2controlcli:/home/farah/ws_farah/install/hardware_interface:/home/farah/ws_farah/install/ros2_controllers_test_nodes:/home/farah/ws_farah/install/ros2_control_test_assets:/home/farah/ws_farah/install/ros2_control_demo_description:/home/farah/ws_farah/install/controller_manager_msgs:${AMENT_PREFIX_PATH} CMAKE_PREFIX_PATH=/home/farah/ws_farah/install/joint_state_broadcaster:/home/farah/ws_farah/install/forward_command_controller:/home/farah/ws_farah/install/hardware_interface_testing:/home/farah/ws_farah/install/controller_interface:/home/farah/ws_farah/install/hardware_interface:/home/farah/ws_farah/install/ros2_control_test_assets:/home/farah/ws_farah/install/ros2_control_demo_description:/home/farah/ws_farah/install/controller_manager_msgs:/opt/ros/humble LD_LIBRARY_PATH=/home/farah/ws_farah/install/joint_state_broadcaster/lib:/home/farah/ws_farah/install/forward_command_controller/lib:/home/farah/ws_farah/install/hardware_interface_testing/lib:/home/farah/ws_farah/install/controller_interface/lib:/home/farah/ws_farah/install/hardware_interface/lib:/home/farah/ws_farah/install/controller_manager_msgs/lib:${LD_LIBRARY_PATH} PYTHONPATH=/home/farah/ws_farah/install/ros2controlcli/lib/python3.10/site-packages:/home/farah/ws_farah/install/ros2_controllers_test_nodes/lib/python3.10/site-packages:/home/farah/ws_farah/install/controller_manager_msgs/local/lib/python3.10/dist-packages:${PYTHONPATH} /usr/bin/cmake /home/farah/ws_farah/src/ros2_control_demos/example_14 -DCMAKE_INSTALL_PREFIX=/home/farah/ws_farah/install/ros2_control_demo_example_14
[512.508s] DEBUG:colcon.colcon_core.event_handler.log_command:Invoked command in '/home/farah/ws_farah/build/ros2_control_demo_example_14' returned '0': AMENT_PREFIX_PATH=/home/farah/ws_farah/install/joint_state_broadcaster:/home/farah/ws_farah/install/forward_command_controller:/home/farah/ws_farah/install/hardware_interface_testing:/home/farah/ws_farah/install/controller_interface:/home/farah/ws_farah/install/ros2controlcli:/home/farah/ws_farah/install/hardware_interface:/home/farah/ws_farah/install/ros2_controllers_test_nodes:/home/farah/ws_farah/install/ros2_control_test_assets:/home/farah/ws_farah/install/ros2_control_demo_description:/home/farah/ws_farah/install/controller_manager_msgs:${AMENT_PREFIX_PATH} CMAKE_PREFIX_PATH=/home/farah/ws_farah/install/joint_state_broadcaster:/home/farah/ws_farah/install/forward_command_controller:/home/farah/ws_farah/install/hardware_interface_testing:/home/farah/ws_farah/install/controller_interface:/home/farah/ws_farah/install/hardware_interface:/home/farah/ws_farah/install/ros2_control_test_assets:/home/farah/ws_farah/install/ros2_control_demo_description:/home/farah/ws_farah/install/controller_manager_msgs:/opt/ros/humble LD_LIBRARY_PATH=/home/farah/ws_farah/install/joint_state_broadcaster/lib:/home/farah/ws_farah/install/forward_command_controller/lib:/home/farah/ws_farah/install/hardware_interface_testing/lib:/home/farah/ws_farah/install/controller_interface/lib:/home/farah/ws_farah/install/hardware_interface/lib:/home/farah/ws_farah/install/controller_manager_msgs/lib:${LD_LIBRARY_PATH} PYTHONPATH=/home/farah/ws_farah/install/ros2controlcli/lib/python3.10/site-packages:/home/farah/ws_farah/install/ros2_controllers_test_nodes/lib/python3.10/site-packages:/home/farah/ws_farah/install/controller_manager_msgs/local/lib/python3.10/dist-packages:${PYTHONPATH} /usr/bin/cmake /home/farah/ws_farah/src/ros2_control_demos/example_14 -DCMAKE_INSTALL_PREFIX=/home/farah/ws_farah/install/ros2_control_demo_example_14
[512.509s] DEBUG:colcon.colcon_core.event_handler.log_command:Invoking command in '/home/farah/ws_farah/build/ros2_control_demo_example_14': AMENT_PREFIX_PATH=/home/farah/ws_farah/install/joint_state_broadcaster:/home/farah/ws_farah/install/forward_command_controller:/home/farah/ws_farah/install/hardware_interface_testing:/home/farah/ws_farah/install/controller_interface:/home/farah/ws_farah/install/ros2controlcli:/home/farah/ws_farah/install/hardware_interface:/home/farah/ws_farah/install/ros2_controllers_test_nodes:/home/farah/ws_farah/install/ros2_control_test_assets:/home/farah/ws_farah/install/ros2_control_demo_description:/home/farah/ws_farah/install/controller_manager_msgs:${AMENT_PREFIX_PATH} CMAKE_PREFIX_PATH=/home/farah/ws_farah/install/joint_state_broadcaster:/home/farah/ws_farah/install/forward_command_controller:/home/farah/ws_farah/install/hardware_interface_testing:/home/farah/ws_farah/install/controller_interface:/home/farah/ws_farah/install/hardware_interface:/home/farah/ws_farah/install/ros2_control_test_assets:/home/farah/ws_farah/install/ros2_control_demo_description:/home/farah/ws_farah/install/controller_manager_msgs:/opt/ros/humble LD_LIBRARY_PATH=/home/farah/ws_farah/install/joint_state_broadcaster/lib:/home/farah/ws_farah/install/forward_command_controller/lib:/home/farah/ws_farah/install/hardware_interface_testing/lib:/home/farah/ws_farah/install/controller_interface/lib:/home/farah/ws_farah/install/hardware_interface/lib:/home/farah/ws_farah/install/controller_manager_msgs/lib:${LD_LIBRARY_PATH} PYTHONPATH=/home/farah/ws_farah/install/ros2controlcli/lib/python3.10/site-packages:/home/farah/ws_farah/install/ros2_controllers_test_nodes/lib/python3.10/site-packages:/home/farah/ws_farah/install/controller_manager_msgs/local/lib/python3.10/dist-packages:${PYTHONPATH} /usr/bin/cmake --build /home/farah/ws_farah/build/ros2_control_demo_example_14 -- -j8 -l8
[515.881s] DEBUG:colcon.colcon_core.event_handler.log_command:Invoked command in '/home/farah/ws_farah/build/ros2_control_demo_example_14' returned '0': AMENT_PREFIX_PATH=/home/farah/ws_farah/install/joint_state_broadcaster:/home/farah/ws_farah/install/forward_command_controller:/home/farah/ws_farah/install/hardware_interface_testing:/home/farah/ws_farah/install/controller_interface:/home/farah/ws_farah/install/ros2controlcli:/home/farah/ws_farah/install/hardware_interface:/home/farah/ws_farah/install/ros2_controllers_test_nodes:/home/farah/ws_farah/install/ros2_control_test_assets:/home/farah/ws_farah/install/ros2_control_demo_description:/home/farah/ws_farah/install/controller_manager_msgs:${AMENT_PREFIX_PATH} CMAKE_PREFIX_PATH=/home/farah/ws_farah/install/joint_state_broadcaster:/home/farah/ws_farah/install/forward_command_controller:/home/farah/ws_farah/install/hardware_interface_testing:/home/farah/ws_farah/install/controller_interface:/home/farah/ws_farah/install/hardware_interface:/home/farah/ws_farah/install/ros2_control_test_assets:/home/farah/ws_farah/install/ros2_control_demo_description:/home/farah/ws_farah/install/controller_manager_msgs:/opt/ros/humble LD_LIBRARY_PATH=/home/farah/ws_farah/install/joint_state_broadcaster/lib:/home/farah/ws_farah/install/forward_command_controller/lib:/home/farah/ws_farah/install/hardware_interface_testing/lib:/home/farah/ws_farah/install/controller_interface/lib:/home/farah/ws_farah/install/hardware_interface/lib:/home/farah/ws_farah/install/controller_manager_msgs/lib:${LD_LIBRARY_PATH} PYTHONPATH=/home/farah/ws_farah/install/ros2controlcli/lib/python3.10/site-packages:/home/farah/ws_farah/install/ros2_controllers_test_nodes/lib/python3.10/site-packages:/home/farah/ws_farah/install/controller_manager_msgs/local/lib/python3.10/dist-packages:${PYTHONPATH} /usr/bin/cmake --build /home/farah/ws_farah/build/ros2_control_demo_example_14 -- -j8 -l8
[515.882s] DEBUG:colcon.colcon_core.event_handler.log_command:Invoking command in '/home/farah/ws_farah/build/ros2_control_demo_example_14': AMENT_PREFIX_PATH=/home/farah/ws_farah/install/joint_state_broadcaster:/home/farah/ws_farah/install/forward_command_controller:/home/farah/ws_farah/install/hardware_interface_testing:/home/farah/ws_farah/install/controller_interface:/home/farah/ws_farah/install/ros2controlcli:/home/farah/ws_farah/install/hardware_interface:/home/farah/ws_farah/install/ros2_controllers_test_nodes:/home/farah/ws_farah/install/ros2_control_test_assets:/home/farah/ws_farah/install/ros2_control_demo_description:/home/farah/ws_farah/install/controller_manager_msgs:${AMENT_PREFIX_PATH} CMAKE_PREFIX_PATH=/home/farah/ws_farah/install/joint_state_broadcaster:/home/farah/ws_farah/install/forward_command_controller:/home/farah/ws_farah/install/hardware_interface_testing:/home/farah/ws_farah/install/controller_interface:/home/farah/ws_farah/install/hardware_interface:/home/farah/ws_farah/install/ros2_control_test_assets:/home/farah/ws_farah/install/ros2_control_demo_description:/home/farah/ws_farah/install/controller_manager_msgs:/opt/ros/humble LD_LIBRARY_PATH=/home/farah/ws_farah/install/joint_state_broadcaster/lib:/home/farah/ws_farah/install/forward_command_controller/lib:/home/farah/ws_farah/install/hardware_interface_testing/lib:/home/farah/ws_farah/install/controller_interface/lib:/home/farah/ws_farah/install/hardware_interface/lib:/home/farah/ws_farah/install/controller_manager_msgs/lib:${LD_LIBRARY_PATH} PYTHONPATH=/home/farah/ws_farah/install/ros2controlcli/lib/python3.10/site-packages:/home/farah/ws_farah/install/ros2_controllers_test_nodes/lib/python3.10/site-packages:/home/farah/ws_farah/install/controller_manager_msgs/local/lib/python3.10/dist-packages:${PYTHONPATH} /usr/bin/cmake --install /home/farah/ws_farah/build/ros2_control_demo_example_14
[515.892s] Level 1:colcon.colcon_core.environment:create_environment_scripts_only(ros2_control_demo_example_14)
[515.893s] Level 1:colcon.colcon_core.environment:checking '/home/farah/ws_farah/install/ros2_control_demo_example_14' for CMake module files
[515.893s] DEBUG:colcon.colcon_core.event_handler.log_command:Invoked command in '/home/farah/ws_farah/build/ros2_control_demo_example_14' returned '0': AMENT_PREFIX_PATH=/home/farah/ws_farah/install/joint_state_broadcaster:/home/farah/ws_farah/install/forward_command_controller:/home/farah/ws_farah/install/hardware_interface_testing:/home/farah/ws_farah/install/controller_interface:/home/farah/ws_farah/install/ros2controlcli:/home/farah/ws_farah/install/hardware_interface:/home/farah/ws_farah/install/ros2_controllers_test_nodes:/home/farah/ws_farah/install/ros2_control_test_assets:/home/farah/ws_farah/install/ros2_control_demo_description:/home/farah/ws_farah/install/controller_manager_msgs:${AMENT_PREFIX_PATH} CMAKE_PREFIX_PATH=/home/farah/ws_farah/install/joint_state_broadcaster:/home/farah/ws_farah/install/forward_command_controller:/home/farah/ws_farah/install/hardware_interface_testing:/home/farah/ws_farah/install/controller_interface:/home/farah/ws_farah/install/hardware_interface:/home/farah/ws_farah/install/ros2_control_test_assets:/home/farah/ws_farah/install/ros2_control_demo_description:/home/farah/ws_farah/install/controller_manager_msgs:/opt/ros/humble LD_LIBRARY_PATH=/home/farah/ws_farah/install/joint_state_broadcaster/lib:/home/farah/ws_farah/install/forward_command_controller/lib:/home/farah/ws_farah/install/hardware_interface_testing/lib:/home/farah/ws_farah/install/controller_interface/lib:/home/farah/ws_farah/install/hardware_interface/lib:/home/farah/ws_farah/install/controller_manager_msgs/lib:${LD_LIBRARY_PATH} PYTHONPATH=/home/farah/ws_farah/install/ros2controlcli/lib/python3.10/site-packages:/home/farah/ws_farah/install/ros2_controllers_test_nodes/lib/python3.10/site-packages:/home/farah/ws_farah/install/controller_manager_msgs/local/lib/python3.10/dist-packages:${PYTHONPATH} /usr/bin/cmake --install /home/farah/ws_farah/build/ros2_control_demo_example_14
[515.893s] Level 1:colcon.colcon_core.environment:checking '/home/farah/ws_farah/install/ros2_control_demo_example_14' for CMake config files
[515.894s] Level 1:colcon.colcon_core.shell:create_environment_hook('ros2_control_demo_example_14', 'cmake_prefix_path')
[515.894s] INFO:colcon.colcon_core.shell:Creating environment hook '/home/farah/ws_farah/install/ros2_control_demo_example_14/share/ros2_control_demo_example_14/hook/cmake_prefix_path.ps1'
[515.894s] INFO:colcon.colcon_core.shell:Creating environment descriptor '/home/farah/ws_farah/install/ros2_control_demo_example_14/share/ros2_control_demo_example_14/hook/cmake_prefix_path.dsv'
[515.894s] INFO:colcon.colcon_core.shell:Creating environment hook '/home/farah/ws_farah/install/ros2_control_demo_example_14/share/ros2_control_demo_example_14/hook/cmake_prefix_path.sh'
[515.895s] Level 1:colcon.colcon_core.environment:checking '/home/farah/ws_farah/install/ros2_control_demo_example_14/lib'
[515.895s] Level 1:colcon.colcon_core.shell:create_environment_hook('ros2_control_demo_example_14', 'ld_library_path_lib')
[515.895s] INFO:colcon.colcon_core.shell:Creating environment hook '/home/farah/ws_farah/install/ros2_control_demo_example_14/share/ros2_control_demo_example_14/hook/ld_library_path_lib.ps1'
[515.895s] INFO:colcon.colcon_core.shell:Creating environment descriptor '/home/farah/ws_farah/install/ros2_control_demo_example_14/share/ros2_control_demo_example_14/hook/ld_library_path_lib.dsv'
[515.895s] INFO:colcon.colcon_core.shell:Creating environment hook '/home/farah/ws_farah/install/ros2_control_demo_example_14/share/ros2_control_demo_example_14/hook/ld_library_path_lib.sh'
[515.896s] Level 1:colcon.colcon_core.environment:checking '/home/farah/ws_farah/install/ros2_control_demo_example_14/bin'
[515.896s] Level 1:colcon.colcon_core.environment:checking '/home/farah/ws_farah/install/ros2_control_demo_example_14/lib/pkgconfig/ros2_control_demo_example_14.pc'
[515.896s] Level 1:colcon.colcon_core.environment:checking '/home/farah/ws_farah/install/ros2_control_demo_example_14/lib/python3.10/site-packages'
[515.896s] Level 1:colcon.colcon_core.environment:checking '/home/farah/ws_farah/install/ros2_control_demo_example_14/bin'
[515.896s] INFO:colcon.colcon_core.shell:Creating package script '/home/farah/ws_farah/install/ros2_control_demo_example_14/share/ros2_control_demo_example_14/package.ps1'
[515.897s] INFO:colcon.colcon_core.shell:Creating package descriptor '/home/farah/ws_farah/install/ros2_control_demo_example_14/share/ros2_control_demo_example_14/package.dsv'
[515.897s] INFO:colcon.colcon_core.shell:Creating package script '/home/farah/ws_farah/install/ros2_control_demo_example_14/share/ros2_control_demo_example_14/package.sh'
[515.897s] INFO:colcon.colcon_core.shell:Creating package script '/home/farah/ws_farah/install/ros2_control_demo_example_14/share/ros2_control_demo_example_14/package.bash'
[515.898s] INFO:colcon.colcon_core.shell:Creating package script '/home/farah/ws_farah/install/ros2_control_demo_example_14/share/ros2_control_demo_example_14/package.zsh'
[515.898s] Level 1:colcon.colcon_core.environment:create_file_with_runtime_dependencies(/home/farah/ws_farah/install/ros2_control_demo_example_14/share/colcon-core/packages/ros2_control_demo_example_14)
[515.898s] Level 1:colcon.colcon_core.environment:create_environment_scripts_only(ros2_control_demo_example_14)
[515.899s] Level 1:colcon.colcon_core.environment:checking '/home/farah/ws_farah/install/ros2_control_demo_example_14' for CMake module files
[515.899s] Level 1:colcon.colcon_core.environment:checking '/home/farah/ws_farah/install/ros2_control_demo_example_14' for CMake config files
[515.899s] Level 1:colcon.colcon_core.shell:create_environment_hook('ros2_control_demo_example_14', 'cmake_prefix_path')
[515.899s] INFO:colcon.colcon_core.shell:Creating environment hook '/home/farah/ws_farah/install/ros2_control_demo_example_14/share/ros2_control_demo_example_14/hook/cmake_prefix_path.ps1'
[515.900s] INFO:colcon.colcon_core.shell:Creating environment descriptor '/home/farah/ws_farah/install/ros2_control_demo_example_14/share/ros2_control_demo_example_14/hook/cmake_prefix_path.dsv'
[515.900s] INFO:colcon.colcon_core.shell:Creating environment hook '/home/farah/ws_farah/install/ros2_control_demo_example_14/share/ros2_control_demo_example_14/hook/cmake_prefix_path.sh'
[515.901s] Level 1:colcon.colcon_core.environment:checking '/home/farah/ws_farah/install/ros2_control_demo_example_14/lib'
[515.901s] Level 1:colcon.colcon_core.shell:create_environment_hook('ros2_control_demo_example_14', 'ld_library_path_lib')
[515.901s] INFO:colcon.colcon_core.shell:Creating environment hook '/home/farah/ws_farah/install/ros2_control_demo_example_14/share/ros2_control_demo_example_14/hook/ld_library_path_lib.ps1'
[515.901s] INFO:colcon.colcon_core.shell:Creating environment descriptor '/home/farah/ws_farah/install/ros2_control_demo_example_14/share/ros2_control_demo_example_14/hook/ld_library_path_lib.dsv'
[515.901s] INFO:colcon.colcon_core.shell:Creating environment hook '/home/farah/ws_farah/install/ros2_control_demo_example_14/share/ros2_control_demo_example_14/hook/ld_library_path_lib.sh'
[515.902s] Level 1:colcon.colcon_core.environment:checking '/home/farah/ws_farah/install/ros2_control_demo_example_14/bin'
[515.902s] Level 1:colcon.colcon_core.environment:checking '/home/farah/ws_farah/install/ros2_control_demo_example_14/lib/pkgconfig/ros2_control_demo_example_14.pc'
[515.902s] Level 1:colcon.colcon_core.environment:checking '/home/farah/ws_farah/install/ros2_control_demo_example_14/lib/python3.10/site-packages'
[515.902s] Level 1:colcon.colcon_core.environment:checking '/home/farah/ws_farah/install/ros2_control_demo_example_14/bin'
[515.902s] INFO:colcon.colcon_core.shell:Creating package script '/home/farah/ws_farah/install/ros2_control_demo_example_14/share/ros2_control_demo_example_14/package.ps1'
[515.903s] INFO:colcon.colcon_core.shell:Creating package descriptor '/home/farah/ws_farah/install/ros2_control_demo_example_14/share/ros2_control_demo_example_14/package.dsv'
[515.903s] INFO:colcon.colcon_core.shell:Creating package script '/home/farah/ws_farah/install/ros2_control_demo_example_14/share/ros2_control_demo_example_14/package.sh'
[515.903s] INFO:colcon.colcon_core.shell:Creating package script '/home/farah/ws_farah/install/ros2_control_demo_example_14/share/ros2_control_demo_example_14/package.bash'
[515.904s] INFO:colcon.colcon_core.shell:Creating package script '/home/farah/ws_farah/install/ros2_control_demo_example_14/share/ros2_control_demo_example_14/package.zsh'
[515.904s] Level 1:colcon.colcon_core.environment:create_file_with_runtime_dependencies(/home/farah/ws_farah/install/ros2_control_demo_example_14/share/colcon-core/packages/ros2_control_demo_example_14)
[515.905s] INFO:colcon.colcon_ros.task.ament_cmake.build:Building ROS package in '/home/farah/ws_farah/src/ros2_control_demos/example_2' with build type 'ament_cmake'
[515.905s] INFO:colcon.colcon_cmake.task.cmake.build:Building CMake package in '/home/farah/ws_farah/src/ros2_control_demos/example_2'
[515.905s] INFO:colcon.colcon_core.shell:Skip shell extension 'powershell' for command environment: Not usable outside of PowerShell
[515.905s] DEBUG:colcon.colcon_core.shell:Skip shell extension 'dsv' for command environment
[515.919s] DEBUG:colcon.colcon_core.event_handler.log_command:Invoking command in '/home/farah/ws_farah/build/ros2_control_demo_example_2': AMENT_PREFIX_PATH=/home/farah/ws_farah/install/joint_state_broadcaster:/home/farah/ws_farah/install/diff_drive_controller:/home/farah/ws_farah/install/hardware_interface_testing:/home/farah/ws_farah/install/controller_interface:/home/farah/ws_farah/install/ros2controlcli:/home/farah/ws_farah/install/hardware_interface:/home/farah/ws_farah/install/ros2_controllers_test_nodes:/home/farah/ws_farah/install/ros2_control_test_assets:/home/farah/ws_farah/install/ros2_control_demo_description:/home/farah/ws_farah/install/controller_manager_msgs:${AMENT_PREFIX_PATH} CMAKE_PREFIX_PATH=/home/farah/ws_farah/install/joint_state_broadcaster:/home/farah/ws_farah/install/diff_drive_controller:/home/farah/ws_farah/install/hardware_interface_testing:/home/farah/ws_farah/install/controller_interface:/home/farah/ws_farah/install/hardware_interface:/home/farah/ws_farah/install/ros2_control_test_assets:/home/farah/ws_farah/install/ros2_control_demo_description:/home/farah/ws_farah/install/controller_manager_msgs:/opt/ros/humble LD_LIBRARY_PATH=/home/farah/ws_farah/install/joint_state_broadcaster/lib:/home/farah/ws_farah/install/diff_drive_controller/lib:/home/farah/ws_farah/install/hardware_interface_testing/lib:/home/farah/ws_farah/install/controller_interface/lib:/home/farah/ws_farah/install/hardware_interface/lib:/home/farah/ws_farah/install/controller_manager_msgs/lib:${LD_LIBRARY_PATH} PYTHONPATH=/home/farah/ws_farah/install/ros2controlcli/lib/python3.10/site-packages:/home/farah/ws_farah/install/ros2_controllers_test_nodes/lib/python3.10/site-packages:/home/farah/ws_farah/install/controller_manager_msgs/local/lib/python3.10/dist-packages:${PYTHONPATH} /usr/bin/cmake /home/farah/ws_farah/src/ros2_control_demos/example_2 -DCMAKE_INSTALL_PREFIX=/home/farah/ws_farah/install/ros2_control_demo_example_2
[517.916s] DEBUG:colcon.colcon_core.event_handler.log_command:Invoked command in '/home/farah/ws_farah/build/ros2_control_demo_example_2' returned '0': AMENT_PREFIX_PATH=/home/farah/ws_farah/install/joint_state_broadcaster:/home/farah/ws_farah/install/diff_drive_controller:/home/farah/ws_farah/install/hardware_interface_testing:/home/farah/ws_farah/install/controller_interface:/home/farah/ws_farah/install/ros2controlcli:/home/farah/ws_farah/install/hardware_interface:/home/farah/ws_farah/install/ros2_controllers_test_nodes:/home/farah/ws_farah/install/ros2_control_test_assets:/home/farah/ws_farah/install/ros2_control_demo_description:/home/farah/ws_farah/install/controller_manager_msgs:${AMENT_PREFIX_PATH} CMAKE_PREFIX_PATH=/home/farah/ws_farah/install/joint_state_broadcaster:/home/farah/ws_farah/install/diff_drive_controller:/home/farah/ws_farah/install/hardware_interface_testing:/home/farah/ws_farah/install/controller_interface:/home/farah/ws_farah/install/hardware_interface:/home/farah/ws_farah/install/ros2_control_test_assets:/home/farah/ws_farah/install/ros2_control_demo_description:/home/farah/ws_farah/install/controller_manager_msgs:/opt/ros/humble LD_LIBRARY_PATH=/home/farah/ws_farah/install/joint_state_broadcaster/lib:/home/farah/ws_farah/install/diff_drive_controller/lib:/home/farah/ws_farah/install/hardware_interface_testing/lib:/home/farah/ws_farah/install/controller_interface/lib:/home/farah/ws_farah/install/hardware_interface/lib:/home/farah/ws_farah/install/controller_manager_msgs/lib:${LD_LIBRARY_PATH} PYTHONPATH=/home/farah/ws_farah/install/ros2controlcli/lib/python3.10/site-packages:/home/farah/ws_farah/install/ros2_controllers_test_nodes/lib/python3.10/site-packages:/home/farah/ws_farah/install/controller_manager_msgs/local/lib/python3.10/dist-packages:${PYTHONPATH} /usr/bin/cmake /home/farah/ws_farah/src/ros2_control_demos/example_2 -DCMAKE_INSTALL_PREFIX=/home/farah/ws_farah/install/ros2_control_demo_example_2
[517.917s] DEBUG:colcon.colcon_core.event_handler.log_command:Invoking command in '/home/farah/ws_farah/build/ros2_control_demo_example_2': AMENT_PREFIX_PATH=/home/farah/ws_farah/install/joint_state_broadcaster:/home/farah/ws_farah/install/diff_drive_controller:/home/farah/ws_farah/install/hardware_interface_testing:/home/farah/ws_farah/install/controller_interface:/home/farah/ws_farah/install/ros2controlcli:/home/farah/ws_farah/install/hardware_interface:/home/farah/ws_farah/install/ros2_controllers_test_nodes:/home/farah/ws_farah/install/ros2_control_test_assets:/home/farah/ws_farah/install/ros2_control_demo_description:/home/farah/ws_farah/install/controller_manager_msgs:${AMENT_PREFIX_PATH} CMAKE_PREFIX_PATH=/home/farah/ws_farah/install/joint_state_broadcaster:/home/farah/ws_farah/install/diff_drive_controller:/home/farah/ws_farah/install/hardware_interface_testing:/home/farah/ws_farah/install/controller_interface:/home/farah/ws_farah/install/hardware_interface:/home/farah/ws_farah/install/ros2_control_test_assets:/home/farah/ws_farah/install/ros2_control_demo_description:/home/farah/ws_farah/install/controller_manager_msgs:/opt/ros/humble LD_LIBRARY_PATH=/home/farah/ws_farah/install/joint_state_broadcaster/lib:/home/farah/ws_farah/install/diff_drive_controller/lib:/home/farah/ws_farah/install/hardware_interface_testing/lib:/home/farah/ws_farah/install/controller_interface/lib:/home/farah/ws_farah/install/hardware_interface/lib:/home/farah/ws_farah/install/controller_manager_msgs/lib:${LD_LIBRARY_PATH} PYTHONPATH=/home/farah/ws_farah/install/ros2controlcli/lib/python3.10/site-packages:/home/farah/ws_farah/install/ros2_controllers_test_nodes/lib/python3.10/site-packages:/home/farah/ws_farah/install/controller_manager_msgs/local/lib/python3.10/dist-packages:${PYTHONPATH} /usr/bin/cmake --build /home/farah/ws_farah/build/ros2_control_demo_example_2 -- -j8 -l8
[521.098s] DEBUG:colcon.colcon_core.event_handler.log_command:Invoked command in '/home/farah/ws_farah/build/ros2_control_demo_example_2' returned '0': AMENT_PREFIX_PATH=/home/farah/ws_farah/install/joint_state_broadcaster:/home/farah/ws_farah/install/diff_drive_controller:/home/farah/ws_farah/install/hardware_interface_testing:/home/farah/ws_farah/install/controller_interface:/home/farah/ws_farah/install/ros2controlcli:/home/farah/ws_farah/install/hardware_interface:/home/farah/ws_farah/install/ros2_controllers_test_nodes:/home/farah/ws_farah/install/ros2_control_test_assets:/home/farah/ws_farah/install/ros2_control_demo_description:/home/farah/ws_farah/install/controller_manager_msgs:${AMENT_PREFIX_PATH} CMAKE_PREFIX_PATH=/home/farah/ws_farah/install/joint_state_broadcaster:/home/farah/ws_farah/install/diff_drive_controller:/home/farah/ws_farah/install/hardware_interface_testing:/home/farah/ws_farah/install/controller_interface:/home/farah/ws_farah/install/hardware_interface:/home/farah/ws_farah/install/ros2_control_test_assets:/home/farah/ws_farah/install/ros2_control_demo_description:/home/farah/ws_farah/install/controller_manager_msgs:/opt/ros/humble LD_LIBRARY_PATH=/home/farah/ws_farah/install/joint_state_broadcaster/lib:/home/farah/ws_farah/install/diff_drive_controller/lib:/home/farah/ws_farah/install/hardware_interface_testing/lib:/home/farah/ws_farah/install/controller_interface/lib:/home/farah/ws_farah/install/hardware_interface/lib:/home/farah/ws_farah/install/controller_manager_msgs/lib:${LD_LIBRARY_PATH} PYTHONPATH=/home/farah/ws_farah/install/ros2controlcli/lib/python3.10/site-packages:/home/farah/ws_farah/install/ros2_controllers_test_nodes/lib/python3.10/site-packages:/home/farah/ws_farah/install/controller_manager_msgs/local/lib/python3.10/dist-packages:${PYTHONPATH} /usr/bin/cmake --build /home/farah/ws_farah/build/ros2_control_demo_example_2 -- -j8 -l8
[521.099s] DEBUG:colcon.colcon_core.event_handler.log_command:Invoking command in '/home/farah/ws_farah/build/ros2_control_demo_example_2': AMENT_PREFIX_PATH=/home/farah/ws_farah/install/joint_state_broadcaster:/home/farah/ws_farah/install/diff_drive_controller:/home/farah/ws_farah/install/hardware_interface_testing:/home/farah/ws_farah/install/controller_interface:/home/farah/ws_farah/install/ros2controlcli:/home/farah/ws_farah/install/hardware_interface:/home/farah/ws_farah/install/ros2_controllers_test_nodes:/home/farah/ws_farah/install/ros2_control_test_assets:/home/farah/ws_farah/install/ros2_control_demo_description:/home/farah/ws_farah/install/controller_manager_msgs:${AMENT_PREFIX_PATH} CMAKE_PREFIX_PATH=/home/farah/ws_farah/install/joint_state_broadcaster:/home/farah/ws_farah/install/diff_drive_controller:/home/farah/ws_farah/install/hardware_interface_testing:/home/farah/ws_farah/install/controller_interface:/home/farah/ws_farah/install/hardware_interface:/home/farah/ws_farah/install/ros2_control_test_assets:/home/farah/ws_farah/install/ros2_control_demo_description:/home/farah/ws_farah/install/controller_manager_msgs:/opt/ros/humble LD_LIBRARY_PATH=/home/farah/ws_farah/install/joint_state_broadcaster/lib:/home/farah/ws_farah/install/diff_drive_controller/lib:/home/farah/ws_farah/install/hardware_interface_testing/lib:/home/farah/ws_farah/install/controller_interface/lib:/home/farah/ws_farah/install/hardware_interface/lib:/home/farah/ws_farah/install/controller_manager_msgs/lib:${LD_LIBRARY_PATH} PYTHONPATH=/home/farah/ws_farah/install/ros2controlcli/lib/python3.10/site-packages:/home/farah/ws_farah/install/ros2_controllers_test_nodes/lib/python3.10/site-packages:/home/farah/ws_farah/install/controller_manager_msgs/local/lib/python3.10/dist-packages:${PYTHONPATH} /usr/bin/cmake --install /home/farah/ws_farah/build/ros2_control_demo_example_2
[521.110s] Level 1:colcon.colcon_core.environment:create_environment_scripts_only(ros2_control_demo_example_2)
[521.110s] Level 1:colcon.colcon_core.environment:checking '/home/farah/ws_farah/install/ros2_control_demo_example_2' for CMake module files
[521.111s] DEBUG:colcon.colcon_core.event_handler.log_command:Invoked command in '/home/farah/ws_farah/build/ros2_control_demo_example_2' returned '0': AMENT_PREFIX_PATH=/home/farah/ws_farah/install/joint_state_broadcaster:/home/farah/ws_farah/install/diff_drive_controller:/home/farah/ws_farah/install/hardware_interface_testing:/home/farah/ws_farah/install/controller_interface:/home/farah/ws_farah/install/ros2controlcli:/home/farah/ws_farah/install/hardware_interface:/home/farah/ws_farah/install/ros2_controllers_test_nodes:/home/farah/ws_farah/install/ros2_control_test_assets:/home/farah/ws_farah/install/ros2_control_demo_description:/home/farah/ws_farah/install/controller_manager_msgs:${AMENT_PREFIX_PATH} CMAKE_PREFIX_PATH=/home/farah/ws_farah/install/joint_state_broadcaster:/home/farah/ws_farah/install/diff_drive_controller:/home/farah/ws_farah/install/hardware_interface_testing:/home/farah/ws_farah/install/controller_interface:/home/farah/ws_farah/install/hardware_interface:/home/farah/ws_farah/install/ros2_control_test_assets:/home/farah/ws_farah/install/ros2_control_demo_description:/home/farah/ws_farah/install/controller_manager_msgs:/opt/ros/humble LD_LIBRARY_PATH=/home/farah/ws_farah/install/joint_state_broadcaster/lib:/home/farah/ws_farah/install/diff_drive_controller/lib:/home/farah/ws_farah/install/hardware_interface_testing/lib:/home/farah/ws_farah/install/controller_interface/lib:/home/farah/ws_farah/install/hardware_interface/lib:/home/farah/ws_farah/install/controller_manager_msgs/lib:${LD_LIBRARY_PATH} PYTHONPATH=/home/farah/ws_farah/install/ros2controlcli/lib/python3.10/site-packages:/home/farah/ws_farah/install/ros2_controllers_test_nodes/lib/python3.10/site-packages:/home/farah/ws_farah/install/controller_manager_msgs/local/lib/python3.10/dist-packages:${PYTHONPATH} /usr/bin/cmake --install /home/farah/ws_farah/build/ros2_control_demo_example_2
[521.111s] Level 1:colcon.colcon_core.environment:checking '/home/farah/ws_farah/install/ros2_control_demo_example_2' for CMake config files
[521.111s] Level 1:colcon.colcon_core.shell:create_environment_hook('ros2_control_demo_example_2', 'cmake_prefix_path')
[521.111s] INFO:colcon.colcon_core.shell:Creating environment hook '/home/farah/ws_farah/install/ros2_control_demo_example_2/share/ros2_control_demo_example_2/hook/cmake_prefix_path.ps1'
[521.112s] INFO:colcon.colcon_core.shell:Creating environment descriptor '/home/farah/ws_farah/install/ros2_control_demo_example_2/share/ros2_control_demo_example_2/hook/cmake_prefix_path.dsv'
[521.112s] INFO:colcon.colcon_core.shell:Creating environment hook '/home/farah/ws_farah/install/ros2_control_demo_example_2/share/ros2_control_demo_example_2/hook/cmake_prefix_path.sh'
[521.112s] Level 1:colcon.colcon_core.environment:checking '/home/farah/ws_farah/install/ros2_control_demo_example_2/lib'
[521.112s] Level 1:colcon.colcon_core.shell:create_environment_hook('ros2_control_demo_example_2', 'ld_library_path_lib')
[521.113s] INFO:colcon.colcon_core.shell:Creating environment hook '/home/farah/ws_farah/install/ros2_control_demo_example_2/share/ros2_control_demo_example_2/hook/ld_library_path_lib.ps1'
[521.113s] INFO:colcon.colcon_core.shell:Creating environment descriptor '/home/farah/ws_farah/install/ros2_control_demo_example_2/share/ros2_control_demo_example_2/hook/ld_library_path_lib.dsv'
[521.113s] INFO:colcon.colcon_core.shell:Creating environment hook '/home/farah/ws_farah/install/ros2_control_demo_example_2/share/ros2_control_demo_example_2/hook/ld_library_path_lib.sh'
[521.113s] Level 1:colcon.colcon_core.environment:checking '/home/farah/ws_farah/install/ros2_control_demo_example_2/bin'
[521.114s] Level 1:colcon.colcon_core.environment:checking '/home/farah/ws_farah/install/ros2_control_demo_example_2/lib/pkgconfig/ros2_control_demo_example_2.pc'
[521.114s] Level 1:colcon.colcon_core.environment:checking '/home/farah/ws_farah/install/ros2_control_demo_example_2/lib/python3.10/site-packages'
[521.114s] Level 1:colcon.colcon_core.environment:checking '/home/farah/ws_farah/install/ros2_control_demo_example_2/bin'
[521.114s] INFO:colcon.colcon_core.shell:Creating package script '/home/farah/ws_farah/install/ros2_control_demo_example_2/share/ros2_control_demo_example_2/package.ps1'
[521.114s] INFO:colcon.colcon_core.shell:Creating package descriptor '/home/farah/ws_farah/install/ros2_control_demo_example_2/share/ros2_control_demo_example_2/package.dsv'
[521.115s] INFO:colcon.colcon_core.shell:Creating package script '/home/farah/ws_farah/install/ros2_control_demo_example_2/share/ros2_control_demo_example_2/package.sh'
[521.115s] INFO:colcon.colcon_core.shell:Creating package script '/home/farah/ws_farah/install/ros2_control_demo_example_2/share/ros2_control_demo_example_2/package.bash'
[521.116s] INFO:colcon.colcon_core.shell:Creating package script '/home/farah/ws_farah/install/ros2_control_demo_example_2/share/ros2_control_demo_example_2/package.zsh'
[521.116s] Level 1:colcon.colcon_core.environment:create_file_with_runtime_dependencies(/home/farah/ws_farah/install/ros2_control_demo_example_2/share/colcon-core/packages/ros2_control_demo_example_2)
[521.116s] Level 1:colcon.colcon_core.environment:create_environment_scripts_only(ros2_control_demo_example_2)
[521.117s] Level 1:colcon.colcon_core.environment:checking '/home/farah/ws_farah/install/ros2_control_demo_example_2' for CMake module files
[521.117s] Level 1:colcon.colcon_core.environment:checking '/home/farah/ws_farah/install/ros2_control_demo_example_2' for CMake config files
[521.117s] Level 1:colcon.colcon_core.shell:create_environment_hook('ros2_control_demo_example_2', 'cmake_prefix_path')
[521.117s] INFO:colcon.colcon_core.shell:Creating environment hook '/home/farah/ws_farah/install/ros2_control_demo_example_2/share/ros2_control_demo_example_2/hook/cmake_prefix_path.ps1'
[521.118s] INFO:colcon.colcon_core.shell:Creating environment descriptor '/home/farah/ws_farah/install/ros2_control_demo_example_2/share/ros2_control_demo_example_2/hook/cmake_prefix_path.dsv'
[521.118s] INFO:colcon.colcon_core.shell:Creating environment hook '/home/farah/ws_farah/install/ros2_control_demo_example_2/share/ros2_control_demo_example_2/hook/cmake_prefix_path.sh'
[521.118s] Level 1:colcon.colcon_core.environment:checking '/home/farah/ws_farah/install/ros2_control_demo_example_2/lib'
[521.119s] Level 1:colcon.colcon_core.shell:create_environment_hook('ros2_control_demo_example_2', 'ld_library_path_lib')
[521.119s] INFO:colcon.colcon_core.shell:Creating environment hook '/home/farah/ws_farah/install/ros2_control_demo_example_2/share/ros2_control_demo_example_2/hook/ld_library_path_lib.ps1'
[521.119s] INFO:colcon.colcon_core.shell:Creating environment descriptor '/home/farah/ws_farah/install/ros2_control_demo_example_2/share/ros2_control_demo_example_2/hook/ld_library_path_lib.dsv'
[521.119s] INFO:colcon.colcon_core.shell:Creating environment hook '/home/farah/ws_farah/install/ros2_control_demo_example_2/share/ros2_control_demo_example_2/hook/ld_library_path_lib.sh'
[521.120s] Level 1:colcon.colcon_core.environment:checking '/home/farah/ws_farah/install/ros2_control_demo_example_2/bin'
[521.120s] Level 1:colcon.colcon_core.environment:checking '/home/farah/ws_farah/install/ros2_control_demo_example_2/lib/pkgconfig/ros2_control_demo_example_2.pc'
[521.120s] Level 1:colcon.colcon_core.environment:checking '/home/farah/ws_farah/install/ros2_control_demo_example_2/lib/python3.10/site-packages'
[521.120s] Level 1:colcon.colcon_core.environment:checking '/home/farah/ws_farah/install/ros2_control_demo_example_2/bin'
[521.120s] INFO:colcon.colcon_core.shell:Creating package script '/home/farah/ws_farah/install/ros2_control_demo_example_2/share/ros2_control_demo_example_2/package.ps1'
[521.121s] INFO:colcon.colcon_core.shell:Creating package descriptor '/home/farah/ws_farah/install/ros2_control_demo_example_2/share/ros2_control_demo_example_2/package.dsv'
[521.121s] INFO:colcon.colcon_core.shell:Creating package script '/home/farah/ws_farah/install/ros2_control_demo_example_2/share/ros2_control_demo_example_2/package.sh'
[521.121s] INFO:colcon.colcon_core.shell:Creating package script '/home/farah/ws_farah/install/ros2_control_demo_example_2/share/ros2_control_demo_example_2/package.bash'
[521.122s] INFO:colcon.colcon_core.shell:Creating package script '/home/farah/ws_farah/install/ros2_control_demo_example_2/share/ros2_control_demo_example_2/package.zsh'
[521.122s] Level 1:colcon.colcon_core.environment:create_file_with_runtime_dependencies(/home/farah/ws_farah/install/ros2_control_demo_example_2/share/colcon-core/packages/ros2_control_demo_example_2)
[521.122s] INFO:colcon.colcon_ros.task.ament_cmake.build:Building ROS package in '/home/farah/ws_farah/src/ros2_control_demos/example_6' with build type 'ament_cmake'
[521.122s] INFO:colcon.colcon_cmake.task.cmake.build:Building CMake package in '/home/farah/ws_farah/src/ros2_control_demos/example_6'
[521.123s] INFO:colcon.colcon_core.shell:Skip shell extension 'powershell' for command environment: Not usable outside of PowerShell
[521.123s] DEBUG:colcon.colcon_core.shell:Skip shell extension 'dsv' for command environment
[521.137s] DEBUG:colcon.colcon_core.event_handler.log_command:Invoking command in '/home/farah/ws_farah/build/ros2_control_demo_example_6': AMENT_PREFIX_PATH=/home/farah/ws_farah/install/joint_state_broadcaster:/home/farah/ws_farah/install/forward_command_controller:/home/farah/ws_farah/install/hardware_interface_testing:/home/farah/ws_farah/install/controller_interface:/home/farah/ws_farah/install/ros2controlcli:/home/farah/ws_farah/install/hardware_interface:/home/farah/ws_farah/install/ros2_controllers_test_nodes:/home/farah/ws_farah/install/ros2_control_test_assets:/home/farah/ws_farah/install/ros2_control_demo_description:/home/farah/ws_farah/install/controller_manager_msgs:${AMENT_PREFIX_PATH} CMAKE_PREFIX_PATH=/home/farah/ws_farah/install/joint_state_broadcaster:/home/farah/ws_farah/install/forward_command_controller:/home/farah/ws_farah/install/hardware_interface_testing:/home/farah/ws_farah/install/controller_interface:/home/farah/ws_farah/install/hardware_interface:/home/farah/ws_farah/install/ros2_control_test_assets:/home/farah/ws_farah/install/ros2_control_demo_description:/home/farah/ws_farah/install/controller_manager_msgs:/opt/ros/humble LD_LIBRARY_PATH=/home/farah/ws_farah/install/joint_state_broadcaster/lib:/home/farah/ws_farah/install/forward_command_controller/lib:/home/farah/ws_farah/install/hardware_interface_testing/lib:/home/farah/ws_farah/install/controller_interface/lib:/home/farah/ws_farah/install/hardware_interface/lib:/home/farah/ws_farah/install/controller_manager_msgs/lib:${LD_LIBRARY_PATH} PYTHONPATH=/home/farah/ws_farah/install/ros2controlcli/lib/python3.10/site-packages:/home/farah/ws_farah/install/ros2_controllers_test_nodes/lib/python3.10/site-packages:/home/farah/ws_farah/install/controller_manager_msgs/local/lib/python3.10/dist-packages:${PYTHONPATH} /usr/bin/cmake /home/farah/ws_farah/src/ros2_control_demos/example_6 -DCMAKE_INSTALL_PREFIX=/home/farah/ws_farah/install/ros2_control_demo_example_6
[523.141s] DEBUG:colcon.colcon_core.event_handler.log_command:Invoked command in '/home/farah/ws_farah/build/ros2_control_demo_example_6' returned '0': AMENT_PREFIX_PATH=/home/farah/ws_farah/install/joint_state_broadcaster:/home/farah/ws_farah/install/forward_command_controller:/home/farah/ws_farah/install/hardware_interface_testing:/home/farah/ws_farah/install/controller_interface:/home/farah/ws_farah/install/ros2controlcli:/home/farah/ws_farah/install/hardware_interface:/home/farah/ws_farah/install/ros2_controllers_test_nodes:/home/farah/ws_farah/install/ros2_control_test_assets:/home/farah/ws_farah/install/ros2_control_demo_description:/home/farah/ws_farah/install/controller_manager_msgs:${AMENT_PREFIX_PATH} CMAKE_PREFIX_PATH=/home/farah/ws_farah/install/joint_state_broadcaster:/home/farah/ws_farah/install/forward_command_controller:/home/farah/ws_farah/install/hardware_interface_testing:/home/farah/ws_farah/install/controller_interface:/home/farah/ws_farah/install/hardware_interface:/home/farah/ws_farah/install/ros2_control_test_assets:/home/farah/ws_farah/install/ros2_control_demo_description:/home/farah/ws_farah/install/controller_manager_msgs:/opt/ros/humble LD_LIBRARY_PATH=/home/farah/ws_farah/install/joint_state_broadcaster/lib:/home/farah/ws_farah/install/forward_command_controller/lib:/home/farah/ws_farah/install/hardware_interface_testing/lib:/home/farah/ws_farah/install/controller_interface/lib:/home/farah/ws_farah/install/hardware_interface/lib:/home/farah/ws_farah/install/controller_manager_msgs/lib:${LD_LIBRARY_PATH} PYTHONPATH=/home/farah/ws_farah/install/ros2controlcli/lib/python3.10/site-packages:/home/farah/ws_farah/install/ros2_controllers_test_nodes/lib/python3.10/site-packages:/home/farah/ws_farah/install/controller_manager_msgs/local/lib/python3.10/dist-packages:${PYTHONPATH} /usr/bin/cmake /home/farah/ws_farah/src/ros2_control_demos/example_6 -DCMAKE_INSTALL_PREFIX=/home/farah/ws_farah/install/ros2_control_demo_example_6
[523.142s] DEBUG:colcon.colcon_core.event_handler.log_command:Invoking command in '/home/farah/ws_farah/build/ros2_control_demo_example_6': AMENT_PREFIX_PATH=/home/farah/ws_farah/install/joint_state_broadcaster:/home/farah/ws_farah/install/forward_command_controller:/home/farah/ws_farah/install/hardware_interface_testing:/home/farah/ws_farah/install/controller_interface:/home/farah/ws_farah/install/ros2controlcli:/home/farah/ws_farah/install/hardware_interface:/home/farah/ws_farah/install/ros2_controllers_test_nodes:/home/farah/ws_farah/install/ros2_control_test_assets:/home/farah/ws_farah/install/ros2_control_demo_description:/home/farah/ws_farah/install/controller_manager_msgs:${AMENT_PREFIX_PATH} CMAKE_PREFIX_PATH=/home/farah/ws_farah/install/joint_state_broadcaster:/home/farah/ws_farah/install/forward_command_controller:/home/farah/ws_farah/install/hardware_interface_testing:/home/farah/ws_farah/install/controller_interface:/home/farah/ws_farah/install/hardware_interface:/home/farah/ws_farah/install/ros2_control_test_assets:/home/farah/ws_farah/install/ros2_control_demo_description:/home/farah/ws_farah/install/controller_manager_msgs:/opt/ros/humble LD_LIBRARY_PATH=/home/farah/ws_farah/install/joint_state_broadcaster/lib:/home/farah/ws_farah/install/forward_command_controller/lib:/home/farah/ws_farah/install/hardware_interface_testing/lib:/home/farah/ws_farah/install/controller_interface/lib:/home/farah/ws_farah/install/hardware_interface/lib:/home/farah/ws_farah/install/controller_manager_msgs/lib:${LD_LIBRARY_PATH} PYTHONPATH=/home/farah/ws_farah/install/ros2controlcli/lib/python3.10/site-packages:/home/farah/ws_farah/install/ros2_controllers_test_nodes/lib/python3.10/site-packages:/home/farah/ws_farah/install/controller_manager_msgs/local/lib/python3.10/dist-packages:${PYTHONPATH} /usr/bin/cmake --build /home/farah/ws_farah/build/ros2_control_demo_example_6 -- -j8 -l8
[526.180s] DEBUG:colcon.colcon_core.event_handler.log_command:Invoked command in '/home/farah/ws_farah/build/ros2_control_demo_example_6' returned '0': AMENT_PREFIX_PATH=/home/farah/ws_farah/install/joint_state_broadcaster:/home/farah/ws_farah/install/forward_command_controller:/home/farah/ws_farah/install/hardware_interface_testing:/home/farah/ws_farah/install/controller_interface:/home/farah/ws_farah/install/ros2controlcli:/home/farah/ws_farah/install/hardware_interface:/home/farah/ws_farah/install/ros2_controllers_test_nodes:/home/farah/ws_farah/install/ros2_control_test_assets:/home/farah/ws_farah/install/ros2_control_demo_description:/home/farah/ws_farah/install/controller_manager_msgs:${AMENT_PREFIX_PATH} CMAKE_PREFIX_PATH=/home/farah/ws_farah/install/joint_state_broadcaster:/home/farah/ws_farah/install/forward_command_controller:/home/farah/ws_farah/install/hardware_interface_testing:/home/farah/ws_farah/install/controller_interface:/home/farah/ws_farah/install/hardware_interface:/home/farah/ws_farah/install/ros2_control_test_assets:/home/farah/ws_farah/install/ros2_control_demo_description:/home/farah/ws_farah/install/controller_manager_msgs:/opt/ros/humble LD_LIBRARY_PATH=/home/farah/ws_farah/install/joint_state_broadcaster/lib:/home/farah/ws_farah/install/forward_command_controller/lib:/home/farah/ws_farah/install/hardware_interface_testing/lib:/home/farah/ws_farah/install/controller_interface/lib:/home/farah/ws_farah/install/hardware_interface/lib:/home/farah/ws_farah/install/controller_manager_msgs/lib:${LD_LIBRARY_PATH} PYTHONPATH=/home/farah/ws_farah/install/ros2controlcli/lib/python3.10/site-packages:/home/farah/ws_farah/install/ros2_controllers_test_nodes/lib/python3.10/site-packages:/home/farah/ws_farah/install/controller_manager_msgs/local/lib/python3.10/dist-packages:${PYTHONPATH} /usr/bin/cmake --build /home/farah/ws_farah/build/ros2_control_demo_example_6 -- -j8 -l8
[526.181s] DEBUG:colcon.colcon_core.event_handler.log_command:Invoking command in '/home/farah/ws_farah/build/ros2_control_demo_example_6': AMENT_PREFIX_PATH=/home/farah/ws_farah/install/joint_state_broadcaster:/home/farah/ws_farah/install/forward_command_controller:/home/farah/ws_farah/install/hardware_interface_testing:/home/farah/ws_farah/install/controller_interface:/home/farah/ws_farah/install/ros2controlcli:/home/farah/ws_farah/install/hardware_interface:/home/farah/ws_farah/install/ros2_controllers_test_nodes:/home/farah/ws_farah/install/ros2_control_test_assets:/home/farah/ws_farah/install/ros2_control_demo_description:/home/farah/ws_farah/install/controller_manager_msgs:${AMENT_PREFIX_PATH} CMAKE_PREFIX_PATH=/home/farah/ws_farah/install/joint_state_broadcaster:/home/farah/ws_farah/install/forward_command_controller:/home/farah/ws_farah/install/hardware_interface_testing:/home/farah/ws_farah/install/controller_interface:/home/farah/ws_farah/install/hardware_interface:/home/farah/ws_farah/install/ros2_control_test_assets:/home/farah/ws_farah/install/ros2_control_demo_description:/home/farah/ws_farah/install/controller_manager_msgs:/opt/ros/humble LD_LIBRARY_PATH=/home/farah/ws_farah/install/joint_state_broadcaster/lib:/home/farah/ws_farah/install/forward_command_controller/lib:/home/farah/ws_farah/install/hardware_interface_testing/lib:/home/farah/ws_farah/install/controller_interface/lib:/home/farah/ws_farah/install/hardware_interface/lib:/home/farah/ws_farah/install/controller_manager_msgs/lib:${LD_LIBRARY_PATH} PYTHONPATH=/home/farah/ws_farah/install/ros2controlcli/lib/python3.10/site-packages:/home/farah/ws_farah/install/ros2_controllers_test_nodes/lib/python3.10/site-packages:/home/farah/ws_farah/install/controller_manager_msgs/local/lib/python3.10/dist-packages:${PYTHONPATH} /usr/bin/cmake --install /home/farah/ws_farah/build/ros2_control_demo_example_6
[526.194s] Level 1:colcon.colcon_core.environment:create_environment_scripts_only(ros2_control_demo_example_6)
[526.194s] Level 1:colcon.colcon_core.environment:checking '/home/farah/ws_farah/install/ros2_control_demo_example_6' for CMake module files
[526.195s] DEBUG:colcon.colcon_core.event_handler.log_command:Invoked command in '/home/farah/ws_farah/build/ros2_control_demo_example_6' returned '0': AMENT_PREFIX_PATH=/home/farah/ws_farah/install/joint_state_broadcaster:/home/farah/ws_farah/install/forward_command_controller:/home/farah/ws_farah/install/hardware_interface_testing:/home/farah/ws_farah/install/controller_interface:/home/farah/ws_farah/install/ros2controlcli:/home/farah/ws_farah/install/hardware_interface:/home/farah/ws_farah/install/ros2_controllers_test_nodes:/home/farah/ws_farah/install/ros2_control_test_assets:/home/farah/ws_farah/install/ros2_control_demo_description:/home/farah/ws_farah/install/controller_manager_msgs:${AMENT_PREFIX_PATH} CMAKE_PREFIX_PATH=/home/farah/ws_farah/install/joint_state_broadcaster:/home/farah/ws_farah/install/forward_command_controller:/home/farah/ws_farah/install/hardware_interface_testing:/home/farah/ws_farah/install/controller_interface:/home/farah/ws_farah/install/hardware_interface:/home/farah/ws_farah/install/ros2_control_test_assets:/home/farah/ws_farah/install/ros2_control_demo_description:/home/farah/ws_farah/install/controller_manager_msgs:/opt/ros/humble LD_LIBRARY_PATH=/home/farah/ws_farah/install/joint_state_broadcaster/lib:/home/farah/ws_farah/install/forward_command_controller/lib:/home/farah/ws_farah/install/hardware_interface_testing/lib:/home/farah/ws_farah/install/controller_interface/lib:/home/farah/ws_farah/install/hardware_interface/lib:/home/farah/ws_farah/install/controller_manager_msgs/lib:${LD_LIBRARY_PATH} PYTHONPATH=/home/farah/ws_farah/install/ros2controlcli/lib/python3.10/site-packages:/home/farah/ws_farah/install/ros2_controllers_test_nodes/lib/python3.10/site-packages:/home/farah/ws_farah/install/controller_manager_msgs/local/lib/python3.10/dist-packages:${PYTHONPATH} /usr/bin/cmake --install /home/farah/ws_farah/build/ros2_control_demo_example_6
[526.195s] Level 1:colcon.colcon_core.environment:checking '/home/farah/ws_farah/install/ros2_control_demo_example_6' for CMake config files
[526.195s] Level 1:colcon.colcon_core.shell:create_environment_hook('ros2_control_demo_example_6', 'cmake_prefix_path')
[526.195s] INFO:colcon.colcon_core.shell:Creating environment hook '/home/farah/ws_farah/install/ros2_control_demo_example_6/share/ros2_control_demo_example_6/hook/cmake_prefix_path.ps1'
[526.196s] INFO:colcon.colcon_core.shell:Creating environment descriptor '/home/farah/ws_farah/install/ros2_control_demo_example_6/share/ros2_control_demo_example_6/hook/cmake_prefix_path.dsv'
[526.196s] INFO:colcon.colcon_core.shell:Creating environment hook '/home/farah/ws_farah/install/ros2_control_demo_example_6/share/ros2_control_demo_example_6/hook/cmake_prefix_path.sh'
[526.196s] Level 1:colcon.colcon_core.environment:checking '/home/farah/ws_farah/install/ros2_control_demo_example_6/lib'
[526.196s] Level 1:colcon.colcon_core.shell:create_environment_hook('ros2_control_demo_example_6', 'ld_library_path_lib')
[526.196s] INFO:colcon.colcon_core.shell:Creating environment hook '/home/farah/ws_farah/install/ros2_control_demo_example_6/share/ros2_control_demo_example_6/hook/ld_library_path_lib.ps1'
[526.197s] INFO:colcon.colcon_core.shell:Creating environment descriptor '/home/farah/ws_farah/install/ros2_control_demo_example_6/share/ros2_control_demo_example_6/hook/ld_library_path_lib.dsv'
[526.197s] INFO:colcon.colcon_core.shell:Creating environment hook '/home/farah/ws_farah/install/ros2_control_demo_example_6/share/ros2_control_demo_example_6/hook/ld_library_path_lib.sh'
[526.197s] Level 1:colcon.colcon_core.environment:checking '/home/farah/ws_farah/install/ros2_control_demo_example_6/bin'
[526.197s] Level 1:colcon.colcon_core.environment:checking '/home/farah/ws_farah/install/ros2_control_demo_example_6/lib/pkgconfig/ros2_control_demo_example_6.pc'
[526.197s] Level 1:colcon.colcon_core.environment:checking '/home/farah/ws_farah/install/ros2_control_demo_example_6/lib/python3.10/site-packages'
[526.198s] Level 1:colcon.colcon_core.environment:checking '/home/farah/ws_farah/install/ros2_control_demo_example_6/bin'
[526.198s] INFO:colcon.colcon_core.shell:Creating package script '/home/farah/ws_farah/install/ros2_control_demo_example_6/share/ros2_control_demo_example_6/package.ps1'
[526.198s] INFO:colcon.colcon_core.shell:Creating package descriptor '/home/farah/ws_farah/install/ros2_control_demo_example_6/share/ros2_control_demo_example_6/package.dsv'
[526.199s] INFO:colcon.colcon_core.shell:Creating package script '/home/farah/ws_farah/install/ros2_control_demo_example_6/share/ros2_control_demo_example_6/package.sh'
[526.199s] INFO:colcon.colcon_core.shell:Creating package script '/home/farah/ws_farah/install/ros2_control_demo_example_6/share/ros2_control_demo_example_6/package.bash'
[526.199s] INFO:colcon.colcon_core.shell:Creating package script '/home/farah/ws_farah/install/ros2_control_demo_example_6/share/ros2_control_demo_example_6/package.zsh'
[526.199s] Level 1:colcon.colcon_core.environment:create_file_with_runtime_dependencies(/home/farah/ws_farah/install/ros2_control_demo_example_6/share/colcon-core/packages/ros2_control_demo_example_6)
[526.200s] Level 1:colcon.colcon_core.environment:create_environment_scripts_only(ros2_control_demo_example_6)
[526.200s] Level 1:colcon.colcon_core.environment:checking '/home/farah/ws_farah/install/ros2_control_demo_example_6' for CMake module files
[526.200s] Level 1:colcon.colcon_core.environment:checking '/home/farah/ws_farah/install/ros2_control_demo_example_6' for CMake config files
[526.201s] Level 1:colcon.colcon_core.shell:create_environment_hook('ros2_control_demo_example_6', 'cmake_prefix_path')
[526.201s] INFO:colcon.colcon_core.shell:Creating environment hook '/home/farah/ws_farah/install/ros2_control_demo_example_6/share/ros2_control_demo_example_6/hook/cmake_prefix_path.ps1'
[526.201s] INFO:colcon.colcon_core.shell:Creating environment descriptor '/home/farah/ws_farah/install/ros2_control_demo_example_6/share/ros2_control_demo_example_6/hook/cmake_prefix_path.dsv'
[526.201s] INFO:colcon.colcon_core.shell:Creating environment hook '/home/farah/ws_farah/install/ros2_control_demo_example_6/share/ros2_control_demo_example_6/hook/cmake_prefix_path.sh'
[526.202s] Level 1:colcon.colcon_core.environment:checking '/home/farah/ws_farah/install/ros2_control_demo_example_6/lib'
[526.202s] Level 1:colcon.colcon_core.shell:create_environment_hook('ros2_control_demo_example_6', 'ld_library_path_lib')
[526.202s] INFO:colcon.colcon_core.shell:Creating environment hook '/home/farah/ws_farah/install/ros2_control_demo_example_6/share/ros2_control_demo_example_6/hook/ld_library_path_lib.ps1'
[526.202s] INFO:colcon.colcon_core.shell:Creating environment descriptor '/home/farah/ws_farah/install/ros2_control_demo_example_6/share/ros2_control_demo_example_6/hook/ld_library_path_lib.dsv'
[526.202s] INFO:colcon.colcon_core.shell:Creating environment hook '/home/farah/ws_farah/install/ros2_control_demo_example_6/share/ros2_control_demo_example_6/hook/ld_library_path_lib.sh'
[526.203s] Level 1:colcon.colcon_core.environment:checking '/home/farah/ws_farah/install/ros2_control_demo_example_6/bin'
[526.203s] Level 1:colcon.colcon_core.environment:checking '/home/farah/ws_farah/install/ros2_control_demo_example_6/lib/pkgconfig/ros2_control_demo_example_6.pc'
[526.203s] Level 1:colcon.colcon_core.environment:checking '/home/farah/ws_farah/install/ros2_control_demo_example_6/lib/python3.10/site-packages'
[526.203s] Level 1:colcon.colcon_core.environment:checking '/home/farah/ws_farah/install/ros2_control_demo_example_6/bin'
[526.203s] INFO:colcon.colcon_core.shell:Creating package script '/home/farah/ws_farah/install/ros2_control_demo_example_6/share/ros2_control_demo_example_6/package.ps1'
[526.204s] INFO:colcon.colcon_core.shell:Creating package descriptor '/home/farah/ws_farah/install/ros2_control_demo_example_6/share/ros2_control_demo_example_6/package.dsv'
[526.204s] INFO:colcon.colcon_core.shell:Creating package script '/home/farah/ws_farah/install/ros2_control_demo_example_6/share/ros2_control_demo_example_6/package.sh'
[526.204s] INFO:colcon.colcon_core.shell:Creating package script '/home/farah/ws_farah/install/ros2_control_demo_example_6/share/ros2_control_demo_example_6/package.bash'
[526.205s] INFO:colcon.colcon_core.shell:Creating package script '/home/farah/ws_farah/install/ros2_control_demo_example_6/share/ros2_control_demo_example_6/package.zsh'
[526.205s] Level 1:colcon.colcon_core.environment:create_file_with_runtime_dependencies(/home/farah/ws_farah/install/ros2_control_demo_example_6/share/colcon-core/packages/ros2_control_demo_example_6)
[526.205s] INFO:colcon.colcon_ros.task.ament_cmake.build:Building ROS package in '/home/farah/ws_farah/src/ros2_control_demos/example_7' with build type 'ament_cmake'
[526.205s] INFO:colcon.colcon_cmake.task.cmake.build:Building CMake package in '/home/farah/ws_farah/src/ros2_control_demos/example_7'
[526.206s] INFO:colcon.colcon_core.shell:Skip shell extension 'powershell' for command environment: Not usable outside of PowerShell
[526.206s] DEBUG:colcon.colcon_core.shell:Skip shell extension 'dsv' for command environment
[526.218s] DEBUG:colcon.colcon_core.event_handler.log_command:Invoking command in '/home/farah/ws_farah/build/ros2_control_demo_example_7': AMENT_PREFIX_PATH=/home/farah/ws_farah/install/joint_state_broadcaster:/home/farah/ws_farah/install/hardware_interface_testing:/home/farah/ws_farah/install/controller_interface:/home/farah/ws_farah/install/ros2controlcli:/home/farah/ws_farah/install/hardware_interface:/home/farah/ws_farah/install/ros2_control_test_assets:/home/farah/ws_farah/install/ros2_control_demo_description:/home/farah/ws_farah/install/controller_manager_msgs:${AMENT_PREFIX_PATH} CMAKE_PREFIX_PATH=/home/farah/ws_farah/install/joint_state_broadcaster:/home/farah/ws_farah/install/hardware_interface_testing:/home/farah/ws_farah/install/controller_interface:/home/farah/ws_farah/install/hardware_interface:/home/farah/ws_farah/install/ros2_control_test_assets:/home/farah/ws_farah/install/ros2_control_demo_description:/home/farah/ws_farah/install/controller_manager_msgs:/opt/ros/humble LD_LIBRARY_PATH=/home/farah/ws_farah/install/joint_state_broadcaster/lib:/home/farah/ws_farah/install/hardware_interface_testing/lib:/home/farah/ws_farah/install/controller_interface/lib:/home/farah/ws_farah/install/hardware_interface/lib:/home/farah/ws_farah/install/controller_manager_msgs/lib:${LD_LIBRARY_PATH} PYTHONPATH=/home/farah/ws_farah/install/ros2controlcli/lib/python3.10/site-packages:/home/farah/ws_farah/install/controller_manager_msgs/local/lib/python3.10/dist-packages:${PYTHONPATH} /usr/bin/cmake /home/farah/ws_farah/src/ros2_control_demos/example_7 -DCMAKE_INSTALL_PREFIX=/home/farah/ws_farah/install/ros2_control_demo_example_7
[528.276s] DEBUG:colcon.colcon_core.event_handler.log_command:Invoked command in '/home/farah/ws_farah/build/ros2_control_demo_example_7' returned '0': AMENT_PREFIX_PATH=/home/farah/ws_farah/install/joint_state_broadcaster:/home/farah/ws_farah/install/hardware_interface_testing:/home/farah/ws_farah/install/controller_interface:/home/farah/ws_farah/install/ros2controlcli:/home/farah/ws_farah/install/hardware_interface:/home/farah/ws_farah/install/ros2_control_test_assets:/home/farah/ws_farah/install/ros2_control_demo_description:/home/farah/ws_farah/install/controller_manager_msgs:${AMENT_PREFIX_PATH} CMAKE_PREFIX_PATH=/home/farah/ws_farah/install/joint_state_broadcaster:/home/farah/ws_farah/install/hardware_interface_testing:/home/farah/ws_farah/install/controller_interface:/home/farah/ws_farah/install/hardware_interface:/home/farah/ws_farah/install/ros2_control_test_assets:/home/farah/ws_farah/install/ros2_control_demo_description:/home/farah/ws_farah/install/controller_manager_msgs:/opt/ros/humble LD_LIBRARY_PATH=/home/farah/ws_farah/install/joint_state_broadcaster/lib:/home/farah/ws_farah/install/hardware_interface_testing/lib:/home/farah/ws_farah/install/controller_interface/lib:/home/farah/ws_farah/install/hardware_interface/lib:/home/farah/ws_farah/install/controller_manager_msgs/lib:${LD_LIBRARY_PATH} PYTHONPATH=/home/farah/ws_farah/install/ros2controlcli/lib/python3.10/site-packages:/home/farah/ws_farah/install/controller_manager_msgs/local/lib/python3.10/dist-packages:${PYTHONPATH} /usr/bin/cmake /home/farah/ws_farah/src/ros2_control_demos/example_7 -DCMAKE_INSTALL_PREFIX=/home/farah/ws_farah/install/ros2_control_demo_example_7
[528.277s] DEBUG:colcon.colcon_core.event_handler.log_command:Invoking command in '/home/farah/ws_farah/build/ros2_control_demo_example_7': AMENT_PREFIX_PATH=/home/farah/ws_farah/install/joint_state_broadcaster:/home/farah/ws_farah/install/hardware_interface_testing:/home/farah/ws_farah/install/controller_interface:/home/farah/ws_farah/install/ros2controlcli:/home/farah/ws_farah/install/hardware_interface:/home/farah/ws_farah/install/ros2_control_test_assets:/home/farah/ws_farah/install/ros2_control_demo_description:/home/farah/ws_farah/install/controller_manager_msgs:${AMENT_PREFIX_PATH} CMAKE_PREFIX_PATH=/home/farah/ws_farah/install/joint_state_broadcaster:/home/farah/ws_farah/install/hardware_interface_testing:/home/farah/ws_farah/install/controller_interface:/home/farah/ws_farah/install/hardware_interface:/home/farah/ws_farah/install/ros2_control_test_assets:/home/farah/ws_farah/install/ros2_control_demo_description:/home/farah/ws_farah/install/controller_manager_msgs:/opt/ros/humble LD_LIBRARY_PATH=/home/farah/ws_farah/install/joint_state_broadcaster/lib:/home/farah/ws_farah/install/hardware_interface_testing/lib:/home/farah/ws_farah/install/controller_interface/lib:/home/farah/ws_farah/install/hardware_interface/lib:/home/farah/ws_farah/install/controller_manager_msgs/lib:${LD_LIBRARY_PATH} PYTHONPATH=/home/farah/ws_farah/install/ros2controlcli/lib/python3.10/site-packages:/home/farah/ws_farah/install/controller_manager_msgs/local/lib/python3.10/dist-packages:${PYTHONPATH} /usr/bin/cmake --build /home/farah/ws_farah/build/ros2_control_demo_example_7 -- -j8 -l8
[536.280s] DEBUG:colcon.colcon_core.event_handler.log_command:Invoked command in '/home/farah/ws_farah/build/ros2_control_demo_example_7' returned '0': AMENT_PREFIX_PATH=/home/farah/ws_farah/install/joint_state_broadcaster:/home/farah/ws_farah/install/hardware_interface_testing:/home/farah/ws_farah/install/controller_interface:/home/farah/ws_farah/install/ros2controlcli:/home/farah/ws_farah/install/hardware_interface:/home/farah/ws_farah/install/ros2_control_test_assets:/home/farah/ws_farah/install/ros2_control_demo_description:/home/farah/ws_farah/install/controller_manager_msgs:${AMENT_PREFIX_PATH} CMAKE_PREFIX_PATH=/home/farah/ws_farah/install/joint_state_broadcaster:/home/farah/ws_farah/install/hardware_interface_testing:/home/farah/ws_farah/install/controller_interface:/home/farah/ws_farah/install/hardware_interface:/home/farah/ws_farah/install/ros2_control_test_assets:/home/farah/ws_farah/install/ros2_control_demo_description:/home/farah/ws_farah/install/controller_manager_msgs:/opt/ros/humble LD_LIBRARY_PATH=/home/farah/ws_farah/install/joint_state_broadcaster/lib:/home/farah/ws_farah/install/hardware_interface_testing/lib:/home/farah/ws_farah/install/controller_interface/lib:/home/farah/ws_farah/install/hardware_interface/lib:/home/farah/ws_farah/install/controller_manager_msgs/lib:${LD_LIBRARY_PATH} PYTHONPATH=/home/farah/ws_farah/install/ros2controlcli/lib/python3.10/site-packages:/home/farah/ws_farah/install/controller_manager_msgs/local/lib/python3.10/dist-packages:${PYTHONPATH} /usr/bin/cmake --build /home/farah/ws_farah/build/ros2_control_demo_example_7 -- -j8 -l8
[536.281s] DEBUG:colcon.colcon_core.event_handler.log_command:Invoking command in '/home/farah/ws_farah/build/ros2_control_demo_example_7': AMENT_PREFIX_PATH=/home/farah/ws_farah/install/joint_state_broadcaster:/home/farah/ws_farah/install/hardware_interface_testing:/home/farah/ws_farah/install/controller_interface:/home/farah/ws_farah/install/ros2controlcli:/home/farah/ws_farah/install/hardware_interface:/home/farah/ws_farah/install/ros2_control_test_assets:/home/farah/ws_farah/install/ros2_control_demo_description:/home/farah/ws_farah/install/controller_manager_msgs:${AMENT_PREFIX_PATH} CMAKE_PREFIX_PATH=/home/farah/ws_farah/install/joint_state_broadcaster:/home/farah/ws_farah/install/hardware_interface_testing:/home/farah/ws_farah/install/controller_interface:/home/farah/ws_farah/install/hardware_interface:/home/farah/ws_farah/install/ros2_control_test_assets:/home/farah/ws_farah/install/ros2_control_demo_description:/home/farah/ws_farah/install/controller_manager_msgs:/opt/ros/humble LD_LIBRARY_PATH=/home/farah/ws_farah/install/joint_state_broadcaster/lib:/home/farah/ws_farah/install/hardware_interface_testing/lib:/home/farah/ws_farah/install/controller_interface/lib:/home/farah/ws_farah/install/hardware_interface/lib:/home/farah/ws_farah/install/controller_manager_msgs/lib:${LD_LIBRARY_PATH} PYTHONPATH=/home/farah/ws_farah/install/ros2controlcli/lib/python3.10/site-packages:/home/farah/ws_farah/install/controller_manager_msgs/local/lib/python3.10/dist-packages:${PYTHONPATH} /usr/bin/cmake --install /home/farah/ws_farah/build/ros2_control_demo_example_7
[536.298s] Level 1:colcon.colcon_core.environment:create_environment_scripts_only(ros2_control_demo_example_7)
[536.299s] Level 1:colcon.colcon_core.environment:checking '/home/farah/ws_farah/install/ros2_control_demo_example_7' for CMake module files
[536.299s] DEBUG:colcon.colcon_core.event_handler.log_command:Invoked command in '/home/farah/ws_farah/build/ros2_control_demo_example_7' returned '0': AMENT_PREFIX_PATH=/home/farah/ws_farah/install/joint_state_broadcaster:/home/farah/ws_farah/install/hardware_interface_testing:/home/farah/ws_farah/install/controller_interface:/home/farah/ws_farah/install/ros2controlcli:/home/farah/ws_farah/install/hardware_interface:/home/farah/ws_farah/install/ros2_control_test_assets:/home/farah/ws_farah/install/ros2_control_demo_description:/home/farah/ws_farah/install/controller_manager_msgs:${AMENT_PREFIX_PATH} CMAKE_PREFIX_PATH=/home/farah/ws_farah/install/joint_state_broadcaster:/home/farah/ws_farah/install/hardware_interface_testing:/home/farah/ws_farah/install/controller_interface:/home/farah/ws_farah/install/hardware_interface:/home/farah/ws_farah/install/ros2_control_test_assets:/home/farah/ws_farah/install/ros2_control_demo_description:/home/farah/ws_farah/install/controller_manager_msgs:/opt/ros/humble LD_LIBRARY_PATH=/home/farah/ws_farah/install/joint_state_broadcaster/lib:/home/farah/ws_farah/install/hardware_interface_testing/lib:/home/farah/ws_farah/install/controller_interface/lib:/home/farah/ws_farah/install/hardware_interface/lib:/home/farah/ws_farah/install/controller_manager_msgs/lib:${LD_LIBRARY_PATH} PYTHONPATH=/home/farah/ws_farah/install/ros2controlcli/lib/python3.10/site-packages:/home/farah/ws_farah/install/controller_manager_msgs/local/lib/python3.10/dist-packages:${PYTHONPATH} /usr/bin/cmake --install /home/farah/ws_farah/build/ros2_control_demo_example_7
[536.299s] Level 1:colcon.colcon_core.environment:checking '/home/farah/ws_farah/install/ros2_control_demo_example_7' for CMake config files
[536.300s] Level 1:colcon.colcon_core.shell:create_environment_hook('ros2_control_demo_example_7', 'cmake_prefix_path')
[536.300s] INFO:colcon.colcon_core.shell:Creating environment hook '/home/farah/ws_farah/install/ros2_control_demo_example_7/share/ros2_control_demo_example_7/hook/cmake_prefix_path.ps1'
[536.300s] INFO:colcon.colcon_core.shell:Creating environment descriptor '/home/farah/ws_farah/install/ros2_control_demo_example_7/share/ros2_control_demo_example_7/hook/cmake_prefix_path.dsv'
[536.300s] INFO:colcon.colcon_core.shell:Creating environment hook '/home/farah/ws_farah/install/ros2_control_demo_example_7/share/ros2_control_demo_example_7/hook/cmake_prefix_path.sh'
[536.301s] Level 1:colcon.colcon_core.environment:checking '/home/farah/ws_farah/install/ros2_control_demo_example_7/lib'
[536.301s] Level 1:colcon.colcon_core.shell:create_environment_hook('ros2_control_demo_example_7', 'ld_library_path_lib')
[536.301s] INFO:colcon.colcon_core.shell:Creating environment hook '/home/farah/ws_farah/install/ros2_control_demo_example_7/share/ros2_control_demo_example_7/hook/ld_library_path_lib.ps1'
[536.301s] INFO:colcon.colcon_core.shell:Creating environment descriptor '/home/farah/ws_farah/install/ros2_control_demo_example_7/share/ros2_control_demo_example_7/hook/ld_library_path_lib.dsv'
[536.302s] INFO:colcon.colcon_core.shell:Creating environment hook '/home/farah/ws_farah/install/ros2_control_demo_example_7/share/ros2_control_demo_example_7/hook/ld_library_path_lib.sh'
[536.302s] Level 1:colcon.colcon_core.environment:checking '/home/farah/ws_farah/install/ros2_control_demo_example_7/bin'
[536.302s] Level 1:colcon.colcon_core.environment:checking '/home/farah/ws_farah/install/ros2_control_demo_example_7/lib/pkgconfig/ros2_control_demo_example_7.pc'
[536.302s] Level 1:colcon.colcon_core.environment:checking '/home/farah/ws_farah/install/ros2_control_demo_example_7/lib/python3.10/site-packages'
[536.302s] Level 1:colcon.colcon_core.environment:checking '/home/farah/ws_farah/install/ros2_control_demo_example_7/bin'
[536.303s] INFO:colcon.colcon_core.shell:Creating package script '/home/farah/ws_farah/install/ros2_control_demo_example_7/share/ros2_control_demo_example_7/package.ps1'
[536.303s] INFO:colcon.colcon_core.shell:Creating package descriptor '/home/farah/ws_farah/install/ros2_control_demo_example_7/share/ros2_control_demo_example_7/package.dsv'
[536.303s] INFO:colcon.colcon_core.shell:Creating package script '/home/farah/ws_farah/install/ros2_control_demo_example_7/share/ros2_control_demo_example_7/package.sh'
[536.304s] INFO:colcon.colcon_core.shell:Creating package script '/home/farah/ws_farah/install/ros2_control_demo_example_7/share/ros2_control_demo_example_7/package.bash'
[536.304s] INFO:colcon.colcon_core.shell:Creating package script '/home/farah/ws_farah/install/ros2_control_demo_example_7/share/ros2_control_demo_example_7/package.zsh'
[536.304s] Level 1:colcon.colcon_core.environment:create_file_with_runtime_dependencies(/home/farah/ws_farah/install/ros2_control_demo_example_7/share/colcon-core/packages/ros2_control_demo_example_7)
[536.304s] Level 1:colcon.colcon_core.environment:create_environment_scripts_only(ros2_control_demo_example_7)
[536.305s] Level 1:colcon.colcon_core.environment:checking '/home/farah/ws_farah/install/ros2_control_demo_example_7' for CMake module files
[536.305s] Level 1:colcon.colcon_core.environment:checking '/home/farah/ws_farah/install/ros2_control_demo_example_7' for CMake config files
[536.305s] Level 1:colcon.colcon_core.shell:create_environment_hook('ros2_control_demo_example_7', 'cmake_prefix_path')
[536.305s] INFO:colcon.colcon_core.shell:Creating environment hook '/home/farah/ws_farah/install/ros2_control_demo_example_7/share/ros2_control_demo_example_7/hook/cmake_prefix_path.ps1'
[536.306s] INFO:colcon.colcon_core.shell:Creating environment descriptor '/home/farah/ws_farah/install/ros2_control_demo_example_7/share/ros2_control_demo_example_7/hook/cmake_prefix_path.dsv'
[536.306s] INFO:colcon.colcon_core.shell:Creating environment hook '/home/farah/ws_farah/install/ros2_control_demo_example_7/share/ros2_control_demo_example_7/hook/cmake_prefix_path.sh'
[536.306s] Level 1:colcon.colcon_core.environment:checking '/home/farah/ws_farah/install/ros2_control_demo_example_7/lib'
[536.306s] Level 1:colcon.colcon_core.shell:create_environment_hook('ros2_control_demo_example_7', 'ld_library_path_lib')
[536.307s] INFO:colcon.colcon_core.shell:Creating environment hook '/home/farah/ws_farah/install/ros2_control_demo_example_7/share/ros2_control_demo_example_7/hook/ld_library_path_lib.ps1'
[536.307s] INFO:colcon.colcon_core.shell:Creating environment descriptor '/home/farah/ws_farah/install/ros2_control_demo_example_7/share/ros2_control_demo_example_7/hook/ld_library_path_lib.dsv'
[536.307s] INFO:colcon.colcon_core.shell:Creating environment hook '/home/farah/ws_farah/install/ros2_control_demo_example_7/share/ros2_control_demo_example_7/hook/ld_library_path_lib.sh'
[536.307s] Level 1:colcon.colcon_core.environment:checking '/home/farah/ws_farah/install/ros2_control_demo_example_7/bin'
[536.307s] Level 1:colcon.colcon_core.environment:checking '/home/farah/ws_farah/install/ros2_control_demo_example_7/lib/pkgconfig/ros2_control_demo_example_7.pc'
[536.308s] Level 1:colcon.colcon_core.environment:checking '/home/farah/ws_farah/install/ros2_control_demo_example_7/lib/python3.10/site-packages'
[536.308s] Level 1:colcon.colcon_core.environment:checking '/home/farah/ws_farah/install/ros2_control_demo_example_7/bin'
[536.308s] INFO:colcon.colcon_core.shell:Creating package script '/home/farah/ws_farah/install/ros2_control_demo_example_7/share/ros2_control_demo_example_7/package.ps1'
[536.308s] INFO:colcon.colcon_core.shell:Creating package descriptor '/home/farah/ws_farah/install/ros2_control_demo_example_7/share/ros2_control_demo_example_7/package.dsv'
[536.309s] INFO:colcon.colcon_core.shell:Creating package script '/home/farah/ws_farah/install/ros2_control_demo_example_7/share/ros2_control_demo_example_7/package.sh'
[536.309s] INFO:colcon.colcon_core.shell:Creating package script '/home/farah/ws_farah/install/ros2_control_demo_example_7/share/ros2_control_demo_example_7/package.bash'
[536.310s] INFO:colcon.colcon_core.shell:Creating package script '/home/farah/ws_farah/install/ros2_control_demo_example_7/share/ros2_control_demo_example_7/package.zsh'
[536.310s] Level 1:colcon.colcon_core.environment:create_file_with_runtime_dependencies(/home/farah/ws_farah/install/ros2_control_demo_example_7/share/colcon-core/packages/ros2_control_demo_example_7)
[536.310s] INFO:colcon.colcon_ros.task.ament_cmake.build:Building ROS package in '/home/farah/ws_farah/src/ros2_control_demos/example_8' with build type 'ament_cmake'
[536.310s] INFO:colcon.colcon_cmake.task.cmake.build:Building CMake package in '/home/farah/ws_farah/src/ros2_control_demos/example_8'
[536.311s] INFO:colcon.colcon_core.shell:Skip shell extension 'powershell' for command environment: Not usable outside of PowerShell
[536.311s] DEBUG:colcon.colcon_core.shell:Skip shell extension 'dsv' for command environment
[536.328s] DEBUG:colcon.colcon_core.event_handler.log_command:Invoking command in '/home/farah/ws_farah/build/ros2_control_demo_example_8': AMENT_PREFIX_PATH=/home/farah/ws_farah/install/joint_state_broadcaster:/home/farah/ws_farah/install/forward_command_controller:/home/farah/ws_farah/install/transmission_interface:/home/farah/ws_farah/install/hardware_interface_testing:/home/farah/ws_farah/install/controller_interface:/home/farah/ws_farah/install/ros2controlcli:/home/farah/ws_farah/install/hardware_interface:/home/farah/ws_farah/install/ros2_controllers_test_nodes:/home/farah/ws_farah/install/ros2_control_test_assets:/home/farah/ws_farah/install/ros2_control_demo_description:/home/farah/ws_farah/install/controller_manager_msgs:${AMENT_PREFIX_PATH} CMAKE_PREFIX_PATH=/home/farah/ws_farah/install/joint_state_broadcaster:/home/farah/ws_farah/install/forward_command_controller:/home/farah/ws_farah/install/transmission_interface:/home/farah/ws_farah/install/hardware_interface_testing:/home/farah/ws_farah/install/controller_interface:/home/farah/ws_farah/install/hardware_interface:/home/farah/ws_farah/install/ros2_control_test_assets:/home/farah/ws_farah/install/ros2_control_demo_description:/home/farah/ws_farah/install/controller_manager_msgs:/opt/ros/humble LD_LIBRARY_PATH=/home/farah/ws_farah/install/joint_state_broadcaster/lib:/home/farah/ws_farah/install/forward_command_controller/lib:/home/farah/ws_farah/install/transmission_interface/lib:/home/farah/ws_farah/install/hardware_interface_testing/lib:/home/farah/ws_farah/install/controller_interface/lib:/home/farah/ws_farah/install/hardware_interface/lib:/home/farah/ws_farah/install/controller_manager_msgs/lib:${LD_LIBRARY_PATH} PYTHONPATH=/home/farah/ws_farah/install/ros2controlcli/lib/python3.10/site-packages:/home/farah/ws_farah/install/ros2_controllers_test_nodes/lib/python3.10/site-packages:/home/farah/ws_farah/install/controller_manager_msgs/local/lib/python3.10/dist-packages:${PYTHONPATH} /usr/bin/cmake /home/farah/ws_farah/src/ros2_control_demos/example_8 -DCMAKE_INSTALL_PREFIX=/home/farah/ws_farah/install/ros2_control_demo_example_8
[538.327s] DEBUG:colcon.colcon_core.event_handler.log_command:Invoked command in '/home/farah/ws_farah/build/ros2_control_demo_example_8' returned '0': AMENT_PREFIX_PATH=/home/farah/ws_farah/install/joint_state_broadcaster:/home/farah/ws_farah/install/forward_command_controller:/home/farah/ws_farah/install/transmission_interface:/home/farah/ws_farah/install/hardware_interface_testing:/home/farah/ws_farah/install/controller_interface:/home/farah/ws_farah/install/ros2controlcli:/home/farah/ws_farah/install/hardware_interface:/home/farah/ws_farah/install/ros2_controllers_test_nodes:/home/farah/ws_farah/install/ros2_control_test_assets:/home/farah/ws_farah/install/ros2_control_demo_description:/home/farah/ws_farah/install/controller_manager_msgs:${AMENT_PREFIX_PATH} CMAKE_PREFIX_PATH=/home/farah/ws_farah/install/joint_state_broadcaster:/home/farah/ws_farah/install/forward_command_controller:/home/farah/ws_farah/install/transmission_interface:/home/farah/ws_farah/install/hardware_interface_testing:/home/farah/ws_farah/install/controller_interface:/home/farah/ws_farah/install/hardware_interface:/home/farah/ws_farah/install/ros2_control_test_assets:/home/farah/ws_farah/install/ros2_control_demo_description:/home/farah/ws_farah/install/controller_manager_msgs:/opt/ros/humble LD_LIBRARY_PATH=/home/farah/ws_farah/install/joint_state_broadcaster/lib:/home/farah/ws_farah/install/forward_command_controller/lib:/home/farah/ws_farah/install/transmission_interface/lib:/home/farah/ws_farah/install/hardware_interface_testing/lib:/home/farah/ws_farah/install/controller_interface/lib:/home/farah/ws_farah/install/hardware_interface/lib:/home/farah/ws_farah/install/controller_manager_msgs/lib:${LD_LIBRARY_PATH} PYTHONPATH=/home/farah/ws_farah/install/ros2controlcli/lib/python3.10/site-packages:/home/farah/ws_farah/install/ros2_controllers_test_nodes/lib/python3.10/site-packages:/home/farah/ws_farah/install/controller_manager_msgs/local/lib/python3.10/dist-packages:${PYTHONPATH} /usr/bin/cmake /home/farah/ws_farah/src/ros2_control_demos/example_8 -DCMAKE_INSTALL_PREFIX=/home/farah/ws_farah/install/ros2_control_demo_example_8
[538.329s] DEBUG:colcon.colcon_core.event_handler.log_command:Invoking command in '/home/farah/ws_farah/build/ros2_control_demo_example_8': AMENT_PREFIX_PATH=/home/farah/ws_farah/install/joint_state_broadcaster:/home/farah/ws_farah/install/forward_command_controller:/home/farah/ws_farah/install/transmission_interface:/home/farah/ws_farah/install/hardware_interface_testing:/home/farah/ws_farah/install/controller_interface:/home/farah/ws_farah/install/ros2controlcli:/home/farah/ws_farah/install/hardware_interface:/home/farah/ws_farah/install/ros2_controllers_test_nodes:/home/farah/ws_farah/install/ros2_control_test_assets:/home/farah/ws_farah/install/ros2_control_demo_description:/home/farah/ws_farah/install/controller_manager_msgs:${AMENT_PREFIX_PATH} CMAKE_PREFIX_PATH=/home/farah/ws_farah/install/joint_state_broadcaster:/home/farah/ws_farah/install/forward_command_controller:/home/farah/ws_farah/install/transmission_interface:/home/farah/ws_farah/install/hardware_interface_testing:/home/farah/ws_farah/install/controller_interface:/home/farah/ws_farah/install/hardware_interface:/home/farah/ws_farah/install/ros2_control_test_assets:/home/farah/ws_farah/install/ros2_control_demo_description:/home/farah/ws_farah/install/controller_manager_msgs:/opt/ros/humble LD_LIBRARY_PATH=/home/farah/ws_farah/install/joint_state_broadcaster/lib:/home/farah/ws_farah/install/forward_command_controller/lib:/home/farah/ws_farah/install/transmission_interface/lib:/home/farah/ws_farah/install/hardware_interface_testing/lib:/home/farah/ws_farah/install/controller_interface/lib:/home/farah/ws_farah/install/hardware_interface/lib:/home/farah/ws_farah/install/controller_manager_msgs/lib:${LD_LIBRARY_PATH} PYTHONPATH=/home/farah/ws_farah/install/ros2controlcli/lib/python3.10/site-packages:/home/farah/ws_farah/install/ros2_controllers_test_nodes/lib/python3.10/site-packages:/home/farah/ws_farah/install/controller_manager_msgs/local/lib/python3.10/dist-packages:${PYTHONPATH} /usr/bin/cmake --build /home/farah/ws_farah/build/ros2_control_demo_example_8 -- -j8 -l8
[540.076s] DEBUG:colcon.colcon_core.event_handler.log_command:Invoked command in '/home/farah/ws_farah/build/ros2_control_demo_example_8' returned '0': AMENT_PREFIX_PATH=/home/farah/ws_farah/install/joint_state_broadcaster:/home/farah/ws_farah/install/forward_command_controller:/home/farah/ws_farah/install/transmission_interface:/home/farah/ws_farah/install/hardware_interface_testing:/home/farah/ws_farah/install/controller_interface:/home/farah/ws_farah/install/ros2controlcli:/home/farah/ws_farah/install/hardware_interface:/home/farah/ws_farah/install/ros2_controllers_test_nodes:/home/farah/ws_farah/install/ros2_control_test_assets:/home/farah/ws_farah/install/ros2_control_demo_description:/home/farah/ws_farah/install/controller_manager_msgs:${AMENT_PREFIX_PATH} CMAKE_PREFIX_PATH=/home/farah/ws_farah/install/joint_state_broadcaster:/home/farah/ws_farah/install/forward_command_controller:/home/farah/ws_farah/install/transmission_interface:/home/farah/ws_farah/install/hardware_interface_testing:/home/farah/ws_farah/install/controller_interface:/home/farah/ws_farah/install/hardware_interface:/home/farah/ws_farah/install/ros2_control_test_assets:/home/farah/ws_farah/install/ros2_control_demo_description:/home/farah/ws_farah/install/controller_manager_msgs:/opt/ros/humble LD_LIBRARY_PATH=/home/farah/ws_farah/install/joint_state_broadcaster/lib:/home/farah/ws_farah/install/forward_command_controller/lib:/home/farah/ws_farah/install/transmission_interface/lib:/home/farah/ws_farah/install/hardware_interface_testing/lib:/home/farah/ws_farah/install/controller_interface/lib:/home/farah/ws_farah/install/hardware_interface/lib:/home/farah/ws_farah/install/controller_manager_msgs/lib:${LD_LIBRARY_PATH} PYTHONPATH=/home/farah/ws_farah/install/ros2controlcli/lib/python3.10/site-packages:/home/farah/ws_farah/install/ros2_controllers_test_nodes/lib/python3.10/site-packages:/home/farah/ws_farah/install/controller_manager_msgs/local/lib/python3.10/dist-packages:${PYTHONPATH} /usr/bin/cmake --build /home/farah/ws_farah/build/ros2_control_demo_example_8 -- -j8 -l8
[540.077s] DEBUG:colcon.colcon_core.event_handler.log_command:Invoking command in '/home/farah/ws_farah/build/ros2_control_demo_example_8': AMENT_PREFIX_PATH=/home/farah/ws_farah/install/joint_state_broadcaster:/home/farah/ws_farah/install/forward_command_controller:/home/farah/ws_farah/install/transmission_interface:/home/farah/ws_farah/install/hardware_interface_testing:/home/farah/ws_farah/install/controller_interface:/home/farah/ws_farah/install/ros2controlcli:/home/farah/ws_farah/install/hardware_interface:/home/farah/ws_farah/install/ros2_controllers_test_nodes:/home/farah/ws_farah/install/ros2_control_test_assets:/home/farah/ws_farah/install/ros2_control_demo_description:/home/farah/ws_farah/install/controller_manager_msgs:${AMENT_PREFIX_PATH} CMAKE_PREFIX_PATH=/home/farah/ws_farah/install/joint_state_broadcaster:/home/farah/ws_farah/install/forward_command_controller:/home/farah/ws_farah/install/transmission_interface:/home/farah/ws_farah/install/hardware_interface_testing:/home/farah/ws_farah/install/controller_interface:/home/farah/ws_farah/install/hardware_interface:/home/farah/ws_farah/install/ros2_control_test_assets:/home/farah/ws_farah/install/ros2_control_demo_description:/home/farah/ws_farah/install/controller_manager_msgs:/opt/ros/humble LD_LIBRARY_PATH=/home/farah/ws_farah/install/joint_state_broadcaster/lib:/home/farah/ws_farah/install/forward_command_controller/lib:/home/farah/ws_farah/install/transmission_interface/lib:/home/farah/ws_farah/install/hardware_interface_testing/lib:/home/farah/ws_farah/install/controller_interface/lib:/home/farah/ws_farah/install/hardware_interface/lib:/home/farah/ws_farah/install/controller_manager_msgs/lib:${LD_LIBRARY_PATH} PYTHONPATH=/home/farah/ws_farah/install/ros2controlcli/lib/python3.10/site-packages:/home/farah/ws_farah/install/ros2_controllers_test_nodes/lib/python3.10/site-packages:/home/farah/ws_farah/install/controller_manager_msgs/local/lib/python3.10/dist-packages:${PYTHONPATH} /usr/bin/cmake --install /home/farah/ws_farah/build/ros2_control_demo_example_8
[540.089s] Level 1:colcon.colcon_core.environment:create_environment_scripts_only(ros2_control_demo_example_8)
[540.089s] Level 1:colcon.colcon_core.environment:checking '/home/farah/ws_farah/install/ros2_control_demo_example_8' for CMake module files
[540.089s] DEBUG:colcon.colcon_core.event_handler.log_command:Invoked command in '/home/farah/ws_farah/build/ros2_control_demo_example_8' returned '0': AMENT_PREFIX_PATH=/home/farah/ws_farah/install/joint_state_broadcaster:/home/farah/ws_farah/install/forward_command_controller:/home/farah/ws_farah/install/transmission_interface:/home/farah/ws_farah/install/hardware_interface_testing:/home/farah/ws_farah/install/controller_interface:/home/farah/ws_farah/install/ros2controlcli:/home/farah/ws_farah/install/hardware_interface:/home/farah/ws_farah/install/ros2_controllers_test_nodes:/home/farah/ws_farah/install/ros2_control_test_assets:/home/farah/ws_farah/install/ros2_control_demo_description:/home/farah/ws_farah/install/controller_manager_msgs:${AMENT_PREFIX_PATH} CMAKE_PREFIX_PATH=/home/farah/ws_farah/install/joint_state_broadcaster:/home/farah/ws_farah/install/forward_command_controller:/home/farah/ws_farah/install/transmission_interface:/home/farah/ws_farah/install/hardware_interface_testing:/home/farah/ws_farah/install/controller_interface:/home/farah/ws_farah/install/hardware_interface:/home/farah/ws_farah/install/ros2_control_test_assets:/home/farah/ws_farah/install/ros2_control_demo_description:/home/farah/ws_farah/install/controller_manager_msgs:/opt/ros/humble LD_LIBRARY_PATH=/home/farah/ws_farah/install/joint_state_broadcaster/lib:/home/farah/ws_farah/install/forward_command_controller/lib:/home/farah/ws_farah/install/transmission_interface/lib:/home/farah/ws_farah/install/hardware_interface_testing/lib:/home/farah/ws_farah/install/controller_interface/lib:/home/farah/ws_farah/install/hardware_interface/lib:/home/farah/ws_farah/install/controller_manager_msgs/lib:${LD_LIBRARY_PATH} PYTHONPATH=/home/farah/ws_farah/install/ros2controlcli/lib/python3.10/site-packages:/home/farah/ws_farah/install/ros2_controllers_test_nodes/lib/python3.10/site-packages:/home/farah/ws_farah/install/controller_manager_msgs/local/lib/python3.10/dist-packages:${PYTHONPATH} /usr/bin/cmake --install /home/farah/ws_farah/build/ros2_control_demo_example_8
[540.089s] Level 1:colcon.colcon_core.environment:checking '/home/farah/ws_farah/install/ros2_control_demo_example_8' for CMake config files
[540.090s] Level 1:colcon.colcon_core.shell:create_environment_hook('ros2_control_demo_example_8', 'cmake_prefix_path')
[540.090s] INFO:colcon.colcon_core.shell:Creating environment hook '/home/farah/ws_farah/install/ros2_control_demo_example_8/share/ros2_control_demo_example_8/hook/cmake_prefix_path.ps1'
[540.090s] INFO:colcon.colcon_core.shell:Creating environment descriptor '/home/farah/ws_farah/install/ros2_control_demo_example_8/share/ros2_control_demo_example_8/hook/cmake_prefix_path.dsv'
[540.090s] INFO:colcon.colcon_core.shell:Creating environment hook '/home/farah/ws_farah/install/ros2_control_demo_example_8/share/ros2_control_demo_example_8/hook/cmake_prefix_path.sh'
[540.091s] Level 1:colcon.colcon_core.environment:checking '/home/farah/ws_farah/install/ros2_control_demo_example_8/lib'
[540.091s] Level 1:colcon.colcon_core.shell:create_environment_hook('ros2_control_demo_example_8', 'ld_library_path_lib')
[540.091s] INFO:colcon.colcon_core.shell:Creating environment hook '/home/farah/ws_farah/install/ros2_control_demo_example_8/share/ros2_control_demo_example_8/hook/ld_library_path_lib.ps1'
[540.091s] INFO:colcon.colcon_core.shell:Creating environment descriptor '/home/farah/ws_farah/install/ros2_control_demo_example_8/share/ros2_control_demo_example_8/hook/ld_library_path_lib.dsv'
[540.092s] INFO:colcon.colcon_core.shell:Creating environment hook '/home/farah/ws_farah/install/ros2_control_demo_example_8/share/ros2_control_demo_example_8/hook/ld_library_path_lib.sh'
[540.092s] Level 1:colcon.colcon_core.environment:checking '/home/farah/ws_farah/install/ros2_control_demo_example_8/bin'
[540.092s] Level 1:colcon.colcon_core.environment:checking '/home/farah/ws_farah/install/ros2_control_demo_example_8/lib/pkgconfig/ros2_control_demo_example_8.pc'
[540.092s] Level 1:colcon.colcon_core.environment:checking '/home/farah/ws_farah/install/ros2_control_demo_example_8/lib/python3.10/site-packages'
[540.092s] Level 1:colcon.colcon_core.environment:checking '/home/farah/ws_farah/install/ros2_control_demo_example_8/bin'
[540.093s] INFO:colcon.colcon_core.shell:Creating package script '/home/farah/ws_farah/install/ros2_control_demo_example_8/share/ros2_control_demo_example_8/package.ps1'
[540.093s] INFO:colcon.colcon_core.shell:Creating package descriptor '/home/farah/ws_farah/install/ros2_control_demo_example_8/share/ros2_control_demo_example_8/package.dsv'
[540.093s] INFO:colcon.colcon_core.shell:Creating package script '/home/farah/ws_farah/install/ros2_control_demo_example_8/share/ros2_control_demo_example_8/package.sh'
[540.094s] INFO:colcon.colcon_core.shell:Creating package script '/home/farah/ws_farah/install/ros2_control_demo_example_8/share/ros2_control_demo_example_8/package.bash'
[540.094s] INFO:colcon.colcon_core.shell:Creating package script '/home/farah/ws_farah/install/ros2_control_demo_example_8/share/ros2_control_demo_example_8/package.zsh'
[540.094s] Level 1:colcon.colcon_core.environment:create_file_with_runtime_dependencies(/home/farah/ws_farah/install/ros2_control_demo_example_8/share/colcon-core/packages/ros2_control_demo_example_8)
[540.095s] Level 1:colcon.colcon_core.environment:create_environment_scripts_only(ros2_control_demo_example_8)
[540.095s] Level 1:colcon.colcon_core.environment:checking '/home/farah/ws_farah/install/ros2_control_demo_example_8' for CMake module files
[540.096s] Level 1:colcon.colcon_core.environment:checking '/home/farah/ws_farah/install/ros2_control_demo_example_8' for CMake config files
[540.096s] Level 1:colcon.colcon_core.shell:create_environment_hook('ros2_control_demo_example_8', 'cmake_prefix_path')
[540.096s] INFO:colcon.colcon_core.shell:Creating environment hook '/home/farah/ws_farah/install/ros2_control_demo_example_8/share/ros2_control_demo_example_8/hook/cmake_prefix_path.ps1'
[540.096s] INFO:colcon.colcon_core.shell:Creating environment descriptor '/home/farah/ws_farah/install/ros2_control_demo_example_8/share/ros2_control_demo_example_8/hook/cmake_prefix_path.dsv'
[540.097s] INFO:colcon.colcon_core.shell:Creating environment hook '/home/farah/ws_farah/install/ros2_control_demo_example_8/share/ros2_control_demo_example_8/hook/cmake_prefix_path.sh'
[540.097s] Level 1:colcon.colcon_core.environment:checking '/home/farah/ws_farah/install/ros2_control_demo_example_8/lib'
[540.097s] Level 1:colcon.colcon_core.shell:create_environment_hook('ros2_control_demo_example_8', 'ld_library_path_lib')
[540.097s] INFO:colcon.colcon_core.shell:Creating environment hook '/home/farah/ws_farah/install/ros2_control_demo_example_8/share/ros2_control_demo_example_8/hook/ld_library_path_lib.ps1'
[540.098s] INFO:colcon.colcon_core.shell:Creating environment descriptor '/home/farah/ws_farah/install/ros2_control_demo_example_8/share/ros2_control_demo_example_8/hook/ld_library_path_lib.dsv'
[540.098s] INFO:colcon.colcon_core.shell:Creating environment hook '/home/farah/ws_farah/install/ros2_control_demo_example_8/share/ros2_control_demo_example_8/hook/ld_library_path_lib.sh'
[540.098s] Level 1:colcon.colcon_core.environment:checking '/home/farah/ws_farah/install/ros2_control_demo_example_8/bin'
[540.098s] Level 1:colcon.colcon_core.environment:checking '/home/farah/ws_farah/install/ros2_control_demo_example_8/lib/pkgconfig/ros2_control_demo_example_8.pc'
[540.098s] Level 1:colcon.colcon_core.environment:checking '/home/farah/ws_farah/install/ros2_control_demo_example_8/lib/python3.10/site-packages'
[540.099s] Level 1:colcon.colcon_core.environment:checking '/home/farah/ws_farah/install/ros2_control_demo_example_8/bin'
[540.099s] INFO:colcon.colcon_core.shell:Creating package script '/home/farah/ws_farah/install/ros2_control_demo_example_8/share/ros2_control_demo_example_8/package.ps1'
[540.099s] INFO:colcon.colcon_core.shell:Creating package descriptor '/home/farah/ws_farah/install/ros2_control_demo_example_8/share/ros2_control_demo_example_8/package.dsv'
[540.100s] INFO:colcon.colcon_core.shell:Creating package script '/home/farah/ws_farah/install/ros2_control_demo_example_8/share/ros2_control_demo_example_8/package.sh'
[540.100s] INFO:colcon.colcon_core.shell:Creating package script '/home/farah/ws_farah/install/ros2_control_demo_example_8/share/ros2_control_demo_example_8/package.bash'
[540.101s] INFO:colcon.colcon_core.shell:Creating package script '/home/farah/ws_farah/install/ros2_control_demo_example_8/share/ros2_control_demo_example_8/package.zsh'
[540.101s] Level 1:colcon.colcon_core.environment:create_file_with_runtime_dependencies(/home/farah/ws_farah/install/ros2_control_demo_example_8/share/colcon-core/packages/ros2_control_demo_example_8)
[540.101s] INFO:colcon.colcon_ros.task.ament_cmake.build:Building ROS package in '/home/farah/ws_farah/src/ros2_control_demos/example_9' with build type 'ament_cmake'
[540.101s] INFO:colcon.colcon_cmake.task.cmake.build:Building CMake package in '/home/farah/ws_farah/src/ros2_control_demos/example_9'
[540.101s] INFO:colcon.colcon_core.shell:Skip shell extension 'powershell' for command environment: Not usable outside of PowerShell
[540.102s] DEBUG:colcon.colcon_core.shell:Skip shell extension 'dsv' for command environment
[540.118s] DEBUG:colcon.colcon_core.event_handler.log_command:Invoking command in '/home/farah/ws_farah/build/ros2_control_demo_example_9': AMENT_PREFIX_PATH=/home/farah/ws_farah/install/joint_trajectory_controller:/home/farah/ws_farah/install/joint_state_broadcaster:/home/farah/ws_farah/install/forward_command_controller:/home/farah/ws_farah/install/hardware_interface_testing:/home/farah/ws_farah/install/controller_interface:/home/farah/ws_farah/install/ros2controlcli:/home/farah/ws_farah/install/hardware_interface:/home/farah/ws_farah/install/ros2_controllers_test_nodes:/home/farah/ws_farah/install/ros2_control_test_assets:/home/farah/ws_farah/install/ros2_control_demo_description:/home/farah/ws_farah/install/controller_manager_msgs:${AMENT_PREFIX_PATH} CMAKE_PREFIX_PATH=/home/farah/ws_farah/install/joint_trajectory_controller:/home/farah/ws_farah/install/joint_state_broadcaster:/home/farah/ws_farah/install/forward_command_controller:/home/farah/ws_farah/install/hardware_interface_testing:/home/farah/ws_farah/install/controller_interface:/home/farah/ws_farah/install/hardware_interface:/home/farah/ws_farah/install/ros2_control_test_assets:/home/farah/ws_farah/install/ros2_control_demo_description:/home/farah/ws_farah/install/controller_manager_msgs:/opt/ros/humble LD_LIBRARY_PATH=/home/farah/ws_farah/install/joint_trajectory_controller/lib:/home/farah/ws_farah/install/joint_state_broadcaster/lib:/home/farah/ws_farah/install/forward_command_controller/lib:/home/farah/ws_farah/install/hardware_interface_testing/lib:/home/farah/ws_farah/install/controller_interface/lib:/home/farah/ws_farah/install/hardware_interface/lib:/home/farah/ws_farah/install/controller_manager_msgs/lib:${LD_LIBRARY_PATH} PYTHONPATH=/home/farah/ws_farah/install/ros2controlcli/lib/python3.10/site-packages:/home/farah/ws_farah/install/ros2_controllers_test_nodes/lib/python3.10/site-packages:/home/farah/ws_farah/install/controller_manager_msgs/local/lib/python3.10/dist-packages:${PYTHONPATH} /usr/bin/cmake /home/farah/ws_farah/src/ros2_control_demos/example_9 -DCMAKE_INSTALL_PREFIX=/home/farah/ws_farah/install/ros2_control_demo_example_9
[542.410s] DEBUG:colcon.colcon_core.event_handler.log_command:Invoked command in '/home/farah/ws_farah/build/ros2_control_demo_example_9' returned '0': AMENT_PREFIX_PATH=/home/farah/ws_farah/install/joint_trajectory_controller:/home/farah/ws_farah/install/joint_state_broadcaster:/home/farah/ws_farah/install/forward_command_controller:/home/farah/ws_farah/install/hardware_interface_testing:/home/farah/ws_farah/install/controller_interface:/home/farah/ws_farah/install/ros2controlcli:/home/farah/ws_farah/install/hardware_interface:/home/farah/ws_farah/install/ros2_controllers_test_nodes:/home/farah/ws_farah/install/ros2_control_test_assets:/home/farah/ws_farah/install/ros2_control_demo_description:/home/farah/ws_farah/install/controller_manager_msgs:${AMENT_PREFIX_PATH} CMAKE_PREFIX_PATH=/home/farah/ws_farah/install/joint_trajectory_controller:/home/farah/ws_farah/install/joint_state_broadcaster:/home/farah/ws_farah/install/forward_command_controller:/home/farah/ws_farah/install/hardware_interface_testing:/home/farah/ws_farah/install/controller_interface:/home/farah/ws_farah/install/hardware_interface:/home/farah/ws_farah/install/ros2_control_test_assets:/home/farah/ws_farah/install/ros2_control_demo_description:/home/farah/ws_farah/install/controller_manager_msgs:/opt/ros/humble LD_LIBRARY_PATH=/home/farah/ws_farah/install/joint_trajectory_controller/lib:/home/farah/ws_farah/install/joint_state_broadcaster/lib:/home/farah/ws_farah/install/forward_command_controller/lib:/home/farah/ws_farah/install/hardware_interface_testing/lib:/home/farah/ws_farah/install/controller_interface/lib:/home/farah/ws_farah/install/hardware_interface/lib:/home/farah/ws_farah/install/controller_manager_msgs/lib:${LD_LIBRARY_PATH} PYTHONPATH=/home/farah/ws_farah/install/ros2controlcli/lib/python3.10/site-packages:/home/farah/ws_farah/install/ros2_controllers_test_nodes/lib/python3.10/site-packages:/home/farah/ws_farah/install/controller_manager_msgs/local/lib/python3.10/dist-packages:${PYTHONPATH} /usr/bin/cmake /home/farah/ws_farah/src/ros2_control_demos/example_9 -DCMAKE_INSTALL_PREFIX=/home/farah/ws_farah/install/ros2_control_demo_example_9
[542.412s] DEBUG:colcon.colcon_core.event_handler.log_command:Invoking command in '/home/farah/ws_farah/build/ros2_control_demo_example_9': AMENT_PREFIX_PATH=/home/farah/ws_farah/install/joint_trajectory_controller:/home/farah/ws_farah/install/joint_state_broadcaster:/home/farah/ws_farah/install/forward_command_controller:/home/farah/ws_farah/install/hardware_interface_testing:/home/farah/ws_farah/install/controller_interface:/home/farah/ws_farah/install/ros2controlcli:/home/farah/ws_farah/install/hardware_interface:/home/farah/ws_farah/install/ros2_controllers_test_nodes:/home/farah/ws_farah/install/ros2_control_test_assets:/home/farah/ws_farah/install/ros2_control_demo_description:/home/farah/ws_farah/install/controller_manager_msgs:${AMENT_PREFIX_PATH} CMAKE_PREFIX_PATH=/home/farah/ws_farah/install/joint_trajectory_controller:/home/farah/ws_farah/install/joint_state_broadcaster:/home/farah/ws_farah/install/forward_command_controller:/home/farah/ws_farah/install/hardware_interface_testing:/home/farah/ws_farah/install/controller_interface:/home/farah/ws_farah/install/hardware_interface:/home/farah/ws_farah/install/ros2_control_test_assets:/home/farah/ws_farah/install/ros2_control_demo_description:/home/farah/ws_farah/install/controller_manager_msgs:/opt/ros/humble LD_LIBRARY_PATH=/home/farah/ws_farah/install/joint_trajectory_controller/lib:/home/farah/ws_farah/install/joint_state_broadcaster/lib:/home/farah/ws_farah/install/forward_command_controller/lib:/home/farah/ws_farah/install/hardware_interface_testing/lib:/home/farah/ws_farah/install/controller_interface/lib:/home/farah/ws_farah/install/hardware_interface/lib:/home/farah/ws_farah/install/controller_manager_msgs/lib:${LD_LIBRARY_PATH} PYTHONPATH=/home/farah/ws_farah/install/ros2controlcli/lib/python3.10/site-packages:/home/farah/ws_farah/install/ros2_controllers_test_nodes/lib/python3.10/site-packages:/home/farah/ws_farah/install/controller_manager_msgs/local/lib/python3.10/dist-packages:${PYTHONPATH} /usr/bin/cmake --build /home/farah/ws_farah/build/ros2_control_demo_example_9 -- -j8 -l8
[545.603s] DEBUG:colcon.colcon_core.event_handler.log_command:Invoked command in '/home/farah/ws_farah/build/ros2_control_demo_example_9' returned '0': AMENT_PREFIX_PATH=/home/farah/ws_farah/install/joint_trajectory_controller:/home/farah/ws_farah/install/joint_state_broadcaster:/home/farah/ws_farah/install/forward_command_controller:/home/farah/ws_farah/install/hardware_interface_testing:/home/farah/ws_farah/install/controller_interface:/home/farah/ws_farah/install/ros2controlcli:/home/farah/ws_farah/install/hardware_interface:/home/farah/ws_farah/install/ros2_controllers_test_nodes:/home/farah/ws_farah/install/ros2_control_test_assets:/home/farah/ws_farah/install/ros2_control_demo_description:/home/farah/ws_farah/install/controller_manager_msgs:${AMENT_PREFIX_PATH} CMAKE_PREFIX_PATH=/home/farah/ws_farah/install/joint_trajectory_controller:/home/farah/ws_farah/install/joint_state_broadcaster:/home/farah/ws_farah/install/forward_command_controller:/home/farah/ws_farah/install/hardware_interface_testing:/home/farah/ws_farah/install/controller_interface:/home/farah/ws_farah/install/hardware_interface:/home/farah/ws_farah/install/ros2_control_test_assets:/home/farah/ws_farah/install/ros2_control_demo_description:/home/farah/ws_farah/install/controller_manager_msgs:/opt/ros/humble LD_LIBRARY_PATH=/home/farah/ws_farah/install/joint_trajectory_controller/lib:/home/farah/ws_farah/install/joint_state_broadcaster/lib:/home/farah/ws_farah/install/forward_command_controller/lib:/home/farah/ws_farah/install/hardware_interface_testing/lib:/home/farah/ws_farah/install/controller_interface/lib:/home/farah/ws_farah/install/hardware_interface/lib:/home/farah/ws_farah/install/controller_manager_msgs/lib:${LD_LIBRARY_PATH} PYTHONPATH=/home/farah/ws_farah/install/ros2controlcli/lib/python3.10/site-packages:/home/farah/ws_farah/install/ros2_controllers_test_nodes/lib/python3.10/site-packages:/home/farah/ws_farah/install/controller_manager_msgs/local/lib/python3.10/dist-packages:${PYTHONPATH} /usr/bin/cmake --build /home/farah/ws_farah/build/ros2_control_demo_example_9 -- -j8 -l8
[545.605s] DEBUG:colcon.colcon_core.event_handler.log_command:Invoking command in '/home/farah/ws_farah/build/ros2_control_demo_example_9': AMENT_PREFIX_PATH=/home/farah/ws_farah/install/joint_trajectory_controller:/home/farah/ws_farah/install/joint_state_broadcaster:/home/farah/ws_farah/install/forward_command_controller:/home/farah/ws_farah/install/hardware_interface_testing:/home/farah/ws_farah/install/controller_interface:/home/farah/ws_farah/install/ros2controlcli:/home/farah/ws_farah/install/hardware_interface:/home/farah/ws_farah/install/ros2_controllers_test_nodes:/home/farah/ws_farah/install/ros2_control_test_assets:/home/farah/ws_farah/install/ros2_control_demo_description:/home/farah/ws_farah/install/controller_manager_msgs:${AMENT_PREFIX_PATH} CMAKE_PREFIX_PATH=/home/farah/ws_farah/install/joint_trajectory_controller:/home/farah/ws_farah/install/joint_state_broadcaster:/home/farah/ws_farah/install/forward_command_controller:/home/farah/ws_farah/install/hardware_interface_testing:/home/farah/ws_farah/install/controller_interface:/home/farah/ws_farah/install/hardware_interface:/home/farah/ws_farah/install/ros2_control_test_assets:/home/farah/ws_farah/install/ros2_control_demo_description:/home/farah/ws_farah/install/controller_manager_msgs:/opt/ros/humble LD_LIBRARY_PATH=/home/farah/ws_farah/install/joint_trajectory_controller/lib:/home/farah/ws_farah/install/joint_state_broadcaster/lib:/home/farah/ws_farah/install/forward_command_controller/lib:/home/farah/ws_farah/install/hardware_interface_testing/lib:/home/farah/ws_farah/install/controller_interface/lib:/home/farah/ws_farah/install/hardware_interface/lib:/home/farah/ws_farah/install/controller_manager_msgs/lib:${LD_LIBRARY_PATH} PYTHONPATH=/home/farah/ws_farah/install/ros2controlcli/lib/python3.10/site-packages:/home/farah/ws_farah/install/ros2_controllers_test_nodes/lib/python3.10/site-packages:/home/farah/ws_farah/install/controller_manager_msgs/local/lib/python3.10/dist-packages:${PYTHONPATH} /usr/bin/cmake --install /home/farah/ws_farah/build/ros2_control_demo_example_9
[545.616s] Level 1:colcon.colcon_core.environment:create_environment_scripts_only(ros2_control_demo_example_9)
[545.616s] Level 1:colcon.colcon_core.environment:checking '/home/farah/ws_farah/install/ros2_control_demo_example_9' for CMake module files
[545.617s] DEBUG:colcon.colcon_core.event_handler.log_command:Invoked command in '/home/farah/ws_farah/build/ros2_control_demo_example_9' returned '0': AMENT_PREFIX_PATH=/home/farah/ws_farah/install/joint_trajectory_controller:/home/farah/ws_farah/install/joint_state_broadcaster:/home/farah/ws_farah/install/forward_command_controller:/home/farah/ws_farah/install/hardware_interface_testing:/home/farah/ws_farah/install/controller_interface:/home/farah/ws_farah/install/ros2controlcli:/home/farah/ws_farah/install/hardware_interface:/home/farah/ws_farah/install/ros2_controllers_test_nodes:/home/farah/ws_farah/install/ros2_control_test_assets:/home/farah/ws_farah/install/ros2_control_demo_description:/home/farah/ws_farah/install/controller_manager_msgs:${AMENT_PREFIX_PATH} CMAKE_PREFIX_PATH=/home/farah/ws_farah/install/joint_trajectory_controller:/home/farah/ws_farah/install/joint_state_broadcaster:/home/farah/ws_farah/install/forward_command_controller:/home/farah/ws_farah/install/hardware_interface_testing:/home/farah/ws_farah/install/controller_interface:/home/farah/ws_farah/install/hardware_interface:/home/farah/ws_farah/install/ros2_control_test_assets:/home/farah/ws_farah/install/ros2_control_demo_description:/home/farah/ws_farah/install/controller_manager_msgs:/opt/ros/humble LD_LIBRARY_PATH=/home/farah/ws_farah/install/joint_trajectory_controller/lib:/home/farah/ws_farah/install/joint_state_broadcaster/lib:/home/farah/ws_farah/install/forward_command_controller/lib:/home/farah/ws_farah/install/hardware_interface_testing/lib:/home/farah/ws_farah/install/controller_interface/lib:/home/farah/ws_farah/install/hardware_interface/lib:/home/farah/ws_farah/install/controller_manager_msgs/lib:${LD_LIBRARY_PATH} PYTHONPATH=/home/farah/ws_farah/install/ros2controlcli/lib/python3.10/site-packages:/home/farah/ws_farah/install/ros2_controllers_test_nodes/lib/python3.10/site-packages:/home/farah/ws_farah/install/controller_manager_msgs/local/lib/python3.10/dist-packages:${PYTHONPATH} /usr/bin/cmake --install /home/farah/ws_farah/build/ros2_control_demo_example_9
[545.617s] Level 1:colcon.colcon_core.environment:checking '/home/farah/ws_farah/install/ros2_control_demo_example_9' for CMake config files
[545.617s] Level 1:colcon.colcon_core.shell:create_environment_hook('ros2_control_demo_example_9', 'cmake_prefix_path')
[545.617s] INFO:colcon.colcon_core.shell:Creating environment hook '/home/farah/ws_farah/install/ros2_control_demo_example_9/share/ros2_control_demo_example_9/hook/cmake_prefix_path.ps1'
[545.618s] INFO:colcon.colcon_core.shell:Creating environment descriptor '/home/farah/ws_farah/install/ros2_control_demo_example_9/share/ros2_control_demo_example_9/hook/cmake_prefix_path.dsv'
[545.618s] INFO:colcon.colcon_core.shell:Creating environment hook '/home/farah/ws_farah/install/ros2_control_demo_example_9/share/ros2_control_demo_example_9/hook/cmake_prefix_path.sh'
[545.618s] Level 1:colcon.colcon_core.environment:checking '/home/farah/ws_farah/install/ros2_control_demo_example_9/lib'
[545.619s] Level 1:colcon.colcon_core.shell:create_environment_hook('ros2_control_demo_example_9', 'ld_library_path_lib')
[545.619s] INFO:colcon.colcon_core.shell:Creating environment hook '/home/farah/ws_farah/install/ros2_control_demo_example_9/share/ros2_control_demo_example_9/hook/ld_library_path_lib.ps1'
[545.619s] INFO:colcon.colcon_core.shell:Creating environment descriptor '/home/farah/ws_farah/install/ros2_control_demo_example_9/share/ros2_control_demo_example_9/hook/ld_library_path_lib.dsv'
[545.619s] INFO:colcon.colcon_core.shell:Creating environment hook '/home/farah/ws_farah/install/ros2_control_demo_example_9/share/ros2_control_demo_example_9/hook/ld_library_path_lib.sh'
[545.619s] Level 1:colcon.colcon_core.environment:checking '/home/farah/ws_farah/install/ros2_control_demo_example_9/bin'
[545.619s] Level 1:colcon.colcon_core.environment:checking '/home/farah/ws_farah/install/ros2_control_demo_example_9/lib/pkgconfig/ros2_control_demo_example_9.pc'
[545.620s] Level 1:colcon.colcon_core.environment:checking '/home/farah/ws_farah/install/ros2_control_demo_example_9/lib/python3.10/site-packages'
[545.620s] Level 1:colcon.colcon_core.environment:checking '/home/farah/ws_farah/install/ros2_control_demo_example_9/bin'
[545.620s] INFO:colcon.colcon_core.shell:Creating package script '/home/farah/ws_farah/install/ros2_control_demo_example_9/share/ros2_control_demo_example_9/package.ps1'
[545.620s] INFO:colcon.colcon_core.shell:Creating package descriptor '/home/farah/ws_farah/install/ros2_control_demo_example_9/share/ros2_control_demo_example_9/package.dsv'
[545.621s] INFO:colcon.colcon_core.shell:Creating package script '/home/farah/ws_farah/install/ros2_control_demo_example_9/share/ros2_control_demo_example_9/package.sh'
[545.621s] INFO:colcon.colcon_core.shell:Creating package script '/home/farah/ws_farah/install/ros2_control_demo_example_9/share/ros2_control_demo_example_9/package.bash'
[545.621s] INFO:colcon.colcon_core.shell:Creating package script '/home/farah/ws_farah/install/ros2_control_demo_example_9/share/ros2_control_demo_example_9/package.zsh'
[545.622s] Level 1:colcon.colcon_core.environment:create_file_with_runtime_dependencies(/home/farah/ws_farah/install/ros2_control_demo_example_9/share/colcon-core/packages/ros2_control_demo_example_9)
[545.622s] Level 1:colcon.colcon_core.environment:create_environment_scripts_only(ros2_control_demo_example_9)
[545.622s] Level 1:colcon.colcon_core.environment:checking '/home/farah/ws_farah/install/ros2_control_demo_example_9' for CMake module files
[545.623s] Level 1:colcon.colcon_core.environment:checking '/home/farah/ws_farah/install/ros2_control_demo_example_9' for CMake config files
[545.623s] Level 1:colcon.colcon_core.shell:create_environment_hook('ros2_control_demo_example_9', 'cmake_prefix_path')
[545.623s] INFO:colcon.colcon_core.shell:Creating environment hook '/home/farah/ws_farah/install/ros2_control_demo_example_9/share/ros2_control_demo_example_9/hook/cmake_prefix_path.ps1'
[545.623s] INFO:colcon.colcon_core.shell:Creating environment descriptor '/home/farah/ws_farah/install/ros2_control_demo_example_9/share/ros2_control_demo_example_9/hook/cmake_prefix_path.dsv'
[545.623s] INFO:colcon.colcon_core.shell:Creating environment hook '/home/farah/ws_farah/install/ros2_control_demo_example_9/share/ros2_control_demo_example_9/hook/cmake_prefix_path.sh'
[545.624s] Level 1:colcon.colcon_core.environment:checking '/home/farah/ws_farah/install/ros2_control_demo_example_9/lib'
[545.624s] Level 1:colcon.colcon_core.shell:create_environment_hook('ros2_control_demo_example_9', 'ld_library_path_lib')
[545.624s] INFO:colcon.colcon_core.shell:Creating environment hook '/home/farah/ws_farah/install/ros2_control_demo_example_9/share/ros2_control_demo_example_9/hook/ld_library_path_lib.ps1'
[545.624s] INFO:colcon.colcon_core.shell:Creating environment descriptor '/home/farah/ws_farah/install/ros2_control_demo_example_9/share/ros2_control_demo_example_9/hook/ld_library_path_lib.dsv'
[545.625s] INFO:colcon.colcon_core.shell:Creating environment hook '/home/farah/ws_farah/install/ros2_control_demo_example_9/share/ros2_control_demo_example_9/hook/ld_library_path_lib.sh'
[545.625s] Level 1:colcon.colcon_core.environment:checking '/home/farah/ws_farah/install/ros2_control_demo_example_9/bin'
[545.625s] Level 1:colcon.colcon_core.environment:checking '/home/farah/ws_farah/install/ros2_control_demo_example_9/lib/pkgconfig/ros2_control_demo_example_9.pc'
[545.625s] Level 1:colcon.colcon_core.environment:checking '/home/farah/ws_farah/install/ros2_control_demo_example_9/lib/python3.10/site-packages'
[545.625s] Level 1:colcon.colcon_core.environment:checking '/home/farah/ws_farah/install/ros2_control_demo_example_9/bin'
[545.626s] INFO:colcon.colcon_core.shell:Creating package script '/home/farah/ws_farah/install/ros2_control_demo_example_9/share/ros2_control_demo_example_9/package.ps1'
[545.626s] INFO:colcon.colcon_core.shell:Creating package descriptor '/home/farah/ws_farah/install/ros2_control_demo_example_9/share/ros2_control_demo_example_9/package.dsv'
[545.626s] INFO:colcon.colcon_core.shell:Creating package script '/home/farah/ws_farah/install/ros2_control_demo_example_9/share/ros2_control_demo_example_9/package.sh'
[545.627s] INFO:colcon.colcon_core.shell:Creating package script '/home/farah/ws_farah/install/ros2_control_demo_example_9/share/ros2_control_demo_example_9/package.bash'
[545.627s] INFO:colcon.colcon_core.shell:Creating package script '/home/farah/ws_farah/install/ros2_control_demo_example_9/share/ros2_control_demo_example_9/package.zsh'
[545.627s] Level 1:colcon.colcon_core.environment:create_file_with_runtime_dependencies(/home/farah/ws_farah/install/ros2_control_demo_example_9/share/colcon-core/packages/ros2_control_demo_example_9)
[545.627s] INFO:colcon.colcon_ros.task.ament_cmake.build:Building ROS package in '/home/farah/ws_farah/src/ros2_controllers/tricycle_steering_controller' with build type 'ament_cmake'
[545.628s] INFO:colcon.colcon_cmake.task.cmake.build:Building CMake package in '/home/farah/ws_farah/src/ros2_controllers/tricycle_steering_controller'
[545.628s] INFO:colcon.colcon_core.shell:Skip shell extension 'powershell' for command environment: Not usable outside of PowerShell
[545.628s] DEBUG:colcon.colcon_core.shell:Skip shell extension 'dsv' for command environment
[545.638s] DEBUG:colcon.colcon_core.event_handler.log_command:Invoking command in '/home/farah/ws_farah/build/tricycle_steering_controller': AMENT_PREFIX_PATH=/home/farah/ws_farah/install/steering_controllers_library:/home/farah/ws_farah/install/hardware_interface_testing:/home/farah/ws_farah/install/controller_interface:/home/farah/ws_farah/install/hardware_interface:/home/farah/ws_farah/install/ros2_control_test_assets:${AMENT_PREFIX_PATH} CMAKE_PREFIX_PATH=/home/farah/ws_farah/install/steering_controllers_library:/home/farah/ws_farah/install/hardware_interface_testing:/home/farah/ws_farah/install/controller_interface:/home/farah/ws_farah/install/hardware_interface:/home/farah/ws_farah/install/ros2_control_test_assets:/opt/ros/humble LD_LIBRARY_PATH=/home/farah/ws_farah/install/steering_controllers_library/lib:/home/farah/ws_farah/install/hardware_interface_testing/lib:/home/farah/ws_farah/install/controller_interface/lib:/home/farah/ws_farah/install/hardware_interface/lib:${LD_LIBRARY_PATH} /usr/bin/cmake /home/farah/ws_farah/src/ros2_controllers/tricycle_steering_controller -DCMAKE_INSTALL_PREFIX=/home/farah/ws_farah/install/tricycle_steering_controller
[547.197s] DEBUG:colcon.colcon_core.event_handler.log_command:Invoked command in '/home/farah/ws_farah/build/tricycle_steering_controller' returned '0': AMENT_PREFIX_PATH=/home/farah/ws_farah/install/steering_controllers_library:/home/farah/ws_farah/install/hardware_interface_testing:/home/farah/ws_farah/install/controller_interface:/home/farah/ws_farah/install/hardware_interface:/home/farah/ws_farah/install/ros2_control_test_assets:${AMENT_PREFIX_PATH} CMAKE_PREFIX_PATH=/home/farah/ws_farah/install/steering_controllers_library:/home/farah/ws_farah/install/hardware_interface_testing:/home/farah/ws_farah/install/controller_interface:/home/farah/ws_farah/install/hardware_interface:/home/farah/ws_farah/install/ros2_control_test_assets:/opt/ros/humble LD_LIBRARY_PATH=/home/farah/ws_farah/install/steering_controllers_library/lib:/home/farah/ws_farah/install/hardware_interface_testing/lib:/home/farah/ws_farah/install/controller_interface/lib:/home/farah/ws_farah/install/hardware_interface/lib:${LD_LIBRARY_PATH} /usr/bin/cmake /home/farah/ws_farah/src/ros2_controllers/tricycle_steering_controller -DCMAKE_INSTALL_PREFIX=/home/farah/ws_farah/install/tricycle_steering_controller
[547.198s] DEBUG:colcon.colcon_core.event_handler.log_command:Invoking command in '/home/farah/ws_farah/build/tricycle_steering_controller': AMENT_PREFIX_PATH=/home/farah/ws_farah/install/steering_controllers_library:/home/farah/ws_farah/install/hardware_interface_testing:/home/farah/ws_farah/install/controller_interface:/home/farah/ws_farah/install/hardware_interface:/home/farah/ws_farah/install/ros2_control_test_assets:${AMENT_PREFIX_PATH} CMAKE_PREFIX_PATH=/home/farah/ws_farah/install/steering_controllers_library:/home/farah/ws_farah/install/hardware_interface_testing:/home/farah/ws_farah/install/controller_interface:/home/farah/ws_farah/install/hardware_interface:/home/farah/ws_farah/install/ros2_control_test_assets:/opt/ros/humble LD_LIBRARY_PATH=/home/farah/ws_farah/install/steering_controllers_library/lib:/home/farah/ws_farah/install/hardware_interface_testing/lib:/home/farah/ws_farah/install/controller_interface/lib:/home/farah/ws_farah/install/hardware_interface/lib:${LD_LIBRARY_PATH} /usr/bin/cmake --build /home/farah/ws_farah/build/tricycle_steering_controller -- -j8 -l8
[562.310s] DEBUG:colcon.colcon_core.event_handler.log_command:Invoked command in '/home/farah/ws_farah/build/tricycle_steering_controller' returned '0': AMENT_PREFIX_PATH=/home/farah/ws_farah/install/steering_controllers_library:/home/farah/ws_farah/install/hardware_interface_testing:/home/farah/ws_farah/install/controller_interface:/home/farah/ws_farah/install/hardware_interface:/home/farah/ws_farah/install/ros2_control_test_assets:${AMENT_PREFIX_PATH} CMAKE_PREFIX_PATH=/home/farah/ws_farah/install/steering_controllers_library:/home/farah/ws_farah/install/hardware_interface_testing:/home/farah/ws_farah/install/controller_interface:/home/farah/ws_farah/install/hardware_interface:/home/farah/ws_farah/install/ros2_control_test_assets:/opt/ros/humble LD_LIBRARY_PATH=/home/farah/ws_farah/install/steering_controllers_library/lib:/home/farah/ws_farah/install/hardware_interface_testing/lib:/home/farah/ws_farah/install/controller_interface/lib:/home/farah/ws_farah/install/hardware_interface/lib:${LD_LIBRARY_PATH} /usr/bin/cmake --build /home/farah/ws_farah/build/tricycle_steering_controller -- -j8 -l8
[562.311s] DEBUG:colcon.colcon_core.event_handler.log_command:Invoking command in '/home/farah/ws_farah/build/tricycle_steering_controller': AMENT_PREFIX_PATH=/home/farah/ws_farah/install/steering_controllers_library:/home/farah/ws_farah/install/hardware_interface_testing:/home/farah/ws_farah/install/controller_interface:/home/farah/ws_farah/install/hardware_interface:/home/farah/ws_farah/install/ros2_control_test_assets:${AMENT_PREFIX_PATH} CMAKE_PREFIX_PATH=/home/farah/ws_farah/install/steering_controllers_library:/home/farah/ws_farah/install/hardware_interface_testing:/home/farah/ws_farah/install/controller_interface:/home/farah/ws_farah/install/hardware_interface:/home/farah/ws_farah/install/ros2_control_test_assets:/opt/ros/humble LD_LIBRARY_PATH=/home/farah/ws_farah/install/steering_controllers_library/lib:/home/farah/ws_farah/install/hardware_interface_testing/lib:/home/farah/ws_farah/install/controller_interface/lib:/home/farah/ws_farah/install/hardware_interface/lib:${LD_LIBRARY_PATH} /usr/bin/cmake --install /home/farah/ws_farah/build/tricycle_steering_controller
[562.321s] Level 1:colcon.colcon_core.environment:create_environment_scripts_only(tricycle_steering_controller)
[562.322s] Level 1:colcon.colcon_core.environment:checking '/home/farah/ws_farah/install/tricycle_steering_controller' for CMake module files
[562.322s] DEBUG:colcon.colcon_core.event_handler.log_command:Invoked command in '/home/farah/ws_farah/build/tricycle_steering_controller' returned '0': AMENT_PREFIX_PATH=/home/farah/ws_farah/install/steering_controllers_library:/home/farah/ws_farah/install/hardware_interface_testing:/home/farah/ws_farah/install/controller_interface:/home/farah/ws_farah/install/hardware_interface:/home/farah/ws_farah/install/ros2_control_test_assets:${AMENT_PREFIX_PATH} CMAKE_PREFIX_PATH=/home/farah/ws_farah/install/steering_controllers_library:/home/farah/ws_farah/install/hardware_interface_testing:/home/farah/ws_farah/install/controller_interface:/home/farah/ws_farah/install/hardware_interface:/home/farah/ws_farah/install/ros2_control_test_assets:/opt/ros/humble LD_LIBRARY_PATH=/home/farah/ws_farah/install/steering_controllers_library/lib:/home/farah/ws_farah/install/hardware_interface_testing/lib:/home/farah/ws_farah/install/controller_interface/lib:/home/farah/ws_farah/install/hardware_interface/lib:${LD_LIBRARY_PATH} /usr/bin/cmake --install /home/farah/ws_farah/build/tricycle_steering_controller
[562.322s] Level 1:colcon.colcon_core.environment:checking '/home/farah/ws_farah/install/tricycle_steering_controller' for CMake config files
[562.322s] Level 1:colcon.colcon_core.shell:create_environment_hook('tricycle_steering_controller', 'cmake_prefix_path')
[562.323s] INFO:colcon.colcon_core.shell:Creating environment hook '/home/farah/ws_farah/install/tricycle_steering_controller/share/tricycle_steering_controller/hook/cmake_prefix_path.ps1'
[562.323s] INFO:colcon.colcon_core.shell:Creating environment descriptor '/home/farah/ws_farah/install/tricycle_steering_controller/share/tricycle_steering_controller/hook/cmake_prefix_path.dsv'
[562.323s] INFO:colcon.colcon_core.shell:Creating environment hook '/home/farah/ws_farah/install/tricycle_steering_controller/share/tricycle_steering_controller/hook/cmake_prefix_path.sh'
[562.324s] Level 1:colcon.colcon_core.environment:checking '/home/farah/ws_farah/install/tricycle_steering_controller/lib'
[562.324s] Level 1:colcon.colcon_core.shell:create_environment_hook('tricycle_steering_controller', 'ld_library_path_lib')
[562.324s] INFO:colcon.colcon_core.shell:Creating environment hook '/home/farah/ws_farah/install/tricycle_steering_controller/share/tricycle_steering_controller/hook/ld_library_path_lib.ps1'
[562.324s] INFO:colcon.colcon_core.shell:Creating environment descriptor '/home/farah/ws_farah/install/tricycle_steering_controller/share/tricycle_steering_controller/hook/ld_library_path_lib.dsv'
[562.324s] INFO:colcon.colcon_core.shell:Creating environment hook '/home/farah/ws_farah/install/tricycle_steering_controller/share/tricycle_steering_controller/hook/ld_library_path_lib.sh'
[562.325s] Level 1:colcon.colcon_core.environment:checking '/home/farah/ws_farah/install/tricycle_steering_controller/bin'
[562.325s] Level 1:colcon.colcon_core.environment:checking '/home/farah/ws_farah/install/tricycle_steering_controller/lib/pkgconfig/tricycle_steering_controller.pc'
[562.325s] Level 1:colcon.colcon_core.environment:checking '/home/farah/ws_farah/install/tricycle_steering_controller/lib/python3.10/site-packages'
[562.325s] Level 1:colcon.colcon_core.environment:checking '/home/farah/ws_farah/install/tricycle_steering_controller/bin'
[562.325s] INFO:colcon.colcon_core.shell:Creating package script '/home/farah/ws_farah/install/tricycle_steering_controller/share/tricycle_steering_controller/package.ps1'
[562.326s] INFO:colcon.colcon_core.shell:Creating package descriptor '/home/farah/ws_farah/install/tricycle_steering_controller/share/tricycle_steering_controller/package.dsv'
[562.326s] INFO:colcon.colcon_core.shell:Creating package script '/home/farah/ws_farah/install/tricycle_steering_controller/share/tricycle_steering_controller/package.sh'
[562.326s] INFO:colcon.colcon_core.shell:Creating package script '/home/farah/ws_farah/install/tricycle_steering_controller/share/tricycle_steering_controller/package.bash'
[562.327s] INFO:colcon.colcon_core.shell:Creating package script '/home/farah/ws_farah/install/tricycle_steering_controller/share/tricycle_steering_controller/package.zsh'
[562.327s] Level 1:colcon.colcon_core.environment:create_file_with_runtime_dependencies(/home/farah/ws_farah/install/tricycle_steering_controller/share/colcon-core/packages/tricycle_steering_controller)
[562.327s] Level 1:colcon.colcon_core.environment:create_environment_scripts_only(tricycle_steering_controller)
[562.327s] Level 1:colcon.colcon_core.environment:checking '/home/farah/ws_farah/install/tricycle_steering_controller' for CMake module files
[562.328s] Level 1:colcon.colcon_core.environment:checking '/home/farah/ws_farah/install/tricycle_steering_controller' for CMake config files
[562.328s] Level 1:colcon.colcon_core.shell:create_environment_hook('tricycle_steering_controller', 'cmake_prefix_path')
[562.328s] INFO:colcon.colcon_core.shell:Creating environment hook '/home/farah/ws_farah/install/tricycle_steering_controller/share/tricycle_steering_controller/hook/cmake_prefix_path.ps1'
[562.328s] INFO:colcon.colcon_core.shell:Creating environment descriptor '/home/farah/ws_farah/install/tricycle_steering_controller/share/tricycle_steering_controller/hook/cmake_prefix_path.dsv'
[562.329s] INFO:colcon.colcon_core.shell:Creating environment hook '/home/farah/ws_farah/install/tricycle_steering_controller/share/tricycle_steering_controller/hook/cmake_prefix_path.sh'
[562.329s] Level 1:colcon.colcon_core.environment:checking '/home/farah/ws_farah/install/tricycle_steering_controller/lib'
[562.329s] Level 1:colcon.colcon_core.shell:create_environment_hook('tricycle_steering_controller', 'ld_library_path_lib')
[562.329s] INFO:colcon.colcon_core.shell:Creating environment hook '/home/farah/ws_farah/install/tricycle_steering_controller/share/tricycle_steering_controller/hook/ld_library_path_lib.ps1'
[562.330s] INFO:colcon.colcon_core.shell:Creating environment descriptor '/home/farah/ws_farah/install/tricycle_steering_controller/share/tricycle_steering_controller/hook/ld_library_path_lib.dsv'
[562.330s] INFO:colcon.colcon_core.shell:Creating environment hook '/home/farah/ws_farah/install/tricycle_steering_controller/share/tricycle_steering_controller/hook/ld_library_path_lib.sh'
[562.330s] Level 1:colcon.colcon_core.environment:checking '/home/farah/ws_farah/install/tricycle_steering_controller/bin'
[562.330s] Level 1:colcon.colcon_core.environment:checking '/home/farah/ws_farah/install/tricycle_steering_controller/lib/pkgconfig/tricycle_steering_controller.pc'
[562.330s] Level 1:colcon.colcon_core.environment:checking '/home/farah/ws_farah/install/tricycle_steering_controller/lib/python3.10/site-packages'
[562.331s] Level 1:colcon.colcon_core.environment:checking '/home/farah/ws_farah/install/tricycle_steering_controller/bin'
[562.331s] INFO:colcon.colcon_core.shell:Creating package script '/home/farah/ws_farah/install/tricycle_steering_controller/share/tricycle_steering_controller/package.ps1'
[562.331s] INFO:colcon.colcon_core.shell:Creating package descriptor '/home/farah/ws_farah/install/tricycle_steering_controller/share/tricycle_steering_controller/package.dsv'
[562.332s] INFO:colcon.colcon_core.shell:Creating package script '/home/farah/ws_farah/install/tricycle_steering_controller/share/tricycle_steering_controller/package.sh'
[562.332s] INFO:colcon.colcon_core.shell:Creating package script '/home/farah/ws_farah/install/tricycle_steering_controller/share/tricycle_steering_controller/package.bash'
[562.332s] INFO:colcon.colcon_core.shell:Creating package script '/home/farah/ws_farah/install/tricycle_steering_controller/share/tricycle_steering_controller/package.zsh'
[562.333s] Level 1:colcon.colcon_core.environment:create_file_with_runtime_dependencies(/home/farah/ws_farah/install/tricycle_steering_controller/share/colcon-core/packages/tricycle_steering_controller)
[562.333s] INFO:colcon.colcon_ros.task.ament_cmake.build:Building ROS package in '/home/farah/ws_farah/src/ros2_control_demos/example_11' with build type 'ament_cmake'
[562.333s] INFO:colcon.colcon_cmake.task.cmake.build:Building CMake package in '/home/farah/ws_farah/src/ros2_control_demos/example_11'
[562.333s] INFO:colcon.colcon_core.shell:Skip shell extension 'powershell' for command environment: Not usable outside of PowerShell
[562.333s] DEBUG:colcon.colcon_core.shell:Skip shell extension 'dsv' for command environment
[562.349s] DEBUG:colcon.colcon_core.event_handler.log_command:Invoking command in '/home/farah/ws_farah/build/ros2_control_demo_example_11': AMENT_PREFIX_PATH=/home/farah/ws_farah/install/bicycle_steering_controller:/home/farah/ws_farah/install/steering_controllers_library:/home/farah/ws_farah/install/joint_state_broadcaster:/home/farah/ws_farah/install/hardware_interface_testing:/home/farah/ws_farah/install/controller_interface:/home/farah/ws_farah/install/ros2controlcli:/home/farah/ws_farah/install/hardware_interface:/home/farah/ws_farah/install/ros2_control_test_assets:/home/farah/ws_farah/install/ros2_control_demo_description:/home/farah/ws_farah/install/controller_manager_msgs:${AMENT_PREFIX_PATH} CMAKE_PREFIX_PATH=/home/farah/ws_farah/install/bicycle_steering_controller:/home/farah/ws_farah/install/steering_controllers_library:/home/farah/ws_farah/install/joint_state_broadcaster:/home/farah/ws_farah/install/hardware_interface_testing:/home/farah/ws_farah/install/controller_interface:/home/farah/ws_farah/install/hardware_interface:/home/farah/ws_farah/install/ros2_control_test_assets:/home/farah/ws_farah/install/ros2_control_demo_description:/home/farah/ws_farah/install/controller_manager_msgs:/opt/ros/humble LD_LIBRARY_PATH=/home/farah/ws_farah/install/bicycle_steering_controller/lib:/home/farah/ws_farah/install/steering_controllers_library/lib:/home/farah/ws_farah/install/joint_state_broadcaster/lib:/home/farah/ws_farah/install/hardware_interface_testing/lib:/home/farah/ws_farah/install/controller_interface/lib:/home/farah/ws_farah/install/hardware_interface/lib:/home/farah/ws_farah/install/controller_manager_msgs/lib:${LD_LIBRARY_PATH} PYTHONPATH=/home/farah/ws_farah/install/ros2controlcli/lib/python3.10/site-packages:/home/farah/ws_farah/install/controller_manager_msgs/local/lib/python3.10/dist-packages:${PYTHONPATH} /usr/bin/cmake /home/farah/ws_farah/src/ros2_control_demos/example_11 -DCMAKE_INSTALL_PREFIX=/home/farah/ws_farah/install/ros2_control_demo_example_11
[564.590s] DEBUG:colcon.colcon_core.event_handler.log_command:Invoked command in '/home/farah/ws_farah/build/ros2_control_demo_example_11' returned '0': AMENT_PREFIX_PATH=/home/farah/ws_farah/install/bicycle_steering_controller:/home/farah/ws_farah/install/steering_controllers_library:/home/farah/ws_farah/install/joint_state_broadcaster:/home/farah/ws_farah/install/hardware_interface_testing:/home/farah/ws_farah/install/controller_interface:/home/farah/ws_farah/install/ros2controlcli:/home/farah/ws_farah/install/hardware_interface:/home/farah/ws_farah/install/ros2_control_test_assets:/home/farah/ws_farah/install/ros2_control_demo_description:/home/farah/ws_farah/install/controller_manager_msgs:${AMENT_PREFIX_PATH} CMAKE_PREFIX_PATH=/home/farah/ws_farah/install/bicycle_steering_controller:/home/farah/ws_farah/install/steering_controllers_library:/home/farah/ws_farah/install/joint_state_broadcaster:/home/farah/ws_farah/install/hardware_interface_testing:/home/farah/ws_farah/install/controller_interface:/home/farah/ws_farah/install/hardware_interface:/home/farah/ws_farah/install/ros2_control_test_assets:/home/farah/ws_farah/install/ros2_control_demo_description:/home/farah/ws_farah/install/controller_manager_msgs:/opt/ros/humble LD_LIBRARY_PATH=/home/farah/ws_farah/install/bicycle_steering_controller/lib:/home/farah/ws_farah/install/steering_controllers_library/lib:/home/farah/ws_farah/install/joint_state_broadcaster/lib:/home/farah/ws_farah/install/hardware_interface_testing/lib:/home/farah/ws_farah/install/controller_interface/lib:/home/farah/ws_farah/install/hardware_interface/lib:/home/farah/ws_farah/install/controller_manager_msgs/lib:${LD_LIBRARY_PATH} PYTHONPATH=/home/farah/ws_farah/install/ros2controlcli/lib/python3.10/site-packages:/home/farah/ws_farah/install/controller_manager_msgs/local/lib/python3.10/dist-packages:${PYTHONPATH} /usr/bin/cmake /home/farah/ws_farah/src/ros2_control_demos/example_11 -DCMAKE_INSTALL_PREFIX=/home/farah/ws_farah/install/ros2_control_demo_example_11
[564.591s] DEBUG:colcon.colcon_core.event_handler.log_command:Invoking command in '/home/farah/ws_farah/build/ros2_control_demo_example_11': AMENT_PREFIX_PATH=/home/farah/ws_farah/install/bicycle_steering_controller:/home/farah/ws_farah/install/steering_controllers_library:/home/farah/ws_farah/install/joint_state_broadcaster:/home/farah/ws_farah/install/hardware_interface_testing:/home/farah/ws_farah/install/controller_interface:/home/farah/ws_farah/install/ros2controlcli:/home/farah/ws_farah/install/hardware_interface:/home/farah/ws_farah/install/ros2_control_test_assets:/home/farah/ws_farah/install/ros2_control_demo_description:/home/farah/ws_farah/install/controller_manager_msgs:${AMENT_PREFIX_PATH} CMAKE_PREFIX_PATH=/home/farah/ws_farah/install/bicycle_steering_controller:/home/farah/ws_farah/install/steering_controllers_library:/home/farah/ws_farah/install/joint_state_broadcaster:/home/farah/ws_farah/install/hardware_interface_testing:/home/farah/ws_farah/install/controller_interface:/home/farah/ws_farah/install/hardware_interface:/home/farah/ws_farah/install/ros2_control_test_assets:/home/farah/ws_farah/install/ros2_control_demo_description:/home/farah/ws_farah/install/controller_manager_msgs:/opt/ros/humble LD_LIBRARY_PATH=/home/farah/ws_farah/install/bicycle_steering_controller/lib:/home/farah/ws_farah/install/steering_controllers_library/lib:/home/farah/ws_farah/install/joint_state_broadcaster/lib:/home/farah/ws_farah/install/hardware_interface_testing/lib:/home/farah/ws_farah/install/controller_interface/lib:/home/farah/ws_farah/install/hardware_interface/lib:/home/farah/ws_farah/install/controller_manager_msgs/lib:${LD_LIBRARY_PATH} PYTHONPATH=/home/farah/ws_farah/install/ros2controlcli/lib/python3.10/site-packages:/home/farah/ws_farah/install/controller_manager_msgs/local/lib/python3.10/dist-packages:${PYTHONPATH} /usr/bin/cmake --build /home/farah/ws_farah/build/ros2_control_demo_example_11 -- -j8 -l8
[567.930s] DEBUG:colcon.colcon_core.event_handler.log_command:Invoked command in '/home/farah/ws_farah/build/ros2_control_demo_example_11' returned '0': AMENT_PREFIX_PATH=/home/farah/ws_farah/install/bicycle_steering_controller:/home/farah/ws_farah/install/steering_controllers_library:/home/farah/ws_farah/install/joint_state_broadcaster:/home/farah/ws_farah/install/hardware_interface_testing:/home/farah/ws_farah/install/controller_interface:/home/farah/ws_farah/install/ros2controlcli:/home/farah/ws_farah/install/hardware_interface:/home/farah/ws_farah/install/ros2_control_test_assets:/home/farah/ws_farah/install/ros2_control_demo_description:/home/farah/ws_farah/install/controller_manager_msgs:${AMENT_PREFIX_PATH} CMAKE_PREFIX_PATH=/home/farah/ws_farah/install/bicycle_steering_controller:/home/farah/ws_farah/install/steering_controllers_library:/home/farah/ws_farah/install/joint_state_broadcaster:/home/farah/ws_farah/install/hardware_interface_testing:/home/farah/ws_farah/install/controller_interface:/home/farah/ws_farah/install/hardware_interface:/home/farah/ws_farah/install/ros2_control_test_assets:/home/farah/ws_farah/install/ros2_control_demo_description:/home/farah/ws_farah/install/controller_manager_msgs:/opt/ros/humble LD_LIBRARY_PATH=/home/farah/ws_farah/install/bicycle_steering_controller/lib:/home/farah/ws_farah/install/steering_controllers_library/lib:/home/farah/ws_farah/install/joint_state_broadcaster/lib:/home/farah/ws_farah/install/hardware_interface_testing/lib:/home/farah/ws_farah/install/controller_interface/lib:/home/farah/ws_farah/install/hardware_interface/lib:/home/farah/ws_farah/install/controller_manager_msgs/lib:${LD_LIBRARY_PATH} PYTHONPATH=/home/farah/ws_farah/install/ros2controlcli/lib/python3.10/site-packages:/home/farah/ws_farah/install/controller_manager_msgs/local/lib/python3.10/dist-packages:${PYTHONPATH} /usr/bin/cmake --build /home/farah/ws_farah/build/ros2_control_demo_example_11 -- -j8 -l8
[567.931s] DEBUG:colcon.colcon_core.event_handler.log_command:Invoking command in '/home/farah/ws_farah/build/ros2_control_demo_example_11': AMENT_PREFIX_PATH=/home/farah/ws_farah/install/bicycle_steering_controller:/home/farah/ws_farah/install/steering_controllers_library:/home/farah/ws_farah/install/joint_state_broadcaster:/home/farah/ws_farah/install/hardware_interface_testing:/home/farah/ws_farah/install/controller_interface:/home/farah/ws_farah/install/ros2controlcli:/home/farah/ws_farah/install/hardware_interface:/home/farah/ws_farah/install/ros2_control_test_assets:/home/farah/ws_farah/install/ros2_control_demo_description:/home/farah/ws_farah/install/controller_manager_msgs:${AMENT_PREFIX_PATH} CMAKE_PREFIX_PATH=/home/farah/ws_farah/install/bicycle_steering_controller:/home/farah/ws_farah/install/steering_controllers_library:/home/farah/ws_farah/install/joint_state_broadcaster:/home/farah/ws_farah/install/hardware_interface_testing:/home/farah/ws_farah/install/controller_interface:/home/farah/ws_farah/install/hardware_interface:/home/farah/ws_farah/install/ros2_control_test_assets:/home/farah/ws_farah/install/ros2_control_demo_description:/home/farah/ws_farah/install/controller_manager_msgs:/opt/ros/humble LD_LIBRARY_PATH=/home/farah/ws_farah/install/bicycle_steering_controller/lib:/home/farah/ws_farah/install/steering_controllers_library/lib:/home/farah/ws_farah/install/joint_state_broadcaster/lib:/home/farah/ws_farah/install/hardware_interface_testing/lib:/home/farah/ws_farah/install/controller_interface/lib:/home/farah/ws_farah/install/hardware_interface/lib:/home/farah/ws_farah/install/controller_manager_msgs/lib:${LD_LIBRARY_PATH} PYTHONPATH=/home/farah/ws_farah/install/ros2controlcli/lib/python3.10/site-packages:/home/farah/ws_farah/install/controller_manager_msgs/local/lib/python3.10/dist-packages:${PYTHONPATH} /usr/bin/cmake --install /home/farah/ws_farah/build/ros2_control_demo_example_11
[567.942s] Level 1:colcon.colcon_core.environment:create_environment_scripts_only(ros2_control_demo_example_11)
[567.942s] Level 1:colcon.colcon_core.environment:checking '/home/farah/ws_farah/install/ros2_control_demo_example_11' for CMake module files
[567.943s] DEBUG:colcon.colcon_core.event_handler.log_command:Invoked command in '/home/farah/ws_farah/build/ros2_control_demo_example_11' returned '0': AMENT_PREFIX_PATH=/home/farah/ws_farah/install/bicycle_steering_controller:/home/farah/ws_farah/install/steering_controllers_library:/home/farah/ws_farah/install/joint_state_broadcaster:/home/farah/ws_farah/install/hardware_interface_testing:/home/farah/ws_farah/install/controller_interface:/home/farah/ws_farah/install/ros2controlcli:/home/farah/ws_farah/install/hardware_interface:/home/farah/ws_farah/install/ros2_control_test_assets:/home/farah/ws_farah/install/ros2_control_demo_description:/home/farah/ws_farah/install/controller_manager_msgs:${AMENT_PREFIX_PATH} CMAKE_PREFIX_PATH=/home/farah/ws_farah/install/bicycle_steering_controller:/home/farah/ws_farah/install/steering_controllers_library:/home/farah/ws_farah/install/joint_state_broadcaster:/home/farah/ws_farah/install/hardware_interface_testing:/home/farah/ws_farah/install/controller_interface:/home/farah/ws_farah/install/hardware_interface:/home/farah/ws_farah/install/ros2_control_test_assets:/home/farah/ws_farah/install/ros2_control_demo_description:/home/farah/ws_farah/install/controller_manager_msgs:/opt/ros/humble LD_LIBRARY_PATH=/home/farah/ws_farah/install/bicycle_steering_controller/lib:/home/farah/ws_farah/install/steering_controllers_library/lib:/home/farah/ws_farah/install/joint_state_broadcaster/lib:/home/farah/ws_farah/install/hardware_interface_testing/lib:/home/farah/ws_farah/install/controller_interface/lib:/home/farah/ws_farah/install/hardware_interface/lib:/home/farah/ws_farah/install/controller_manager_msgs/lib:${LD_LIBRARY_PATH} PYTHONPATH=/home/farah/ws_farah/install/ros2controlcli/lib/python3.10/site-packages:/home/farah/ws_farah/install/controller_manager_msgs/local/lib/python3.10/dist-packages:${PYTHONPATH} /usr/bin/cmake --install /home/farah/ws_farah/build/ros2_control_demo_example_11
[567.943s] Level 1:colcon.colcon_core.environment:checking '/home/farah/ws_farah/install/ros2_control_demo_example_11' for CMake config files
[567.943s] Level 1:colcon.colcon_core.shell:create_environment_hook('ros2_control_demo_example_11', 'cmake_prefix_path')
[567.943s] INFO:colcon.colcon_core.shell:Creating environment hook '/home/farah/ws_farah/install/ros2_control_demo_example_11/share/ros2_control_demo_example_11/hook/cmake_prefix_path.ps1'
[567.944s] INFO:colcon.colcon_core.shell:Creating environment descriptor '/home/farah/ws_farah/install/ros2_control_demo_example_11/share/ros2_control_demo_example_11/hook/cmake_prefix_path.dsv'
[567.944s] INFO:colcon.colcon_core.shell:Creating environment hook '/home/farah/ws_farah/install/ros2_control_demo_example_11/share/ros2_control_demo_example_11/hook/cmake_prefix_path.sh'
[567.944s] Level 1:colcon.colcon_core.environment:checking '/home/farah/ws_farah/install/ros2_control_demo_example_11/lib'
[567.944s] Level 1:colcon.colcon_core.shell:create_environment_hook('ros2_control_demo_example_11', 'ld_library_path_lib')
[567.944s] INFO:colcon.colcon_core.shell:Creating environment hook '/home/farah/ws_farah/install/ros2_control_demo_example_11/share/ros2_control_demo_example_11/hook/ld_library_path_lib.ps1'
[567.945s] INFO:colcon.colcon_core.shell:Creating environment descriptor '/home/farah/ws_farah/install/ros2_control_demo_example_11/share/ros2_control_demo_example_11/hook/ld_library_path_lib.dsv'
[567.945s] INFO:colcon.colcon_core.shell:Creating environment hook '/home/farah/ws_farah/install/ros2_control_demo_example_11/share/ros2_control_demo_example_11/hook/ld_library_path_lib.sh'
[567.945s] Level 1:colcon.colcon_core.environment:checking '/home/farah/ws_farah/install/ros2_control_demo_example_11/bin'
[567.945s] Level 1:colcon.colcon_core.environment:checking '/home/farah/ws_farah/install/ros2_control_demo_example_11/lib/pkgconfig/ros2_control_demo_example_11.pc'
[567.945s] Level 1:colcon.colcon_core.environment:checking '/home/farah/ws_farah/install/ros2_control_demo_example_11/lib/python3.10/site-packages'
[567.946s] Level 1:colcon.colcon_core.environment:checking '/home/farah/ws_farah/install/ros2_control_demo_example_11/bin'
[567.946s] INFO:colcon.colcon_core.shell:Creating package script '/home/farah/ws_farah/install/ros2_control_demo_example_11/share/ros2_control_demo_example_11/package.ps1'
[567.946s] INFO:colcon.colcon_core.shell:Creating package descriptor '/home/farah/ws_farah/install/ros2_control_demo_example_11/share/ros2_control_demo_example_11/package.dsv'
[567.947s] INFO:colcon.colcon_core.shell:Creating package script '/home/farah/ws_farah/install/ros2_control_demo_example_11/share/ros2_control_demo_example_11/package.sh'
[567.947s] INFO:colcon.colcon_core.shell:Creating package script '/home/farah/ws_farah/install/ros2_control_demo_example_11/share/ros2_control_demo_example_11/package.bash'
[567.947s] INFO:colcon.colcon_core.shell:Creating package script '/home/farah/ws_farah/install/ros2_control_demo_example_11/share/ros2_control_demo_example_11/package.zsh'
[567.948s] Level 1:colcon.colcon_core.environment:create_file_with_runtime_dependencies(/home/farah/ws_farah/install/ros2_control_demo_example_11/share/colcon-core/packages/ros2_control_demo_example_11)
[567.948s] Level 1:colcon.colcon_core.environment:create_environment_scripts_only(ros2_control_demo_example_11)
[567.949s] Level 1:colcon.colcon_core.environment:checking '/home/farah/ws_farah/install/ros2_control_demo_example_11' for CMake module files
[567.949s] Level 1:colcon.colcon_core.environment:checking '/home/farah/ws_farah/install/ros2_control_demo_example_11' for CMake config files
[567.949s] Level 1:colcon.colcon_core.shell:create_environment_hook('ros2_control_demo_example_11', 'cmake_prefix_path')
[567.949s] INFO:colcon.colcon_core.shell:Creating environment hook '/home/farah/ws_farah/install/ros2_control_demo_example_11/share/ros2_control_demo_example_11/hook/cmake_prefix_path.ps1'
[567.950s] INFO:colcon.colcon_core.shell:Creating environment descriptor '/home/farah/ws_farah/install/ros2_control_demo_example_11/share/ros2_control_demo_example_11/hook/cmake_prefix_path.dsv'
[567.950s] INFO:colcon.colcon_core.shell:Creating environment hook '/home/farah/ws_farah/install/ros2_control_demo_example_11/share/ros2_control_demo_example_11/hook/cmake_prefix_path.sh'
[567.950s] Level 1:colcon.colcon_core.environment:checking '/home/farah/ws_farah/install/ros2_control_demo_example_11/lib'
[567.950s] Level 1:colcon.colcon_core.shell:create_environment_hook('ros2_control_demo_example_11', 'ld_library_path_lib')
[567.951s] INFO:colcon.colcon_core.shell:Creating environment hook '/home/farah/ws_farah/install/ros2_control_demo_example_11/share/ros2_control_demo_example_11/hook/ld_library_path_lib.ps1'
[567.951s] INFO:colcon.colcon_core.shell:Creating environment descriptor '/home/farah/ws_farah/install/ros2_control_demo_example_11/share/ros2_control_demo_example_11/hook/ld_library_path_lib.dsv'
[567.951s] INFO:colcon.colcon_core.shell:Creating environment hook '/home/farah/ws_farah/install/ros2_control_demo_example_11/share/ros2_control_demo_example_11/hook/ld_library_path_lib.sh'
[567.951s] Level 1:colcon.colcon_core.environment:checking '/home/farah/ws_farah/install/ros2_control_demo_example_11/bin'
[567.951s] Level 1:colcon.colcon_core.environment:checking '/home/farah/ws_farah/install/ros2_control_demo_example_11/lib/pkgconfig/ros2_control_demo_example_11.pc'
[567.952s] Level 1:colcon.colcon_core.environment:checking '/home/farah/ws_farah/install/ros2_control_demo_example_11/lib/python3.10/site-packages'
[567.952s] Level 1:colcon.colcon_core.environment:checking '/home/farah/ws_farah/install/ros2_control_demo_example_11/bin'
[567.952s] INFO:colcon.colcon_core.shell:Creating package script '/home/farah/ws_farah/install/ros2_control_demo_example_11/share/ros2_control_demo_example_11/package.ps1'
[567.952s] INFO:colcon.colcon_core.shell:Creating package descriptor '/home/farah/ws_farah/install/ros2_control_demo_example_11/share/ros2_control_demo_example_11/package.dsv'
[567.953s] INFO:colcon.colcon_core.shell:Creating package script '/home/farah/ws_farah/install/ros2_control_demo_example_11/share/ros2_control_demo_example_11/package.sh'
[567.953s] INFO:colcon.colcon_core.shell:Creating package script '/home/farah/ws_farah/install/ros2_control_demo_example_11/share/ros2_control_demo_example_11/package.bash'
[567.953s] INFO:colcon.colcon_core.shell:Creating package script '/home/farah/ws_farah/install/ros2_control_demo_example_11/share/ros2_control_demo_example_11/package.zsh'
[567.954s] Level 1:colcon.colcon_core.environment:create_file_with_runtime_dependencies(/home/farah/ws_farah/install/ros2_control_demo_example_11/share/colcon-core/packages/ros2_control_demo_example_11)
[567.954s] INFO:colcon.colcon_ros.task.ament_cmake.build:Building ROS package in '/home/farah/ws_farah/src/ros2_control_demos/example_13' with build type 'ament_cmake'
[567.954s] INFO:colcon.colcon_cmake.task.cmake.build:Building CMake package in '/home/farah/ws_farah/src/ros2_control_demos/example_13'
[567.954s] INFO:colcon.colcon_core.shell:Skip shell extension 'powershell' for command environment: Not usable outside of PowerShell
[567.954s] DEBUG:colcon.colcon_core.shell:Skip shell extension 'dsv' for command environment
[567.973s] DEBUG:colcon.colcon_core.event_handler.log_command:Invoking command in '/home/farah/ws_farah/build/ros2_control_demo_example_13': AMENT_PREFIX_PATH=/home/farah/ws_farah/install/ros2_control_demo_example_5:/home/farah/ws_farah/install/ros2_control_demo_example_4:/home/farah/ws_farah/install/joint_state_broadcaster:/home/farah/ws_farah/install/forward_command_controller:/home/farah/ws_farah/install/force_torque_sensor_broadcaster:/home/farah/ws_farah/install/hardware_interface_testing:/home/farah/ws_farah/install/controller_interface:/home/farah/ws_farah/install/ros2controlcli:/home/farah/ws_farah/install/hardware_interface:/home/farah/ws_farah/install/ros2_controllers_test_nodes:/home/farah/ws_farah/install/ros2_control_test_assets:/home/farah/ws_farah/install/ros2_control_demo_description:/home/farah/ws_farah/install/controller_manager_msgs:${AMENT_PREFIX_PATH} CMAKE_PREFIX_PATH=/home/farah/ws_farah/install/ros2_control_demo_example_5:/home/farah/ws_farah/install/ros2_control_demo_example_4:/home/farah/ws_farah/install/joint_state_broadcaster:/home/farah/ws_farah/install/forward_command_controller:/home/farah/ws_farah/install/force_torque_sensor_broadcaster:/home/farah/ws_farah/install/hardware_interface_testing:/home/farah/ws_farah/install/controller_interface:/home/farah/ws_farah/install/hardware_interface:/home/farah/ws_farah/install/ros2_control_test_assets:/home/farah/ws_farah/install/ros2_control_demo_description:/home/farah/ws_farah/install/controller_manager_msgs:/opt/ros/humble LD_LIBRARY_PATH=/home/farah/ws_farah/install/ros2_control_demo_example_5/lib:/home/farah/ws_farah/install/ros2_control_demo_example_4/lib:/home/farah/ws_farah/install/joint_state_broadcaster/lib:/home/farah/ws_farah/install/forward_command_controller/lib:/home/farah/ws_farah/install/force_torque_sensor_broadcaster/lib:/home/farah/ws_farah/install/hardware_interface_testing/lib:/home/farah/ws_farah/install/controller_interface/lib:/home/farah/ws_farah/install/hardware_interface/lib:/home/farah/ws_farah/install/controller_manager_msgs/lib:${LD_LIBRARY_PATH} PYTHONPATH=/home/farah/ws_farah/install/ros2controlcli/lib/python3.10/site-packages:/home/farah/ws_farah/install/ros2_controllers_test_nodes/lib/python3.10/site-packages:/home/farah/ws_farah/install/controller_manager_msgs/local/lib/python3.10/dist-packages:${PYTHONPATH} /usr/bin/cmake /home/farah/ws_farah/src/ros2_control_demos/example_13 -DCMAKE_INSTALL_PREFIX=/home/farah/ws_farah/install/ros2_control_demo_example_13
[568.994s] DEBUG:colcon.colcon_core.event_handler.log_command:Invoked command in '/home/farah/ws_farah/build/ros2_control_demo_example_13' returned '0': AMENT_PREFIX_PATH=/home/farah/ws_farah/install/ros2_control_demo_example_5:/home/farah/ws_farah/install/ros2_control_demo_example_4:/home/farah/ws_farah/install/joint_state_broadcaster:/home/farah/ws_farah/install/forward_command_controller:/home/farah/ws_farah/install/force_torque_sensor_broadcaster:/home/farah/ws_farah/install/hardware_interface_testing:/home/farah/ws_farah/install/controller_interface:/home/farah/ws_farah/install/ros2controlcli:/home/farah/ws_farah/install/hardware_interface:/home/farah/ws_farah/install/ros2_controllers_test_nodes:/home/farah/ws_farah/install/ros2_control_test_assets:/home/farah/ws_farah/install/ros2_control_demo_description:/home/farah/ws_farah/install/controller_manager_msgs:${AMENT_PREFIX_PATH} CMAKE_PREFIX_PATH=/home/farah/ws_farah/install/ros2_control_demo_example_5:/home/farah/ws_farah/install/ros2_control_demo_example_4:/home/farah/ws_farah/install/joint_state_broadcaster:/home/farah/ws_farah/install/forward_command_controller:/home/farah/ws_farah/install/force_torque_sensor_broadcaster:/home/farah/ws_farah/install/hardware_interface_testing:/home/farah/ws_farah/install/controller_interface:/home/farah/ws_farah/install/hardware_interface:/home/farah/ws_farah/install/ros2_control_test_assets:/home/farah/ws_farah/install/ros2_control_demo_description:/home/farah/ws_farah/install/controller_manager_msgs:/opt/ros/humble LD_LIBRARY_PATH=/home/farah/ws_farah/install/ros2_control_demo_example_5/lib:/home/farah/ws_farah/install/ros2_control_demo_example_4/lib:/home/farah/ws_farah/install/joint_state_broadcaster/lib:/home/farah/ws_farah/install/forward_command_controller/lib:/home/farah/ws_farah/install/force_torque_sensor_broadcaster/lib:/home/farah/ws_farah/install/hardware_interface_testing/lib:/home/farah/ws_farah/install/controller_interface/lib:/home/farah/ws_farah/install/hardware_interface/lib:/home/farah/ws_farah/install/controller_manager_msgs/lib:${LD_LIBRARY_PATH} PYTHONPATH=/home/farah/ws_farah/install/ros2controlcli/lib/python3.10/site-packages:/home/farah/ws_farah/install/ros2_controllers_test_nodes/lib/python3.10/site-packages:/home/farah/ws_farah/install/controller_manager_msgs/local/lib/python3.10/dist-packages:${PYTHONPATH} /usr/bin/cmake /home/farah/ws_farah/src/ros2_control_demos/example_13 -DCMAKE_INSTALL_PREFIX=/home/farah/ws_farah/install/ros2_control_demo_example_13
[568.995s] DEBUG:colcon.colcon_core.event_handler.log_command:Invoking command in '/home/farah/ws_farah/build/ros2_control_demo_example_13': AMENT_PREFIX_PATH=/home/farah/ws_farah/install/ros2_control_demo_example_5:/home/farah/ws_farah/install/ros2_control_demo_example_4:/home/farah/ws_farah/install/joint_state_broadcaster:/home/farah/ws_farah/install/forward_command_controller:/home/farah/ws_farah/install/force_torque_sensor_broadcaster:/home/farah/ws_farah/install/hardware_interface_testing:/home/farah/ws_farah/install/controller_interface:/home/farah/ws_farah/install/ros2controlcli:/home/farah/ws_farah/install/hardware_interface:/home/farah/ws_farah/install/ros2_controllers_test_nodes:/home/farah/ws_farah/install/ros2_control_test_assets:/home/farah/ws_farah/install/ros2_control_demo_description:/home/farah/ws_farah/install/controller_manager_msgs:${AMENT_PREFIX_PATH} CMAKE_PREFIX_PATH=/home/farah/ws_farah/install/ros2_control_demo_example_5:/home/farah/ws_farah/install/ros2_control_demo_example_4:/home/farah/ws_farah/install/joint_state_broadcaster:/home/farah/ws_farah/install/forward_command_controller:/home/farah/ws_farah/install/force_torque_sensor_broadcaster:/home/farah/ws_farah/install/hardware_interface_testing:/home/farah/ws_farah/install/controller_interface:/home/farah/ws_farah/install/hardware_interface:/home/farah/ws_farah/install/ros2_control_test_assets:/home/farah/ws_farah/install/ros2_control_demo_description:/home/farah/ws_farah/install/controller_manager_msgs:/opt/ros/humble LD_LIBRARY_PATH=/home/farah/ws_farah/install/ros2_control_demo_example_5/lib:/home/farah/ws_farah/install/ros2_control_demo_example_4/lib:/home/farah/ws_farah/install/joint_state_broadcaster/lib:/home/farah/ws_farah/install/forward_command_controller/lib:/home/farah/ws_farah/install/force_torque_sensor_broadcaster/lib:/home/farah/ws_farah/install/hardware_interface_testing/lib:/home/farah/ws_farah/install/controller_interface/lib:/home/farah/ws_farah/install/hardware_interface/lib:/home/farah/ws_farah/install/controller_manager_msgs/lib:${LD_LIBRARY_PATH} PYTHONPATH=/home/farah/ws_farah/install/ros2controlcli/lib/python3.10/site-packages:/home/farah/ws_farah/install/ros2_controllers_test_nodes/lib/python3.10/site-packages:/home/farah/ws_farah/install/controller_manager_msgs/local/lib/python3.10/dist-packages:${PYTHONPATH} /usr/bin/cmake --build /home/farah/ws_farah/build/ros2_control_demo_example_13 -- -j8 -l8
[569.025s] DEBUG:colcon.colcon_core.event_handler.log_command:Invoked command in '/home/farah/ws_farah/build/ros2_control_demo_example_13' returned '0': AMENT_PREFIX_PATH=/home/farah/ws_farah/install/ros2_control_demo_example_5:/home/farah/ws_farah/install/ros2_control_demo_example_4:/home/farah/ws_farah/install/joint_state_broadcaster:/home/farah/ws_farah/install/forward_command_controller:/home/farah/ws_farah/install/force_torque_sensor_broadcaster:/home/farah/ws_farah/install/hardware_interface_testing:/home/farah/ws_farah/install/controller_interface:/home/farah/ws_farah/install/ros2controlcli:/home/farah/ws_farah/install/hardware_interface:/home/farah/ws_farah/install/ros2_controllers_test_nodes:/home/farah/ws_farah/install/ros2_control_test_assets:/home/farah/ws_farah/install/ros2_control_demo_description:/home/farah/ws_farah/install/controller_manager_msgs:${AMENT_PREFIX_PATH} CMAKE_PREFIX_PATH=/home/farah/ws_farah/install/ros2_control_demo_example_5:/home/farah/ws_farah/install/ros2_control_demo_example_4:/home/farah/ws_farah/install/joint_state_broadcaster:/home/farah/ws_farah/install/forward_command_controller:/home/farah/ws_farah/install/force_torque_sensor_broadcaster:/home/farah/ws_farah/install/hardware_interface_testing:/home/farah/ws_farah/install/controller_interface:/home/farah/ws_farah/install/hardware_interface:/home/farah/ws_farah/install/ros2_control_test_assets:/home/farah/ws_farah/install/ros2_control_demo_description:/home/farah/ws_farah/install/controller_manager_msgs:/opt/ros/humble LD_LIBRARY_PATH=/home/farah/ws_farah/install/ros2_control_demo_example_5/lib:/home/farah/ws_farah/install/ros2_control_demo_example_4/lib:/home/farah/ws_farah/install/joint_state_broadcaster/lib:/home/farah/ws_farah/install/forward_command_controller/lib:/home/farah/ws_farah/install/force_torque_sensor_broadcaster/lib:/home/farah/ws_farah/install/hardware_interface_testing/lib:/home/farah/ws_farah/install/controller_interface/lib:/home/farah/ws_farah/install/hardware_interface/lib:/home/farah/ws_farah/install/controller_manager_msgs/lib:${LD_LIBRARY_PATH} PYTHONPATH=/home/farah/ws_farah/install/ros2controlcli/lib/python3.10/site-packages:/home/farah/ws_farah/install/ros2_controllers_test_nodes/lib/python3.10/site-packages:/home/farah/ws_farah/install/controller_manager_msgs/local/lib/python3.10/dist-packages:${PYTHONPATH} /usr/bin/cmake --build /home/farah/ws_farah/build/ros2_control_demo_example_13 -- -j8 -l8
[569.026s] DEBUG:colcon.colcon_core.event_handler.log_command:Invoking command in '/home/farah/ws_farah/build/ros2_control_demo_example_13': AMENT_PREFIX_PATH=/home/farah/ws_farah/install/ros2_control_demo_example_5:/home/farah/ws_farah/install/ros2_control_demo_example_4:/home/farah/ws_farah/install/joint_state_broadcaster:/home/farah/ws_farah/install/forward_command_controller:/home/farah/ws_farah/install/force_torque_sensor_broadcaster:/home/farah/ws_farah/install/hardware_interface_testing:/home/farah/ws_farah/install/controller_interface:/home/farah/ws_farah/install/ros2controlcli:/home/farah/ws_farah/install/hardware_interface:/home/farah/ws_farah/install/ros2_controllers_test_nodes:/home/farah/ws_farah/install/ros2_control_test_assets:/home/farah/ws_farah/install/ros2_control_demo_description:/home/farah/ws_farah/install/controller_manager_msgs:${AMENT_PREFIX_PATH} CMAKE_PREFIX_PATH=/home/farah/ws_farah/install/ros2_control_demo_example_5:/home/farah/ws_farah/install/ros2_control_demo_example_4:/home/farah/ws_farah/install/joint_state_broadcaster:/home/farah/ws_farah/install/forward_command_controller:/home/farah/ws_farah/install/force_torque_sensor_broadcaster:/home/farah/ws_farah/install/hardware_interface_testing:/home/farah/ws_farah/install/controller_interface:/home/farah/ws_farah/install/hardware_interface:/home/farah/ws_farah/install/ros2_control_test_assets:/home/farah/ws_farah/install/ros2_control_demo_description:/home/farah/ws_farah/install/controller_manager_msgs:/opt/ros/humble LD_LIBRARY_PATH=/home/farah/ws_farah/install/ros2_control_demo_example_5/lib:/home/farah/ws_farah/install/ros2_control_demo_example_4/lib:/home/farah/ws_farah/install/joint_state_broadcaster/lib:/home/farah/ws_farah/install/forward_command_controller/lib:/home/farah/ws_farah/install/force_torque_sensor_broadcaster/lib:/home/farah/ws_farah/install/hardware_interface_testing/lib:/home/farah/ws_farah/install/controller_interface/lib:/home/farah/ws_farah/install/hardware_interface/lib:/home/farah/ws_farah/install/controller_manager_msgs/lib:${LD_LIBRARY_PATH} PYTHONPATH=/home/farah/ws_farah/install/ros2controlcli/lib/python3.10/site-packages:/home/farah/ws_farah/install/ros2_controllers_test_nodes/lib/python3.10/site-packages:/home/farah/ws_farah/install/controller_manager_msgs/local/lib/python3.10/dist-packages:${PYTHONPATH} /usr/bin/cmake --install /home/farah/ws_farah/build/ros2_control_demo_example_13
[569.037s] Level 1:colcon.colcon_core.environment:create_environment_scripts_only(ros2_control_demo_example_13)
[569.038s] Level 1:colcon.colcon_core.environment:checking '/home/farah/ws_farah/install/ros2_control_demo_example_13' for CMake module files
[569.038s] DEBUG:colcon.colcon_core.event_handler.log_command:Invoked command in '/home/farah/ws_farah/build/ros2_control_demo_example_13' returned '0': AMENT_PREFIX_PATH=/home/farah/ws_farah/install/ros2_control_demo_example_5:/home/farah/ws_farah/install/ros2_control_demo_example_4:/home/farah/ws_farah/install/joint_state_broadcaster:/home/farah/ws_farah/install/forward_command_controller:/home/farah/ws_farah/install/force_torque_sensor_broadcaster:/home/farah/ws_farah/install/hardware_interface_testing:/home/farah/ws_farah/install/controller_interface:/home/farah/ws_farah/install/ros2controlcli:/home/farah/ws_farah/install/hardware_interface:/home/farah/ws_farah/install/ros2_controllers_test_nodes:/home/farah/ws_farah/install/ros2_control_test_assets:/home/farah/ws_farah/install/ros2_control_demo_description:/home/farah/ws_farah/install/controller_manager_msgs:${AMENT_PREFIX_PATH} CMAKE_PREFIX_PATH=/home/farah/ws_farah/install/ros2_control_demo_example_5:/home/farah/ws_farah/install/ros2_control_demo_example_4:/home/farah/ws_farah/install/joint_state_broadcaster:/home/farah/ws_farah/install/forward_command_controller:/home/farah/ws_farah/install/force_torque_sensor_broadcaster:/home/farah/ws_farah/install/hardware_interface_testing:/home/farah/ws_farah/install/controller_interface:/home/farah/ws_farah/install/hardware_interface:/home/farah/ws_farah/install/ros2_control_test_assets:/home/farah/ws_farah/install/ros2_control_demo_description:/home/farah/ws_farah/install/controller_manager_msgs:/opt/ros/humble LD_LIBRARY_PATH=/home/farah/ws_farah/install/ros2_control_demo_example_5/lib:/home/farah/ws_farah/install/ros2_control_demo_example_4/lib:/home/farah/ws_farah/install/joint_state_broadcaster/lib:/home/farah/ws_farah/install/forward_command_controller/lib:/home/farah/ws_farah/install/force_torque_sensor_broadcaster/lib:/home/farah/ws_farah/install/hardware_interface_testing/lib:/home/farah/ws_farah/install/controller_interface/lib:/home/farah/ws_farah/install/hardware_interface/lib:/home/farah/ws_farah/install/controller_manager_msgs/lib:${LD_LIBRARY_PATH} PYTHONPATH=/home/farah/ws_farah/install/ros2controlcli/lib/python3.10/site-packages:/home/farah/ws_farah/install/ros2_controllers_test_nodes/lib/python3.10/site-packages:/home/farah/ws_farah/install/controller_manager_msgs/local/lib/python3.10/dist-packages:${PYTHONPATH} /usr/bin/cmake --install /home/farah/ws_farah/build/ros2_control_demo_example_13
[569.038s] Level 1:colcon.colcon_core.environment:checking '/home/farah/ws_farah/install/ros2_control_demo_example_13' for CMake config files
[569.039s] Level 1:colcon.colcon_core.shell:create_environment_hook('ros2_control_demo_example_13', 'cmake_prefix_path')
[569.039s] INFO:colcon.colcon_core.shell:Creating environment hook '/home/farah/ws_farah/install/ros2_control_demo_example_13/share/ros2_control_demo_example_13/hook/cmake_prefix_path.ps1'
[569.039s] INFO:colcon.colcon_core.shell:Creating environment descriptor '/home/farah/ws_farah/install/ros2_control_demo_example_13/share/ros2_control_demo_example_13/hook/cmake_prefix_path.dsv'
[569.039s] INFO:colcon.colcon_core.shell:Creating environment hook '/home/farah/ws_farah/install/ros2_control_demo_example_13/share/ros2_control_demo_example_13/hook/cmake_prefix_path.sh'
[569.040s] Level 1:colcon.colcon_core.environment:checking '/home/farah/ws_farah/install/ros2_control_demo_example_13/bin'
[569.040s] Level 1:colcon.colcon_core.environment:checking '/home/farah/ws_farah/install/ros2_control_demo_example_13/lib/pkgconfig/ros2_control_demo_example_13.pc'
[569.040s] Level 1:colcon.colcon_core.environment:checking '/home/farah/ws_farah/install/ros2_control_demo_example_13/lib/python3.10/site-packages'
[569.040s] Level 1:colcon.colcon_core.environment:checking '/home/farah/ws_farah/install/ros2_control_demo_example_13/bin'
[569.040s] INFO:colcon.colcon_core.shell:Creating package script '/home/farah/ws_farah/install/ros2_control_demo_example_13/share/ros2_control_demo_example_13/package.ps1'
[569.041s] INFO:colcon.colcon_core.shell:Creating package descriptor '/home/farah/ws_farah/install/ros2_control_demo_example_13/share/ros2_control_demo_example_13/package.dsv'
[569.041s] INFO:colcon.colcon_core.shell:Creating package script '/home/farah/ws_farah/install/ros2_control_demo_example_13/share/ros2_control_demo_example_13/package.sh'
[569.041s] INFO:colcon.colcon_core.shell:Creating package script '/home/farah/ws_farah/install/ros2_control_demo_example_13/share/ros2_control_demo_example_13/package.bash'
[569.042s] INFO:colcon.colcon_core.shell:Creating package script '/home/farah/ws_farah/install/ros2_control_demo_example_13/share/ros2_control_demo_example_13/package.zsh'
[569.042s] Level 1:colcon.colcon_core.environment:create_file_with_runtime_dependencies(/home/farah/ws_farah/install/ros2_control_demo_example_13/share/colcon-core/packages/ros2_control_demo_example_13)
[569.042s] Level 1:colcon.colcon_core.environment:create_environment_scripts_only(ros2_control_demo_example_13)
[569.042s] Level 1:colcon.colcon_core.environment:checking '/home/farah/ws_farah/install/ros2_control_demo_example_13' for CMake module files
[569.043s] Level 1:colcon.colcon_core.environment:checking '/home/farah/ws_farah/install/ros2_control_demo_example_13' for CMake config files
[569.043s] Level 1:colcon.colcon_core.shell:create_environment_hook('ros2_control_demo_example_13', 'cmake_prefix_path')
[569.043s] INFO:colcon.colcon_core.shell:Creating environment hook '/home/farah/ws_farah/install/ros2_control_demo_example_13/share/ros2_control_demo_example_13/hook/cmake_prefix_path.ps1'
[569.043s] INFO:colcon.colcon_core.shell:Creating environment descriptor '/home/farah/ws_farah/install/ros2_control_demo_example_13/share/ros2_control_demo_example_13/hook/cmake_prefix_path.dsv'
[569.044s] INFO:colcon.colcon_core.shell:Creating environment hook '/home/farah/ws_farah/install/ros2_control_demo_example_13/share/ros2_control_demo_example_13/hook/cmake_prefix_path.sh'
[569.044s] Level 1:colcon.colcon_core.environment:checking '/home/farah/ws_farah/install/ros2_control_demo_example_13/bin'
[569.044s] Level 1:colcon.colcon_core.environment:checking '/home/farah/ws_farah/install/ros2_control_demo_example_13/lib/pkgconfig/ros2_control_demo_example_13.pc'
[569.044s] Level 1:colcon.colcon_core.environment:checking '/home/farah/ws_farah/install/ros2_control_demo_example_13/lib/python3.10/site-packages'
[569.045s] Level 1:colcon.colcon_core.environment:checking '/home/farah/ws_farah/install/ros2_control_demo_example_13/bin'
[569.045s] INFO:colcon.colcon_core.shell:Creating package script '/home/farah/ws_farah/install/ros2_control_demo_example_13/share/ros2_control_demo_example_13/package.ps1'
[569.045s] INFO:colcon.colcon_core.shell:Creating package descriptor '/home/farah/ws_farah/install/ros2_control_demo_example_13/share/ros2_control_demo_example_13/package.dsv'
[569.046s] INFO:colcon.colcon_core.shell:Creating package script '/home/farah/ws_farah/install/ros2_control_demo_example_13/share/ros2_control_demo_example_13/package.sh'
[569.046s] INFO:colcon.colcon_core.shell:Creating package script '/home/farah/ws_farah/install/ros2_control_demo_example_13/share/ros2_control_demo_example_13/package.bash'
[569.046s] INFO:colcon.colcon_core.shell:Creating package script '/home/farah/ws_farah/install/ros2_control_demo_example_13/share/ros2_control_demo_example_13/package.zsh'
[569.047s] Level 1:colcon.colcon_core.environment:create_file_with_runtime_dependencies(/home/farah/ws_farah/install/ros2_control_demo_example_13/share/colcon-core/packages/ros2_control_demo_example_13)
[569.047s] INFO:colcon.colcon_ros.task.ament_cmake.build:Building ROS package in '/home/farah/ws_farah/src/ros2_control_demos/example_15' with build type 'ament_cmake'
[569.047s] INFO:colcon.colcon_cmake.task.cmake.build:Building CMake package in '/home/farah/ws_farah/src/ros2_control_demos/example_15'
[569.047s] INFO:colcon.colcon_core.shell:Skip shell extension 'powershell' for command environment: Not usable outside of PowerShell
[569.047s] DEBUG:colcon.colcon_core.shell:Skip shell extension 'dsv' for command environment
[569.069s] DEBUG:colcon.colcon_core.event_handler.log_command:Invoking command in '/home/farah/ws_farah/build/ros2_control_demo_example_15': AMENT_PREFIX_PATH=/home/farah/ws_farah/install/ros2_control_demo_example_5:/home/farah/ws_farah/install/ros2_control_demo_example_1:/home/farah/ws_farah/install/joint_trajectory_controller:/home/farah/ws_farah/install/joint_state_broadcaster:/home/farah/ws_farah/install/forward_command_controller:/home/farah/ws_farah/install/force_torque_sensor_broadcaster:/home/farah/ws_farah/install/hardware_interface_testing:/home/farah/ws_farah/install/controller_interface:/home/farah/ws_farah/install/rqt_joint_trajectory_controller:/home/farah/ws_farah/install/ros2controlcli:/home/farah/ws_farah/install/hardware_interface:/home/farah/ws_farah/install/ros2_controllers_test_nodes:/home/farah/ws_farah/install/ros2_control_test_assets:/home/farah/ws_farah/install/ros2_control_demo_description:/home/farah/ws_farah/install/controller_manager_msgs:${AMENT_PREFIX_PATH} CMAKE_PREFIX_PATH=/home/farah/ws_farah/install/ros2_control_demo_example_5:/home/farah/ws_farah/install/ros2_control_demo_example_1:/home/farah/ws_farah/install/joint_trajectory_controller:/home/farah/ws_farah/install/joint_state_broadcaster:/home/farah/ws_farah/install/forward_command_controller:/home/farah/ws_farah/install/force_torque_sensor_broadcaster:/home/farah/ws_farah/install/hardware_interface_testing:/home/farah/ws_farah/install/controller_interface:/home/farah/ws_farah/install/hardware_interface:/home/farah/ws_farah/install/ros2_control_test_assets:/home/farah/ws_farah/install/ros2_control_demo_description:/home/farah/ws_farah/install/controller_manager_msgs:/opt/ros/humble LD_LIBRARY_PATH=/home/farah/ws_farah/install/ros2_control_demo_example_5/lib:/home/farah/ws_farah/install/ros2_control_demo_example_1/lib:/home/farah/ws_farah/install/joint_trajectory_controller/lib:/home/farah/ws_farah/install/joint_state_broadcaster/lib:/home/farah/ws_farah/install/forward_command_controller/lib:/home/farah/ws_farah/install/force_torque_sensor_broadcaster/lib:/home/farah/ws_farah/install/hardware_interface_testing/lib:/home/farah/ws_farah/install/controller_interface/lib:/home/farah/ws_farah/install/hardware_interface/lib:/home/farah/ws_farah/install/controller_manager_msgs/lib:${LD_LIBRARY_PATH} PYTHONPATH=/home/farah/ws_farah/install/rqt_joint_trajectory_controller/lib/python3.10/site-packages:/home/farah/ws_farah/install/ros2controlcli/lib/python3.10/site-packages:/home/farah/ws_farah/install/ros2_controllers_test_nodes/lib/python3.10/site-packages:/home/farah/ws_farah/install/controller_manager_msgs/local/lib/python3.10/dist-packages:${PYTHONPATH} /usr/bin/cmake /home/farah/ws_farah/src/ros2_control_demos/example_15 -DCMAKE_INSTALL_PREFIX=/home/farah/ws_farah/install/ros2_control_demo_example_15
[570.204s] DEBUG:colcon.colcon_core.event_handler.log_command:Invoked command in '/home/farah/ws_farah/build/ros2_control_demo_example_15' returned '0': AMENT_PREFIX_PATH=/home/farah/ws_farah/install/ros2_control_demo_example_5:/home/farah/ws_farah/install/ros2_control_demo_example_1:/home/farah/ws_farah/install/joint_trajectory_controller:/home/farah/ws_farah/install/joint_state_broadcaster:/home/farah/ws_farah/install/forward_command_controller:/home/farah/ws_farah/install/force_torque_sensor_broadcaster:/home/farah/ws_farah/install/hardware_interface_testing:/home/farah/ws_farah/install/controller_interface:/home/farah/ws_farah/install/rqt_joint_trajectory_controller:/home/farah/ws_farah/install/ros2controlcli:/home/farah/ws_farah/install/hardware_interface:/home/farah/ws_farah/install/ros2_controllers_test_nodes:/home/farah/ws_farah/install/ros2_control_test_assets:/home/farah/ws_farah/install/ros2_control_demo_description:/home/farah/ws_farah/install/controller_manager_msgs:${AMENT_PREFIX_PATH} CMAKE_PREFIX_PATH=/home/farah/ws_farah/install/ros2_control_demo_example_5:/home/farah/ws_farah/install/ros2_control_demo_example_1:/home/farah/ws_farah/install/joint_trajectory_controller:/home/farah/ws_farah/install/joint_state_broadcaster:/home/farah/ws_farah/install/forward_command_controller:/home/farah/ws_farah/install/force_torque_sensor_broadcaster:/home/farah/ws_farah/install/hardware_interface_testing:/home/farah/ws_farah/install/controller_interface:/home/farah/ws_farah/install/hardware_interface:/home/farah/ws_farah/install/ros2_control_test_assets:/home/farah/ws_farah/install/ros2_control_demo_description:/home/farah/ws_farah/install/controller_manager_msgs:/opt/ros/humble LD_LIBRARY_PATH=/home/farah/ws_farah/install/ros2_control_demo_example_5/lib:/home/farah/ws_farah/install/ros2_control_demo_example_1/lib:/home/farah/ws_farah/install/joint_trajectory_controller/lib:/home/farah/ws_farah/install/joint_state_broadcaster/lib:/home/farah/ws_farah/install/forward_command_controller/lib:/home/farah/ws_farah/install/force_torque_sensor_broadcaster/lib:/home/farah/ws_farah/install/hardware_interface_testing/lib:/home/farah/ws_farah/install/controller_interface/lib:/home/farah/ws_farah/install/hardware_interface/lib:/home/farah/ws_farah/install/controller_manager_msgs/lib:${LD_LIBRARY_PATH} PYTHONPATH=/home/farah/ws_farah/install/rqt_joint_trajectory_controller/lib/python3.10/site-packages:/home/farah/ws_farah/install/ros2controlcli/lib/python3.10/site-packages:/home/farah/ws_farah/install/ros2_controllers_test_nodes/lib/python3.10/site-packages:/home/farah/ws_farah/install/controller_manager_msgs/local/lib/python3.10/dist-packages:${PYTHONPATH} /usr/bin/cmake /home/farah/ws_farah/src/ros2_control_demos/example_15 -DCMAKE_INSTALL_PREFIX=/home/farah/ws_farah/install/ros2_control_demo_example_15
[570.205s] DEBUG:colcon.colcon_core.event_handler.log_command:Invoking command in '/home/farah/ws_farah/build/ros2_control_demo_example_15': AMENT_PREFIX_PATH=/home/farah/ws_farah/install/ros2_control_demo_example_5:/home/farah/ws_farah/install/ros2_control_demo_example_1:/home/farah/ws_farah/install/joint_trajectory_controller:/home/farah/ws_farah/install/joint_state_broadcaster:/home/farah/ws_farah/install/forward_command_controller:/home/farah/ws_farah/install/force_torque_sensor_broadcaster:/home/farah/ws_farah/install/hardware_interface_testing:/home/farah/ws_farah/install/controller_interface:/home/farah/ws_farah/install/rqt_joint_trajectory_controller:/home/farah/ws_farah/install/ros2controlcli:/home/farah/ws_farah/install/hardware_interface:/home/farah/ws_farah/install/ros2_controllers_test_nodes:/home/farah/ws_farah/install/ros2_control_test_assets:/home/farah/ws_farah/install/ros2_control_demo_description:/home/farah/ws_farah/install/controller_manager_msgs:${AMENT_PREFIX_PATH} CMAKE_PREFIX_PATH=/home/farah/ws_farah/install/ros2_control_demo_example_5:/home/farah/ws_farah/install/ros2_control_demo_example_1:/home/farah/ws_farah/install/joint_trajectory_controller:/home/farah/ws_farah/install/joint_state_broadcaster:/home/farah/ws_farah/install/forward_command_controller:/home/farah/ws_farah/install/force_torque_sensor_broadcaster:/home/farah/ws_farah/install/hardware_interface_testing:/home/farah/ws_farah/install/controller_interface:/home/farah/ws_farah/install/hardware_interface:/home/farah/ws_farah/install/ros2_control_test_assets:/home/farah/ws_farah/install/ros2_control_demo_description:/home/farah/ws_farah/install/controller_manager_msgs:/opt/ros/humble LD_LIBRARY_PATH=/home/farah/ws_farah/install/ros2_control_demo_example_5/lib:/home/farah/ws_farah/install/ros2_control_demo_example_1/lib:/home/farah/ws_farah/install/joint_trajectory_controller/lib:/home/farah/ws_farah/install/joint_state_broadcaster/lib:/home/farah/ws_farah/install/forward_command_controller/lib:/home/farah/ws_farah/install/force_torque_sensor_broadcaster/lib:/home/farah/ws_farah/install/hardware_interface_testing/lib:/home/farah/ws_farah/install/controller_interface/lib:/home/farah/ws_farah/install/hardware_interface/lib:/home/farah/ws_farah/install/controller_manager_msgs/lib:${LD_LIBRARY_PATH} PYTHONPATH=/home/farah/ws_farah/install/rqt_joint_trajectory_controller/lib/python3.10/site-packages:/home/farah/ws_farah/install/ros2controlcli/lib/python3.10/site-packages:/home/farah/ws_farah/install/ros2_controllers_test_nodes/lib/python3.10/site-packages:/home/farah/ws_farah/install/controller_manager_msgs/local/lib/python3.10/dist-packages:${PYTHONPATH} /usr/bin/cmake --build /home/farah/ws_farah/build/ros2_control_demo_example_15 -- -j8 -l8
[570.236s] DEBUG:colcon.colcon_core.event_handler.log_command:Invoked command in '/home/farah/ws_farah/build/ros2_control_demo_example_15' returned '0': AMENT_PREFIX_PATH=/home/farah/ws_farah/install/ros2_control_demo_example_5:/home/farah/ws_farah/install/ros2_control_demo_example_1:/home/farah/ws_farah/install/joint_trajectory_controller:/home/farah/ws_farah/install/joint_state_broadcaster:/home/farah/ws_farah/install/forward_command_controller:/home/farah/ws_farah/install/force_torque_sensor_broadcaster:/home/farah/ws_farah/install/hardware_interface_testing:/home/farah/ws_farah/install/controller_interface:/home/farah/ws_farah/install/rqt_joint_trajectory_controller:/home/farah/ws_farah/install/ros2controlcli:/home/farah/ws_farah/install/hardware_interface:/home/farah/ws_farah/install/ros2_controllers_test_nodes:/home/farah/ws_farah/install/ros2_control_test_assets:/home/farah/ws_farah/install/ros2_control_demo_description:/home/farah/ws_farah/install/controller_manager_msgs:${AMENT_PREFIX_PATH} CMAKE_PREFIX_PATH=/home/farah/ws_farah/install/ros2_control_demo_example_5:/home/farah/ws_farah/install/ros2_control_demo_example_1:/home/farah/ws_farah/install/joint_trajectory_controller:/home/farah/ws_farah/install/joint_state_broadcaster:/home/farah/ws_farah/install/forward_command_controller:/home/farah/ws_farah/install/force_torque_sensor_broadcaster:/home/farah/ws_farah/install/hardware_interface_testing:/home/farah/ws_farah/install/controller_interface:/home/farah/ws_farah/install/hardware_interface:/home/farah/ws_farah/install/ros2_control_test_assets:/home/farah/ws_farah/install/ros2_control_demo_description:/home/farah/ws_farah/install/controller_manager_msgs:/opt/ros/humble LD_LIBRARY_PATH=/home/farah/ws_farah/install/ros2_control_demo_example_5/lib:/home/farah/ws_farah/install/ros2_control_demo_example_1/lib:/home/farah/ws_farah/install/joint_trajectory_controller/lib:/home/farah/ws_farah/install/joint_state_broadcaster/lib:/home/farah/ws_farah/install/forward_command_controller/lib:/home/farah/ws_farah/install/force_torque_sensor_broadcaster/lib:/home/farah/ws_farah/install/hardware_interface_testing/lib:/home/farah/ws_farah/install/controller_interface/lib:/home/farah/ws_farah/install/hardware_interface/lib:/home/farah/ws_farah/install/controller_manager_msgs/lib:${LD_LIBRARY_PATH} PYTHONPATH=/home/farah/ws_farah/install/rqt_joint_trajectory_controller/lib/python3.10/site-packages:/home/farah/ws_farah/install/ros2controlcli/lib/python3.10/site-packages:/home/farah/ws_farah/install/ros2_controllers_test_nodes/lib/python3.10/site-packages:/home/farah/ws_farah/install/controller_manager_msgs/local/lib/python3.10/dist-packages:${PYTHONPATH} /usr/bin/cmake --build /home/farah/ws_farah/build/ros2_control_demo_example_15 -- -j8 -l8
[570.238s] DEBUG:colcon.colcon_core.event_handler.log_command:Invoking command in '/home/farah/ws_farah/build/ros2_control_demo_example_15': AMENT_PREFIX_PATH=/home/farah/ws_farah/install/ros2_control_demo_example_5:/home/farah/ws_farah/install/ros2_control_demo_example_1:/home/farah/ws_farah/install/joint_trajectory_controller:/home/farah/ws_farah/install/joint_state_broadcaster:/home/farah/ws_farah/install/forward_command_controller:/home/farah/ws_farah/install/force_torque_sensor_broadcaster:/home/farah/ws_farah/install/hardware_interface_testing:/home/farah/ws_farah/install/controller_interface:/home/farah/ws_farah/install/rqt_joint_trajectory_controller:/home/farah/ws_farah/install/ros2controlcli:/home/farah/ws_farah/install/hardware_interface:/home/farah/ws_farah/install/ros2_controllers_test_nodes:/home/farah/ws_farah/install/ros2_control_test_assets:/home/farah/ws_farah/install/ros2_control_demo_description:/home/farah/ws_farah/install/controller_manager_msgs:${AMENT_PREFIX_PATH} CMAKE_PREFIX_PATH=/home/farah/ws_farah/install/ros2_control_demo_example_5:/home/farah/ws_farah/install/ros2_control_demo_example_1:/home/farah/ws_farah/install/joint_trajectory_controller:/home/farah/ws_farah/install/joint_state_broadcaster:/home/farah/ws_farah/install/forward_command_controller:/home/farah/ws_farah/install/force_torque_sensor_broadcaster:/home/farah/ws_farah/install/hardware_interface_testing:/home/farah/ws_farah/install/controller_interface:/home/farah/ws_farah/install/hardware_interface:/home/farah/ws_farah/install/ros2_control_test_assets:/home/farah/ws_farah/install/ros2_control_demo_description:/home/farah/ws_farah/install/controller_manager_msgs:/opt/ros/humble LD_LIBRARY_PATH=/home/farah/ws_farah/install/ros2_control_demo_example_5/lib:/home/farah/ws_farah/install/ros2_control_demo_example_1/lib:/home/farah/ws_farah/install/joint_trajectory_controller/lib:/home/farah/ws_farah/install/joint_state_broadcaster/lib:/home/farah/ws_farah/install/forward_command_controller/lib:/home/farah/ws_farah/install/force_torque_sensor_broadcaster/lib:/home/farah/ws_farah/install/hardware_interface_testing/lib:/home/farah/ws_farah/install/controller_interface/lib:/home/farah/ws_farah/install/hardware_interface/lib:/home/farah/ws_farah/install/controller_manager_msgs/lib:${LD_LIBRARY_PATH} PYTHONPATH=/home/farah/ws_farah/install/rqt_joint_trajectory_controller/lib/python3.10/site-packages:/home/farah/ws_farah/install/ros2controlcli/lib/python3.10/site-packages:/home/farah/ws_farah/install/ros2_controllers_test_nodes/lib/python3.10/site-packages:/home/farah/ws_farah/install/controller_manager_msgs/local/lib/python3.10/dist-packages:${PYTHONPATH} /usr/bin/cmake --install /home/farah/ws_farah/build/ros2_control_demo_example_15
[570.251s] Level 1:colcon.colcon_core.environment:create_environment_scripts_only(ros2_control_demo_example_15)
[570.251s] Level 1:colcon.colcon_core.environment:checking '/home/farah/ws_farah/install/ros2_control_demo_example_15' for CMake module files
[570.252s] DEBUG:colcon.colcon_core.event_handler.log_command:Invoked command in '/home/farah/ws_farah/build/ros2_control_demo_example_15' returned '0': AMENT_PREFIX_PATH=/home/farah/ws_farah/install/ros2_control_demo_example_5:/home/farah/ws_farah/install/ros2_control_demo_example_1:/home/farah/ws_farah/install/joint_trajectory_controller:/home/farah/ws_farah/install/joint_state_broadcaster:/home/farah/ws_farah/install/forward_command_controller:/home/farah/ws_farah/install/force_torque_sensor_broadcaster:/home/farah/ws_farah/install/hardware_interface_testing:/home/farah/ws_farah/install/controller_interface:/home/farah/ws_farah/install/rqt_joint_trajectory_controller:/home/farah/ws_farah/install/ros2controlcli:/home/farah/ws_farah/install/hardware_interface:/home/farah/ws_farah/install/ros2_controllers_test_nodes:/home/farah/ws_farah/install/ros2_control_test_assets:/home/farah/ws_farah/install/ros2_control_demo_description:/home/farah/ws_farah/install/controller_manager_msgs:${AMENT_PREFIX_PATH} CMAKE_PREFIX_PATH=/home/farah/ws_farah/install/ros2_control_demo_example_5:/home/farah/ws_farah/install/ros2_control_demo_example_1:/home/farah/ws_farah/install/joint_trajectory_controller:/home/farah/ws_farah/install/joint_state_broadcaster:/home/farah/ws_farah/install/forward_command_controller:/home/farah/ws_farah/install/force_torque_sensor_broadcaster:/home/farah/ws_farah/install/hardware_interface_testing:/home/farah/ws_farah/install/controller_interface:/home/farah/ws_farah/install/hardware_interface:/home/farah/ws_farah/install/ros2_control_test_assets:/home/farah/ws_farah/install/ros2_control_demo_description:/home/farah/ws_farah/install/controller_manager_msgs:/opt/ros/humble LD_LIBRARY_PATH=/home/farah/ws_farah/install/ros2_control_demo_example_5/lib:/home/farah/ws_farah/install/ros2_control_demo_example_1/lib:/home/farah/ws_farah/install/joint_trajectory_controller/lib:/home/farah/ws_farah/install/joint_state_broadcaster/lib:/home/farah/ws_farah/install/forward_command_controller/lib:/home/farah/ws_farah/install/force_torque_sensor_broadcaster/lib:/home/farah/ws_farah/install/hardware_interface_testing/lib:/home/farah/ws_farah/install/controller_interface/lib:/home/farah/ws_farah/install/hardware_interface/lib:/home/farah/ws_farah/install/controller_manager_msgs/lib:${LD_LIBRARY_PATH} PYTHONPATH=/home/farah/ws_farah/install/rqt_joint_trajectory_controller/lib/python3.10/site-packages:/home/farah/ws_farah/install/ros2controlcli/lib/python3.10/site-packages:/home/farah/ws_farah/install/ros2_controllers_test_nodes/lib/python3.10/site-packages:/home/farah/ws_farah/install/controller_manager_msgs/local/lib/python3.10/dist-packages:${PYTHONPATH} /usr/bin/cmake --install /home/farah/ws_farah/build/ros2_control_demo_example_15
[570.252s] Level 1:colcon.colcon_core.environment:checking '/home/farah/ws_farah/install/ros2_control_demo_example_15' for CMake config files
[570.252s] Level 1:colcon.colcon_core.shell:create_environment_hook('ros2_control_demo_example_15', 'cmake_prefix_path')
[570.253s] INFO:colcon.colcon_core.shell:Creating environment hook '/home/farah/ws_farah/install/ros2_control_demo_example_15/share/ros2_control_demo_example_15/hook/cmake_prefix_path.ps1'
[570.253s] INFO:colcon.colcon_core.shell:Creating environment descriptor '/home/farah/ws_farah/install/ros2_control_demo_example_15/share/ros2_control_demo_example_15/hook/cmake_prefix_path.dsv'
[570.253s] INFO:colcon.colcon_core.shell:Creating environment hook '/home/farah/ws_farah/install/ros2_control_demo_example_15/share/ros2_control_demo_example_15/hook/cmake_prefix_path.sh'
[570.254s] Level 1:colcon.colcon_core.environment:checking '/home/farah/ws_farah/install/ros2_control_demo_example_15/bin'
[570.254s] Level 1:colcon.colcon_core.environment:checking '/home/farah/ws_farah/install/ros2_control_demo_example_15/lib/pkgconfig/ros2_control_demo_example_15.pc'
[570.254s] Level 1:colcon.colcon_core.environment:checking '/home/farah/ws_farah/install/ros2_control_demo_example_15/lib/python3.10/site-packages'
[570.254s] Level 1:colcon.colcon_core.environment:checking '/home/farah/ws_farah/install/ros2_control_demo_example_15/bin'
[570.254s] INFO:colcon.colcon_core.shell:Creating package script '/home/farah/ws_farah/install/ros2_control_demo_example_15/share/ros2_control_demo_example_15/package.ps1'
[570.254s] INFO:colcon.colcon_core.shell:Creating package descriptor '/home/farah/ws_farah/install/ros2_control_demo_example_15/share/ros2_control_demo_example_15/package.dsv'
[570.255s] INFO:colcon.colcon_core.shell:Creating package script '/home/farah/ws_farah/install/ros2_control_demo_example_15/share/ros2_control_demo_example_15/package.sh'
[570.255s] INFO:colcon.colcon_core.shell:Creating package script '/home/farah/ws_farah/install/ros2_control_demo_example_15/share/ros2_control_demo_example_15/package.bash'
[570.255s] INFO:colcon.colcon_core.shell:Creating package script '/home/farah/ws_farah/install/ros2_control_demo_example_15/share/ros2_control_demo_example_15/package.zsh'
[570.256s] Level 1:colcon.colcon_core.environment:create_file_with_runtime_dependencies(/home/farah/ws_farah/install/ros2_control_demo_example_15/share/colcon-core/packages/ros2_control_demo_example_15)
[570.256s] Level 1:colcon.colcon_core.environment:create_environment_scripts_only(ros2_control_demo_example_15)
[570.256s] Level 1:colcon.colcon_core.environment:checking '/home/farah/ws_farah/install/ros2_control_demo_example_15' for CMake module files
[570.257s] Level 1:colcon.colcon_core.environment:checking '/home/farah/ws_farah/install/ros2_control_demo_example_15' for CMake config files
[570.257s] Level 1:colcon.colcon_core.shell:create_environment_hook('ros2_control_demo_example_15', 'cmake_prefix_path')
[570.257s] INFO:colcon.colcon_core.shell:Creating environment hook '/home/farah/ws_farah/install/ros2_control_demo_example_15/share/ros2_control_demo_example_15/hook/cmake_prefix_path.ps1'
[570.257s] INFO:colcon.colcon_core.shell:Creating environment descriptor '/home/farah/ws_farah/install/ros2_control_demo_example_15/share/ros2_control_demo_example_15/hook/cmake_prefix_path.dsv'
[570.257s] INFO:colcon.colcon_core.shell:Creating environment hook '/home/farah/ws_farah/install/ros2_control_demo_example_15/share/ros2_control_demo_example_15/hook/cmake_prefix_path.sh'
[570.258s] Level 1:colcon.colcon_core.environment:checking '/home/farah/ws_farah/install/ros2_control_demo_example_15/bin'
[570.258s] Level 1:colcon.colcon_core.environment:checking '/home/farah/ws_farah/install/ros2_control_demo_example_15/lib/pkgconfig/ros2_control_demo_example_15.pc'
[570.258s] Level 1:colcon.colcon_core.environment:checking '/home/farah/ws_farah/install/ros2_control_demo_example_15/lib/python3.10/site-packages'
[570.258s] Level 1:colcon.colcon_core.environment:checking '/home/farah/ws_farah/install/ros2_control_demo_example_15/bin'
[570.259s] INFO:colcon.colcon_core.shell:Creating package script '/home/farah/ws_farah/install/ros2_control_demo_example_15/share/ros2_control_demo_example_15/package.ps1'
[570.259s] INFO:colcon.colcon_core.shell:Creating package descriptor '/home/farah/ws_farah/install/ros2_control_demo_example_15/share/ros2_control_demo_example_15/package.dsv'
[570.259s] INFO:colcon.colcon_core.shell:Creating package script '/home/farah/ws_farah/install/ros2_control_demo_example_15/share/ros2_control_demo_example_15/package.sh'
[570.260s] INFO:colcon.colcon_core.shell:Creating package script '/home/farah/ws_farah/install/ros2_control_demo_example_15/share/ros2_control_demo_example_15/package.bash'
[570.260s] INFO:colcon.colcon_core.shell:Creating package script '/home/farah/ws_farah/install/ros2_control_demo_example_15/share/ros2_control_demo_example_15/package.zsh'
[570.260s] Level 1:colcon.colcon_core.environment:create_file_with_runtime_dependencies(/home/farah/ws_farah/install/ros2_control_demo_example_15/share/colcon-core/packages/ros2_control_demo_example_15)
[570.261s] INFO:colcon.colcon_ros.task.ament_cmake.build:Building ROS package in '/home/farah/ws_farah/src/ros2_control_demos/example_3' with build type 'ament_cmake'
[570.261s] INFO:colcon.colcon_cmake.task.cmake.build:Building CMake package in '/home/farah/ws_farah/src/ros2_control_demos/example_3'
[570.261s] INFO:colcon.colcon_core.shell:Skip shell extension 'powershell' for command environment: Not usable outside of PowerShell
[570.261s] DEBUG:colcon.colcon_core.shell:Skip shell extension 'dsv' for command environment
[570.279s] DEBUG:colcon.colcon_core.event_handler.log_command:Invoking command in '/home/farah/ws_farah/build/ros2_control_demo_example_3': AMENT_PREFIX_PATH=/home/farah/ws_farah/install/velocity_controllers:/home/farah/ws_farah/install/position_controllers:/home/farah/ws_farah/install/joint_state_broadcaster:/home/farah/ws_farah/install/forward_command_controller:/home/farah/ws_farah/install/hardware_interface_testing:/home/farah/ws_farah/install/controller_interface:/home/farah/ws_farah/install/ros2controlcli:/home/farah/ws_farah/install/hardware_interface:/home/farah/ws_farah/install/ros2_controllers_test_nodes:/home/farah/ws_farah/install/ros2_control_test_assets:/home/farah/ws_farah/install/ros2_control_demo_description:/home/farah/ws_farah/install/controller_manager_msgs:${AMENT_PREFIX_PATH} CMAKE_PREFIX_PATH=/home/farah/ws_farah/install/velocity_controllers:/home/farah/ws_farah/install/position_controllers:/home/farah/ws_farah/install/joint_state_broadcaster:/home/farah/ws_farah/install/forward_command_controller:/home/farah/ws_farah/install/hardware_interface_testing:/home/farah/ws_farah/install/controller_interface:/home/farah/ws_farah/install/hardware_interface:/home/farah/ws_farah/install/ros2_control_test_assets:/home/farah/ws_farah/install/ros2_control_demo_description:/home/farah/ws_farah/install/controller_manager_msgs:/opt/ros/humble LD_LIBRARY_PATH=/home/farah/ws_farah/install/velocity_controllers/lib:/home/farah/ws_farah/install/position_controllers/lib:/home/farah/ws_farah/install/joint_state_broadcaster/lib:/home/farah/ws_farah/install/forward_command_controller/lib:/home/farah/ws_farah/install/hardware_interface_testing/lib:/home/farah/ws_farah/install/controller_interface/lib:/home/farah/ws_farah/install/hardware_interface/lib:/home/farah/ws_farah/install/controller_manager_msgs/lib:${LD_LIBRARY_PATH} PYTHONPATH=/home/farah/ws_farah/install/ros2controlcli/lib/python3.10/site-packages:/home/farah/ws_farah/install/ros2_controllers_test_nodes/lib/python3.10/site-packages:/home/farah/ws_farah/install/controller_manager_msgs/local/lib/python3.10/dist-packages:${PYTHONPATH} /usr/bin/cmake /home/farah/ws_farah/src/ros2_control_demos/example_3 -DCMAKE_INSTALL_PREFIX=/home/farah/ws_farah/install/ros2_control_demo_example_3
[572.278s] DEBUG:colcon.colcon_core.event_handler.log_command:Invoked command in '/home/farah/ws_farah/build/ros2_control_demo_example_3' returned '0': AMENT_PREFIX_PATH=/home/farah/ws_farah/install/velocity_controllers:/home/farah/ws_farah/install/position_controllers:/home/farah/ws_farah/install/joint_state_broadcaster:/home/farah/ws_farah/install/forward_command_controller:/home/farah/ws_farah/install/hardware_interface_testing:/home/farah/ws_farah/install/controller_interface:/home/farah/ws_farah/install/ros2controlcli:/home/farah/ws_farah/install/hardware_interface:/home/farah/ws_farah/install/ros2_controllers_test_nodes:/home/farah/ws_farah/install/ros2_control_test_assets:/home/farah/ws_farah/install/ros2_control_demo_description:/home/farah/ws_farah/install/controller_manager_msgs:${AMENT_PREFIX_PATH} CMAKE_PREFIX_PATH=/home/farah/ws_farah/install/velocity_controllers:/home/farah/ws_farah/install/position_controllers:/home/farah/ws_farah/install/joint_state_broadcaster:/home/farah/ws_farah/install/forward_command_controller:/home/farah/ws_farah/install/hardware_interface_testing:/home/farah/ws_farah/install/controller_interface:/home/farah/ws_farah/install/hardware_interface:/home/farah/ws_farah/install/ros2_control_test_assets:/home/farah/ws_farah/install/ros2_control_demo_description:/home/farah/ws_farah/install/controller_manager_msgs:/opt/ros/humble LD_LIBRARY_PATH=/home/farah/ws_farah/install/velocity_controllers/lib:/home/farah/ws_farah/install/position_controllers/lib:/home/farah/ws_farah/install/joint_state_broadcaster/lib:/home/farah/ws_farah/install/forward_command_controller/lib:/home/farah/ws_farah/install/hardware_interface_testing/lib:/home/farah/ws_farah/install/controller_interface/lib:/home/farah/ws_farah/install/hardware_interface/lib:/home/farah/ws_farah/install/controller_manager_msgs/lib:${LD_LIBRARY_PATH} PYTHONPATH=/home/farah/ws_farah/install/ros2controlcli/lib/python3.10/site-packages:/home/farah/ws_farah/install/ros2_controllers_test_nodes/lib/python3.10/site-packages:/home/farah/ws_farah/install/controller_manager_msgs/local/lib/python3.10/dist-packages:${PYTHONPATH} /usr/bin/cmake /home/farah/ws_farah/src/ros2_control_demos/example_3 -DCMAKE_INSTALL_PREFIX=/home/farah/ws_farah/install/ros2_control_demo_example_3
[572.280s] DEBUG:colcon.colcon_core.event_handler.log_command:Invoking command in '/home/farah/ws_farah/build/ros2_control_demo_example_3': AMENT_PREFIX_PATH=/home/farah/ws_farah/install/velocity_controllers:/home/farah/ws_farah/install/position_controllers:/home/farah/ws_farah/install/joint_state_broadcaster:/home/farah/ws_farah/install/forward_command_controller:/home/farah/ws_farah/install/hardware_interface_testing:/home/farah/ws_farah/install/controller_interface:/home/farah/ws_farah/install/ros2controlcli:/home/farah/ws_farah/install/hardware_interface:/home/farah/ws_farah/install/ros2_controllers_test_nodes:/home/farah/ws_farah/install/ros2_control_test_assets:/home/farah/ws_farah/install/ros2_control_demo_description:/home/farah/ws_farah/install/controller_manager_msgs:${AMENT_PREFIX_PATH} CMAKE_PREFIX_PATH=/home/farah/ws_farah/install/velocity_controllers:/home/farah/ws_farah/install/position_controllers:/home/farah/ws_farah/install/joint_state_broadcaster:/home/farah/ws_farah/install/forward_command_controller:/home/farah/ws_farah/install/hardware_interface_testing:/home/farah/ws_farah/install/controller_interface:/home/farah/ws_farah/install/hardware_interface:/home/farah/ws_farah/install/ros2_control_test_assets:/home/farah/ws_farah/install/ros2_control_demo_description:/home/farah/ws_farah/install/controller_manager_msgs:/opt/ros/humble LD_LIBRARY_PATH=/home/farah/ws_farah/install/velocity_controllers/lib:/home/farah/ws_farah/install/position_controllers/lib:/home/farah/ws_farah/install/joint_state_broadcaster/lib:/home/farah/ws_farah/install/forward_command_controller/lib:/home/farah/ws_farah/install/hardware_interface_testing/lib:/home/farah/ws_farah/install/controller_interface/lib:/home/farah/ws_farah/install/hardware_interface/lib:/home/farah/ws_farah/install/controller_manager_msgs/lib:${LD_LIBRARY_PATH} PYTHONPATH=/home/farah/ws_farah/install/ros2controlcli/lib/python3.10/site-packages:/home/farah/ws_farah/install/ros2_controllers_test_nodes/lib/python3.10/site-packages:/home/farah/ws_farah/install/controller_manager_msgs/local/lib/python3.10/dist-packages:${PYTHONPATH} /usr/bin/cmake --build /home/farah/ws_farah/build/ros2_control_demo_example_3 -- -j8 -l8
[575.461s] DEBUG:colcon.colcon_core.event_handler.log_command:Invoked command in '/home/farah/ws_farah/build/ros2_control_demo_example_3' returned '0': AMENT_PREFIX_PATH=/home/farah/ws_farah/install/velocity_controllers:/home/farah/ws_farah/install/position_controllers:/home/farah/ws_farah/install/joint_state_broadcaster:/home/farah/ws_farah/install/forward_command_controller:/home/farah/ws_farah/install/hardware_interface_testing:/home/farah/ws_farah/install/controller_interface:/home/farah/ws_farah/install/ros2controlcli:/home/farah/ws_farah/install/hardware_interface:/home/farah/ws_farah/install/ros2_controllers_test_nodes:/home/farah/ws_farah/install/ros2_control_test_assets:/home/farah/ws_farah/install/ros2_control_demo_description:/home/farah/ws_farah/install/controller_manager_msgs:${AMENT_PREFIX_PATH} CMAKE_PREFIX_PATH=/home/farah/ws_farah/install/velocity_controllers:/home/farah/ws_farah/install/position_controllers:/home/farah/ws_farah/install/joint_state_broadcaster:/home/farah/ws_farah/install/forward_command_controller:/home/farah/ws_farah/install/hardware_interface_testing:/home/farah/ws_farah/install/controller_interface:/home/farah/ws_farah/install/hardware_interface:/home/farah/ws_farah/install/ros2_control_test_assets:/home/farah/ws_farah/install/ros2_control_demo_description:/home/farah/ws_farah/install/controller_manager_msgs:/opt/ros/humble LD_LIBRARY_PATH=/home/farah/ws_farah/install/velocity_controllers/lib:/home/farah/ws_farah/install/position_controllers/lib:/home/farah/ws_farah/install/joint_state_broadcaster/lib:/home/farah/ws_farah/install/forward_command_controller/lib:/home/farah/ws_farah/install/hardware_interface_testing/lib:/home/farah/ws_farah/install/controller_interface/lib:/home/farah/ws_farah/install/hardware_interface/lib:/home/farah/ws_farah/install/controller_manager_msgs/lib:${LD_LIBRARY_PATH} PYTHONPATH=/home/farah/ws_farah/install/ros2controlcli/lib/python3.10/site-packages:/home/farah/ws_farah/install/ros2_controllers_test_nodes/lib/python3.10/site-packages:/home/farah/ws_farah/install/controller_manager_msgs/local/lib/python3.10/dist-packages:${PYTHONPATH} /usr/bin/cmake --build /home/farah/ws_farah/build/ros2_control_demo_example_3 -- -j8 -l8
[575.462s] DEBUG:colcon.colcon_core.event_handler.log_command:Invoking command in '/home/farah/ws_farah/build/ros2_control_demo_example_3': AMENT_PREFIX_PATH=/home/farah/ws_farah/install/velocity_controllers:/home/farah/ws_farah/install/position_controllers:/home/farah/ws_farah/install/joint_state_broadcaster:/home/farah/ws_farah/install/forward_command_controller:/home/farah/ws_farah/install/hardware_interface_testing:/home/farah/ws_farah/install/controller_interface:/home/farah/ws_farah/install/ros2controlcli:/home/farah/ws_farah/install/hardware_interface:/home/farah/ws_farah/install/ros2_controllers_test_nodes:/home/farah/ws_farah/install/ros2_control_test_assets:/home/farah/ws_farah/install/ros2_control_demo_description:/home/farah/ws_farah/install/controller_manager_msgs:${AMENT_PREFIX_PATH} CMAKE_PREFIX_PATH=/home/farah/ws_farah/install/velocity_controllers:/home/farah/ws_farah/install/position_controllers:/home/farah/ws_farah/install/joint_state_broadcaster:/home/farah/ws_farah/install/forward_command_controller:/home/farah/ws_farah/install/hardware_interface_testing:/home/farah/ws_farah/install/controller_interface:/home/farah/ws_farah/install/hardware_interface:/home/farah/ws_farah/install/ros2_control_test_assets:/home/farah/ws_farah/install/ros2_control_demo_description:/home/farah/ws_farah/install/controller_manager_msgs:/opt/ros/humble LD_LIBRARY_PATH=/home/farah/ws_farah/install/velocity_controllers/lib:/home/farah/ws_farah/install/position_controllers/lib:/home/farah/ws_farah/install/joint_state_broadcaster/lib:/home/farah/ws_farah/install/forward_command_controller/lib:/home/farah/ws_farah/install/hardware_interface_testing/lib:/home/farah/ws_farah/install/controller_interface/lib:/home/farah/ws_farah/install/hardware_interface/lib:/home/farah/ws_farah/install/controller_manager_msgs/lib:${LD_LIBRARY_PATH} PYTHONPATH=/home/farah/ws_farah/install/ros2controlcli/lib/python3.10/site-packages:/home/farah/ws_farah/install/ros2_controllers_test_nodes/lib/python3.10/site-packages:/home/farah/ws_farah/install/controller_manager_msgs/local/lib/python3.10/dist-packages:${PYTHONPATH} /usr/bin/cmake --install /home/farah/ws_farah/build/ros2_control_demo_example_3
[575.475s] Level 1:colcon.colcon_core.environment:create_environment_scripts_only(ros2_control_demo_example_3)
[575.476s] Level 1:colcon.colcon_core.environment:checking '/home/farah/ws_farah/install/ros2_control_demo_example_3' for CMake module files
[575.476s] DEBUG:colcon.colcon_core.event_handler.log_command:Invoked command in '/home/farah/ws_farah/build/ros2_control_demo_example_3' returned '0': AMENT_PREFIX_PATH=/home/farah/ws_farah/install/velocity_controllers:/home/farah/ws_farah/install/position_controllers:/home/farah/ws_farah/install/joint_state_broadcaster:/home/farah/ws_farah/install/forward_command_controller:/home/farah/ws_farah/install/hardware_interface_testing:/home/farah/ws_farah/install/controller_interface:/home/farah/ws_farah/install/ros2controlcli:/home/farah/ws_farah/install/hardware_interface:/home/farah/ws_farah/install/ros2_controllers_test_nodes:/home/farah/ws_farah/install/ros2_control_test_assets:/home/farah/ws_farah/install/ros2_control_demo_description:/home/farah/ws_farah/install/controller_manager_msgs:${AMENT_PREFIX_PATH} CMAKE_PREFIX_PATH=/home/farah/ws_farah/install/velocity_controllers:/home/farah/ws_farah/install/position_controllers:/home/farah/ws_farah/install/joint_state_broadcaster:/home/farah/ws_farah/install/forward_command_controller:/home/farah/ws_farah/install/hardware_interface_testing:/home/farah/ws_farah/install/controller_interface:/home/farah/ws_farah/install/hardware_interface:/home/farah/ws_farah/install/ros2_control_test_assets:/home/farah/ws_farah/install/ros2_control_demo_description:/home/farah/ws_farah/install/controller_manager_msgs:/opt/ros/humble LD_LIBRARY_PATH=/home/farah/ws_farah/install/velocity_controllers/lib:/home/farah/ws_farah/install/position_controllers/lib:/home/farah/ws_farah/install/joint_state_broadcaster/lib:/home/farah/ws_farah/install/forward_command_controller/lib:/home/farah/ws_farah/install/hardware_interface_testing/lib:/home/farah/ws_farah/install/controller_interface/lib:/home/farah/ws_farah/install/hardware_interface/lib:/home/farah/ws_farah/install/controller_manager_msgs/lib:${LD_LIBRARY_PATH} PYTHONPATH=/home/farah/ws_farah/install/ros2controlcli/lib/python3.10/site-packages:/home/farah/ws_farah/install/ros2_controllers_test_nodes/lib/python3.10/site-packages:/home/farah/ws_farah/install/controller_manager_msgs/local/lib/python3.10/dist-packages:${PYTHONPATH} /usr/bin/cmake --install /home/farah/ws_farah/build/ros2_control_demo_example_3
[575.476s] Level 1:colcon.colcon_core.environment:checking '/home/farah/ws_farah/install/ros2_control_demo_example_3' for CMake config files
[575.476s] Level 1:colcon.colcon_core.shell:create_environment_hook('ros2_control_demo_example_3', 'cmake_prefix_path')
[575.477s] INFO:colcon.colcon_core.shell:Creating environment hook '/home/farah/ws_farah/install/ros2_control_demo_example_3/share/ros2_control_demo_example_3/hook/cmake_prefix_path.ps1'
[575.477s] INFO:colcon.colcon_core.shell:Creating environment descriptor '/home/farah/ws_farah/install/ros2_control_demo_example_3/share/ros2_control_demo_example_3/hook/cmake_prefix_path.dsv'
[575.477s] INFO:colcon.colcon_core.shell:Creating environment hook '/home/farah/ws_farah/install/ros2_control_demo_example_3/share/ros2_control_demo_example_3/hook/cmake_prefix_path.sh'
[575.478s] Level 1:colcon.colcon_core.environment:checking '/home/farah/ws_farah/install/ros2_control_demo_example_3/lib'
[575.478s] Level 1:colcon.colcon_core.shell:create_environment_hook('ros2_control_demo_example_3', 'ld_library_path_lib')
[575.478s] INFO:colcon.colcon_core.shell:Creating environment hook '/home/farah/ws_farah/install/ros2_control_demo_example_3/share/ros2_control_demo_example_3/hook/ld_library_path_lib.ps1'
[575.478s] INFO:colcon.colcon_core.shell:Creating environment descriptor '/home/farah/ws_farah/install/ros2_control_demo_example_3/share/ros2_control_demo_example_3/hook/ld_library_path_lib.dsv'
[575.478s] INFO:colcon.colcon_core.shell:Creating environment hook '/home/farah/ws_farah/install/ros2_control_demo_example_3/share/ros2_control_demo_example_3/hook/ld_library_path_lib.sh'
[575.479s] Level 1:colcon.colcon_core.environment:checking '/home/farah/ws_farah/install/ros2_control_demo_example_3/bin'
[575.479s] Level 1:colcon.colcon_core.environment:checking '/home/farah/ws_farah/install/ros2_control_demo_example_3/lib/pkgconfig/ros2_control_demo_example_3.pc'
[575.479s] Level 1:colcon.colcon_core.environment:checking '/home/farah/ws_farah/install/ros2_control_demo_example_3/lib/python3.10/site-packages'
[575.479s] Level 1:colcon.colcon_core.environment:checking '/home/farah/ws_farah/install/ros2_control_demo_example_3/bin'
[575.479s] INFO:colcon.colcon_core.shell:Creating package script '/home/farah/ws_farah/install/ros2_control_demo_example_3/share/ros2_control_demo_example_3/package.ps1'
[575.480s] INFO:colcon.colcon_core.shell:Creating package descriptor '/home/farah/ws_farah/install/ros2_control_demo_example_3/share/ros2_control_demo_example_3/package.dsv'
[575.480s] INFO:colcon.colcon_core.shell:Creating package script '/home/farah/ws_farah/install/ros2_control_demo_example_3/share/ros2_control_demo_example_3/package.sh'
[575.480s] INFO:colcon.colcon_core.shell:Creating package script '/home/farah/ws_farah/install/ros2_control_demo_example_3/share/ros2_control_demo_example_3/package.bash'
[575.481s] INFO:colcon.colcon_core.shell:Creating package script '/home/farah/ws_farah/install/ros2_control_demo_example_3/share/ros2_control_demo_example_3/package.zsh'
[575.481s] Level 1:colcon.colcon_core.environment:create_file_with_runtime_dependencies(/home/farah/ws_farah/install/ros2_control_demo_example_3/share/colcon-core/packages/ros2_control_demo_example_3)
[575.481s] Level 1:colcon.colcon_core.environment:create_environment_scripts_only(ros2_control_demo_example_3)
[575.482s] Level 1:colcon.colcon_core.environment:checking '/home/farah/ws_farah/install/ros2_control_demo_example_3' for CMake module files
[575.482s] Level 1:colcon.colcon_core.environment:checking '/home/farah/ws_farah/install/ros2_control_demo_example_3' for CMake config files
[575.482s] Level 1:colcon.colcon_core.shell:create_environment_hook('ros2_control_demo_example_3', 'cmake_prefix_path')
[575.482s] INFO:colcon.colcon_core.shell:Creating environment hook '/home/farah/ws_farah/install/ros2_control_demo_example_3/share/ros2_control_demo_example_3/hook/cmake_prefix_path.ps1'
[575.482s] INFO:colcon.colcon_core.shell:Creating environment descriptor '/home/farah/ws_farah/install/ros2_control_demo_example_3/share/ros2_control_demo_example_3/hook/cmake_prefix_path.dsv'
[575.483s] INFO:colcon.colcon_core.shell:Creating environment hook '/home/farah/ws_farah/install/ros2_control_demo_example_3/share/ros2_control_demo_example_3/hook/cmake_prefix_path.sh'
[575.483s] Level 1:colcon.colcon_core.environment:checking '/home/farah/ws_farah/install/ros2_control_demo_example_3/lib'
[575.483s] Level 1:colcon.colcon_core.shell:create_environment_hook('ros2_control_demo_example_3', 'ld_library_path_lib')
[575.484s] INFO:colcon.colcon_core.shell:Creating environment hook '/home/farah/ws_farah/install/ros2_control_demo_example_3/share/ros2_control_demo_example_3/hook/ld_library_path_lib.ps1'
[575.484s] INFO:colcon.colcon_core.shell:Creating environment descriptor '/home/farah/ws_farah/install/ros2_control_demo_example_3/share/ros2_control_demo_example_3/hook/ld_library_path_lib.dsv'
[575.484s] INFO:colcon.colcon_core.shell:Creating environment hook '/home/farah/ws_farah/install/ros2_control_demo_example_3/share/ros2_control_demo_example_3/hook/ld_library_path_lib.sh'
[575.484s] Level 1:colcon.colcon_core.environment:checking '/home/farah/ws_farah/install/ros2_control_demo_example_3/bin'
[575.484s] Level 1:colcon.colcon_core.environment:checking '/home/farah/ws_farah/install/ros2_control_demo_example_3/lib/pkgconfig/ros2_control_demo_example_3.pc'
[575.485s] Level 1:colcon.colcon_core.environment:checking '/home/farah/ws_farah/install/ros2_control_demo_example_3/lib/python3.10/site-packages'
[575.485s] Level 1:colcon.colcon_core.environment:checking '/home/farah/ws_farah/install/ros2_control_demo_example_3/bin'
[575.485s] INFO:colcon.colcon_core.shell:Creating package script '/home/farah/ws_farah/install/ros2_control_demo_example_3/share/ros2_control_demo_example_3/package.ps1'
[575.485s] INFO:colcon.colcon_core.shell:Creating package descriptor '/home/farah/ws_farah/install/ros2_control_demo_example_3/share/ros2_control_demo_example_3/package.dsv'
[575.486s] INFO:colcon.colcon_core.shell:Creating package script '/home/farah/ws_farah/install/ros2_control_demo_example_3/share/ros2_control_demo_example_3/package.sh'
[575.486s] INFO:colcon.colcon_core.shell:Creating package script '/home/farah/ws_farah/install/ros2_control_demo_example_3/share/ros2_control_demo_example_3/package.bash'
[575.486s] INFO:colcon.colcon_core.shell:Creating package script '/home/farah/ws_farah/install/ros2_control_demo_example_3/share/ros2_control_demo_example_3/package.zsh'
[575.487s] Level 1:colcon.colcon_core.environment:create_file_with_runtime_dependencies(/home/farah/ws_farah/install/ros2_control_demo_example_3/share/colcon-core/packages/ros2_control_demo_example_3)
[575.487s] INFO:colcon.colcon_ros.task.ament_python.build:Building ROS package in '/home/farah/ws_farah/src/ros2_acker/temp_teleop' with build type 'ament_python'
[575.487s] Level 1:colcon.colcon_core.shell:create_environment_hook('temp_teleop', 'ament_prefix_path')
[575.487s] INFO:colcon.colcon_core.shell:Creating environment hook '/home/farah/ws_farah/install/temp_teleop/share/temp_teleop/hook/ament_prefix_path.ps1'
[575.488s] INFO:colcon.colcon_core.shell:Creating environment descriptor '/home/farah/ws_farah/install/temp_teleop/share/temp_teleop/hook/ament_prefix_path.dsv'
[575.488s] INFO:colcon.colcon_core.shell:Creating environment hook '/home/farah/ws_farah/install/temp_teleop/share/temp_teleop/hook/ament_prefix_path.sh'
[575.488s] INFO:colcon.colcon_core.shell:Skip shell extension 'powershell' for command environment: Not usable outside of PowerShell
[575.488s] DEBUG:colcon.colcon_core.shell:Skip shell extension 'dsv' for command environment
[575.677s] INFO:colcon.colcon_core.task.python.build:Building Python package in '/home/farah/ws_farah/src/ros2_acker/temp_teleop'
[575.678s] INFO:colcon.colcon_core.shell:Skip shell extension 'powershell' for command environment: Not usable outside of PowerShell
[575.678s] DEBUG:colcon.colcon_core.shell:Skip shell extension 'dsv' for command environment
[576.269s] DEBUG:colcon.colcon_core.event_handler.log_command:Invoking command in '/home/farah/ws_farah/src/ros2_acker/temp_teleop': PYTHONPATH=/home/farah/ws_farah/build/temp_teleop/prefix_override:/usr/lib/python3/dist-packages/colcon_core/task/python/colcon_distutils_commands:/home/farah/ws_farah/install/temp_teleop/lib/python3.10/site-packages:${PYTHONPATH} /usr/bin/python3 -W ignore:setup.py install is deprecated -W ignore:easy_install command is deprecated setup.py egg_info --egg-base ../../../build/temp_teleop build --build-base /home/farah/ws_farah/build/temp_teleop/build install --record /home/farah/ws_farah/build/temp_teleop/install.log --single-version-externally-managed install_data
[576.813s] Level 1:colcon.colcon_core.environment:checking '/home/farah/ws_farah/install/temp_teleop' for CMake module files
[576.813s] DEBUG:colcon.colcon_core.event_handler.log_command:Invoked command in '/home/farah/ws_farah/src/ros2_acker/temp_teleop' returned '0': PYTHONPATH=/home/farah/ws_farah/build/temp_teleop/prefix_override:/usr/lib/python3/dist-packages/colcon_core/task/python/colcon_distutils_commands:/home/farah/ws_farah/install/temp_teleop/lib/python3.10/site-packages:${PYTHONPATH} /usr/bin/python3 -W ignore:setup.py install is deprecated -W ignore:easy_install command is deprecated setup.py egg_info --egg-base ../../../build/temp_teleop build --build-base /home/farah/ws_farah/build/temp_teleop/build install --record /home/farah/ws_farah/build/temp_teleop/install.log --single-version-externally-managed install_data
[576.813s] Level 1:colcon.colcon_core.environment:checking '/home/farah/ws_farah/install/temp_teleop' for CMake config files
[576.814s] Level 1:colcon.colcon_core.environment:checking '/home/farah/ws_farah/install/temp_teleop/lib'
[576.814s] Level 1:colcon.colcon_core.environment:checking '/home/farah/ws_farah/install/temp_teleop/bin'
[576.814s] Level 1:colcon.colcon_core.environment:checking '/home/farah/ws_farah/install/temp_teleop/lib/pkgconfig/temp_teleop.pc'
[576.814s] Level 1:colcon.colcon_core.environment:checking '/home/farah/ws_farah/install/temp_teleop/lib/python3.10/site-packages'
[576.814s] Level 1:colcon.colcon_core.shell:create_environment_hook('temp_teleop', 'pythonpath')
[576.814s] INFO:colcon.colcon_core.shell:Creating environment hook '/home/farah/ws_farah/install/temp_teleop/share/temp_teleop/hook/pythonpath.ps1'
[576.815s] INFO:colcon.colcon_core.shell:Creating environment descriptor '/home/farah/ws_farah/install/temp_teleop/share/temp_teleop/hook/pythonpath.dsv'
[576.815s] INFO:colcon.colcon_core.shell:Creating environment hook '/home/farah/ws_farah/install/temp_teleop/share/temp_teleop/hook/pythonpath.sh'
[576.815s] Level 1:colcon.colcon_core.environment:checking '/home/farah/ws_farah/install/temp_teleop/bin'
[576.815s] Level 1:colcon.colcon_core.environment:create_environment_scripts_only(temp_teleop)
[576.816s] INFO:colcon.colcon_core.shell:Creating package script '/home/farah/ws_farah/install/temp_teleop/share/temp_teleop/package.ps1'
[576.816s] INFO:colcon.colcon_core.shell:Creating package descriptor '/home/farah/ws_farah/install/temp_teleop/share/temp_teleop/package.dsv'
[576.816s] INFO:colcon.colcon_core.shell:Creating package script '/home/farah/ws_farah/install/temp_teleop/share/temp_teleop/package.sh'
[576.817s] INFO:colcon.colcon_core.shell:Creating package script '/home/farah/ws_farah/install/temp_teleop/share/temp_teleop/package.bash'
[576.817s] INFO:colcon.colcon_core.shell:Creating package script '/home/farah/ws_farah/install/temp_teleop/share/temp_teleop/package.zsh'
[576.817s] Level 1:colcon.colcon_core.environment:create_file_with_runtime_dependencies(/home/farah/ws_farah/install/temp_teleop/share/colcon-core/packages/temp_teleop)
[576.817s] INFO:colcon.colcon_ros.task.ament_python.build:Building ROS package in '/home/farah/ws_farah/src/ros2_control/rqt_controller_manager' with build type 'ament_python'
[576.817s] Level 1:colcon.colcon_core.shell:create_environment_hook('rqt_controller_manager', 'ament_prefix_path')
[576.818s] INFO:colcon.colcon_core.shell:Creating environment hook '/home/farah/ws_farah/install/rqt_controller_manager/share/rqt_controller_manager/hook/ament_prefix_path.ps1'
[576.818s] INFO:colcon.colcon_core.shell:Creating environment descriptor '/home/farah/ws_farah/install/rqt_controller_manager/share/rqt_controller_manager/hook/ament_prefix_path.dsv'
[576.819s] INFO:colcon.colcon_core.shell:Creating environment hook '/home/farah/ws_farah/install/rqt_controller_manager/share/rqt_controller_manager/hook/ament_prefix_path.sh'
[576.819s] INFO:colcon.colcon_core.shell:Skip shell extension 'powershell' for command environment: Not usable outside of PowerShell
[576.819s] DEBUG:colcon.colcon_core.shell:Skip shell extension 'dsv' for command environment
[577.025s] INFO:colcon.colcon_core.task.python.build:Building Python package in '/home/farah/ws_farah/src/ros2_control/rqt_controller_manager'
[577.025s] INFO:colcon.colcon_core.shell:Skip shell extension 'powershell' for command environment: Not usable outside of PowerShell
[577.025s] DEBUG:colcon.colcon_core.shell:Skip shell extension 'dsv' for command environment
[577.599s] DEBUG:colcon.colcon_core.event_handler.log_command:Invoking command in '/home/farah/ws_farah/src/ros2_control/rqt_controller_manager': AMENT_PREFIX_PATH=/home/farah/ws_farah/install/controller_manager_msgs:${AMENT_PREFIX_PATH} CMAKE_PREFIX_PATH=/home/farah/ws_farah/install/controller_manager_msgs LD_LIBRARY_PATH=/home/farah/ws_farah/install/controller_manager_msgs/lib:${LD_LIBRARY_PATH} PYTHONPATH=/home/farah/ws_farah/build/rqt_controller_manager/prefix_override:/usr/lib/python3/dist-packages/colcon_core/task/python/colcon_distutils_commands:/home/farah/ws_farah/install/rqt_controller_manager/lib/python3.10/site-packages:/home/farah/ws_farah/install/controller_manager_msgs/local/lib/python3.10/dist-packages:${PYTHONPATH} /usr/bin/python3 -W ignore:setup.py install is deprecated -W ignore:easy_install command is deprecated setup.py egg_info --egg-base ../../../build/rqt_controller_manager build --build-base /home/farah/ws_farah/build/rqt_controller_manager/build install --record /home/farah/ws_farah/build/rqt_controller_manager/install.log --single-version-externally-managed install_data
[578.131s] Level 1:colcon.colcon_core.environment:checking '/home/farah/ws_farah/install/rqt_controller_manager' for CMake module files
[578.132s] DEBUG:colcon.colcon_core.event_handler.log_command:Invoked command in '/home/farah/ws_farah/src/ros2_control/rqt_controller_manager' returned '0': AMENT_PREFIX_PATH=/home/farah/ws_farah/install/controller_manager_msgs:${AMENT_PREFIX_PATH} CMAKE_PREFIX_PATH=/home/farah/ws_farah/install/controller_manager_msgs LD_LIBRARY_PATH=/home/farah/ws_farah/install/controller_manager_msgs/lib:${LD_LIBRARY_PATH} PYTHONPATH=/home/farah/ws_farah/build/rqt_controller_manager/prefix_override:/usr/lib/python3/dist-packages/colcon_core/task/python/colcon_distutils_commands:/home/farah/ws_farah/install/rqt_controller_manager/lib/python3.10/site-packages:/home/farah/ws_farah/install/controller_manager_msgs/local/lib/python3.10/dist-packages:${PYTHONPATH} /usr/bin/python3 -W ignore:setup.py install is deprecated -W ignore:easy_install command is deprecated setup.py egg_info --egg-base ../../../build/rqt_controller_manager build --build-base /home/farah/ws_farah/build/rqt_controller_manager/build install --record /home/farah/ws_farah/build/rqt_controller_manager/install.log --single-version-externally-managed install_data
[578.132s] Level 1:colcon.colcon_core.environment:checking '/home/farah/ws_farah/install/rqt_controller_manager' for CMake config files
[578.132s] Level 1:colcon.colcon_core.environment:checking '/home/farah/ws_farah/install/rqt_controller_manager/lib'
[578.132s] Level 1:colcon.colcon_core.environment:checking '/home/farah/ws_farah/install/rqt_controller_manager/bin'
[578.133s] Level 1:colcon.colcon_core.environment:checking '/home/farah/ws_farah/install/rqt_controller_manager/lib/pkgconfig/rqt_controller_manager.pc'
[578.133s] Level 1:colcon.colcon_core.environment:checking '/home/farah/ws_farah/install/rqt_controller_manager/lib/python3.10/site-packages'
[578.133s] Level 1:colcon.colcon_core.shell:create_environment_hook('rqt_controller_manager', 'pythonpath')
[578.133s] INFO:colcon.colcon_core.shell:Creating environment hook '/home/farah/ws_farah/install/rqt_controller_manager/share/rqt_controller_manager/hook/pythonpath.ps1'
[578.133s] INFO:colcon.colcon_core.shell:Creating environment descriptor '/home/farah/ws_farah/install/rqt_controller_manager/share/rqt_controller_manager/hook/pythonpath.dsv'
[578.134s] INFO:colcon.colcon_core.shell:Creating environment hook '/home/farah/ws_farah/install/rqt_controller_manager/share/rqt_controller_manager/hook/pythonpath.sh'
[578.134s] Level 1:colcon.colcon_core.environment:checking '/home/farah/ws_farah/install/rqt_controller_manager/bin'
[578.134s] Level 1:colcon.colcon_core.environment:create_environment_scripts_only(rqt_controller_manager)
[578.134s] INFO:colcon.colcon_core.shell:Creating package script '/home/farah/ws_farah/install/rqt_controller_manager/share/rqt_controller_manager/package.ps1'
[578.135s] INFO:colcon.colcon_core.shell:Creating package descriptor '/home/farah/ws_farah/install/rqt_controller_manager/share/rqt_controller_manager/package.dsv'
[578.135s] INFO:colcon.colcon_core.shell:Creating package script '/home/farah/ws_farah/install/rqt_controller_manager/share/rqt_controller_manager/package.sh'
[578.135s] INFO:colcon.colcon_core.shell:Creating package script '/home/farah/ws_farah/install/rqt_controller_manager/share/rqt_controller_manager/package.bash'
[578.135s] INFO:colcon.colcon_core.shell:Creating package script '/home/farah/ws_farah/install/rqt_controller_manager/share/rqt_controller_manager/package.zsh'
[578.136s] Level 1:colcon.colcon_core.environment:create_file_with_runtime_dependencies(/home/farah/ws_farah/install/rqt_controller_manager/share/colcon-core/packages/rqt_controller_manager)
[578.136s] INFO:colcon.colcon_ros.task.ament_cmake.build:Building ROS package in '/home/farah/ws_farah/src/ros2_acker/race_it' with build type 'ament_cmake'
[578.136s] INFO:colcon.colcon_cmake.task.cmake.build:Building CMake package in '/home/farah/ws_farah/src/ros2_acker/race_it'
[578.136s] INFO:colcon.colcon_core.shell:Skip shell extension 'powershell' for command environment: Not usable outside of PowerShell
[578.136s] DEBUG:colcon.colcon_core.shell:Skip shell extension 'dsv' for command environment
[578.143s] DEBUG:colcon.colcon_core.event_handler.log_command:Invoking command in '/home/farah/ws_farah/build/race_it': AMENT_PREFIX_PATH=/home/farah/ws_farah/install/hardware_interface:/home/farah/ws_farah/install/ros2_control_test_assets:${AMENT_PREFIX_PATH} CMAKE_PREFIX_PATH=/home/farah/ws_farah/install/hardware_interface:/home/farah/ws_farah/install/ros2_control_test_assets:/opt/ros/humble LD_LIBRARY_PATH=/home/farah/ws_farah/install/hardware_interface/lib:${LD_LIBRARY_PATH} /usr/bin/cmake /home/farah/ws_farah/src/ros2_acker/race_it -DCMAKE_INSTALL_PREFIX=/home/farah/ws_farah/install/race_it
[578.823s] DEBUG:colcon.colcon_core.event_handler.log_command:Invoked command in '/home/farah/ws_farah/build/race_it' returned '0': AMENT_PREFIX_PATH=/home/farah/ws_farah/install/hardware_interface:/home/farah/ws_farah/install/ros2_control_test_assets:${AMENT_PREFIX_PATH} CMAKE_PREFIX_PATH=/home/farah/ws_farah/install/hardware_interface:/home/farah/ws_farah/install/ros2_control_test_assets:/opt/ros/humble LD_LIBRARY_PATH=/home/farah/ws_farah/install/hardware_interface/lib:${LD_LIBRARY_PATH} /usr/bin/cmake /home/farah/ws_farah/src/ros2_acker/race_it -DCMAKE_INSTALL_PREFIX=/home/farah/ws_farah/install/race_it
[578.824s] DEBUG:colcon.colcon_core.event_handler.log_command:Invoking command in '/home/farah/ws_farah/build/race_it': AMENT_PREFIX_PATH=/home/farah/ws_farah/install/hardware_interface:/home/farah/ws_farah/install/ros2_control_test_assets:${AMENT_PREFIX_PATH} CMAKE_PREFIX_PATH=/home/farah/ws_farah/install/hardware_interface:/home/farah/ws_farah/install/ros2_control_test_assets:/opt/ros/humble LD_LIBRARY_PATH=/home/farah/ws_farah/install/hardware_interface/lib:${LD_LIBRARY_PATH} /usr/bin/cmake --build /home/farah/ws_farah/build/race_it -- -j8 -l8
[578.853s] DEBUG:colcon.colcon_core.event_handler.log_command:Invoked command in '/home/farah/ws_farah/build/race_it' returned '0': AMENT_PREFIX_PATH=/home/farah/ws_farah/install/hardware_interface:/home/farah/ws_farah/install/ros2_control_test_assets:${AMENT_PREFIX_PATH} CMAKE_PREFIX_PATH=/home/farah/ws_farah/install/hardware_interface:/home/farah/ws_farah/install/ros2_control_test_assets:/opt/ros/humble LD_LIBRARY_PATH=/home/farah/ws_farah/install/hardware_interface/lib:${LD_LIBRARY_PATH} /usr/bin/cmake --build /home/farah/ws_farah/build/race_it -- -j8 -l8
[578.854s] DEBUG:colcon.colcon_core.event_handler.log_command:Invoking command in '/home/farah/ws_farah/build/race_it': AMENT_PREFIX_PATH=/home/farah/ws_farah/install/hardware_interface:/home/farah/ws_farah/install/ros2_control_test_assets:${AMENT_PREFIX_PATH} CMAKE_PREFIX_PATH=/home/farah/ws_farah/install/hardware_interface:/home/farah/ws_farah/install/ros2_control_test_assets:/opt/ros/humble LD_LIBRARY_PATH=/home/farah/ws_farah/install/hardware_interface/lib:${LD_LIBRARY_PATH} /usr/bin/cmake --install /home/farah/ws_farah/build/race_it
[578.864s] Level 1:colcon.colcon_core.environment:create_environment_scripts_only(race_it)
[578.865s] Level 1:colcon.colcon_core.environment:checking '/home/farah/ws_farah/install/race_it' for CMake module files
[578.865s] DEBUG:colcon.colcon_core.event_handler.log_command:Invoked command in '/home/farah/ws_farah/build/race_it' returned '0': AMENT_PREFIX_PATH=/home/farah/ws_farah/install/hardware_interface:/home/farah/ws_farah/install/ros2_control_test_assets:${AMENT_PREFIX_PATH} CMAKE_PREFIX_PATH=/home/farah/ws_farah/install/hardware_interface:/home/farah/ws_farah/install/ros2_control_test_assets:/opt/ros/humble LD_LIBRARY_PATH=/home/farah/ws_farah/install/hardware_interface/lib:${LD_LIBRARY_PATH} /usr/bin/cmake --install /home/farah/ws_farah/build/race_it
[578.866s] Level 1:colcon.colcon_core.environment:checking '/home/farah/ws_farah/install/race_it' for CMake config files
[578.866s] Level 1:colcon.colcon_core.shell:create_environment_hook('race_it', 'cmake_prefix_path')
[578.866s] INFO:colcon.colcon_core.shell:Creating environment hook '/home/farah/ws_farah/install/race_it/share/race_it/hook/cmake_prefix_path.ps1'
[578.866s] INFO:colcon.colcon_core.shell:Creating environment descriptor '/home/farah/ws_farah/install/race_it/share/race_it/hook/cmake_prefix_path.dsv'
[578.867s] INFO:colcon.colcon_core.shell:Creating environment hook '/home/farah/ws_farah/install/race_it/share/race_it/hook/cmake_prefix_path.sh'
[578.867s] Level 1:colcon.colcon_core.environment:checking '/home/farah/ws_farah/install/race_it/bin'
[578.867s] Level 1:colcon.colcon_core.environment:checking '/home/farah/ws_farah/install/race_it/lib/pkgconfig/race_it.pc'
[578.868s] Level 1:colcon.colcon_core.environment:checking '/home/farah/ws_farah/install/race_it/lib/python3.10/site-packages'
[578.868s] Level 1:colcon.colcon_core.environment:checking '/home/farah/ws_farah/install/race_it/bin'
[578.868s] INFO:colcon.colcon_core.shell:Creating package script '/home/farah/ws_farah/install/race_it/share/race_it/package.ps1'
[578.868s] INFO:colcon.colcon_core.shell:Creating package descriptor '/home/farah/ws_farah/install/race_it/share/race_it/package.dsv'
[578.869s] INFO:colcon.colcon_core.shell:Creating package script '/home/farah/ws_farah/install/race_it/share/race_it/package.sh'
[578.869s] INFO:colcon.colcon_core.shell:Creating package script '/home/farah/ws_farah/install/race_it/share/race_it/package.bash'
[578.869s] INFO:colcon.colcon_core.shell:Creating package script '/home/farah/ws_farah/install/race_it/share/race_it/package.zsh'
[578.870s] Level 1:colcon.colcon_core.environment:create_file_with_runtime_dependencies(/home/farah/ws_farah/install/race_it/share/colcon-core/packages/race_it)
[578.870s] Level 1:colcon.colcon_core.environment:create_environment_scripts_only(race_it)
[578.870s] Level 1:colcon.colcon_core.environment:checking '/home/farah/ws_farah/install/race_it' for CMake module files
[578.871s] Level 1:colcon.colcon_core.environment:checking '/home/farah/ws_farah/install/race_it' for CMake config files
[578.871s] Level 1:colcon.colcon_core.shell:create_environment_hook('race_it', 'cmake_prefix_path')
[578.871s] INFO:colcon.colcon_core.shell:Creating environment hook '/home/farah/ws_farah/install/race_it/share/race_it/hook/cmake_prefix_path.ps1'
[578.871s] INFO:colcon.colcon_core.shell:Creating environment descriptor '/home/farah/ws_farah/install/race_it/share/race_it/hook/cmake_prefix_path.dsv'
[578.871s] INFO:colcon.colcon_core.shell:Creating environment hook '/home/farah/ws_farah/install/race_it/share/race_it/hook/cmake_prefix_path.sh'
[578.872s] Level 1:colcon.colcon_core.environment:checking '/home/farah/ws_farah/install/race_it/bin'
[578.872s] Level 1:colcon.colcon_core.environment:checking '/home/farah/ws_farah/install/race_it/lib/pkgconfig/race_it.pc'
[578.872s] Level 1:colcon.colcon_core.environment:checking '/home/farah/ws_farah/install/race_it/lib/python3.10/site-packages'
[578.872s] Level 1:colcon.colcon_core.environment:checking '/home/farah/ws_farah/install/race_it/bin'
[578.872s] INFO:colcon.colcon_core.shell:Creating package script '/home/farah/ws_farah/install/race_it/share/race_it/package.ps1'
[578.873s] INFO:colcon.colcon_core.shell:Creating package descriptor '/home/farah/ws_farah/install/race_it/share/race_it/package.dsv'
[578.873s] INFO:colcon.colcon_core.shell:Creating package script '/home/farah/ws_farah/install/race_it/share/race_it/package.sh'
[578.873s] INFO:colcon.colcon_core.shell:Creating package script '/home/farah/ws_farah/install/race_it/share/race_it/package.bash'
[578.874s] INFO:colcon.colcon_core.shell:Creating package script '/home/farah/ws_farah/install/race_it/share/race_it/package.zsh'
[578.874s] Level 1:colcon.colcon_core.environment:create_file_with_runtime_dependencies(/home/farah/ws_farah/install/race_it/share/colcon-core/packages/race_it)
[578.874s] INFO:colcon.colcon_ros.task.ament_cmake.build:Building ROS package in '/home/farah/ws_farah/src/ros2_control/ros2_control' with build type 'ament_cmake'
[578.874s] INFO:colcon.colcon_cmake.task.cmake.build:Building CMake package in '/home/farah/ws_farah/src/ros2_control/ros2_control'
[578.875s] INFO:colcon.colcon_core.shell:Skip shell extension 'powershell' for command environment: Not usable outside of PowerShell
[578.875s] DEBUG:colcon.colcon_core.shell:Skip shell extension 'dsv' for command environment
[578.887s] DEBUG:colcon.colcon_core.event_handler.log_command:Invoking command in '/home/farah/ws_farah/build/ros2_control': AMENT_PREFIX_PATH=/home/farah/ws_farah/install/transmission_interface:/home/farah/ws_farah/install/controller_interface:/home/farah/ws_farah/install/ros2controlcli:/home/farah/ws_farah/install/hardware_interface:/home/farah/ws_farah/install/ros2_control_test_assets:/home/farah/ws_farah/install/joint_limits:/home/farah/ws_farah/install/controller_manager_msgs:${AMENT_PREFIX_PATH} CMAKE_PREFIX_PATH=/home/farah/ws_farah/install/transmission_interface:/home/farah/ws_farah/install/controller_interface:/home/farah/ws_farah/install/hardware_interface:/home/farah/ws_farah/install/ros2_control_test_assets:/home/farah/ws_farah/install/joint_limits:/home/farah/ws_farah/install/controller_manager_msgs:/opt/ros/humble LD_LIBRARY_PATH=/home/farah/ws_farah/install/transmission_interface/lib:/home/farah/ws_farah/install/controller_interface/lib:/home/farah/ws_farah/install/hardware_interface/lib:/home/farah/ws_farah/install/joint_limits/lib:/home/farah/ws_farah/install/controller_manager_msgs/lib:${LD_LIBRARY_PATH} PYTHONPATH=/home/farah/ws_farah/install/ros2controlcli/lib/python3.10/site-packages:/home/farah/ws_farah/install/controller_manager_msgs/local/lib/python3.10/dist-packages:${PYTHONPATH} /usr/bin/cmake /home/farah/ws_farah/src/ros2_control/ros2_control -DCMAKE_INSTALL_PREFIX=/home/farah/ws_farah/install/ros2_control
[579.547s] DEBUG:colcon.colcon_core.event_handler.log_command:Invoked command in '/home/farah/ws_farah/build/ros2_control' returned '0': AMENT_PREFIX_PATH=/home/farah/ws_farah/install/transmission_interface:/home/farah/ws_farah/install/controller_interface:/home/farah/ws_farah/install/ros2controlcli:/home/farah/ws_farah/install/hardware_interface:/home/farah/ws_farah/install/ros2_control_test_assets:/home/farah/ws_farah/install/joint_limits:/home/farah/ws_farah/install/controller_manager_msgs:${AMENT_PREFIX_PATH} CMAKE_PREFIX_PATH=/home/farah/ws_farah/install/transmission_interface:/home/farah/ws_farah/install/controller_interface:/home/farah/ws_farah/install/hardware_interface:/home/farah/ws_farah/install/ros2_control_test_assets:/home/farah/ws_farah/install/joint_limits:/home/farah/ws_farah/install/controller_manager_msgs:/opt/ros/humble LD_LIBRARY_PATH=/home/farah/ws_farah/install/transmission_interface/lib:/home/farah/ws_farah/install/controller_interface/lib:/home/farah/ws_farah/install/hardware_interface/lib:/home/farah/ws_farah/install/joint_limits/lib:/home/farah/ws_farah/install/controller_manager_msgs/lib:${LD_LIBRARY_PATH} PYTHONPATH=/home/farah/ws_farah/install/ros2controlcli/lib/python3.10/site-packages:/home/farah/ws_farah/install/controller_manager_msgs/local/lib/python3.10/dist-packages:${PYTHONPATH} /usr/bin/cmake /home/farah/ws_farah/src/ros2_control/ros2_control -DCMAKE_INSTALL_PREFIX=/home/farah/ws_farah/install/ros2_control
[579.549s] DEBUG:colcon.colcon_core.event_handler.log_command:Invoking command in '/home/farah/ws_farah/build/ros2_control': AMENT_PREFIX_PATH=/home/farah/ws_farah/install/transmission_interface:/home/farah/ws_farah/install/controller_interface:/home/farah/ws_farah/install/ros2controlcli:/home/farah/ws_farah/install/hardware_interface:/home/farah/ws_farah/install/ros2_control_test_assets:/home/farah/ws_farah/install/joint_limits:/home/farah/ws_farah/install/controller_manager_msgs:${AMENT_PREFIX_PATH} CMAKE_PREFIX_PATH=/home/farah/ws_farah/install/transmission_interface:/home/farah/ws_farah/install/controller_interface:/home/farah/ws_farah/install/hardware_interface:/home/farah/ws_farah/install/ros2_control_test_assets:/home/farah/ws_farah/install/joint_limits:/home/farah/ws_farah/install/controller_manager_msgs:/opt/ros/humble LD_LIBRARY_PATH=/home/farah/ws_farah/install/transmission_interface/lib:/home/farah/ws_farah/install/controller_interface/lib:/home/farah/ws_farah/install/hardware_interface/lib:/home/farah/ws_farah/install/joint_limits/lib:/home/farah/ws_farah/install/controller_manager_msgs/lib:${LD_LIBRARY_PATH} PYTHONPATH=/home/farah/ws_farah/install/ros2controlcli/lib/python3.10/site-packages:/home/farah/ws_farah/install/controller_manager_msgs/local/lib/python3.10/dist-packages:${PYTHONPATH} /usr/bin/cmake --build /home/farah/ws_farah/build/ros2_control -- -j8 -l8
[579.576s] DEBUG:colcon.colcon_core.event_handler.log_command:Invoked command in '/home/farah/ws_farah/build/ros2_control' returned '0': AMENT_PREFIX_PATH=/home/farah/ws_farah/install/transmission_interface:/home/farah/ws_farah/install/controller_interface:/home/farah/ws_farah/install/ros2controlcli:/home/farah/ws_farah/install/hardware_interface:/home/farah/ws_farah/install/ros2_control_test_assets:/home/farah/ws_farah/install/joint_limits:/home/farah/ws_farah/install/controller_manager_msgs:${AMENT_PREFIX_PATH} CMAKE_PREFIX_PATH=/home/farah/ws_farah/install/transmission_interface:/home/farah/ws_farah/install/controller_interface:/home/farah/ws_farah/install/hardware_interface:/home/farah/ws_farah/install/ros2_control_test_assets:/home/farah/ws_farah/install/joint_limits:/home/farah/ws_farah/install/controller_manager_msgs:/opt/ros/humble LD_LIBRARY_PATH=/home/farah/ws_farah/install/transmission_interface/lib:/home/farah/ws_farah/install/controller_interface/lib:/home/farah/ws_farah/install/hardware_interface/lib:/home/farah/ws_farah/install/joint_limits/lib:/home/farah/ws_farah/install/controller_manager_msgs/lib:${LD_LIBRARY_PATH} PYTHONPATH=/home/farah/ws_farah/install/ros2controlcli/lib/python3.10/site-packages:/home/farah/ws_farah/install/controller_manager_msgs/local/lib/python3.10/dist-packages:${PYTHONPATH} /usr/bin/cmake --build /home/farah/ws_farah/build/ros2_control -- -j8 -l8
[579.578s] DEBUG:colcon.colcon_core.event_handler.log_command:Invoking command in '/home/farah/ws_farah/build/ros2_control': AMENT_PREFIX_PATH=/home/farah/ws_farah/install/transmission_interface:/home/farah/ws_farah/install/controller_interface:/home/farah/ws_farah/install/ros2controlcli:/home/farah/ws_farah/install/hardware_interface:/home/farah/ws_farah/install/ros2_control_test_assets:/home/farah/ws_farah/install/joint_limits:/home/farah/ws_farah/install/controller_manager_msgs:${AMENT_PREFIX_PATH} CMAKE_PREFIX_PATH=/home/farah/ws_farah/install/transmission_interface:/home/farah/ws_farah/install/controller_interface:/home/farah/ws_farah/install/hardware_interface:/home/farah/ws_farah/install/ros2_control_test_assets:/home/farah/ws_farah/install/joint_limits:/home/farah/ws_farah/install/controller_manager_msgs:/opt/ros/humble LD_LIBRARY_PATH=/home/farah/ws_farah/install/transmission_interface/lib:/home/farah/ws_farah/install/controller_interface/lib:/home/farah/ws_farah/install/hardware_interface/lib:/home/farah/ws_farah/install/joint_limits/lib:/home/farah/ws_farah/install/controller_manager_msgs/lib:${LD_LIBRARY_PATH} PYTHONPATH=/home/farah/ws_farah/install/ros2controlcli/lib/python3.10/site-packages:/home/farah/ws_farah/install/controller_manager_msgs/local/lib/python3.10/dist-packages:${PYTHONPATH} /usr/bin/cmake --install /home/farah/ws_farah/build/ros2_control
[579.586s] Level 1:colcon.colcon_core.environment:create_environment_scripts_only(ros2_control)
[579.586s] Level 1:colcon.colcon_core.environment:checking '/home/farah/ws_farah/install/ros2_control' for CMake module files
[579.586s] DEBUG:colcon.colcon_core.event_handler.log_command:Invoked command in '/home/farah/ws_farah/build/ros2_control' returned '0': AMENT_PREFIX_PATH=/home/farah/ws_farah/install/transmission_interface:/home/farah/ws_farah/install/controller_interface:/home/farah/ws_farah/install/ros2controlcli:/home/farah/ws_farah/install/hardware_interface:/home/farah/ws_farah/install/ros2_control_test_assets:/home/farah/ws_farah/install/joint_limits:/home/farah/ws_farah/install/controller_manager_msgs:${AMENT_PREFIX_PATH} CMAKE_PREFIX_PATH=/home/farah/ws_farah/install/transmission_interface:/home/farah/ws_farah/install/controller_interface:/home/farah/ws_farah/install/hardware_interface:/home/farah/ws_farah/install/ros2_control_test_assets:/home/farah/ws_farah/install/joint_limits:/home/farah/ws_farah/install/controller_manager_msgs:/opt/ros/humble LD_LIBRARY_PATH=/home/farah/ws_farah/install/transmission_interface/lib:/home/farah/ws_farah/install/controller_interface/lib:/home/farah/ws_farah/install/hardware_interface/lib:/home/farah/ws_farah/install/joint_limits/lib:/home/farah/ws_farah/install/controller_manager_msgs/lib:${LD_LIBRARY_PATH} PYTHONPATH=/home/farah/ws_farah/install/ros2controlcli/lib/python3.10/site-packages:/home/farah/ws_farah/install/controller_manager_msgs/local/lib/python3.10/dist-packages:${PYTHONPATH} /usr/bin/cmake --install /home/farah/ws_farah/build/ros2_control
[579.587s] Level 1:colcon.colcon_core.environment:checking '/home/farah/ws_farah/install/ros2_control' for CMake config files
[579.587s] Level 1:colcon.colcon_core.shell:create_environment_hook('ros2_control', 'cmake_prefix_path')
[579.587s] INFO:colcon.colcon_core.shell:Creating environment hook '/home/farah/ws_farah/install/ros2_control/share/ros2_control/hook/cmake_prefix_path.ps1'
[579.587s] INFO:colcon.colcon_core.shell:Creating environment descriptor '/home/farah/ws_farah/install/ros2_control/share/ros2_control/hook/cmake_prefix_path.dsv'
[579.588s] INFO:colcon.colcon_core.shell:Creating environment hook '/home/farah/ws_farah/install/ros2_control/share/ros2_control/hook/cmake_prefix_path.sh'
[579.588s] Level 1:colcon.colcon_core.environment:checking '/home/farah/ws_farah/install/ros2_control/bin'
[579.588s] Level 1:colcon.colcon_core.environment:checking '/home/farah/ws_farah/install/ros2_control/lib/pkgconfig/ros2_control.pc'
[579.588s] Level 1:colcon.colcon_core.environment:checking '/home/farah/ws_farah/install/ros2_control/lib/python3.10/site-packages'
[579.588s] Level 1:colcon.colcon_core.environment:checking '/home/farah/ws_farah/install/ros2_control/bin'
[579.589s] INFO:colcon.colcon_core.shell:Creating package script '/home/farah/ws_farah/install/ros2_control/share/ros2_control/package.ps1'
[579.589s] INFO:colcon.colcon_core.shell:Creating package descriptor '/home/farah/ws_farah/install/ros2_control/share/ros2_control/package.dsv'
[579.589s] INFO:colcon.colcon_core.shell:Creating package script '/home/farah/ws_farah/install/ros2_control/share/ros2_control/package.sh'
[579.589s] INFO:colcon.colcon_core.shell:Creating package script '/home/farah/ws_farah/install/ros2_control/share/ros2_control/package.bash'
[579.590s] INFO:colcon.colcon_core.shell:Creating package script '/home/farah/ws_farah/install/ros2_control/share/ros2_control/package.zsh'
[579.590s] Level 1:colcon.colcon_core.environment:create_file_with_runtime_dependencies(/home/farah/ws_farah/install/ros2_control/share/colcon-core/packages/ros2_control)
[579.591s] Level 1:colcon.colcon_core.environment:create_environment_scripts_only(ros2_control)
[579.591s] Level 1:colcon.colcon_core.environment:checking '/home/farah/ws_farah/install/ros2_control' for CMake module files
[579.591s] Level 1:colcon.colcon_core.environment:checking '/home/farah/ws_farah/install/ros2_control' for CMake config files
[579.591s] Level 1:colcon.colcon_core.shell:create_environment_hook('ros2_control', 'cmake_prefix_path')
[579.591s] INFO:colcon.colcon_core.shell:Creating environment hook '/home/farah/ws_farah/install/ros2_control/share/ros2_control/hook/cmake_prefix_path.ps1'
[579.592s] INFO:colcon.colcon_core.shell:Creating environment descriptor '/home/farah/ws_farah/install/ros2_control/share/ros2_control/hook/cmake_prefix_path.dsv'
[579.592s] INFO:colcon.colcon_core.shell:Creating environment hook '/home/farah/ws_farah/install/ros2_control/share/ros2_control/hook/cmake_prefix_path.sh'
[579.592s] Level 1:colcon.colcon_core.environment:checking '/home/farah/ws_farah/install/ros2_control/bin'
[579.592s] Level 1:colcon.colcon_core.environment:checking '/home/farah/ws_farah/install/ros2_control/lib/pkgconfig/ros2_control.pc'
[579.592s] Level 1:colcon.colcon_core.environment:checking '/home/farah/ws_farah/install/ros2_control/lib/python3.10/site-packages'
[579.593s] Level 1:colcon.colcon_core.environment:checking '/home/farah/ws_farah/install/ros2_control/bin'
[579.593s] INFO:colcon.colcon_core.shell:Creating package script '/home/farah/ws_farah/install/ros2_control/share/ros2_control/package.ps1'
[579.593s] INFO:colcon.colcon_core.shell:Creating package descriptor '/home/farah/ws_farah/install/ros2_control/share/ros2_control/package.dsv'
[579.594s] INFO:colcon.colcon_core.shell:Creating package script '/home/farah/ws_farah/install/ros2_control/share/ros2_control/package.sh'
[579.594s] INFO:colcon.colcon_core.shell:Creating package script '/home/farah/ws_farah/install/ros2_control/share/ros2_control/package.bash'
[579.594s] INFO:colcon.colcon_core.shell:Creating package script '/home/farah/ws_farah/install/ros2_control/share/ros2_control/package.zsh'
[579.595s] Level 1:colcon.colcon_core.environment:create_file_with_runtime_dependencies(/home/farah/ws_farah/install/ros2_control/share/colcon-core/packages/ros2_control)
[579.595s] INFO:colcon.colcon_ros.task.ament_cmake.build:Building ROS package in '/home/farah/ws_farah/src/ros2_controllers/ros2_controllers' with build type 'ament_cmake'
[579.595s] INFO:colcon.colcon_cmake.task.cmake.build:Building CMake package in '/home/farah/ws_farah/src/ros2_controllers/ros2_controllers'
[579.595s] INFO:colcon.colcon_core.shell:Skip shell extension 'powershell' for command environment: Not usable outside of PowerShell
[579.595s] DEBUG:colcon.colcon_core.shell:Skip shell extension 'dsv' for command environment
[579.640s] DEBUG:colcon.colcon_core.event_handler.log_command:Invoking command in '/home/farah/ws_farah/build/ros2_controllers': AMENT_PREFIX_PATH=/home/farah/ws_farah/install/velocity_controllers:/home/farah/ws_farah/install/tricycle_steering_controller:/home/farah/ws_farah/install/position_controllers:/home/farah/ws_farah/install/effort_controllers:/home/farah/ws_farah/install/bicycle_steering_controller:/home/farah/ws_farah/install/ackermann_steering_controller:/home/farah/ws_farah/install/tricycle_controller:/home/farah/ws_farah/install/steering_controllers_library:/home/farah/ws_farah/install/range_sensor_broadcaster:/home/farah/ws_farah/install/pose_broadcaster:/home/farah/ws_farah/install/pid_controller:/home/farah/ws_farah/install/mecanum_drive_controller:/home/farah/ws_farah/install/joint_trajectory_controller:/home/farah/ws_farah/install/joint_state_broadcaster:/home/farah/ws_farah/install/imu_sensor_broadcaster:/home/farah/ws_farah/install/gripper_controllers:/home/farah/ws_farah/install/gpio_controllers:/home/farah/ws_farah/install/forward_command_controller:/home/farah/ws_farah/install/force_torque_sensor_broadcaster:/home/farah/ws_farah/install/diff_drive_controller:/home/farah/ws_farah/install/admittance_controller:/home/farah/ws_farah/install/hardware_interface_testing:/home/farah/ws_farah/install/controller_interface:/home/farah/ws_farah/install/hardware_interface:/home/farah/ws_farah/install/ros2_control_test_assets:${AMENT_PREFIX_PATH} CMAKE_PREFIX_PATH=/home/farah/ws_farah/install/velocity_controllers:/home/farah/ws_farah/install/tricycle_steering_controller:/home/farah/ws_farah/install/position_controllers:/home/farah/ws_farah/install/effort_controllers:/home/farah/ws_farah/install/bicycle_steering_controller:/home/farah/ws_farah/install/ackermann_steering_controller:/home/farah/ws_farah/install/tricycle_controller:/home/farah/ws_farah/install/steering_controllers_library:/home/farah/ws_farah/install/range_sensor_broadcaster:/home/farah/ws_farah/install/pose_broadcaster:/home/farah/ws_farah/install/pid_controller:/home/farah/ws_farah/install/mecanum_drive_controller:/home/farah/ws_farah/install/joint_trajectory_controller:/home/farah/ws_farah/install/joint_state_broadcaster:/home/farah/ws_farah/install/imu_sensor_broadcaster:/home/farah/ws_farah/install/gripper_controllers:/home/farah/ws_farah/install/gpio_controllers:/home/farah/ws_farah/install/forward_command_controller:/home/farah/ws_farah/install/force_torque_sensor_broadcaster:/home/farah/ws_farah/install/diff_drive_controller:/home/farah/ws_farah/install/admittance_controller:/home/farah/ws_farah/install/hardware_interface_testing:/home/farah/ws_farah/install/controller_interface:/home/farah/ws_farah/install/hardware_interface:/home/farah/ws_farah/install/ros2_control_test_assets:/opt/ros/humble LD_LIBRARY_PATH=/home/farah/ws_farah/install/velocity_controllers/lib:/home/farah/ws_farah/install/tricycle_steering_controller/lib:/home/farah/ws_farah/install/position_controllers/lib:/home/farah/ws_farah/install/effort_controllers/lib:/home/farah/ws_farah/install/bicycle_steering_controller/lib:/home/farah/ws_farah/install/ackermann_steering_controller/lib:/home/farah/ws_farah/install/tricycle_controller/lib:/home/farah/ws_farah/install/steering_controllers_library/lib:/home/farah/ws_farah/install/range_sensor_broadcaster/lib:/home/farah/ws_farah/install/pose_broadcaster/lib:/home/farah/ws_farah/install/pid_controller/lib:/home/farah/ws_farah/install/mecanum_drive_controller/lib:/home/farah/ws_farah/install/joint_trajectory_controller/lib:/home/farah/ws_farah/install/joint_state_broadcaster/lib:/home/farah/ws_farah/install/imu_sensor_broadcaster/lib:/home/farah/ws_farah/install/gripper_controllers/lib:/home/farah/ws_farah/install/gpio_controllers/lib:/home/farah/ws_farah/install/forward_command_controller/lib:/home/farah/ws_farah/install/force_torque_sensor_broadcaster/lib:/home/farah/ws_farah/install/diff_drive_controller/lib:/home/farah/ws_farah/install/admittance_controller/lib:/home/farah/ws_farah/install/hardware_interface_testing/lib:/home/farah/ws_farah/install/controller_interface/lib:/home/farah/ws_farah/install/hardware_interface/lib:${LD_LIBRARY_PATH} /usr/bin/cmake /home/farah/ws_farah/src/ros2_controllers/ros2_controllers -DCMAKE_INSTALL_PREFIX=/home/farah/ws_farah/install/ros2_controllers
[580.139s] DEBUG:colcon.colcon_core.event_handler.log_command:Invoked command in '/home/farah/ws_farah/build/ros2_controllers' returned '0': AMENT_PREFIX_PATH=/home/farah/ws_farah/install/velocity_controllers:/home/farah/ws_farah/install/tricycle_steering_controller:/home/farah/ws_farah/install/position_controllers:/home/farah/ws_farah/install/effort_controllers:/home/farah/ws_farah/install/bicycle_steering_controller:/home/farah/ws_farah/install/ackermann_steering_controller:/home/farah/ws_farah/install/tricycle_controller:/home/farah/ws_farah/install/steering_controllers_library:/home/farah/ws_farah/install/range_sensor_broadcaster:/home/farah/ws_farah/install/pose_broadcaster:/home/farah/ws_farah/install/pid_controller:/home/farah/ws_farah/install/mecanum_drive_controller:/home/farah/ws_farah/install/joint_trajectory_controller:/home/farah/ws_farah/install/joint_state_broadcaster:/home/farah/ws_farah/install/imu_sensor_broadcaster:/home/farah/ws_farah/install/gripper_controllers:/home/farah/ws_farah/install/gpio_controllers:/home/farah/ws_farah/install/forward_command_controller:/home/farah/ws_farah/install/force_torque_sensor_broadcaster:/home/farah/ws_farah/install/diff_drive_controller:/home/farah/ws_farah/install/admittance_controller:/home/farah/ws_farah/install/hardware_interface_testing:/home/farah/ws_farah/install/controller_interface:/home/farah/ws_farah/install/hardware_interface:/home/farah/ws_farah/install/ros2_control_test_assets:${AMENT_PREFIX_PATH} CMAKE_PREFIX_PATH=/home/farah/ws_farah/install/velocity_controllers:/home/farah/ws_farah/install/tricycle_steering_controller:/home/farah/ws_farah/install/position_controllers:/home/farah/ws_farah/install/effort_controllers:/home/farah/ws_farah/install/bicycle_steering_controller:/home/farah/ws_farah/install/ackermann_steering_controller:/home/farah/ws_farah/install/tricycle_controller:/home/farah/ws_farah/install/steering_controllers_library:/home/farah/ws_farah/install/range_sensor_broadcaster:/home/farah/ws_farah/install/pose_broadcaster:/home/farah/ws_farah/install/pid_controller:/home/farah/ws_farah/install/mecanum_drive_controller:/home/farah/ws_farah/install/joint_trajectory_controller:/home/farah/ws_farah/install/joint_state_broadcaster:/home/farah/ws_farah/install/imu_sensor_broadcaster:/home/farah/ws_farah/install/gripper_controllers:/home/farah/ws_farah/install/gpio_controllers:/home/farah/ws_farah/install/forward_command_controller:/home/farah/ws_farah/install/force_torque_sensor_broadcaster:/home/farah/ws_farah/install/diff_drive_controller:/home/farah/ws_farah/install/admittance_controller:/home/farah/ws_farah/install/hardware_interface_testing:/home/farah/ws_farah/install/controller_interface:/home/farah/ws_farah/install/hardware_interface:/home/farah/ws_farah/install/ros2_control_test_assets:/opt/ros/humble LD_LIBRARY_PATH=/home/farah/ws_farah/install/velocity_controllers/lib:/home/farah/ws_farah/install/tricycle_steering_controller/lib:/home/farah/ws_farah/install/position_controllers/lib:/home/farah/ws_farah/install/effort_controllers/lib:/home/farah/ws_farah/install/bicycle_steering_controller/lib:/home/farah/ws_farah/install/ackermann_steering_controller/lib:/home/farah/ws_farah/install/tricycle_controller/lib:/home/farah/ws_farah/install/steering_controllers_library/lib:/home/farah/ws_farah/install/range_sensor_broadcaster/lib:/home/farah/ws_farah/install/pose_broadcaster/lib:/home/farah/ws_farah/install/pid_controller/lib:/home/farah/ws_farah/install/mecanum_drive_controller/lib:/home/farah/ws_farah/install/joint_trajectory_controller/lib:/home/farah/ws_farah/install/joint_state_broadcaster/lib:/home/farah/ws_farah/install/imu_sensor_broadcaster/lib:/home/farah/ws_farah/install/gripper_controllers/lib:/home/farah/ws_farah/install/gpio_controllers/lib:/home/farah/ws_farah/install/forward_command_controller/lib:/home/farah/ws_farah/install/force_torque_sensor_broadcaster/lib:/home/farah/ws_farah/install/diff_drive_controller/lib:/home/farah/ws_farah/install/admittance_controller/lib:/home/farah/ws_farah/install/hardware_interface_testing/lib:/home/farah/ws_farah/install/controller_interface/lib:/home/farah/ws_farah/install/hardware_interface/lib:${LD_LIBRARY_PATH} /usr/bin/cmake /home/farah/ws_farah/src/ros2_controllers/ros2_controllers -DCMAKE_INSTALL_PREFIX=/home/farah/ws_farah/install/ros2_controllers
[580.140s] DEBUG:colcon.colcon_core.event_handler.log_command:Invoking command in '/home/farah/ws_farah/build/ros2_controllers': AMENT_PREFIX_PATH=/home/farah/ws_farah/install/velocity_controllers:/home/farah/ws_farah/install/tricycle_steering_controller:/home/farah/ws_farah/install/position_controllers:/home/farah/ws_farah/install/effort_controllers:/home/farah/ws_farah/install/bicycle_steering_controller:/home/farah/ws_farah/install/ackermann_steering_controller:/home/farah/ws_farah/install/tricycle_controller:/home/farah/ws_farah/install/steering_controllers_library:/home/farah/ws_farah/install/range_sensor_broadcaster:/home/farah/ws_farah/install/pose_broadcaster:/home/farah/ws_farah/install/pid_controller:/home/farah/ws_farah/install/mecanum_drive_controller:/home/farah/ws_farah/install/joint_trajectory_controller:/home/farah/ws_farah/install/joint_state_broadcaster:/home/farah/ws_farah/install/imu_sensor_broadcaster:/home/farah/ws_farah/install/gripper_controllers:/home/farah/ws_farah/install/gpio_controllers:/home/farah/ws_farah/install/forward_command_controller:/home/farah/ws_farah/install/force_torque_sensor_broadcaster:/home/farah/ws_farah/install/diff_drive_controller:/home/farah/ws_farah/install/admittance_controller:/home/farah/ws_farah/install/hardware_interface_testing:/home/farah/ws_farah/install/controller_interface:/home/farah/ws_farah/install/hardware_interface:/home/farah/ws_farah/install/ros2_control_test_assets:${AMENT_PREFIX_PATH} CMAKE_PREFIX_PATH=/home/farah/ws_farah/install/velocity_controllers:/home/farah/ws_farah/install/tricycle_steering_controller:/home/farah/ws_farah/install/position_controllers:/home/farah/ws_farah/install/effort_controllers:/home/farah/ws_farah/install/bicycle_steering_controller:/home/farah/ws_farah/install/ackermann_steering_controller:/home/farah/ws_farah/install/tricycle_controller:/home/farah/ws_farah/install/steering_controllers_library:/home/farah/ws_farah/install/range_sensor_broadcaster:/home/farah/ws_farah/install/pose_broadcaster:/home/farah/ws_farah/install/pid_controller:/home/farah/ws_farah/install/mecanum_drive_controller:/home/farah/ws_farah/install/joint_trajectory_controller:/home/farah/ws_farah/install/joint_state_broadcaster:/home/farah/ws_farah/install/imu_sensor_broadcaster:/home/farah/ws_farah/install/gripper_controllers:/home/farah/ws_farah/install/gpio_controllers:/home/farah/ws_farah/install/forward_command_controller:/home/farah/ws_farah/install/force_torque_sensor_broadcaster:/home/farah/ws_farah/install/diff_drive_controller:/home/farah/ws_farah/install/admittance_controller:/home/farah/ws_farah/install/hardware_interface_testing:/home/farah/ws_farah/install/controller_interface:/home/farah/ws_farah/install/hardware_interface:/home/farah/ws_farah/install/ros2_control_test_assets:/opt/ros/humble LD_LIBRARY_PATH=/home/farah/ws_farah/install/velocity_controllers/lib:/home/farah/ws_farah/install/tricycle_steering_controller/lib:/home/farah/ws_farah/install/position_controllers/lib:/home/farah/ws_farah/install/effort_controllers/lib:/home/farah/ws_farah/install/bicycle_steering_controller/lib:/home/farah/ws_farah/install/ackermann_steering_controller/lib:/home/farah/ws_farah/install/tricycle_controller/lib:/home/farah/ws_farah/install/steering_controllers_library/lib:/home/farah/ws_farah/install/range_sensor_broadcaster/lib:/home/farah/ws_farah/install/pose_broadcaster/lib:/home/farah/ws_farah/install/pid_controller/lib:/home/farah/ws_farah/install/mecanum_drive_controller/lib:/home/farah/ws_farah/install/joint_trajectory_controller/lib:/home/farah/ws_farah/install/joint_state_broadcaster/lib:/home/farah/ws_farah/install/imu_sensor_broadcaster/lib:/home/farah/ws_farah/install/gripper_controllers/lib:/home/farah/ws_farah/install/gpio_controllers/lib:/home/farah/ws_farah/install/forward_command_controller/lib:/home/farah/ws_farah/install/force_torque_sensor_broadcaster/lib:/home/farah/ws_farah/install/diff_drive_controller/lib:/home/farah/ws_farah/install/admittance_controller/lib:/home/farah/ws_farah/install/hardware_interface_testing/lib:/home/farah/ws_farah/install/controller_interface/lib:/home/farah/ws_farah/install/hardware_interface/lib:${LD_LIBRARY_PATH} /usr/bin/cmake --build /home/farah/ws_farah/build/ros2_controllers -- -j8 -l8
[580.173s] DEBUG:colcon.colcon_core.event_handler.log_command:Invoked command in '/home/farah/ws_farah/build/ros2_controllers' returned '0': AMENT_PREFIX_PATH=/home/farah/ws_farah/install/velocity_controllers:/home/farah/ws_farah/install/tricycle_steering_controller:/home/farah/ws_farah/install/position_controllers:/home/farah/ws_farah/install/effort_controllers:/home/farah/ws_farah/install/bicycle_steering_controller:/home/farah/ws_farah/install/ackermann_steering_controller:/home/farah/ws_farah/install/tricycle_controller:/home/farah/ws_farah/install/steering_controllers_library:/home/farah/ws_farah/install/range_sensor_broadcaster:/home/farah/ws_farah/install/pose_broadcaster:/home/farah/ws_farah/install/pid_controller:/home/farah/ws_farah/install/mecanum_drive_controller:/home/farah/ws_farah/install/joint_trajectory_controller:/home/farah/ws_farah/install/joint_state_broadcaster:/home/farah/ws_farah/install/imu_sensor_broadcaster:/home/farah/ws_farah/install/gripper_controllers:/home/farah/ws_farah/install/gpio_controllers:/home/farah/ws_farah/install/forward_command_controller:/home/farah/ws_farah/install/force_torque_sensor_broadcaster:/home/farah/ws_farah/install/diff_drive_controller:/home/farah/ws_farah/install/admittance_controller:/home/farah/ws_farah/install/hardware_interface_testing:/home/farah/ws_farah/install/controller_interface:/home/farah/ws_farah/install/hardware_interface:/home/farah/ws_farah/install/ros2_control_test_assets:${AMENT_PREFIX_PATH} CMAKE_PREFIX_PATH=/home/farah/ws_farah/install/velocity_controllers:/home/farah/ws_farah/install/tricycle_steering_controller:/home/farah/ws_farah/install/position_controllers:/home/farah/ws_farah/install/effort_controllers:/home/farah/ws_farah/install/bicycle_steering_controller:/home/farah/ws_farah/install/ackermann_steering_controller:/home/farah/ws_farah/install/tricycle_controller:/home/farah/ws_farah/install/steering_controllers_library:/home/farah/ws_farah/install/range_sensor_broadcaster:/home/farah/ws_farah/install/pose_broadcaster:/home/farah/ws_farah/install/pid_controller:/home/farah/ws_farah/install/mecanum_drive_controller:/home/farah/ws_farah/install/joint_trajectory_controller:/home/farah/ws_farah/install/joint_state_broadcaster:/home/farah/ws_farah/install/imu_sensor_broadcaster:/home/farah/ws_farah/install/gripper_controllers:/home/farah/ws_farah/install/gpio_controllers:/home/farah/ws_farah/install/forward_command_controller:/home/farah/ws_farah/install/force_torque_sensor_broadcaster:/home/farah/ws_farah/install/diff_drive_controller:/home/farah/ws_farah/install/admittance_controller:/home/farah/ws_farah/install/hardware_interface_testing:/home/farah/ws_farah/install/controller_interface:/home/farah/ws_farah/install/hardware_interface:/home/farah/ws_farah/install/ros2_control_test_assets:/opt/ros/humble LD_LIBRARY_PATH=/home/farah/ws_farah/install/velocity_controllers/lib:/home/farah/ws_farah/install/tricycle_steering_controller/lib:/home/farah/ws_farah/install/position_controllers/lib:/home/farah/ws_farah/install/effort_controllers/lib:/home/farah/ws_farah/install/bicycle_steering_controller/lib:/home/farah/ws_farah/install/ackermann_steering_controller/lib:/home/farah/ws_farah/install/tricycle_controller/lib:/home/farah/ws_farah/install/steering_controllers_library/lib:/home/farah/ws_farah/install/range_sensor_broadcaster/lib:/home/farah/ws_farah/install/pose_broadcaster/lib:/home/farah/ws_farah/install/pid_controller/lib:/home/farah/ws_farah/install/mecanum_drive_controller/lib:/home/farah/ws_farah/install/joint_trajectory_controller/lib:/home/farah/ws_farah/install/joint_state_broadcaster/lib:/home/farah/ws_farah/install/imu_sensor_broadcaster/lib:/home/farah/ws_farah/install/gripper_controllers/lib:/home/farah/ws_farah/install/gpio_controllers/lib:/home/farah/ws_farah/install/forward_command_controller/lib:/home/farah/ws_farah/install/force_torque_sensor_broadcaster/lib:/home/farah/ws_farah/install/diff_drive_controller/lib:/home/farah/ws_farah/install/admittance_controller/lib:/home/farah/ws_farah/install/hardware_interface_testing/lib:/home/farah/ws_farah/install/controller_interface/lib:/home/farah/ws_farah/install/hardware_interface/lib:${LD_LIBRARY_PATH} /usr/bin/cmake --build /home/farah/ws_farah/build/ros2_controllers -- -j8 -l8
[580.175s] DEBUG:colcon.colcon_core.event_handler.log_command:Invoking command in '/home/farah/ws_farah/build/ros2_controllers': AMENT_PREFIX_PATH=/home/farah/ws_farah/install/velocity_controllers:/home/farah/ws_farah/install/tricycle_steering_controller:/home/farah/ws_farah/install/position_controllers:/home/farah/ws_farah/install/effort_controllers:/home/farah/ws_farah/install/bicycle_steering_controller:/home/farah/ws_farah/install/ackermann_steering_controller:/home/farah/ws_farah/install/tricycle_controller:/home/farah/ws_farah/install/steering_controllers_library:/home/farah/ws_farah/install/range_sensor_broadcaster:/home/farah/ws_farah/install/pose_broadcaster:/home/farah/ws_farah/install/pid_controller:/home/farah/ws_farah/install/mecanum_drive_controller:/home/farah/ws_farah/install/joint_trajectory_controller:/home/farah/ws_farah/install/joint_state_broadcaster:/home/farah/ws_farah/install/imu_sensor_broadcaster:/home/farah/ws_farah/install/gripper_controllers:/home/farah/ws_farah/install/gpio_controllers:/home/farah/ws_farah/install/forward_command_controller:/home/farah/ws_farah/install/force_torque_sensor_broadcaster:/home/farah/ws_farah/install/diff_drive_controller:/home/farah/ws_farah/install/admittance_controller:/home/farah/ws_farah/install/hardware_interface_testing:/home/farah/ws_farah/install/controller_interface:/home/farah/ws_farah/install/hardware_interface:/home/farah/ws_farah/install/ros2_control_test_assets:${AMENT_PREFIX_PATH} CMAKE_PREFIX_PATH=/home/farah/ws_farah/install/velocity_controllers:/home/farah/ws_farah/install/tricycle_steering_controller:/home/farah/ws_farah/install/position_controllers:/home/farah/ws_farah/install/effort_controllers:/home/farah/ws_farah/install/bicycle_steering_controller:/home/farah/ws_farah/install/ackermann_steering_controller:/home/farah/ws_farah/install/tricycle_controller:/home/farah/ws_farah/install/steering_controllers_library:/home/farah/ws_farah/install/range_sensor_broadcaster:/home/farah/ws_farah/install/pose_broadcaster:/home/farah/ws_farah/install/pid_controller:/home/farah/ws_farah/install/mecanum_drive_controller:/home/farah/ws_farah/install/joint_trajectory_controller:/home/farah/ws_farah/install/joint_state_broadcaster:/home/farah/ws_farah/install/imu_sensor_broadcaster:/home/farah/ws_farah/install/gripper_controllers:/home/farah/ws_farah/install/gpio_controllers:/home/farah/ws_farah/install/forward_command_controller:/home/farah/ws_farah/install/force_torque_sensor_broadcaster:/home/farah/ws_farah/install/diff_drive_controller:/home/farah/ws_farah/install/admittance_controller:/home/farah/ws_farah/install/hardware_interface_testing:/home/farah/ws_farah/install/controller_interface:/home/farah/ws_farah/install/hardware_interface:/home/farah/ws_farah/install/ros2_control_test_assets:/opt/ros/humble LD_LIBRARY_PATH=/home/farah/ws_farah/install/velocity_controllers/lib:/home/farah/ws_farah/install/tricycle_steering_controller/lib:/home/farah/ws_farah/install/position_controllers/lib:/home/farah/ws_farah/install/effort_controllers/lib:/home/farah/ws_farah/install/bicycle_steering_controller/lib:/home/farah/ws_farah/install/ackermann_steering_controller/lib:/home/farah/ws_farah/install/tricycle_controller/lib:/home/farah/ws_farah/install/steering_controllers_library/lib:/home/farah/ws_farah/install/range_sensor_broadcaster/lib:/home/farah/ws_farah/install/pose_broadcaster/lib:/home/farah/ws_farah/install/pid_controller/lib:/home/farah/ws_farah/install/mecanum_drive_controller/lib:/home/farah/ws_farah/install/joint_trajectory_controller/lib:/home/farah/ws_farah/install/joint_state_broadcaster/lib:/home/farah/ws_farah/install/imu_sensor_broadcaster/lib:/home/farah/ws_farah/install/gripper_controllers/lib:/home/farah/ws_farah/install/gpio_controllers/lib:/home/farah/ws_farah/install/forward_command_controller/lib:/home/farah/ws_farah/install/force_torque_sensor_broadcaster/lib:/home/farah/ws_farah/install/diff_drive_controller/lib:/home/farah/ws_farah/install/admittance_controller/lib:/home/farah/ws_farah/install/hardware_interface_testing/lib:/home/farah/ws_farah/install/controller_interface/lib:/home/farah/ws_farah/install/hardware_interface/lib:${LD_LIBRARY_PATH} /usr/bin/cmake --install /home/farah/ws_farah/build/ros2_controllers
[580.184s] Level 1:colcon.colcon_core.environment:create_environment_scripts_only(ros2_controllers)
[580.184s] Level 1:colcon.colcon_core.environment:checking '/home/farah/ws_farah/install/ros2_controllers' for CMake module files
[580.185s] DEBUG:colcon.colcon_core.event_handler.log_command:Invoked command in '/home/farah/ws_farah/build/ros2_controllers' returned '0': AMENT_PREFIX_PATH=/home/farah/ws_farah/install/velocity_controllers:/home/farah/ws_farah/install/tricycle_steering_controller:/home/farah/ws_farah/install/position_controllers:/home/farah/ws_farah/install/effort_controllers:/home/farah/ws_farah/install/bicycle_steering_controller:/home/farah/ws_farah/install/ackermann_steering_controller:/home/farah/ws_farah/install/tricycle_controller:/home/farah/ws_farah/install/steering_controllers_library:/home/farah/ws_farah/install/range_sensor_broadcaster:/home/farah/ws_farah/install/pose_broadcaster:/home/farah/ws_farah/install/pid_controller:/home/farah/ws_farah/install/mecanum_drive_controller:/home/farah/ws_farah/install/joint_trajectory_controller:/home/farah/ws_farah/install/joint_state_broadcaster:/home/farah/ws_farah/install/imu_sensor_broadcaster:/home/farah/ws_farah/install/gripper_controllers:/home/farah/ws_farah/install/gpio_controllers:/home/farah/ws_farah/install/forward_command_controller:/home/farah/ws_farah/install/force_torque_sensor_broadcaster:/home/farah/ws_farah/install/diff_drive_controller:/home/farah/ws_farah/install/admittance_controller:/home/farah/ws_farah/install/hardware_interface_testing:/home/farah/ws_farah/install/controller_interface:/home/farah/ws_farah/install/hardware_interface:/home/farah/ws_farah/install/ros2_control_test_assets:${AMENT_PREFIX_PATH} CMAKE_PREFIX_PATH=/home/farah/ws_farah/install/velocity_controllers:/home/farah/ws_farah/install/tricycle_steering_controller:/home/farah/ws_farah/install/position_controllers:/home/farah/ws_farah/install/effort_controllers:/home/farah/ws_farah/install/bicycle_steering_controller:/home/farah/ws_farah/install/ackermann_steering_controller:/home/farah/ws_farah/install/tricycle_controller:/home/farah/ws_farah/install/steering_controllers_library:/home/farah/ws_farah/install/range_sensor_broadcaster:/home/farah/ws_farah/install/pose_broadcaster:/home/farah/ws_farah/install/pid_controller:/home/farah/ws_farah/install/mecanum_drive_controller:/home/farah/ws_farah/install/joint_trajectory_controller:/home/farah/ws_farah/install/joint_state_broadcaster:/home/farah/ws_farah/install/imu_sensor_broadcaster:/home/farah/ws_farah/install/gripper_controllers:/home/farah/ws_farah/install/gpio_controllers:/home/farah/ws_farah/install/forward_command_controller:/home/farah/ws_farah/install/force_torque_sensor_broadcaster:/home/farah/ws_farah/install/diff_drive_controller:/home/farah/ws_farah/install/admittance_controller:/home/farah/ws_farah/install/hardware_interface_testing:/home/farah/ws_farah/install/controller_interface:/home/farah/ws_farah/install/hardware_interface:/home/farah/ws_farah/install/ros2_control_test_assets:/opt/ros/humble LD_LIBRARY_PATH=/home/farah/ws_farah/install/velocity_controllers/lib:/home/farah/ws_farah/install/tricycle_steering_controller/lib:/home/farah/ws_farah/install/position_controllers/lib:/home/farah/ws_farah/install/effort_controllers/lib:/home/farah/ws_farah/install/bicycle_steering_controller/lib:/home/farah/ws_farah/install/ackermann_steering_controller/lib:/home/farah/ws_farah/install/tricycle_controller/lib:/home/farah/ws_farah/install/steering_controllers_library/lib:/home/farah/ws_farah/install/range_sensor_broadcaster/lib:/home/farah/ws_farah/install/pose_broadcaster/lib:/home/farah/ws_farah/install/pid_controller/lib:/home/farah/ws_farah/install/mecanum_drive_controller/lib:/home/farah/ws_farah/install/joint_trajectory_controller/lib:/home/farah/ws_farah/install/joint_state_broadcaster/lib:/home/farah/ws_farah/install/imu_sensor_broadcaster/lib:/home/farah/ws_farah/install/gripper_controllers/lib:/home/farah/ws_farah/install/gpio_controllers/lib:/home/farah/ws_farah/install/forward_command_controller/lib:/home/farah/ws_farah/install/force_torque_sensor_broadcaster/lib:/home/farah/ws_farah/install/diff_drive_controller/lib:/home/farah/ws_farah/install/admittance_controller/lib:/home/farah/ws_farah/install/hardware_interface_testing/lib:/home/farah/ws_farah/install/controller_interface/lib:/home/farah/ws_farah/install/hardware_interface/lib:${LD_LIBRARY_PATH} /usr/bin/cmake --install /home/farah/ws_farah/build/ros2_controllers
[580.185s] Level 1:colcon.colcon_core.environment:checking '/home/farah/ws_farah/install/ros2_controllers' for CMake config files
[580.185s] Level 1:colcon.colcon_core.shell:create_environment_hook('ros2_controllers', 'cmake_prefix_path')
[580.185s] INFO:colcon.colcon_core.shell:Creating environment hook '/home/farah/ws_farah/install/ros2_controllers/share/ros2_controllers/hook/cmake_prefix_path.ps1'
[580.185s] INFO:colcon.colcon_core.shell:Creating environment descriptor '/home/farah/ws_farah/install/ros2_controllers/share/ros2_controllers/hook/cmake_prefix_path.dsv'
[580.186s] INFO:colcon.colcon_core.shell:Creating environment hook '/home/farah/ws_farah/install/ros2_controllers/share/ros2_controllers/hook/cmake_prefix_path.sh'
[580.186s] Level 1:colcon.colcon_core.environment:checking '/home/farah/ws_farah/install/ros2_controllers/bin'
[580.186s] Level 1:colcon.colcon_core.environment:checking '/home/farah/ws_farah/install/ros2_controllers/lib/pkgconfig/ros2_controllers.pc'
[580.186s] Level 1:colcon.colcon_core.environment:checking '/home/farah/ws_farah/install/ros2_controllers/lib/python3.10/site-packages'
[580.187s] Level 1:colcon.colcon_core.environment:checking '/home/farah/ws_farah/install/ros2_controllers/bin'
[580.187s] INFO:colcon.colcon_core.shell:Creating package script '/home/farah/ws_farah/install/ros2_controllers/share/ros2_controllers/package.ps1'
[580.187s] INFO:colcon.colcon_core.shell:Creating package descriptor '/home/farah/ws_farah/install/ros2_controllers/share/ros2_controllers/package.dsv'
[580.187s] INFO:colcon.colcon_core.shell:Creating package script '/home/farah/ws_farah/install/ros2_controllers/share/ros2_controllers/package.sh'
[580.188s] INFO:colcon.colcon_core.shell:Creating package script '/home/farah/ws_farah/install/ros2_controllers/share/ros2_controllers/package.bash'
[580.188s] INFO:colcon.colcon_core.shell:Creating package script '/home/farah/ws_farah/install/ros2_controllers/share/ros2_controllers/package.zsh'
[580.188s] Level 1:colcon.colcon_core.environment:create_file_with_runtime_dependencies(/home/farah/ws_farah/install/ros2_controllers/share/colcon-core/packages/ros2_controllers)
[580.189s] Level 1:colcon.colcon_core.environment:create_environment_scripts_only(ros2_controllers)
[580.189s] Level 1:colcon.colcon_core.environment:checking '/home/farah/ws_farah/install/ros2_controllers' for CMake module files
[580.189s] Level 1:colcon.colcon_core.environment:checking '/home/farah/ws_farah/install/ros2_controllers' for CMake config files
[580.189s] Level 1:colcon.colcon_core.shell:create_environment_hook('ros2_controllers', 'cmake_prefix_path')
[580.189s] INFO:colcon.colcon_core.shell:Creating environment hook '/home/farah/ws_farah/install/ros2_controllers/share/ros2_controllers/hook/cmake_prefix_path.ps1'
[580.190s] INFO:colcon.colcon_core.shell:Creating environment descriptor '/home/farah/ws_farah/install/ros2_controllers/share/ros2_controllers/hook/cmake_prefix_path.dsv'
[580.190s] INFO:colcon.colcon_core.shell:Creating environment hook '/home/farah/ws_farah/install/ros2_controllers/share/ros2_controllers/hook/cmake_prefix_path.sh'
[580.190s] Level 1:colcon.colcon_core.environment:checking '/home/farah/ws_farah/install/ros2_controllers/bin'
[580.190s] Level 1:colcon.colcon_core.environment:checking '/home/farah/ws_farah/install/ros2_controllers/lib/pkgconfig/ros2_controllers.pc'
[580.190s] Level 1:colcon.colcon_core.environment:checking '/home/farah/ws_farah/install/ros2_controllers/lib/python3.10/site-packages'
[580.191s] Level 1:colcon.colcon_core.environment:checking '/home/farah/ws_farah/install/ros2_controllers/bin'
[580.191s] INFO:colcon.colcon_core.shell:Creating package script '/home/farah/ws_farah/install/ros2_controllers/share/ros2_controllers/package.ps1'
[580.191s] INFO:colcon.colcon_core.shell:Creating package descriptor '/home/farah/ws_farah/install/ros2_controllers/share/ros2_controllers/package.dsv'
[580.192s] INFO:colcon.colcon_core.shell:Creating package script '/home/farah/ws_farah/install/ros2_controllers/share/ros2_controllers/package.sh'
[580.192s] INFO:colcon.colcon_core.shell:Creating package script '/home/farah/ws_farah/install/ros2_controllers/share/ros2_controllers/package.bash'
[580.192s] INFO:colcon.colcon_core.shell:Creating package script '/home/farah/ws_farah/install/ros2_controllers/share/ros2_controllers/package.zsh'
[580.192s] Level 1:colcon.colcon_core.environment:create_file_with_runtime_dependencies(/home/farah/ws_farah/install/ros2_controllers/share/colcon-core/packages/ros2_controllers)
[580.193s] INFO:colcon.colcon_ros.task.ament_cmake.build:Building ROS package in '/home/farah/ws_farah/src/ros2_control_demos/ros2_control_demos' with build type 'ament_cmake'
[580.193s] INFO:colcon.colcon_cmake.task.cmake.build:Building CMake package in '/home/farah/ws_farah/src/ros2_control_demos/ros2_control_demos'
[580.193s] INFO:colcon.colcon_core.shell:Skip shell extension 'powershell' for command environment: Not usable outside of PowerShell
[580.193s] DEBUG:colcon.colcon_core.shell:Skip shell extension 'dsv' for command environment
[580.250s] DEBUG:colcon.colcon_core.event_handler.log_command:Invoking command in '/home/farah/ws_farah/build/ros2_control_demos': AMENT_PREFIX_PATH=/home/farah/ws_farah/install/ros2_control_demo_example_3:/home/farah/ws_farah/install/ros2_control_demo_example_15:/home/farah/ws_farah/install/ros2_control_demo_example_13:/home/farah/ws_farah/install/ros2_control_demo_example_11:/home/farah/ws_farah/install/velocity_controllers:/home/farah/ws_farah/install/ros2_control_demo_example_9:/home/farah/ws_farah/install/ros2_control_demo_example_8:/home/farah/ws_farah/install/ros2_control_demo_example_7:/home/farah/ws_farah/install/ros2_control_demo_example_6:/home/farah/ws_farah/install/ros2_control_demo_example_5:/home/farah/ws_farah/install/ros2_control_demo_example_4:/home/farah/ws_farah/install/ros2_control_demo_example_2:/home/farah/ws_farah/install/ros2_control_demo_example_14:/home/farah/ws_farah/install/ros2_control_demo_example_12:/home/farah/ws_farah/install/ros2_control_demo_example_10:/home/farah/ws_farah/install/ros2_control_demo_example_1:/home/farah/ws_farah/install/position_controllers:/home/farah/ws_farah/install/bicycle_steering_controller:/home/farah/ws_farah/install/steering_controllers_library:/home/farah/ws_farah/install/joint_trajectory_controller:/home/farah/ws_farah/install/joint_state_broadcaster:/home/farah/ws_farah/install/gpio_controllers:/home/farah/ws_farah/install/forward_command_controller:/home/farah/ws_farah/install/force_torque_sensor_broadcaster:/home/farah/ws_farah/install/diff_drive_controller:/home/farah/ws_farah/install/transmission_interface:/home/farah/ws_farah/install/hardware_interface_testing:/home/farah/ws_farah/install/controller_interface:/home/farah/ws_farah/install/rqt_joint_trajectory_controller:/home/farah/ws_farah/install/ros2controlcli:/home/farah/ws_farah/install/hardware_interface:/home/farah/ws_farah/install/ros2_controllers_test_nodes:/home/farah/ws_farah/install/ros2_control_test_assets:/home/farah/ws_farah/install/ros2_control_demo_description:/home/farah/ws_farah/install/controller_manager_msgs:${AMENT_PREFIX_PATH} CMAKE_PREFIX_PATH=/home/farah/ws_farah/install/ros2_control_demo_example_3:/home/farah/ws_farah/install/ros2_control_demo_example_15:/home/farah/ws_farah/install/ros2_control_demo_example_13:/home/farah/ws_farah/install/ros2_control_demo_example_11:/home/farah/ws_farah/install/velocity_controllers:/home/farah/ws_farah/install/ros2_control_demo_example_9:/home/farah/ws_farah/install/ros2_control_demo_example_8:/home/farah/ws_farah/install/ros2_control_demo_example_7:/home/farah/ws_farah/install/ros2_control_demo_example_6:/home/farah/ws_farah/install/ros2_control_demo_example_5:/home/farah/ws_farah/install/ros2_control_demo_example_4:/home/farah/ws_farah/install/ros2_control_demo_example_2:/home/farah/ws_farah/install/ros2_control_demo_example_14:/home/farah/ws_farah/install/ros2_control_demo_example_12:/home/farah/ws_farah/install/ros2_control_demo_example_10:/home/farah/ws_farah/install/ros2_control_demo_example_1:/home/farah/ws_farah/install/position_controllers:/home/farah/ws_farah/install/bicycle_steering_controller:/home/farah/ws_farah/install/steering_controllers_library:/home/farah/ws_farah/install/joint_trajectory_controller:/home/farah/ws_farah/install/joint_state_broadcaster:/home/farah/ws_farah/install/gpio_controllers:/home/farah/ws_farah/install/forward_command_controller:/home/farah/ws_farah/install/force_torque_sensor_broadcaster:/home/farah/ws_farah/install/diff_drive_controller:/home/farah/ws_farah/install/transmission_interface:/home/farah/ws_farah/install/hardware_interface_testing:/home/farah/ws_farah/install/controller_interface:/home/farah/ws_farah/install/hardware_interface:/home/farah/ws_farah/install/ros2_control_test_assets:/home/farah/ws_farah/install/ros2_control_demo_description:/home/farah/ws_farah/install/controller_manager_msgs:/opt/ros/humble LD_LIBRARY_PATH=/home/farah/ws_farah/install/ros2_control_demo_example_3/lib:/home/farah/ws_farah/install/ros2_control_demo_example_11/lib:/home/farah/ws_farah/install/velocity_controllers/lib:/home/farah/ws_farah/install/ros2_control_demo_example_9/lib:/home/farah/ws_farah/install/ros2_control_demo_example_8/lib:/home/farah/ws_farah/install/ros2_control_demo_example_7/lib:/home/farah/ws_farah/install/ros2_control_demo_example_6/lib:/home/farah/ws_farah/install/ros2_control_demo_example_5/lib:/home/farah/ws_farah/install/ros2_control_demo_example_4/lib:/home/farah/ws_farah/install/ros2_control_demo_example_2/lib:/home/farah/ws_farah/install/ros2_control_demo_example_14/lib:/home/farah/ws_farah/install/ros2_control_demo_example_12/lib:/home/farah/ws_farah/install/ros2_control_demo_example_10/lib:/home/farah/ws_farah/install/ros2_control_demo_example_1/lib:/home/farah/ws_farah/install/position_controllers/lib:/home/farah/ws_farah/install/bicycle_steering_controller/lib:/home/farah/ws_farah/install/steering_controllers_library/lib:/home/farah/ws_farah/install/joint_trajectory_controller/lib:/home/farah/ws_farah/install/joint_state_broadcaster/lib:/home/farah/ws_farah/install/gpio_controllers/lib:/home/farah/ws_farah/install/forward_command_controller/lib:/home/farah/ws_farah/install/force_torque_sensor_broadcaster/lib:/home/farah/ws_farah/install/diff_drive_controller/lib:/home/farah/ws_farah/install/transmission_interface/lib:/home/farah/ws_farah/install/hardware_interface_testing/lib:/home/farah/ws_farah/install/controller_interface/lib:/home/farah/ws_farah/install/hardware_interface/lib:/home/farah/ws_farah/install/controller_manager_msgs/lib:${LD_LIBRARY_PATH} PYTHONPATH=/home/farah/ws_farah/install/rqt_joint_trajectory_controller/lib/python3.10/site-packages:/home/farah/ws_farah/install/ros2controlcli/lib/python3.10/site-packages:/home/farah/ws_farah/install/ros2_controllers_test_nodes/lib/python3.10/site-packages:/home/farah/ws_farah/install/controller_manager_msgs/local/lib/python3.10/dist-packages:${PYTHONPATH} /usr/bin/cmake /home/farah/ws_farah/src/ros2_control_demos/ros2_control_demos -DCMAKE_INSTALL_PREFIX=/home/farah/ws_farah/install/ros2_control_demos
[580.980s] DEBUG:colcon.colcon_core.event_handler.log_command:Invoked command in '/home/farah/ws_farah/build/ros2_control_demos' returned '0': AMENT_PREFIX_PATH=/home/farah/ws_farah/install/ros2_control_demo_example_3:/home/farah/ws_farah/install/ros2_control_demo_example_15:/home/farah/ws_farah/install/ros2_control_demo_example_13:/home/farah/ws_farah/install/ros2_control_demo_example_11:/home/farah/ws_farah/install/velocity_controllers:/home/farah/ws_farah/install/ros2_control_demo_example_9:/home/farah/ws_farah/install/ros2_control_demo_example_8:/home/farah/ws_farah/install/ros2_control_demo_example_7:/home/farah/ws_farah/install/ros2_control_demo_example_6:/home/farah/ws_farah/install/ros2_control_demo_example_5:/home/farah/ws_farah/install/ros2_control_demo_example_4:/home/farah/ws_farah/install/ros2_control_demo_example_2:/home/farah/ws_farah/install/ros2_control_demo_example_14:/home/farah/ws_farah/install/ros2_control_demo_example_12:/home/farah/ws_farah/install/ros2_control_demo_example_10:/home/farah/ws_farah/install/ros2_control_demo_example_1:/home/farah/ws_farah/install/position_controllers:/home/farah/ws_farah/install/bicycle_steering_controller:/home/farah/ws_farah/install/steering_controllers_library:/home/farah/ws_farah/install/joint_trajectory_controller:/home/farah/ws_farah/install/joint_state_broadcaster:/home/farah/ws_farah/install/gpio_controllers:/home/farah/ws_farah/install/forward_command_controller:/home/farah/ws_farah/install/force_torque_sensor_broadcaster:/home/farah/ws_farah/install/diff_drive_controller:/home/farah/ws_farah/install/transmission_interface:/home/farah/ws_farah/install/hardware_interface_testing:/home/farah/ws_farah/install/controller_interface:/home/farah/ws_farah/install/rqt_joint_trajectory_controller:/home/farah/ws_farah/install/ros2controlcli:/home/farah/ws_farah/install/hardware_interface:/home/farah/ws_farah/install/ros2_controllers_test_nodes:/home/farah/ws_farah/install/ros2_control_test_assets:/home/farah/ws_farah/install/ros2_control_demo_description:/home/farah/ws_farah/install/controller_manager_msgs:${AMENT_PREFIX_PATH} CMAKE_PREFIX_PATH=/home/farah/ws_farah/install/ros2_control_demo_example_3:/home/farah/ws_farah/install/ros2_control_demo_example_15:/home/farah/ws_farah/install/ros2_control_demo_example_13:/home/farah/ws_farah/install/ros2_control_demo_example_11:/home/farah/ws_farah/install/velocity_controllers:/home/farah/ws_farah/install/ros2_control_demo_example_9:/home/farah/ws_farah/install/ros2_control_demo_example_8:/home/farah/ws_farah/install/ros2_control_demo_example_7:/home/farah/ws_farah/install/ros2_control_demo_example_6:/home/farah/ws_farah/install/ros2_control_demo_example_5:/home/farah/ws_farah/install/ros2_control_demo_example_4:/home/farah/ws_farah/install/ros2_control_demo_example_2:/home/farah/ws_farah/install/ros2_control_demo_example_14:/home/farah/ws_farah/install/ros2_control_demo_example_12:/home/farah/ws_farah/install/ros2_control_demo_example_10:/home/farah/ws_farah/install/ros2_control_demo_example_1:/home/farah/ws_farah/install/position_controllers:/home/farah/ws_farah/install/bicycle_steering_controller:/home/farah/ws_farah/install/steering_controllers_library:/home/farah/ws_farah/install/joint_trajectory_controller:/home/farah/ws_farah/install/joint_state_broadcaster:/home/farah/ws_farah/install/gpio_controllers:/home/farah/ws_farah/install/forward_command_controller:/home/farah/ws_farah/install/force_torque_sensor_broadcaster:/home/farah/ws_farah/install/diff_drive_controller:/home/farah/ws_farah/install/transmission_interface:/home/farah/ws_farah/install/hardware_interface_testing:/home/farah/ws_farah/install/controller_interface:/home/farah/ws_farah/install/hardware_interface:/home/farah/ws_farah/install/ros2_control_test_assets:/home/farah/ws_farah/install/ros2_control_demo_description:/home/farah/ws_farah/install/controller_manager_msgs:/opt/ros/humble LD_LIBRARY_PATH=/home/farah/ws_farah/install/ros2_control_demo_example_3/lib:/home/farah/ws_farah/install/ros2_control_demo_example_11/lib:/home/farah/ws_farah/install/velocity_controllers/lib:/home/farah/ws_farah/install/ros2_control_demo_example_9/lib:/home/farah/ws_farah/install/ros2_control_demo_example_8/lib:/home/farah/ws_farah/install/ros2_control_demo_example_7/lib:/home/farah/ws_farah/install/ros2_control_demo_example_6/lib:/home/farah/ws_farah/install/ros2_control_demo_example_5/lib:/home/farah/ws_farah/install/ros2_control_demo_example_4/lib:/home/farah/ws_farah/install/ros2_control_demo_example_2/lib:/home/farah/ws_farah/install/ros2_control_demo_example_14/lib:/home/farah/ws_farah/install/ros2_control_demo_example_12/lib:/home/farah/ws_farah/install/ros2_control_demo_example_10/lib:/home/farah/ws_farah/install/ros2_control_demo_example_1/lib:/home/farah/ws_farah/install/position_controllers/lib:/home/farah/ws_farah/install/bicycle_steering_controller/lib:/home/farah/ws_farah/install/steering_controllers_library/lib:/home/farah/ws_farah/install/joint_trajectory_controller/lib:/home/farah/ws_farah/install/joint_state_broadcaster/lib:/home/farah/ws_farah/install/gpio_controllers/lib:/home/farah/ws_farah/install/forward_command_controller/lib:/home/farah/ws_farah/install/force_torque_sensor_broadcaster/lib:/home/farah/ws_farah/install/diff_drive_controller/lib:/home/farah/ws_farah/install/transmission_interface/lib:/home/farah/ws_farah/install/hardware_interface_testing/lib:/home/farah/ws_farah/install/controller_interface/lib:/home/farah/ws_farah/install/hardware_interface/lib:/home/farah/ws_farah/install/controller_manager_msgs/lib:${LD_LIBRARY_PATH} PYTHONPATH=/home/farah/ws_farah/install/rqt_joint_trajectory_controller/lib/python3.10/site-packages:/home/farah/ws_farah/install/ros2controlcli/lib/python3.10/site-packages:/home/farah/ws_farah/install/ros2_controllers_test_nodes/lib/python3.10/site-packages:/home/farah/ws_farah/install/controller_manager_msgs/local/lib/python3.10/dist-packages:${PYTHONPATH} /usr/bin/cmake /home/farah/ws_farah/src/ros2_control_demos/ros2_control_demos -DCMAKE_INSTALL_PREFIX=/home/farah/ws_farah/install/ros2_control_demos
[580.981s] DEBUG:colcon.colcon_core.event_handler.log_command:Invoking command in '/home/farah/ws_farah/build/ros2_control_demos': AMENT_PREFIX_PATH=/home/farah/ws_farah/install/ros2_control_demo_example_3:/home/farah/ws_farah/install/ros2_control_demo_example_15:/home/farah/ws_farah/install/ros2_control_demo_example_13:/home/farah/ws_farah/install/ros2_control_demo_example_11:/home/farah/ws_farah/install/velocity_controllers:/home/farah/ws_farah/install/ros2_control_demo_example_9:/home/farah/ws_farah/install/ros2_control_demo_example_8:/home/farah/ws_farah/install/ros2_control_demo_example_7:/home/farah/ws_farah/install/ros2_control_demo_example_6:/home/farah/ws_farah/install/ros2_control_demo_example_5:/home/farah/ws_farah/install/ros2_control_demo_example_4:/home/farah/ws_farah/install/ros2_control_demo_example_2:/home/farah/ws_farah/install/ros2_control_demo_example_14:/home/farah/ws_farah/install/ros2_control_demo_example_12:/home/farah/ws_farah/install/ros2_control_demo_example_10:/home/farah/ws_farah/install/ros2_control_demo_example_1:/home/farah/ws_farah/install/position_controllers:/home/farah/ws_farah/install/bicycle_steering_controller:/home/farah/ws_farah/install/steering_controllers_library:/home/farah/ws_farah/install/joint_trajectory_controller:/home/farah/ws_farah/install/joint_state_broadcaster:/home/farah/ws_farah/install/gpio_controllers:/home/farah/ws_farah/install/forward_command_controller:/home/farah/ws_farah/install/force_torque_sensor_broadcaster:/home/farah/ws_farah/install/diff_drive_controller:/home/farah/ws_farah/install/transmission_interface:/home/farah/ws_farah/install/hardware_interface_testing:/home/farah/ws_farah/install/controller_interface:/home/farah/ws_farah/install/rqt_joint_trajectory_controller:/home/farah/ws_farah/install/ros2controlcli:/home/farah/ws_farah/install/hardware_interface:/home/farah/ws_farah/install/ros2_controllers_test_nodes:/home/farah/ws_farah/install/ros2_control_test_assets:/home/farah/ws_farah/install/ros2_control_demo_description:/home/farah/ws_farah/install/controller_manager_msgs:${AMENT_PREFIX_PATH} CMAKE_PREFIX_PATH=/home/farah/ws_farah/install/ros2_control_demo_example_3:/home/farah/ws_farah/install/ros2_control_demo_example_15:/home/farah/ws_farah/install/ros2_control_demo_example_13:/home/farah/ws_farah/install/ros2_control_demo_example_11:/home/farah/ws_farah/install/velocity_controllers:/home/farah/ws_farah/install/ros2_control_demo_example_9:/home/farah/ws_farah/install/ros2_control_demo_example_8:/home/farah/ws_farah/install/ros2_control_demo_example_7:/home/farah/ws_farah/install/ros2_control_demo_example_6:/home/farah/ws_farah/install/ros2_control_demo_example_5:/home/farah/ws_farah/install/ros2_control_demo_example_4:/home/farah/ws_farah/install/ros2_control_demo_example_2:/home/farah/ws_farah/install/ros2_control_demo_example_14:/home/farah/ws_farah/install/ros2_control_demo_example_12:/home/farah/ws_farah/install/ros2_control_demo_example_10:/home/farah/ws_farah/install/ros2_control_demo_example_1:/home/farah/ws_farah/install/position_controllers:/home/farah/ws_farah/install/bicycle_steering_controller:/home/farah/ws_farah/install/steering_controllers_library:/home/farah/ws_farah/install/joint_trajectory_controller:/home/farah/ws_farah/install/joint_state_broadcaster:/home/farah/ws_farah/install/gpio_controllers:/home/farah/ws_farah/install/forward_command_controller:/home/farah/ws_farah/install/force_torque_sensor_broadcaster:/home/farah/ws_farah/install/diff_drive_controller:/home/farah/ws_farah/install/transmission_interface:/home/farah/ws_farah/install/hardware_interface_testing:/home/farah/ws_farah/install/controller_interface:/home/farah/ws_farah/install/hardware_interface:/home/farah/ws_farah/install/ros2_control_test_assets:/home/farah/ws_farah/install/ros2_control_demo_description:/home/farah/ws_farah/install/controller_manager_msgs:/opt/ros/humble LD_LIBRARY_PATH=/home/farah/ws_farah/install/ros2_control_demo_example_3/lib:/home/farah/ws_farah/install/ros2_control_demo_example_11/lib:/home/farah/ws_farah/install/velocity_controllers/lib:/home/farah/ws_farah/install/ros2_control_demo_example_9/lib:/home/farah/ws_farah/install/ros2_control_demo_example_8/lib:/home/farah/ws_farah/install/ros2_control_demo_example_7/lib:/home/farah/ws_farah/install/ros2_control_demo_example_6/lib:/home/farah/ws_farah/install/ros2_control_demo_example_5/lib:/home/farah/ws_farah/install/ros2_control_demo_example_4/lib:/home/farah/ws_farah/install/ros2_control_demo_example_2/lib:/home/farah/ws_farah/install/ros2_control_demo_example_14/lib:/home/farah/ws_farah/install/ros2_control_demo_example_12/lib:/home/farah/ws_farah/install/ros2_control_demo_example_10/lib:/home/farah/ws_farah/install/ros2_control_demo_example_1/lib:/home/farah/ws_farah/install/position_controllers/lib:/home/farah/ws_farah/install/bicycle_steering_controller/lib:/home/farah/ws_farah/install/steering_controllers_library/lib:/home/farah/ws_farah/install/joint_trajectory_controller/lib:/home/farah/ws_farah/install/joint_state_broadcaster/lib:/home/farah/ws_farah/install/gpio_controllers/lib:/home/farah/ws_farah/install/forward_command_controller/lib:/home/farah/ws_farah/install/force_torque_sensor_broadcaster/lib:/home/farah/ws_farah/install/diff_drive_controller/lib:/home/farah/ws_farah/install/transmission_interface/lib:/home/farah/ws_farah/install/hardware_interface_testing/lib:/home/farah/ws_farah/install/controller_interface/lib:/home/farah/ws_farah/install/hardware_interface/lib:/home/farah/ws_farah/install/controller_manager_msgs/lib:${LD_LIBRARY_PATH} PYTHONPATH=/home/farah/ws_farah/install/rqt_joint_trajectory_controller/lib/python3.10/site-packages:/home/farah/ws_farah/install/ros2controlcli/lib/python3.10/site-packages:/home/farah/ws_farah/install/ros2_controllers_test_nodes/lib/python3.10/site-packages:/home/farah/ws_farah/install/controller_manager_msgs/local/lib/python3.10/dist-packages:${PYTHONPATH} /usr/bin/cmake --build /home/farah/ws_farah/build/ros2_control_demos -- -j8 -l8
[581.016s] DEBUG:colcon.colcon_core.event_handler.log_command:Invoked command in '/home/farah/ws_farah/build/ros2_control_demos' returned '0': AMENT_PREFIX_PATH=/home/farah/ws_farah/install/ros2_control_demo_example_3:/home/farah/ws_farah/install/ros2_control_demo_example_15:/home/farah/ws_farah/install/ros2_control_demo_example_13:/home/farah/ws_farah/install/ros2_control_demo_example_11:/home/farah/ws_farah/install/velocity_controllers:/home/farah/ws_farah/install/ros2_control_demo_example_9:/home/farah/ws_farah/install/ros2_control_demo_example_8:/home/farah/ws_farah/install/ros2_control_demo_example_7:/home/farah/ws_farah/install/ros2_control_demo_example_6:/home/farah/ws_farah/install/ros2_control_demo_example_5:/home/farah/ws_farah/install/ros2_control_demo_example_4:/home/farah/ws_farah/install/ros2_control_demo_example_2:/home/farah/ws_farah/install/ros2_control_demo_example_14:/home/farah/ws_farah/install/ros2_control_demo_example_12:/home/farah/ws_farah/install/ros2_control_demo_example_10:/home/farah/ws_farah/install/ros2_control_demo_example_1:/home/farah/ws_farah/install/position_controllers:/home/farah/ws_farah/install/bicycle_steering_controller:/home/farah/ws_farah/install/steering_controllers_library:/home/farah/ws_farah/install/joint_trajectory_controller:/home/farah/ws_farah/install/joint_state_broadcaster:/home/farah/ws_farah/install/gpio_controllers:/home/farah/ws_farah/install/forward_command_controller:/home/farah/ws_farah/install/force_torque_sensor_broadcaster:/home/farah/ws_farah/install/diff_drive_controller:/home/farah/ws_farah/install/transmission_interface:/home/farah/ws_farah/install/hardware_interface_testing:/home/farah/ws_farah/install/controller_interface:/home/farah/ws_farah/install/rqt_joint_trajectory_controller:/home/farah/ws_farah/install/ros2controlcli:/home/farah/ws_farah/install/hardware_interface:/home/farah/ws_farah/install/ros2_controllers_test_nodes:/home/farah/ws_farah/install/ros2_control_test_assets:/home/farah/ws_farah/install/ros2_control_demo_description:/home/farah/ws_farah/install/controller_manager_msgs:${AMENT_PREFIX_PATH} CMAKE_PREFIX_PATH=/home/farah/ws_farah/install/ros2_control_demo_example_3:/home/farah/ws_farah/install/ros2_control_demo_example_15:/home/farah/ws_farah/install/ros2_control_demo_example_13:/home/farah/ws_farah/install/ros2_control_demo_example_11:/home/farah/ws_farah/install/velocity_controllers:/home/farah/ws_farah/install/ros2_control_demo_example_9:/home/farah/ws_farah/install/ros2_control_demo_example_8:/home/farah/ws_farah/install/ros2_control_demo_example_7:/home/farah/ws_farah/install/ros2_control_demo_example_6:/home/farah/ws_farah/install/ros2_control_demo_example_5:/home/farah/ws_farah/install/ros2_control_demo_example_4:/home/farah/ws_farah/install/ros2_control_demo_example_2:/home/farah/ws_farah/install/ros2_control_demo_example_14:/home/farah/ws_farah/install/ros2_control_demo_example_12:/home/farah/ws_farah/install/ros2_control_demo_example_10:/home/farah/ws_farah/install/ros2_control_demo_example_1:/home/farah/ws_farah/install/position_controllers:/home/farah/ws_farah/install/bicycle_steering_controller:/home/farah/ws_farah/install/steering_controllers_library:/home/farah/ws_farah/install/joint_trajectory_controller:/home/farah/ws_farah/install/joint_state_broadcaster:/home/farah/ws_farah/install/gpio_controllers:/home/farah/ws_farah/install/forward_command_controller:/home/farah/ws_farah/install/force_torque_sensor_broadcaster:/home/farah/ws_farah/install/diff_drive_controller:/home/farah/ws_farah/install/transmission_interface:/home/farah/ws_farah/install/hardware_interface_testing:/home/farah/ws_farah/install/controller_interface:/home/farah/ws_farah/install/hardware_interface:/home/farah/ws_farah/install/ros2_control_test_assets:/home/farah/ws_farah/install/ros2_control_demo_description:/home/farah/ws_farah/install/controller_manager_msgs:/opt/ros/humble LD_LIBRARY_PATH=/home/farah/ws_farah/install/ros2_control_demo_example_3/lib:/home/farah/ws_farah/install/ros2_control_demo_example_11/lib:/home/farah/ws_farah/install/velocity_controllers/lib:/home/farah/ws_farah/install/ros2_control_demo_example_9/lib:/home/farah/ws_farah/install/ros2_control_demo_example_8/lib:/home/farah/ws_farah/install/ros2_control_demo_example_7/lib:/home/farah/ws_farah/install/ros2_control_demo_example_6/lib:/home/farah/ws_farah/install/ros2_control_demo_example_5/lib:/home/farah/ws_farah/install/ros2_control_demo_example_4/lib:/home/farah/ws_farah/install/ros2_control_demo_example_2/lib:/home/farah/ws_farah/install/ros2_control_demo_example_14/lib:/home/farah/ws_farah/install/ros2_control_demo_example_12/lib:/home/farah/ws_farah/install/ros2_control_demo_example_10/lib:/home/farah/ws_farah/install/ros2_control_demo_example_1/lib:/home/farah/ws_farah/install/position_controllers/lib:/home/farah/ws_farah/install/bicycle_steering_controller/lib:/home/farah/ws_farah/install/steering_controllers_library/lib:/home/farah/ws_farah/install/joint_trajectory_controller/lib:/home/farah/ws_farah/install/joint_state_broadcaster/lib:/home/farah/ws_farah/install/gpio_controllers/lib:/home/farah/ws_farah/install/forward_command_controller/lib:/home/farah/ws_farah/install/force_torque_sensor_broadcaster/lib:/home/farah/ws_farah/install/diff_drive_controller/lib:/home/farah/ws_farah/install/transmission_interface/lib:/home/farah/ws_farah/install/hardware_interface_testing/lib:/home/farah/ws_farah/install/controller_interface/lib:/home/farah/ws_farah/install/hardware_interface/lib:/home/farah/ws_farah/install/controller_manager_msgs/lib:${LD_LIBRARY_PATH} PYTHONPATH=/home/farah/ws_farah/install/rqt_joint_trajectory_controller/lib/python3.10/site-packages:/home/farah/ws_farah/install/ros2controlcli/lib/python3.10/site-packages:/home/farah/ws_farah/install/ros2_controllers_test_nodes/lib/python3.10/site-packages:/home/farah/ws_farah/install/controller_manager_msgs/local/lib/python3.10/dist-packages:${PYTHONPATH} /usr/bin/cmake --build /home/farah/ws_farah/build/ros2_control_demos -- -j8 -l8
[581.017s] DEBUG:colcon.colcon_core.event_handler.log_command:Invoking command in '/home/farah/ws_farah/build/ros2_control_demos': AMENT_PREFIX_PATH=/home/farah/ws_farah/install/ros2_control_demo_example_3:/home/farah/ws_farah/install/ros2_control_demo_example_15:/home/farah/ws_farah/install/ros2_control_demo_example_13:/home/farah/ws_farah/install/ros2_control_demo_example_11:/home/farah/ws_farah/install/velocity_controllers:/home/farah/ws_farah/install/ros2_control_demo_example_9:/home/farah/ws_farah/install/ros2_control_demo_example_8:/home/farah/ws_farah/install/ros2_control_demo_example_7:/home/farah/ws_farah/install/ros2_control_demo_example_6:/home/farah/ws_farah/install/ros2_control_demo_example_5:/home/farah/ws_farah/install/ros2_control_demo_example_4:/home/farah/ws_farah/install/ros2_control_demo_example_2:/home/farah/ws_farah/install/ros2_control_demo_example_14:/home/farah/ws_farah/install/ros2_control_demo_example_12:/home/farah/ws_farah/install/ros2_control_demo_example_10:/home/farah/ws_farah/install/ros2_control_demo_example_1:/home/farah/ws_farah/install/position_controllers:/home/farah/ws_farah/install/bicycle_steering_controller:/home/farah/ws_farah/install/steering_controllers_library:/home/farah/ws_farah/install/joint_trajectory_controller:/home/farah/ws_farah/install/joint_state_broadcaster:/home/farah/ws_farah/install/gpio_controllers:/home/farah/ws_farah/install/forward_command_controller:/home/farah/ws_farah/install/force_torque_sensor_broadcaster:/home/farah/ws_farah/install/diff_drive_controller:/home/farah/ws_farah/install/transmission_interface:/home/farah/ws_farah/install/hardware_interface_testing:/home/farah/ws_farah/install/controller_interface:/home/farah/ws_farah/install/rqt_joint_trajectory_controller:/home/farah/ws_farah/install/ros2controlcli:/home/farah/ws_farah/install/hardware_interface:/home/farah/ws_farah/install/ros2_controllers_test_nodes:/home/farah/ws_farah/install/ros2_control_test_assets:/home/farah/ws_farah/install/ros2_control_demo_description:/home/farah/ws_farah/install/controller_manager_msgs:${AMENT_PREFIX_PATH} CMAKE_PREFIX_PATH=/home/farah/ws_farah/install/ros2_control_demo_example_3:/home/farah/ws_farah/install/ros2_control_demo_example_15:/home/farah/ws_farah/install/ros2_control_demo_example_13:/home/farah/ws_farah/install/ros2_control_demo_example_11:/home/farah/ws_farah/install/velocity_controllers:/home/farah/ws_farah/install/ros2_control_demo_example_9:/home/farah/ws_farah/install/ros2_control_demo_example_8:/home/farah/ws_farah/install/ros2_control_demo_example_7:/home/farah/ws_farah/install/ros2_control_demo_example_6:/home/farah/ws_farah/install/ros2_control_demo_example_5:/home/farah/ws_farah/install/ros2_control_demo_example_4:/home/farah/ws_farah/install/ros2_control_demo_example_2:/home/farah/ws_farah/install/ros2_control_demo_example_14:/home/farah/ws_farah/install/ros2_control_demo_example_12:/home/farah/ws_farah/install/ros2_control_demo_example_10:/home/farah/ws_farah/install/ros2_control_demo_example_1:/home/farah/ws_farah/install/position_controllers:/home/farah/ws_farah/install/bicycle_steering_controller:/home/farah/ws_farah/install/steering_controllers_library:/home/farah/ws_farah/install/joint_trajectory_controller:/home/farah/ws_farah/install/joint_state_broadcaster:/home/farah/ws_farah/install/gpio_controllers:/home/farah/ws_farah/install/forward_command_controller:/home/farah/ws_farah/install/force_torque_sensor_broadcaster:/home/farah/ws_farah/install/diff_drive_controller:/home/farah/ws_farah/install/transmission_interface:/home/farah/ws_farah/install/hardware_interface_testing:/home/farah/ws_farah/install/controller_interface:/home/farah/ws_farah/install/hardware_interface:/home/farah/ws_farah/install/ros2_control_test_assets:/home/farah/ws_farah/install/ros2_control_demo_description:/home/farah/ws_farah/install/controller_manager_msgs:/opt/ros/humble LD_LIBRARY_PATH=/home/farah/ws_farah/install/ros2_control_demo_example_3/lib:/home/farah/ws_farah/install/ros2_control_demo_example_11/lib:/home/farah/ws_farah/install/velocity_controllers/lib:/home/farah/ws_farah/install/ros2_control_demo_example_9/lib:/home/farah/ws_farah/install/ros2_control_demo_example_8/lib:/home/farah/ws_farah/install/ros2_control_demo_example_7/lib:/home/farah/ws_farah/install/ros2_control_demo_example_6/lib:/home/farah/ws_farah/install/ros2_control_demo_example_5/lib:/home/farah/ws_farah/install/ros2_control_demo_example_4/lib:/home/farah/ws_farah/install/ros2_control_demo_example_2/lib:/home/farah/ws_farah/install/ros2_control_demo_example_14/lib:/home/farah/ws_farah/install/ros2_control_demo_example_12/lib:/home/farah/ws_farah/install/ros2_control_demo_example_10/lib:/home/farah/ws_farah/install/ros2_control_demo_example_1/lib:/home/farah/ws_farah/install/position_controllers/lib:/home/farah/ws_farah/install/bicycle_steering_controller/lib:/home/farah/ws_farah/install/steering_controllers_library/lib:/home/farah/ws_farah/install/joint_trajectory_controller/lib:/home/farah/ws_farah/install/joint_state_broadcaster/lib:/home/farah/ws_farah/install/gpio_controllers/lib:/home/farah/ws_farah/install/forward_command_controller/lib:/home/farah/ws_farah/install/force_torque_sensor_broadcaster/lib:/home/farah/ws_farah/install/diff_drive_controller/lib:/home/farah/ws_farah/install/transmission_interface/lib:/home/farah/ws_farah/install/hardware_interface_testing/lib:/home/farah/ws_farah/install/controller_interface/lib:/home/farah/ws_farah/install/hardware_interface/lib:/home/farah/ws_farah/install/controller_manager_msgs/lib:${LD_LIBRARY_PATH} PYTHONPATH=/home/farah/ws_farah/install/rqt_joint_trajectory_controller/lib/python3.10/site-packages:/home/farah/ws_farah/install/ros2controlcli/lib/python3.10/site-packages:/home/farah/ws_farah/install/ros2_controllers_test_nodes/lib/python3.10/site-packages:/home/farah/ws_farah/install/controller_manager_msgs/local/lib/python3.10/dist-packages:${PYTHONPATH} /usr/bin/cmake --install /home/farah/ws_farah/build/ros2_control_demos
[581.026s] Level 1:colcon.colcon_core.environment:create_environment_scripts_only(ros2_control_demos)
[581.027s] Level 1:colcon.colcon_core.environment:checking '/home/farah/ws_farah/install/ros2_control_demos' for CMake module files
[581.027s] DEBUG:colcon.colcon_core.event_handler.log_command:Invoked command in '/home/farah/ws_farah/build/ros2_control_demos' returned '0': AMENT_PREFIX_PATH=/home/farah/ws_farah/install/ros2_control_demo_example_3:/home/farah/ws_farah/install/ros2_control_demo_example_15:/home/farah/ws_farah/install/ros2_control_demo_example_13:/home/farah/ws_farah/install/ros2_control_demo_example_11:/home/farah/ws_farah/install/velocity_controllers:/home/farah/ws_farah/install/ros2_control_demo_example_9:/home/farah/ws_farah/install/ros2_control_demo_example_8:/home/farah/ws_farah/install/ros2_control_demo_example_7:/home/farah/ws_farah/install/ros2_control_demo_example_6:/home/farah/ws_farah/install/ros2_control_demo_example_5:/home/farah/ws_farah/install/ros2_control_demo_example_4:/home/farah/ws_farah/install/ros2_control_demo_example_2:/home/farah/ws_farah/install/ros2_control_demo_example_14:/home/farah/ws_farah/install/ros2_control_demo_example_12:/home/farah/ws_farah/install/ros2_control_demo_example_10:/home/farah/ws_farah/install/ros2_control_demo_example_1:/home/farah/ws_farah/install/position_controllers:/home/farah/ws_farah/install/bicycle_steering_controller:/home/farah/ws_farah/install/steering_controllers_library:/home/farah/ws_farah/install/joint_trajectory_controller:/home/farah/ws_farah/install/joint_state_broadcaster:/home/farah/ws_farah/install/gpio_controllers:/home/farah/ws_farah/install/forward_command_controller:/home/farah/ws_farah/install/force_torque_sensor_broadcaster:/home/farah/ws_farah/install/diff_drive_controller:/home/farah/ws_farah/install/transmission_interface:/home/farah/ws_farah/install/hardware_interface_testing:/home/farah/ws_farah/install/controller_interface:/home/farah/ws_farah/install/rqt_joint_trajectory_controller:/home/farah/ws_farah/install/ros2controlcli:/home/farah/ws_farah/install/hardware_interface:/home/farah/ws_farah/install/ros2_controllers_test_nodes:/home/farah/ws_farah/install/ros2_control_test_assets:/home/farah/ws_farah/install/ros2_control_demo_description:/home/farah/ws_farah/install/controller_manager_msgs:${AMENT_PREFIX_PATH} CMAKE_PREFIX_PATH=/home/farah/ws_farah/install/ros2_control_demo_example_3:/home/farah/ws_farah/install/ros2_control_demo_example_15:/home/farah/ws_farah/install/ros2_control_demo_example_13:/home/farah/ws_farah/install/ros2_control_demo_example_11:/home/farah/ws_farah/install/velocity_controllers:/home/farah/ws_farah/install/ros2_control_demo_example_9:/home/farah/ws_farah/install/ros2_control_demo_example_8:/home/farah/ws_farah/install/ros2_control_demo_example_7:/home/farah/ws_farah/install/ros2_control_demo_example_6:/home/farah/ws_farah/install/ros2_control_demo_example_5:/home/farah/ws_farah/install/ros2_control_demo_example_4:/home/farah/ws_farah/install/ros2_control_demo_example_2:/home/farah/ws_farah/install/ros2_control_demo_example_14:/home/farah/ws_farah/install/ros2_control_demo_example_12:/home/farah/ws_farah/install/ros2_control_demo_example_10:/home/farah/ws_farah/install/ros2_control_demo_example_1:/home/farah/ws_farah/install/position_controllers:/home/farah/ws_farah/install/bicycle_steering_controller:/home/farah/ws_farah/install/steering_controllers_library:/home/farah/ws_farah/install/joint_trajectory_controller:/home/farah/ws_farah/install/joint_state_broadcaster:/home/farah/ws_farah/install/gpio_controllers:/home/farah/ws_farah/install/forward_command_controller:/home/farah/ws_farah/install/force_torque_sensor_broadcaster:/home/farah/ws_farah/install/diff_drive_controller:/home/farah/ws_farah/install/transmission_interface:/home/farah/ws_farah/install/hardware_interface_testing:/home/farah/ws_farah/install/controller_interface:/home/farah/ws_farah/install/hardware_interface:/home/farah/ws_farah/install/ros2_control_test_assets:/home/farah/ws_farah/install/ros2_control_demo_description:/home/farah/ws_farah/install/controller_manager_msgs:/opt/ros/humble LD_LIBRARY_PATH=/home/farah/ws_farah/install/ros2_control_demo_example_3/lib:/home/farah/ws_farah/install/ros2_control_demo_example_11/lib:/home/farah/ws_farah/install/velocity_controllers/lib:/home/farah/ws_farah/install/ros2_control_demo_example_9/lib:/home/farah/ws_farah/install/ros2_control_demo_example_8/lib:/home/farah/ws_farah/install/ros2_control_demo_example_7/lib:/home/farah/ws_farah/install/ros2_control_demo_example_6/lib:/home/farah/ws_farah/install/ros2_control_demo_example_5/lib:/home/farah/ws_farah/install/ros2_control_demo_example_4/lib:/home/farah/ws_farah/install/ros2_control_demo_example_2/lib:/home/farah/ws_farah/install/ros2_control_demo_example_14/lib:/home/farah/ws_farah/install/ros2_control_demo_example_12/lib:/home/farah/ws_farah/install/ros2_control_demo_example_10/lib:/home/farah/ws_farah/install/ros2_control_demo_example_1/lib:/home/farah/ws_farah/install/position_controllers/lib:/home/farah/ws_farah/install/bicycle_steering_controller/lib:/home/farah/ws_farah/install/steering_controllers_library/lib:/home/farah/ws_farah/install/joint_trajectory_controller/lib:/home/farah/ws_farah/install/joint_state_broadcaster/lib:/home/farah/ws_farah/install/gpio_controllers/lib:/home/farah/ws_farah/install/forward_command_controller/lib:/home/farah/ws_farah/install/force_torque_sensor_broadcaster/lib:/home/farah/ws_farah/install/diff_drive_controller/lib:/home/farah/ws_farah/install/transmission_interface/lib:/home/farah/ws_farah/install/hardware_interface_testing/lib:/home/farah/ws_farah/install/controller_interface/lib:/home/farah/ws_farah/install/hardware_interface/lib:/home/farah/ws_farah/install/controller_manager_msgs/lib:${LD_LIBRARY_PATH} PYTHONPATH=/home/farah/ws_farah/install/rqt_joint_trajectory_controller/lib/python3.10/site-packages:/home/farah/ws_farah/install/ros2controlcli/lib/python3.10/site-packages:/home/farah/ws_farah/install/ros2_controllers_test_nodes/lib/python3.10/site-packages:/home/farah/ws_farah/install/controller_manager_msgs/local/lib/python3.10/dist-packages:${PYTHONPATH} /usr/bin/cmake --install /home/farah/ws_farah/build/ros2_control_demos
[581.027s] Level 1:colcon.colcon_core.environment:checking '/home/farah/ws_farah/install/ros2_control_demos' for CMake config files
[581.027s] Level 1:colcon.colcon_core.shell:create_environment_hook('ros2_control_demos', 'cmake_prefix_path')
[581.028s] INFO:colcon.colcon_core.shell:Creating environment hook '/home/farah/ws_farah/install/ros2_control_demos/share/ros2_control_demos/hook/cmake_prefix_path.ps1'
[581.028s] INFO:colcon.colcon_core.shell:Creating environment descriptor '/home/farah/ws_farah/install/ros2_control_demos/share/ros2_control_demos/hook/cmake_prefix_path.dsv'
[581.028s] INFO:colcon.colcon_core.shell:Creating environment hook '/home/farah/ws_farah/install/ros2_control_demos/share/ros2_control_demos/hook/cmake_prefix_path.sh'
[581.029s] Level 1:colcon.colcon_core.environment:checking '/home/farah/ws_farah/install/ros2_control_demos/bin'
[581.029s] Level 1:colcon.colcon_core.environment:checking '/home/farah/ws_farah/install/ros2_control_demos/lib/pkgconfig/ros2_control_demos.pc'
[581.029s] Level 1:colcon.colcon_core.environment:checking '/home/farah/ws_farah/install/ros2_control_demos/lib/python3.10/site-packages'
[581.029s] Level 1:colcon.colcon_core.environment:checking '/home/farah/ws_farah/install/ros2_control_demos/bin'
[581.029s] INFO:colcon.colcon_core.shell:Creating package script '/home/farah/ws_farah/install/ros2_control_demos/share/ros2_control_demos/package.ps1'
[581.030s] INFO:colcon.colcon_core.shell:Creating package descriptor '/home/farah/ws_farah/install/ros2_control_demos/share/ros2_control_demos/package.dsv'
[581.030s] INFO:colcon.colcon_core.shell:Creating package script '/home/farah/ws_farah/install/ros2_control_demos/share/ros2_control_demos/package.sh'
[581.030s] INFO:colcon.colcon_core.shell:Creating package script '/home/farah/ws_farah/install/ros2_control_demos/share/ros2_control_demos/package.bash'
[581.031s] INFO:colcon.colcon_core.shell:Creating package script '/home/farah/ws_farah/install/ros2_control_demos/share/ros2_control_demos/package.zsh'
[581.031s] Level 1:colcon.colcon_core.environment:create_file_with_runtime_dependencies(/home/farah/ws_farah/install/ros2_control_demos/share/colcon-core/packages/ros2_control_demos)
[581.031s] Level 1:colcon.colcon_core.environment:create_environment_scripts_only(ros2_control_demos)
[581.032s] Level 1:colcon.colcon_core.environment:checking '/home/farah/ws_farah/install/ros2_control_demos' for CMake module files
[581.032s] Level 1:colcon.colcon_core.environment:checking '/home/farah/ws_farah/install/ros2_control_demos' for CMake config files
[581.032s] Level 1:colcon.colcon_core.shell:create_environment_hook('ros2_control_demos', 'cmake_prefix_path')
[581.032s] INFO:colcon.colcon_core.shell:Creating environment hook '/home/farah/ws_farah/install/ros2_control_demos/share/ros2_control_demos/hook/cmake_prefix_path.ps1'
[581.033s] INFO:colcon.colcon_core.shell:Creating environment descriptor '/home/farah/ws_farah/install/ros2_control_demos/share/ros2_control_demos/hook/cmake_prefix_path.dsv'
[581.033s] INFO:colcon.colcon_core.shell:Creating environment hook '/home/farah/ws_farah/install/ros2_control_demos/share/ros2_control_demos/hook/cmake_prefix_path.sh'
[581.033s] Level 1:colcon.colcon_core.environment:checking '/home/farah/ws_farah/install/ros2_control_demos/bin'
[581.033s] Level 1:colcon.colcon_core.environment:checking '/home/farah/ws_farah/install/ros2_control_demos/lib/pkgconfig/ros2_control_demos.pc'
[581.033s] Level 1:colcon.colcon_core.environment:checking '/home/farah/ws_farah/install/ros2_control_demos/lib/python3.10/site-packages'
[581.034s] Level 1:colcon.colcon_core.environment:checking '/home/farah/ws_farah/install/ros2_control_demos/bin'
[581.034s] INFO:colcon.colcon_core.shell:Creating package script '/home/farah/ws_farah/install/ros2_control_demos/share/ros2_control_demos/package.ps1'
[581.034s] INFO:colcon.colcon_core.shell:Creating package descriptor '/home/farah/ws_farah/install/ros2_control_demos/share/ros2_control_demos/package.dsv'
[581.035s] INFO:colcon.colcon_core.shell:Creating package script '/home/farah/ws_farah/install/ros2_control_demos/share/ros2_control_demos/package.sh'
[581.035s] INFO:colcon.colcon_core.shell:Creating package script '/home/farah/ws_farah/install/ros2_control_demos/share/ros2_control_demos/package.bash'
[581.035s] INFO:colcon.colcon_core.shell:Creating package script '/home/farah/ws_farah/install/ros2_control_demos/share/ros2_control_demos/package.zsh'
[581.036s] Level 1:colcon.colcon_core.environment:create_file_with_runtime_dependencies(/home/farah/ws_farah/install/ros2_control_demos/share/colcon-core/packages/ros2_control_demos)
[581.036s] DEBUG:colcon.colcon_parallel_executor.executor.parallel:closing loop
[581.036s] DEBUG:colcon.colcon_parallel_executor.executor.parallel:loop closed
[581.036s] DEBUG:colcon.colcon_parallel_executor.executor.parallel:run_until_complete finished with '0'
[581.036s] DEBUG:colcon.colcon_core.event_reactor:joining thread
[581.043s] INFO:colcon.colcon_core.plugin_system:Skipping extension 'colcon_notification.desktop_notification.terminal_notifier': Not used on non-Darwin systems
[581.044s] INFO:colcon.colcon_core.plugin_system:Skipping extension 'colcon_notification.desktop_notification.win32': Not used on non-Windows systems
[581.044s] INFO:colcon.colcon_notification.desktop_notification:Sending desktop notification using 'notify2'
[581.054s] DEBUG:colcon.colcon_core.event_reactor:joined thread
[581.054s] INFO:colcon.colcon_core.shell:Creating prefix script '/home/farah/ws_farah/install/local_setup.ps1'
[581.055s] INFO:colcon.colcon_core.shell:Creating prefix util module '/home/farah/ws_farah/install/_local_setup_util_ps1.py'
[581.056s] INFO:colcon.colcon_core.shell:Creating prefix chain script '/home/farah/ws_farah/install/setup.ps1'
[581.057s] INFO:colcon.colcon_core.shell:Creating prefix script '/home/farah/ws_farah/install/local_setup.sh'
[581.057s] INFO:colcon.colcon_core.shell:Creating prefix util module '/home/farah/ws_farah/install/_local_setup_util_sh.py'
[581.058s] INFO:colcon.colcon_core.shell:Creating prefix chain script '/home/farah/ws_farah/install/setup.sh'
[581.059s] INFO:colcon.colcon_core.shell:Creating prefix script '/home/farah/ws_farah/install/local_setup.bash'
[581.059s] INFO:colcon.colcon_core.shell:Creating prefix chain script '/home/farah/ws_farah/install/setup.bash'
[581.060s] INFO:colcon.colcon_core.shell:Creating prefix script '/home/farah/ws_farah/install/local_setup.zsh'
[581.060s] INFO:colcon.colcon_core.shell:Creating prefix chain script '/home/farah/ws_farah/install/setup.zsh'
