[0.008s] Invoking command in '/home/farah/ws_farah/build/controller_manager_msgs': CMAKE_PREFIX_PATH=${CMAKE_PREFIX_PATH}:/home/farah/ws_farah/install/temp_teleop:/home/farah/ws_farah/install/rqt_joint_trajectory_controller:/home/farah/ws_farah/install/rqt_controller_manager:/home/farah/ws_farah/install/ros2controlcli:/home/farah/ws_farah/install/ros2_controllers_test_nodes:/opt/ros/humble /usr/bin/cmake /home/farah/ws_farah/src/ros2_control/controller_manager_msgs -DCMAKE_INSTALL_PREFIX=/home/farah/ws_farah/install/controller_manager_msgs
[0.055s] -- The C compiler identification is GNU 11.4.0
[0.101s] -- The CXX compiler identification is GNU 11.4.0
[0.108s] -- Detecting C compiler ABI info
[0.168s] -- Detecting C compiler ABI info - done
[0.175s] -- Check for working C compiler: /usr/bin/cc - skipped
[0.175s] -- Detecting C compile features
[0.175s] -- Detecting C compile features - done
[0.178s] -- Detecting CXX compiler ABI info
[0.250s] -- Detecting CXX compiler ABI info - done
[0.260s] -- Check for working CXX compiler: /usr/bin/c++ - skipped
[0.260s] -- Detecting CXX compile features
[0.260s] -- Detecting CXX compile features - done
[0.263s] -- Found ament_cmake: 1.3.11 (/opt/ros/humble/share/ament_cmake/cmake)
[0.558s] -- Found Python3: /usr/bin/python3 (found version "3.10.12") found components: Interpreter 
[0.637s] -- Found builtin_interfaces: 1.2.1 (/opt/ros/humble/share/builtin_interfaces/cmake)
[0.668s] -- Found rosidl_generator_c: 3.1.6 (/opt/ros/humble/share/rosidl_generator_c/cmake)
[0.673s] -- Found rosidl_adapter: 3.1.6 (/opt/ros/humble/share/rosidl_adapter/cmake)
[0.680s] -- Found rosidl_generator_cpp: 3.1.6 (/opt/ros/humble/share/rosidl_generator_cpp/cmake)
[0.692s] -- Using all available rosidl_typesupport_c: rosidl_typesupport_fastrtps_c;rosidl_typesupport_introspection_c
[0.708s] -- Using all available rosidl_typesupport_cpp: rosidl_typesupport_fastrtps_cpp;rosidl_typesupport_introspection_cpp
[0.723s] -- Found lifecycle_msgs: 1.2.1 (/opt/ros/humble/share/lifecycle_msgs/cmake)
[0.735s] -- Found rosidl_default_generators: 1.2.0 (/opt/ros/humble/share/rosidl_default_generators/cmake)
[1.075s] -- Found ament_cmake_cppcheck: 0.12.12 (/opt/ros/humble/share/ament_cmake_cppcheck/cmake)
[1.078s] -- Found ament_cmake_cpplint: 0.12.12 (/opt/ros/humble/share/ament_cmake_cpplint/cmake)
[1.081s] -- Found ament_cmake_uncrustify: 0.12.12 (/opt/ros/humble/share/ament_cmake_uncrustify/cmake)
[1.085s] -- Found ament_cmake_ros: 0.10.0 (/opt/ros/humble/share/ament_cmake_ros/cmake)
[1.373s] -- Using all available rosidl_typesupport_c: rosidl_typesupport_fastrtps_c;rosidl_typesupport_introspection_c
[1.487s] -- Using all available rosidl_typesupport_cpp: rosidl_typesupport_fastrtps_cpp;rosidl_typesupport_introspection_cpp
[1.511s] -- Found PythonInterp: /usr/bin/python3 (found suitable version "3.10.12", minimum required is "3.6") 
[1.513s] -- Found python_cmake_module: 0.10.0 (/opt/ros/humble/share/python_cmake_module/cmake)
[1.543s] -- Found PythonLibs: /usr/lib/x86_64-linux-gnu/libpython3.10.so (found suitable version "3.10.12", minimum required is "3.5") 
[1.543s] -- Using PYTHON_EXECUTABLE: /usr/bin/python3
[1.544s] -- Using PYTHON_INCLUDE_DIRS: /usr/include/python3.10
[1.544s] -- Using PYTHON_LIBRARIES: /usr/lib/x86_64-linux-gnu/libpython3.10.so
[1.576s] -- Found PythonExtra: .so  
[1.644s] -- Found ament_cmake_flake8: 0.12.12 (/opt/ros/humble/share/ament_cmake_flake8/cmake)
[1.647s] -- Found ament_cmake_pep257: 0.12.12 (/opt/ros/humble/share/ament_cmake_pep257/cmake)
[1.656s] -- Configuring done
[1.700s] -- Generating done
[1.711s] -- Build files have been written to: /home/farah/ws_farah/build/controller_manager_msgs
[1.718s] Invoked command in '/home/farah/ws_farah/build/controller_manager_msgs' returned '0': CMAKE_PREFIX_PATH=${CMAKE_PREFIX_PATH}:/home/farah/ws_farah/install/temp_teleop:/home/farah/ws_farah/install/rqt_joint_trajectory_controller:/home/farah/ws_farah/install/rqt_controller_manager:/home/farah/ws_farah/install/ros2controlcli:/home/farah/ws_farah/install/ros2_controllers_test_nodes:/opt/ros/humble /usr/bin/cmake /home/farah/ws_farah/src/ros2_control/controller_manager_msgs -DCMAKE_INSTALL_PREFIX=/home/farah/ws_farah/install/controller_manager_msgs
[1.719s] Invoking command in '/home/farah/ws_farah/build/controller_manager_msgs': CMAKE_PREFIX_PATH=${CMAKE_PREFIX_PATH}:/home/farah/ws_farah/install/temp_teleop:/home/farah/ws_farah/install/rqt_joint_trajectory_controller:/home/farah/ws_farah/install/rqt_controller_manager:/home/farah/ws_farah/install/ros2controlcli:/home/farah/ws_farah/install/ros2_controllers_test_nodes:/opt/ros/humble /usr/bin/cmake --build /home/farah/ws_farah/build/controller_manager_msgs -- -j8 -l8
[1.757s] [  1%] [34m[1mGenerating C code for ROS interfaces[0m
[1.769s] [  1%] [34m[1mGenerating C++ code for ROS interfaces[0m
[1.775s] [  1%] Built target ament_cmake_python_copy_controller_manager_msgs
[2.079s] running egg_info
[2.080s] creating controller_manager_msgs.egg-info
[2.100s] writing controller_manager_msgs.egg-info/PKG-INFO
[2.100s] writing dependency_links to controller_manager_msgs.egg-info/dependency_links.txt
[2.100s] writing top-level names to controller_manager_msgs.egg-info/top_level.txt
[2.100s] writing manifest file 'controller_manager_msgs.egg-info/SOURCES.txt'
[2.168s] reading manifest file 'controller_manager_msgs.egg-info/SOURCES.txt'
[2.168s] writing manifest file 'controller_manager_msgs.egg-info/SOURCES.txt'
[2.200s] [  1%] Built target ament_cmake_python_build_controller_manager_msgs_egg
[3.270s] [  1%] Built target controller_manager_msgs__cpp
[3.282s] [  2%] [34m[1mGenerating C++ type support for eProsima Fast-RTPS[0m
[3.283s] [  2%] [34m[1mGenerating C++ introspection for ROS interfaces[0m
[3.284s] [  3%] [34m[1mGenerating C++ type support dispatch for ROS interfaces[0m
[3.305s] [  6%] [32mBuilding C object CMakeFiles/controller_manager_msgs__rosidl_generator_c.dir/rosidl_generator_c/controller_manager_msgs/msg/detail/hardware_interface__functions.c.o[0m
[3.305s] [  6%] [32mBuilding C object CMakeFiles/controller_manager_msgs__rosidl_generator_c.dir/rosidl_generator_c/controller_manager_msgs/msg/detail/hardware_component_state__functions.c.o[0m
[3.305s] [  6%] [32mBuilding C object CMakeFiles/controller_manager_msgs__rosidl_generator_c.dir/rosidl_generator_c/controller_manager_msgs/msg/detail/chain_connection__functions.c.o[0m
[3.305s] [  6%] [32mBuilding C object CMakeFiles/controller_manager_msgs__rosidl_generator_c.dir/rosidl_generator_c/controller_manager_msgs/msg/detail/controller_state__functions.c.o[0m
[3.306s] [  6%] [32mBuilding C object CMakeFiles/controller_manager_msgs__rosidl_generator_c.dir/rosidl_generator_c/controller_manager_msgs/srv/detail/configure_controller__functions.c.o[0m
[3.387s] [  7%] [32mBuilding C object CMakeFiles/controller_manager_msgs__rosidl_generator_c.dir/rosidl_generator_c/controller_manager_msgs/srv/detail/list_controllers__functions.c.o[0m
[3.391s] [  8%] [32mBuilding C object CMakeFiles/controller_manager_msgs__rosidl_generator_c.dir/rosidl_generator_c/controller_manager_msgs/srv/detail/list_controller_types__functions.c.o[0m
[3.392s] [  9%] [32mBuilding C object CMakeFiles/controller_manager_msgs__rosidl_generator_c.dir/rosidl_generator_c/controller_manager_msgs/srv/detail/list_hardware_components__functions.c.o[0m
[3.393s] [  9%] [32mBuilding C object CMakeFiles/controller_manager_msgs__rosidl_generator_c.dir/rosidl_generator_c/controller_manager_msgs/srv/detail/list_hardware_interfaces__functions.c.o[0m
[3.408s] [ 10%] [32mBuilding C object CMakeFiles/controller_manager_msgs__rosidl_generator_c.dir/rosidl_generator_c/controller_manager_msgs/srv/detail/load_controller__functions.c.o[0m
[3.491s] [ 11%] [32mBuilding C object CMakeFiles/controller_manager_msgs__rosidl_generator_c.dir/rosidl_generator_c/controller_manager_msgs/srv/detail/reload_controller_libraries__functions.c.o[0m
[3.492s] [ 11%] [32mBuilding C object CMakeFiles/controller_manager_msgs__rosidl_generator_c.dir/rosidl_generator_c/controller_manager_msgs/srv/detail/switch_controller__functions.c.o[0m
[3.493s] [ 12%] [32mBuilding C object CMakeFiles/controller_manager_msgs__rosidl_generator_c.dir/rosidl_generator_c/controller_manager_msgs/srv/detail/set_hardware_component_state__functions.c.o[0m
[3.494s] [ 13%] [32mBuilding C object CMakeFiles/controller_manager_msgs__rosidl_generator_c.dir/rosidl_generator_c/controller_manager_msgs/srv/detail/unload_controller__functions.c.o[0m
[3.583s] [ 14%] [32m[1mLinking C shared library libcontroller_manager_msgs__rosidl_generator_c.so[0m
[3.622s] [ 14%] Built target controller_manager_msgs__rosidl_generator_c
[3.634s] [ 15%] [34m[1mGenerating C type support for eProsima Fast-RTPS[0m
[3.639s] [ 17%] [34m[1mGenerating C introspection for ROS interfaces[0m
[3.639s] [ 17%] [34m[1mGenerating C type support dispatch for ROS interfaces[0m
[4.537s] [ 19%] [32mBuilding CXX object CMakeFiles/controller_manager_msgs__rosidl_typesupport_cpp.dir/rosidl_typesupport_cpp/controller_manager_msgs/msg/chain_connection__type_support.cpp.o[0m
[4.539s] [ 19%] [32mBuilding CXX object CMakeFiles/controller_manager_msgs__rosidl_typesupport_cpp.dir/rosidl_typesupport_cpp/controller_manager_msgs/msg/hardware_component_state__type_support.cpp.o[0m
[4.540s] [ 19%] [32mBuilding CXX object CMakeFiles/controller_manager_msgs__rosidl_typesupport_cpp.dir/rosidl_typesupport_cpp/controller_manager_msgs/msg/controller_state__type_support.cpp.o[0m
[4.987s] [ 20%] [32mBuilding CXX object CMakeFiles/controller_manager_msgs__rosidl_typesupport_cpp.dir/rosidl_typesupport_cpp/controller_manager_msgs/msg/hardware_interface__type_support.cpp.o[0m
[4.988s] [ 21%] [32mBuilding CXX object CMakeFiles/controller_manager_msgs__rosidl_typesupport_cpp.dir/rosidl_typesupport_cpp/controller_manager_msgs/srv/configure_controller__type_support.cpp.o[0m
[4.989s] [ 21%] [32mBuilding CXX object CMakeFiles/controller_manager_msgs__rosidl_typesupport_cpp.dir/rosidl_typesupport_cpp/controller_manager_msgs/srv/list_controllers__type_support.cpp.o[0m
[5.464s] [ 22%] [32mBuilding CXX object CMakeFiles/controller_manager_msgs__rosidl_typesupport_cpp.dir/rosidl_typesupport_cpp/controller_manager_msgs/srv/list_controller_types__type_support.cpp.o[0m
[5.472s] [ 23%] [32mBuilding CXX object CMakeFiles/controller_manager_msgs__rosidl_typesupport_cpp.dir/rosidl_typesupport_cpp/controller_manager_msgs/srv/list_hardware_components__type_support.cpp.o[0m
[5.474s] [ 24%] [32mBuilding CXX object CMakeFiles/controller_manager_msgs__rosidl_typesupport_cpp.dir/rosidl_typesupport_cpp/controller_manager_msgs/srv/list_hardware_interfaces__type_support.cpp.o[0m
[5.584s] [ 24%] [32mBuilding CXX object CMakeFiles/controller_manager_msgs__rosidl_typesupport_c.dir/rosidl_typesupport_c/controller_manager_msgs/msg/controller_state__type_support.cpp.o[0m
[5.652s] [ 25%] [32mBuilding CXX object CMakeFiles/controller_manager_msgs__rosidl_typesupport_c.dir/rosidl_typesupport_c/controller_manager_msgs/msg/chain_connection__type_support.cpp.o[0m
[5.705s] [ 26%] [32mBuilding CXX object CMakeFiles/controller_manager_msgs__rosidl_typesupport_c.dir/rosidl_typesupport_c/controller_manager_msgs/msg/hardware_component_state__type_support.cpp.o[0m
[5.768s] [ 27%] [32mBuilding CXX object CMakeFiles/controller_manager_msgs__rosidl_typesupport_c.dir/rosidl_typesupport_c/controller_manager_msgs/msg/hardware_interface__type_support.cpp.o[0m
[5.822s] [ 27%] [32mBuilding CXX object CMakeFiles/controller_manager_msgs__rosidl_typesupport_c.dir/rosidl_typesupport_c/controller_manager_msgs/srv/configure_controller__type_support.cpp.o[0m
[5.866s] [ 28%] [32mBuilding CXX object CMakeFiles/controller_manager_msgs__rosidl_typesupport_introspection_cpp.dir/rosidl_typesupport_introspection_cpp/controller_manager_msgs/msg/detail/controller_state__type_support.cpp.o[0m
[5.878s] [ 29%] [32mBuilding CXX object CMakeFiles/controller_manager_msgs__rosidl_typesupport_c.dir/rosidl_typesupport_c/controller_manager_msgs/srv/list_controllers__type_support.cpp.o[0m
[5.916s] [ 30%] [32mBuilding CXX object CMakeFiles/controller_manager_msgs__rosidl_typesupport_fastrtps_c.dir/rosidl_typesupport_fastrtps_c/controller_manager_msgs/msg/detail/controller_state__type_support_c.cpp.o[0m
[5.916s] [ 31%] [32mBuilding CXX object CMakeFiles/controller_manager_msgs__rosidl_typesupport_c.dir/rosidl_typesupport_c/controller_manager_msgs/srv/list_controller_types__type_support.cpp.o[0m
[5.929s] [ 31%] [32mBuilding CXX object CMakeFiles/controller_manager_msgs__rosidl_typesupport_fastrtps_c.dir/rosidl_typesupport_fastrtps_c/controller_manager_msgs/msg/detail/chain_connection__type_support_c.cpp.o[0m
[5.943s] [ 31%] [32mBuilding CXX object CMakeFiles/controller_manager_msgs__rosidl_typesupport_cpp.dir/rosidl_typesupport_cpp/controller_manager_msgs/srv/load_controller__type_support.cpp.o[0m
[5.971s] [ 32%] [32mBuilding CXX object CMakeFiles/controller_manager_msgs__rosidl_typesupport_c.dir/rosidl_typesupport_c/controller_manager_msgs/srv/list_hardware_components__type_support.cpp.o[0m
[5.981s] [ 32%] [32mBuilding CXX object CMakeFiles/controller_manager_msgs__rosidl_typesupport_c.dir/rosidl_typesupport_c/controller_manager_msgs/srv/list_hardware_interfaces__type_support.cpp.o[0m
[6.034s] [ 33%] [32mBuilding CXX object CMakeFiles/controller_manager_msgs__rosidl_typesupport_cpp.dir/rosidl_typesupport_cpp/controller_manager_msgs/srv/reload_controller_libraries__type_support.cpp.o[0m
[6.034s] [ 34%] [32mBuilding CXX object CMakeFiles/controller_manager_msgs__rosidl_typesupport_c.dir/rosidl_typesupport_c/controller_manager_msgs/srv/load_controller__type_support.cpp.o[0m
[6.091s] [ 35%] [32mBuilding CXX object CMakeFiles/controller_manager_msgs__rosidl_typesupport_c.dir/rosidl_typesupport_c/controller_manager_msgs/srv/reload_controller_libraries__type_support.cpp.o[0m
[6.149s] [ 36%] [32mBuilding CXX object CMakeFiles/controller_manager_msgs__rosidl_typesupport_c.dir/rosidl_typesupport_c/controller_manager_msgs/srv/set_hardware_component_state__type_support.cpp.o[0m
[6.196s] [ 37%] [32mBuilding CXX object CMakeFiles/controller_manager_msgs__rosidl_typesupport_fastrtps_cpp.dir/rosidl_typesupport_fastrtps_cpp/controller_manager_msgs/msg/detail/dds_fastrtps/controller_state__type_support.cpp.o[0m
[6.210s] [ 37%] [32mBuilding CXX object CMakeFiles/controller_manager_msgs__rosidl_typesupport_c.dir/rosidl_typesupport_c/controller_manager_msgs/srv/switch_controller__type_support.cpp.o[0m
[6.273s] [ 38%] [32mBuilding CXX object CMakeFiles/controller_manager_msgs__rosidl_typesupport_c.dir/rosidl_typesupport_c/controller_manager_msgs/srv/unload_controller__type_support.cpp.o[0m
[6.314s] [ 39%] [32mBuilding C object CMakeFiles/controller_manager_msgs__rosidl_typesupport_introspection_c.dir/rosidl_typesupport_introspection_c/controller_manager_msgs/msg/detail/controller_state__type_support.c.o[0m
[6.339s] [ 40%] [32m[1mLinking CXX shared library libcontroller_manager_msgs__rosidl_typesupport_c.so[0m
[6.401s] [ 41%] [32mBuilding C object CMakeFiles/controller_manager_msgs__rosidl_typesupport_introspection_c.dir/rosidl_typesupport_introspection_c/controller_manager_msgs/msg/detail/chain_connection__type_support.c.o[0m
[6.429s] [ 41%] Built target controller_manager_msgs__rosidl_typesupport_c
[6.430s] [ 42%] [32mBuilding CXX object CMakeFiles/controller_manager_msgs__rosidl_typesupport_fastrtps_c.dir/rosidl_typesupport_fastrtps_c/controller_manager_msgs/msg/detail/hardware_component_state__type_support_c.cpp.o[0m
[6.446s] [ 43%] [32mBuilding CXX object CMakeFiles/controller_manager_msgs__rosidl_typesupport_introspection_cpp.dir/rosidl_typesupport_introspection_cpp/controller_manager_msgs/msg/detail/chain_connection__type_support.cpp.o[0m
[6.463s] [ 43%] [32mBuilding C object CMakeFiles/controller_manager_msgs__rosidl_typesupport_introspection_c.dir/rosidl_typesupport_introspection_c/controller_manager_msgs/msg/detail/hardware_component_state__type_support.c.o[0m
[6.504s] [ 44%] [32mBuilding CXX object CMakeFiles/controller_manager_msgs__rosidl_typesupport_cpp.dir/rosidl_typesupport_cpp/controller_manager_msgs/srv/set_hardware_component_state__type_support.cpp.o[0m
[6.560s] [ 45%] [32mBuilding C object CMakeFiles/controller_manager_msgs__rosidl_typesupport_introspection_c.dir/rosidl_typesupport_introspection_c/controller_manager_msgs/msg/detail/hardware_interface__type_support.c.o[0m
[6.566s] [ 46%] [32mBuilding CXX object CMakeFiles/controller_manager_msgs__rosidl_typesupport_cpp.dir/rosidl_typesupport_cpp/controller_manager_msgs/srv/switch_controller__type_support.cpp.o[0m
[6.574s] [ 47%] [32mBuilding CXX object CMakeFiles/controller_manager_msgs__rosidl_typesupport_fastrtps_cpp.dir/rosidl_typesupport_fastrtps_cpp/controller_manager_msgs/msg/detail/dds_fastrtps/chain_connection__type_support.cpp.o[0m
[6.620s] [ 48%] [32mBuilding C object CMakeFiles/controller_manager_msgs__rosidl_typesupport_introspection_c.dir/rosidl_typesupport_introspection_c/controller_manager_msgs/srv/detail/configure_controller__type_support.c.o[0m
[6.685s] [ 49%] [32mBuilding C object CMakeFiles/controller_manager_msgs__rosidl_typesupport_introspection_c.dir/rosidl_typesupport_introspection_c/controller_manager_msgs/srv/detail/list_controllers__type_support.c.o[0m
[6.735s] [ 49%] [32mBuilding C object CMakeFiles/controller_manager_msgs__rosidl_typesupport_introspection_c.dir/rosidl_typesupport_introspection_c/controller_manager_msgs/srv/detail/list_controller_types__type_support.c.o[0m
[6.758s] [ 49%] [32mBuilding CXX object CMakeFiles/controller_manager_msgs__rosidl_typesupport_cpp.dir/rosidl_typesupport_cpp/controller_manager_msgs/srv/unload_controller__type_support.cpp.o[0m
[6.810s] [ 50%] [32mBuilding C object CMakeFiles/controller_manager_msgs__rosidl_typesupport_introspection_c.dir/rosidl_typesupport_introspection_c/controller_manager_msgs/srv/detail/list_hardware_components__type_support.c.o[0m
[6.884s] [ 51%] [32mBuilding C object CMakeFiles/controller_manager_msgs__rosidl_typesupport_introspection_c.dir/rosidl_typesupport_introspection_c/controller_manager_msgs/srv/detail/list_hardware_interfaces__type_support.c.o[0m
[6.957s] [ 51%] [32mBuilding C object CMakeFiles/controller_manager_msgs__rosidl_typesupport_introspection_c.dir/rosidl_typesupport_introspection_c/controller_manager_msgs/srv/detail/load_controller__type_support.c.o[0m
[6.971s] [ 52%] [32mBuilding CXX object CMakeFiles/controller_manager_msgs__rosidl_typesupport_introspection_cpp.dir/rosidl_typesupport_introspection_cpp/controller_manager_msgs/msg/detail/hardware_component_state__type_support.cpp.o[0m
[7.026s] [ 53%] [32mBuilding C object CMakeFiles/controller_manager_msgs__rosidl_typesupport_introspection_c.dir/rosidl_typesupport_introspection_c/controller_manager_msgs/srv/detail/reload_controller_libraries__type_support.c.o[0m
[7.032s] [ 54%] [32mBuilding C object CMakeFiles/controller_manager_msgs__rosidl_typesupport_introspection_c.dir/rosidl_typesupport_introspection_c/controller_manager_msgs/srv/detail/set_hardware_component_state__type_support.c.o[0m
[7.078s] [ 55%] [32mBuilding CXX object CMakeFiles/controller_manager_msgs__rosidl_typesupport_fastrtps_c.dir/rosidl_typesupport_fastrtps_c/controller_manager_msgs/msg/detail/hardware_interface__type_support_c.cpp.o[0m
[7.117s] [ 55%] [32mBuilding CXX object CMakeFiles/controller_manager_msgs__rosidl_typesupport_introspection_cpp.dir/rosidl_typesupport_introspection_cpp/controller_manager_msgs/msg/detail/hardware_interface__type_support.cpp.o[0m
[7.144s] [ 55%] [32mBuilding C object CMakeFiles/controller_manager_msgs__rosidl_typesupport_introspection_c.dir/rosidl_typesupport_introspection_c/controller_manager_msgs/srv/detail/unload_controller__type_support.c.o[0m
[7.145s] [ 56%] [32mBuilding C object CMakeFiles/controller_manager_msgs__rosidl_typesupport_introspection_c.dir/rosidl_typesupport_introspection_c/controller_manager_msgs/srv/detail/switch_controller__type_support.c.o[0m
[7.217s] [ 57%] [32mBuilding CXX object CMakeFiles/controller_manager_msgs__rosidl_typesupport_fastrtps_c.dir/rosidl_typesupport_fastrtps_c/controller_manager_msgs/srv/detail/configure_controller__type_support_c.cpp.o[0m
[7.233s] [ 57%] [32mBuilding CXX object CMakeFiles/controller_manager_msgs__rosidl_typesupport_fastrtps_c.dir/rosidl_typesupport_fastrtps_c/controller_manager_msgs/srv/detail/list_controllers__type_support_c.cpp.o[0m
[7.242s] [ 58%] [32m[1mLinking CXX shared library libcontroller_manager_msgs__rosidl_typesupport_cpp.so[0m
[7.255s] [ 59%] [32m[1mLinking C shared library libcontroller_manager_msgs__rosidl_typesupport_introspection_c.so[0m
[7.333s] [ 59%] Built target controller_manager_msgs__rosidl_typesupport_introspection_c
[7.337s] [ 59%] Built target controller_manager_msgs__rosidl_typesupport_cpp
[7.348s] [ 60%] [32mBuilding CXX object CMakeFiles/controller_manager_msgs__rosidl_typesupport_introspection_cpp.dir/rosidl_typesupport_introspection_cpp/controller_manager_msgs/srv/detail/configure_controller__type_support.cpp.o[0m
[7.353s] [ 60%] [32mBuilding CXX object CMakeFiles/controller_manager_msgs__rosidl_typesupport_fastrtps_cpp.dir/rosidl_typesupport_fastrtps_cpp/controller_manager_msgs/msg/detail/dds_fastrtps/hardware_component_state__type_support.cpp.o[0m
[7.425s] [ 61%] [32mBuilding CXX object CMakeFiles/controller_manager_msgs__rosidl_typesupport_fastrtps_c.dir/rosidl_typesupport_fastrtps_c/controller_manager_msgs/srv/detail/list_controller_types__type_support_c.cpp.o[0m
[7.678s] [ 62%] [32mBuilding CXX object CMakeFiles/controller_manager_msgs__rosidl_typesupport_fastrtps_c.dir/rosidl_typesupport_fastrtps_c/controller_manager_msgs/srv/detail/list_hardware_components__type_support_c.cpp.o[0m
[7.730s] [ 63%] [32mBuilding CXX object CMakeFiles/controller_manager_msgs__rosidl_typesupport_fastrtps_c.dir/rosidl_typesupport_fastrtps_c/controller_manager_msgs/srv/detail/list_hardware_interfaces__type_support_c.cpp.o[0m
[7.836s] [ 63%] [32mBuilding CXX object CMakeFiles/controller_manager_msgs__rosidl_typesupport_fastrtps_c.dir/rosidl_typesupport_fastrtps_c/controller_manager_msgs/srv/detail/load_controller__type_support_c.cpp.o[0m
[7.866s] [ 64%] [32mBuilding CXX object CMakeFiles/controller_manager_msgs__rosidl_typesupport_introspection_cpp.dir/rosidl_typesupport_introspection_cpp/controller_manager_msgs/srv/detail/list_controllers__type_support.cpp.o[0m
[7.880s] [ 65%] [32mBuilding CXX object CMakeFiles/controller_manager_msgs__rosidl_typesupport_introspection_cpp.dir/rosidl_typesupport_introspection_cpp/controller_manager_msgs/srv/detail/list_controller_types__type_support.cpp.o[0m
[8.020s] [ 66%] [32mBuilding CXX object CMakeFiles/controller_manager_msgs__rosidl_typesupport_fastrtps_cpp.dir/rosidl_typesupport_fastrtps_cpp/controller_manager_msgs/msg/detail/dds_fastrtps/hardware_interface__type_support.cpp.o[0m
[8.078s] [ 67%] [32mBuilding CXX object CMakeFiles/controller_manager_msgs__rosidl_typesupport_fastrtps_c.dir/rosidl_typesupport_fastrtps_c/controller_manager_msgs/srv/detail/reload_controller_libraries__type_support_c.cpp.o[0m
[8.112s] [ 67%] [32mBuilding CXX object CMakeFiles/controller_manager_msgs__rosidl_typesupport_introspection_cpp.dir/rosidl_typesupport_introspection_cpp/controller_manager_msgs/srv/detail/list_hardware_components__type_support.cpp.o[0m
[8.254s] [ 68%] [32mBuilding CXX object CMakeFiles/controller_manager_msgs__rosidl_typesupport_introspection_cpp.dir/rosidl_typesupport_introspection_cpp/controller_manager_msgs/srv/detail/list_hardware_interfaces__type_support.cpp.o[0m
[8.379s] [ 69%] [32mBuilding CXX object CMakeFiles/controller_manager_msgs__rosidl_typesupport_fastrtps_cpp.dir/rosidl_typesupport_fastrtps_cpp/controller_manager_msgs/srv/detail/dds_fastrtps/configure_controller__type_support.cpp.o[0m
[8.457s] [ 70%] [32mBuilding CXX object CMakeFiles/controller_manager_msgs__rosidl_typesupport_fastrtps_cpp.dir/rosidl_typesupport_fastrtps_cpp/controller_manager_msgs/srv/detail/dds_fastrtps/list_controllers__type_support.cpp.o[0m
[8.608s] [ 71%] [32mBuilding CXX object CMakeFiles/controller_manager_msgs__rosidl_typesupport_fastrtps_c.dir/rosidl_typesupport_fastrtps_c/controller_manager_msgs/srv/detail/set_hardware_component_state__type_support_c.cpp.o[0m
[8.662s] [ 71%] [32mBuilding CXX object CMakeFiles/controller_manager_msgs__rosidl_typesupport_fastrtps_cpp.dir/rosidl_typesupport_fastrtps_cpp/controller_manager_msgs/srv/detail/dds_fastrtps/list_controller_types__type_support.cpp.o[0m
[8.727s] [ 72%] [32mBuilding CXX object CMakeFiles/controller_manager_msgs__rosidl_typesupport_introspection_cpp.dir/rosidl_typesupport_introspection_cpp/controller_manager_msgs/srv/detail/load_controller__type_support.cpp.o[0m
[8.802s] [ 73%] [32mBuilding CXX object CMakeFiles/controller_manager_msgs__rosidl_typesupport_fastrtps_c.dir/rosidl_typesupport_fastrtps_c/controller_manager_msgs/srv/detail/switch_controller__type_support_c.cpp.o[0m
[8.929s] [ 73%] [32mBuilding CXX object CMakeFiles/controller_manager_msgs__rosidl_typesupport_fastrtps_c.dir/rosidl_typesupport_fastrtps_c/controller_manager_msgs/srv/detail/unload_controller__type_support_c.cpp.o[0m
[8.992s] [ 74%] [32mBuilding CXX object CMakeFiles/controller_manager_msgs__rosidl_typesupport_fastrtps_cpp.dir/rosidl_typesupport_fastrtps_cpp/controller_manager_msgs/srv/detail/dds_fastrtps/list_hardware_components__type_support.cpp.o[0m
[9.095s] [ 75%] [32mBuilding CXX object CMakeFiles/controller_manager_msgs__rosidl_typesupport_introspection_cpp.dir/rosidl_typesupport_introspection_cpp/controller_manager_msgs/srv/detail/reload_controller_libraries__type_support.cpp.o[0m
[9.219s] [ 75%] [32mBuilding CXX object CMakeFiles/controller_manager_msgs__rosidl_typesupport_introspection_cpp.dir/rosidl_typesupport_introspection_cpp/controller_manager_msgs/srv/detail/set_hardware_component_state__type_support.cpp.o[0m
[9.324s] [ 76%] [32mBuilding CXX object CMakeFiles/controller_manager_msgs__rosidl_typesupport_introspection_cpp.dir/rosidl_typesupport_introspection_cpp/controller_manager_msgs/srv/detail/switch_controller__type_support.cpp.o[0m
[9.368s] [ 77%] [32mBuilding CXX object CMakeFiles/controller_manager_msgs__rosidl_typesupport_fastrtps_cpp.dir/rosidl_typesupport_fastrtps_cpp/controller_manager_msgs/srv/detail/dds_fastrtps/list_hardware_interfaces__type_support.cpp.o[0m
[9.460s] [ 78%] [32mBuilding CXX object CMakeFiles/controller_manager_msgs__rosidl_typesupport_fastrtps_cpp.dir/rosidl_typesupport_fastrtps_cpp/controller_manager_msgs/srv/detail/dds_fastrtps/load_controller__type_support.cpp.o[0m
[9.492s] [ 79%] [32mBuilding CXX object CMakeFiles/controller_manager_msgs__rosidl_typesupport_introspection_cpp.dir/rosidl_typesupport_introspection_cpp/controller_manager_msgs/srv/detail/unload_controller__type_support.cpp.o[0m
[9.550s] [ 80%] [32m[1mLinking CXX shared library libcontroller_manager_msgs__rosidl_typesupport_fastrtps_c.so[0m
[9.735s] [ 80%] Built target controller_manager_msgs__rosidl_typesupport_fastrtps_c
[9.752s] [ 80%] [32mBuilding CXX object CMakeFiles/controller_manager_msgs__rosidl_typesupport_fastrtps_cpp.dir/rosidl_typesupport_fastrtps_cpp/controller_manager_msgs/srv/detail/dds_fastrtps/reload_controller_libraries__type_support.cpp.o[0m
[9.761s] [ 81%] [32mBuilding CXX object CMakeFiles/controller_manager_msgs__rosidl_typesupport_fastrtps_cpp.dir/rosidl_typesupport_fastrtps_cpp/controller_manager_msgs/srv/detail/dds_fastrtps/set_hardware_component_state__type_support.cpp.o[0m
[9.835s] [ 82%] [32mBuilding CXX object CMakeFiles/controller_manager_msgs__rosidl_typesupport_fastrtps_cpp.dir/rosidl_typesupport_fastrtps_cpp/controller_manager_msgs/srv/detail/dds_fastrtps/switch_controller__type_support.cpp.o[0m
[9.892s] [ 83%] [32mBuilding CXX object CMakeFiles/controller_manager_msgs__rosidl_typesupport_fastrtps_cpp.dir/rosidl_typesupport_fastrtps_cpp/controller_manager_msgs/srv/detail/dds_fastrtps/unload_controller__type_support.cpp.o[0m
[10.172s] [ 84%] [32m[1mLinking CXX shared library libcontroller_manager_msgs__rosidl_typesupport_introspection_cpp.so[0m
[10.287s] [ 84%] Built target controller_manager_msgs__rosidl_typesupport_introspection_cpp
[10.485s] [ 84%] [32m[1mLinking CXX shared library libcontroller_manager_msgs__rosidl_typesupport_fastrtps_cpp.so[0m
[10.561s] [ 84%] Built target controller_manager_msgs__rosidl_typesupport_fastrtps_cpp
[10.580s] [ 84%] Built target controller_manager_msgs
[10.600s] [ 85%] [34m[1mGenerating Python code for ROS interfaces[0m
[12.967s] [ 85%] Built target controller_manager_msgs__py
[12.991s] [ 87%] [32mBuilding C object CMakeFiles/controller_manager_msgs__rosidl_generator_py.dir/rosidl_generator_py/controller_manager_msgs/msg/_chain_connection_s.c.o[0m
[12.991s] [ 89%] [32mBuilding C object CMakeFiles/controller_manager_msgs__rosidl_generator_py.dir/rosidl_generator_py/controller_manager_msgs/msg/_hardware_interface_s.c.o[0m
[12.991s] [ 89%] [32mBuilding C object CMakeFiles/controller_manager_msgs__rosidl_generator_py.dir/rosidl_generator_py/controller_manager_msgs/srv/_list_controller_types_s.c.o[0m
[12.991s] [ 90%] [32mBuilding C object CMakeFiles/controller_manager_msgs__rosidl_generator_py.dir/rosidl_generator_py/controller_manager_msgs/msg/_controller_state_s.c.o[0m
[12.992s] [ 90%] [32mBuilding C object CMakeFiles/controller_manager_msgs__rosidl_generator_py.dir/rosidl_generator_py/controller_manager_msgs/msg/_hardware_component_state_s.c.o[0m
[12.992s] [ 90%] [32mBuilding C object CMakeFiles/controller_manager_msgs__rosidl_generator_py.dir/rosidl_generator_py/controller_manager_msgs/srv/_configure_controller_s.c.o[0m
[12.992s] [ 90%] [32mBuilding C object CMakeFiles/controller_manager_msgs__rosidl_generator_py.dir/rosidl_generator_py/controller_manager_msgs/srv/_list_controllers_s.c.o[0m
[12.997s] [ 91%] [32mBuilding C object CMakeFiles/controller_manager_msgs__rosidl_generator_py.dir/rosidl_generator_py/controller_manager_msgs/srv/_list_hardware_components_s.c.o[0m
[13.182s] [ 92%] [32mBuilding C object CMakeFiles/controller_manager_msgs__rosidl_generator_py.dir/rosidl_generator_py/controller_manager_msgs/srv/_list_hardware_interfaces_s.c.o[0m
[13.187s] [ 92%] [32mBuilding C object CMakeFiles/controller_manager_msgs__rosidl_generator_py.dir/rosidl_generator_py/controller_manager_msgs/srv/_load_controller_s.c.o[0m
[13.188s] [ 93%] [32mBuilding C object CMakeFiles/controller_manager_msgs__rosidl_generator_py.dir/rosidl_generator_py/controller_manager_msgs/srv/_reload_controller_libraries_s.c.o[0m
[13.193s] [ 94%] [32mBuilding C object CMakeFiles/controller_manager_msgs__rosidl_generator_py.dir/rosidl_generator_py/controller_manager_msgs/srv/_set_hardware_component_state_s.c.o[0m
[13.195s] [ 95%] [32mBuilding C object CMakeFiles/controller_manager_msgs__rosidl_generator_py.dir/rosidl_generator_py/controller_manager_msgs/srv/_unload_controller_s.c.o[0m
[13.195s] [ 95%] [32mBuilding C object CMakeFiles/controller_manager_msgs__rosidl_generator_py.dir/rosidl_generator_py/controller_manager_msgs/srv/_switch_controller_s.c.o[0m
[13.352s] [ 96%] [32m[1mLinking C shared library rosidl_generator_py/controller_manager_msgs/libcontroller_manager_msgs__rosidl_generator_py.so[0m
[13.390s] [ 96%] Built target controller_manager_msgs__rosidl_generator_py
[13.412s] [ 98%] [32mBuilding C object CMakeFiles/controller_manager_msgs__rosidl_typesupport_introspection_c__pyext.dir/rosidl_generator_py/controller_manager_msgs/_controller_manager_msgs_s.ep.rosidl_typesupport_introspection_c.c.o[0m
[13.412s] [ 98%] [32mBuilding C object CMakeFiles/controller_manager_msgs__rosidl_typesupport_c__pyext.dir/rosidl_generator_py/controller_manager_msgs/_controller_manager_msgs_s.ep.rosidl_typesupport_c.c.o[0m
[13.412s] [ 99%] [32mBuilding C object CMakeFiles/controller_manager_msgs__rosidl_typesupport_fastrtps_c__pyext.dir/rosidl_generator_py/controller_manager_msgs/_controller_manager_msgs_s.ep.rosidl_typesupport_fastrtps_c.c.o[0m
[13.562s] [100%] [32m[1mLinking C shared library rosidl_generator_py/controller_manager_msgs/controller_manager_msgs_s__rosidl_typesupport_introspection_c.cpython-310-x86_64-linux-gnu.so[0m
[13.562s] [100%] [32m[1mLinking C shared library rosidl_generator_py/controller_manager_msgs/controller_manager_msgs_s__rosidl_typesupport_c.cpython-310-x86_64-linux-gnu.so[0m
[13.562s] [100%] [32m[1mLinking C shared library rosidl_generator_py/controller_manager_msgs/controller_manager_msgs_s__rosidl_typesupport_fastrtps_c.cpython-310-x86_64-linux-gnu.so[0m
[13.600s] [100%] Built target controller_manager_msgs__rosidl_typesupport_c__pyext
[13.600s] [100%] Built target controller_manager_msgs__rosidl_typesupport_introspection_c__pyext
[13.600s] [100%] Built target controller_manager_msgs__rosidl_typesupport_fastrtps_c__pyext
[13.612s] Invoked command in '/home/farah/ws_farah/build/controller_manager_msgs' returned '0': CMAKE_PREFIX_PATH=${CMAKE_PREFIX_PATH}:/home/farah/ws_farah/install/temp_teleop:/home/farah/ws_farah/install/rqt_joint_trajectory_controller:/home/farah/ws_farah/install/rqt_controller_manager:/home/farah/ws_farah/install/ros2controlcli:/home/farah/ws_farah/install/ros2_controllers_test_nodes:/opt/ros/humble /usr/bin/cmake --build /home/farah/ws_farah/build/controller_manager_msgs -- -j8 -l8
[13.613s] Invoking command in '/home/farah/ws_farah/build/controller_manager_msgs': CMAKE_PREFIX_PATH=${CMAKE_PREFIX_PATH}:/home/farah/ws_farah/install/temp_teleop:/home/farah/ws_farah/install/rqt_joint_trajectory_controller:/home/farah/ws_farah/install/rqt_controller_manager:/home/farah/ws_farah/install/ros2controlcli:/home/farah/ws_farah/install/ros2_controllers_test_nodes:/opt/ros/humble /usr/bin/cmake --install /home/farah/ws_farah/build/controller_manager_msgs
[13.620s] -- Install configuration: ""
[13.620s] -- Installing: /home/farah/ws_farah/install/controller_manager_msgs/share/ament_index/resource_index/rosidl_interfaces/controller_manager_msgs
[13.620s] -- Installing: /home/farah/ws_farah/install/controller_manager_msgs/include/controller_manager_msgs/controller_manager_msgs
[13.620s] -- Installing: /home/farah/ws_farah/install/controller_manager_msgs/include/controller_manager_msgs/controller_manager_msgs/srv
[13.620s] -- Installing: /home/farah/ws_farah/install/controller_manager_msgs/include/controller_manager_msgs/controller_manager_msgs/srv/load_controller.h
[13.620s] -- Installing: /home/farah/ws_farah/install/controller_manager_msgs/include/controller_manager_msgs/controller_manager_msgs/srv/configure_controller.h
[13.620s] -- Installing: /home/farah/ws_farah/install/controller_manager_msgs/include/controller_manager_msgs/controller_manager_msgs/srv/reload_controller_libraries.h
[13.620s] -- Installing: /home/farah/ws_farah/install/controller_manager_msgs/include/controller_manager_msgs/controller_manager_msgs/srv/list_hardware_interfaces.h
[13.620s] -- Installing: /home/farah/ws_farah/install/controller_manager_msgs/include/controller_manager_msgs/controller_manager_msgs/srv/set_hardware_component_state.h
[13.620s] -- Installing: /home/farah/ws_farah/install/controller_manager_msgs/include/controller_manager_msgs/controller_manager_msgs/srv/list_hardware_components.h
[13.620s] -- Installing: /home/farah/ws_farah/install/controller_manager_msgs/include/controller_manager_msgs/controller_manager_msgs/srv/list_controllers.h
[13.620s] -- Installing: /home/farah/ws_farah/install/controller_manager_msgs/include/controller_manager_msgs/controller_manager_msgs/srv/detail
[13.621s] -- Installing: /home/farah/ws_farah/install/controller_manager_msgs/include/controller_manager_msgs/controller_manager_msgs/srv/detail/load_controller__functions.h
[13.621s] -- Installing: /home/farah/ws_farah/install/controller_manager_msgs/include/controller_manager_msgs/controller_manager_msgs/srv/detail/set_hardware_component_state__type_support.h
[13.621s] -- Installing: /home/farah/ws_farah/install/controller_manager_msgs/include/controller_manager_msgs/controller_manager_msgs/srv/detail/list_hardware_components__functions.c
[13.621s] -- Installing: /home/farah/ws_farah/install/controller_manager_msgs/include/controller_manager_msgs/controller_manager_msgs/srv/detail/switch_controller__functions.c
[13.621s] -- Installing: /home/farah/ws_farah/install/controller_manager_msgs/include/controller_manager_msgs/controller_manager_msgs/srv/detail/list_hardware_components__struct.h
[13.621s] -- Installing: /home/farah/ws_farah/install/controller_manager_msgs/include/controller_manager_msgs/controller_manager_msgs/srv/detail/list_hardware_components__type_support.h
[13.621s] -- Installing: /home/farah/ws_farah/install/controller_manager_msgs/include/controller_manager_msgs/controller_manager_msgs/srv/detail/unload_controller__functions.c
[13.621s] -- Installing: /home/farah/ws_farah/install/controller_manager_msgs/include/controller_manager_msgs/controller_manager_msgs/srv/detail/reload_controller_libraries__struct.h
[13.621s] -- Installing: /home/farah/ws_farah/install/controller_manager_msgs/include/controller_manager_msgs/controller_manager_msgs/srv/detail/load_controller__type_support.h
[13.621s] -- Installing: /home/farah/ws_farah/install/controller_manager_msgs/include/controller_manager_msgs/controller_manager_msgs/srv/detail/configure_controller__type_support.h
[13.621s] -- Installing: /home/farah/ws_farah/install/controller_manager_msgs/include/controller_manager_msgs/controller_manager_msgs/srv/detail/list_controllers__struct.h
[13.621s] -- Installing: /home/farah/ws_farah/install/controller_manager_msgs/include/controller_manager_msgs/controller_manager_msgs/srv/detail/list_hardware_interfaces__functions.h
[13.622s] -- Installing: /home/farah/ws_farah/install/controller_manager_msgs/include/controller_manager_msgs/controller_manager_msgs/srv/detail/list_hardware_interfaces__struct.h
[13.622s] -- Installing: /home/farah/ws_farah/install/controller_manager_msgs/include/controller_manager_msgs/controller_manager_msgs/srv/detail/list_controller_types__type_support.h
[13.622s] -- Installing: /home/farah/ws_farah/install/controller_manager_msgs/include/controller_manager_msgs/controller_manager_msgs/srv/detail/list_hardware_interfaces__functions.c
[13.622s] -- Installing: /home/farah/ws_farah/install/controller_manager_msgs/include/controller_manager_msgs/controller_manager_msgs/srv/detail/list_controllers__functions.c
[13.622s] -- Installing: /home/farah/ws_farah/install/controller_manager_msgs/include/controller_manager_msgs/controller_manager_msgs/srv/detail/unload_controller__struct.h
[13.622s] -- Installing: /home/farah/ws_farah/install/controller_manager_msgs/include/controller_manager_msgs/controller_manager_msgs/srv/detail/set_hardware_component_state__functions.c
[13.622s] -- Installing: /home/farah/ws_farah/install/controller_manager_msgs/include/controller_manager_msgs/controller_manager_msgs/srv/detail/configure_controller__functions.h
[13.622s] -- Installing: /home/farah/ws_farah/install/controller_manager_msgs/include/controller_manager_msgs/controller_manager_msgs/srv/detail/set_hardware_component_state__functions.h
[13.622s] -- Installing: /home/farah/ws_farah/install/controller_manager_msgs/include/controller_manager_msgs/controller_manager_msgs/srv/detail/load_controller__struct.h
[13.622s] -- Installing: /home/farah/ws_farah/install/controller_manager_msgs/include/controller_manager_msgs/controller_manager_msgs/srv/detail/switch_controller__type_support.h
[13.622s] -- Installing: /home/farah/ws_farah/install/controller_manager_msgs/include/controller_manager_msgs/controller_manager_msgs/srv/detail/list_controller_types__functions.h
[13.622s] -- Installing: /home/farah/ws_farah/install/controller_manager_msgs/include/controller_manager_msgs/controller_manager_msgs/srv/detail/reload_controller_libraries__functions.h
[13.623s] -- Installing: /home/farah/ws_farah/install/controller_manager_msgs/include/controller_manager_msgs/controller_manager_msgs/srv/detail/list_controllers__type_support.h
[13.623s] -- Installing: /home/farah/ws_farah/install/controller_manager_msgs/include/controller_manager_msgs/controller_manager_msgs/srv/detail/list_hardware_components__functions.h
[13.623s] -- Installing: /home/farah/ws_farah/install/controller_manager_msgs/include/controller_manager_msgs/controller_manager_msgs/srv/detail/list_hardware_interfaces__type_support.h
[13.623s] -- Installing: /home/farah/ws_farah/install/controller_manager_msgs/include/controller_manager_msgs/controller_manager_msgs/srv/detail/switch_controller__functions.h
[13.623s] -- Installing: /home/farah/ws_farah/install/controller_manager_msgs/include/controller_manager_msgs/controller_manager_msgs/srv/detail/configure_controller__functions.c
[13.623s] -- Installing: /home/farah/ws_farah/install/controller_manager_msgs/include/controller_manager_msgs/controller_manager_msgs/srv/detail/configure_controller__struct.h
[13.623s] -- Installing: /home/farah/ws_farah/install/controller_manager_msgs/include/controller_manager_msgs/controller_manager_msgs/srv/detail/unload_controller__functions.h
[13.623s] -- Installing: /home/farah/ws_farah/install/controller_manager_msgs/include/controller_manager_msgs/controller_manager_msgs/srv/detail/set_hardware_component_state__struct.h
[13.623s] -- Installing: /home/farah/ws_farah/install/controller_manager_msgs/include/controller_manager_msgs/controller_manager_msgs/srv/detail/unload_controller__type_support.h
[13.623s] -- Installing: /home/farah/ws_farah/install/controller_manager_msgs/include/controller_manager_msgs/controller_manager_msgs/srv/detail/load_controller__functions.c
[13.623s] -- Installing: /home/farah/ws_farah/install/controller_manager_msgs/include/controller_manager_msgs/controller_manager_msgs/srv/detail/switch_controller__struct.h
[13.623s] -- Installing: /home/farah/ws_farah/install/controller_manager_msgs/include/controller_manager_msgs/controller_manager_msgs/srv/detail/reload_controller_libraries__functions.c
[13.624s] -- Installing: /home/farah/ws_farah/install/controller_manager_msgs/include/controller_manager_msgs/controller_manager_msgs/srv/detail/list_controller_types__struct.h
[13.624s] -- Installing: /home/farah/ws_farah/install/controller_manager_msgs/include/controller_manager_msgs/controller_manager_msgs/srv/detail/list_controllers__functions.h
[13.624s] -- Installing: /home/farah/ws_farah/install/controller_manager_msgs/include/controller_manager_msgs/controller_manager_msgs/srv/detail/reload_controller_libraries__type_support.h
[13.624s] -- Installing: /home/farah/ws_farah/install/controller_manager_msgs/include/controller_manager_msgs/controller_manager_msgs/srv/detail/list_controller_types__functions.c
[13.624s] -- Installing: /home/farah/ws_farah/install/controller_manager_msgs/include/controller_manager_msgs/controller_manager_msgs/srv/switch_controller.h
[13.624s] -- Installing: /home/farah/ws_farah/install/controller_manager_msgs/include/controller_manager_msgs/controller_manager_msgs/srv/unload_controller.h
[13.624s] -- Installing: /home/farah/ws_farah/install/controller_manager_msgs/include/controller_manager_msgs/controller_manager_msgs/srv/list_controller_types.h
[13.624s] -- Installing: /home/farah/ws_farah/install/controller_manager_msgs/include/controller_manager_msgs/controller_manager_msgs/msg
[13.624s] -- Installing: /home/farah/ws_farah/install/controller_manager_msgs/include/controller_manager_msgs/controller_manager_msgs/msg/chain_connection.h
[13.624s] -- Installing: /home/farah/ws_farah/install/controller_manager_msgs/include/controller_manager_msgs/controller_manager_msgs/msg/rosidl_generator_c__visibility_control.h
[13.624s] -- Installing: /home/farah/ws_farah/install/controller_manager_msgs/include/controller_manager_msgs/controller_manager_msgs/msg/hardware_component_state.h
[13.624s] -- Installing: /home/farah/ws_farah/install/controller_manager_msgs/include/controller_manager_msgs/controller_manager_msgs/msg/detail
[13.624s] -- Installing: /home/farah/ws_farah/install/controller_manager_msgs/include/controller_manager_msgs/controller_manager_msgs/msg/detail/controller_state__functions.h
[13.625s] -- Installing: /home/farah/ws_farah/install/controller_manager_msgs/include/controller_manager_msgs/controller_manager_msgs/msg/detail/hardware_interface__functions.h
[13.625s] -- Installing: /home/farah/ws_farah/install/controller_manager_msgs/include/controller_manager_msgs/controller_manager_msgs/msg/detail/controller_state__functions.c
[13.625s] -- Installing: /home/farah/ws_farah/install/controller_manager_msgs/include/controller_manager_msgs/controller_manager_msgs/msg/detail/hardware_component_state__functions.h
[13.625s] -- Installing: /home/farah/ws_farah/install/controller_manager_msgs/include/controller_manager_msgs/controller_manager_msgs/msg/detail/chain_connection__struct.h
[13.625s] -- Installing: /home/farah/ws_farah/install/controller_manager_msgs/include/controller_manager_msgs/controller_manager_msgs/msg/detail/hardware_interface__type_support.h
[13.625s] -- Installing: /home/farah/ws_farah/install/controller_manager_msgs/include/controller_manager_msgs/controller_manager_msgs/msg/detail/hardware_interface__struct.h
[13.625s] -- Installing: /home/farah/ws_farah/install/controller_manager_msgs/include/controller_manager_msgs/controller_manager_msgs/msg/detail/chain_connection__functions.h
[13.625s] -- Installing: /home/farah/ws_farah/install/controller_manager_msgs/include/controller_manager_msgs/controller_manager_msgs/msg/detail/chain_connection__functions.c
[13.625s] -- Installing: /home/farah/ws_farah/install/controller_manager_msgs/include/controller_manager_msgs/controller_manager_msgs/msg/detail/hardware_component_state__struct.h
[13.625s] -- Installing: /home/farah/ws_farah/install/controller_manager_msgs/include/controller_manager_msgs/controller_manager_msgs/msg/detail/controller_state__struct.h
[13.625s] -- Installing: /home/farah/ws_farah/install/controller_manager_msgs/include/controller_manager_msgs/controller_manager_msgs/msg/detail/controller_state__type_support.h
[13.625s] -- Installing: /home/farah/ws_farah/install/controller_manager_msgs/include/controller_manager_msgs/controller_manager_msgs/msg/detail/hardware_component_state__functions.c
[13.625s] -- Installing: /home/farah/ws_farah/install/controller_manager_msgs/include/controller_manager_msgs/controller_manager_msgs/msg/detail/hardware_component_state__type_support.h
[13.626s] -- Installing: /home/farah/ws_farah/install/controller_manager_msgs/include/controller_manager_msgs/controller_manager_msgs/msg/detail/chain_connection__type_support.h
[13.626s] -- Installing: /home/farah/ws_farah/install/controller_manager_msgs/include/controller_manager_msgs/controller_manager_msgs/msg/detail/hardware_interface__functions.c
[13.626s] -- Installing: /home/farah/ws_farah/install/controller_manager_msgs/include/controller_manager_msgs/controller_manager_msgs/msg/controller_state.h
[13.626s] -- Installing: /home/farah/ws_farah/install/controller_manager_msgs/include/controller_manager_msgs/controller_manager_msgs/msg/hardware_interface.h
[13.626s] -- Installing: /home/farah/ws_farah/install/controller_manager_msgs/share/controller_manager_msgs/environment/library_path.sh
[13.626s] -- Installing: /home/farah/ws_farah/install/controller_manager_msgs/share/controller_manager_msgs/environment/library_path.dsv
[13.626s] -- Installing: /home/farah/ws_farah/install/controller_manager_msgs/lib/libcontroller_manager_msgs__rosidl_generator_c.so
[13.626s] -- Set runtime path of "/home/farah/ws_farah/install/controller_manager_msgs/lib/libcontroller_manager_msgs__rosidl_generator_c.so" to ""
[13.626s] -- Up-to-date: /home/farah/ws_farah/install/controller_manager_msgs/include/controller_manager_msgs/controller_manager_msgs
[13.626s] -- Up-to-date: /home/farah/ws_farah/install/controller_manager_msgs/include/controller_manager_msgs/controller_manager_msgs/srv
[13.626s] -- Up-to-date: /home/farah/ws_farah/install/controller_manager_msgs/include/controller_manager_msgs/controller_manager_msgs/srv/detail
[13.626s] -- Installing: /home/farah/ws_farah/install/controller_manager_msgs/include/controller_manager_msgs/controller_manager_msgs/srv/detail/set_hardware_component_state__rosidl_typesupport_fastrtps_c.h
[13.626s] -- Installing: /home/farah/ws_farah/install/controller_manager_msgs/include/controller_manager_msgs/controller_manager_msgs/srv/detail/switch_controller__rosidl_typesupport_fastrtps_c.h
[13.627s] -- Installing: /home/farah/ws_farah/install/controller_manager_msgs/include/controller_manager_msgs/controller_manager_msgs/srv/detail/list_hardware_interfaces__rosidl_typesupport_fastrtps_c.h
[13.627s] -- Installing: /home/farah/ws_farah/install/controller_manager_msgs/include/controller_manager_msgs/controller_manager_msgs/srv/detail/unload_controller__rosidl_typesupport_fastrtps_c.h
[13.627s] -- Installing: /home/farah/ws_farah/install/controller_manager_msgs/include/controller_manager_msgs/controller_manager_msgs/srv/detail/list_hardware_components__rosidl_typesupport_fastrtps_c.h
[13.627s] -- Installing: /home/farah/ws_farah/install/controller_manager_msgs/include/controller_manager_msgs/controller_manager_msgs/srv/detail/list_controller_types__rosidl_typesupport_fastrtps_c.h
[13.627s] -- Installing: /home/farah/ws_farah/install/controller_manager_msgs/include/controller_manager_msgs/controller_manager_msgs/srv/detail/list_controllers__rosidl_typesupport_fastrtps_c.h
[13.627s] -- Installing: /home/farah/ws_farah/install/controller_manager_msgs/include/controller_manager_msgs/controller_manager_msgs/srv/detail/configure_controller__rosidl_typesupport_fastrtps_c.h
[13.627s] -- Installing: /home/farah/ws_farah/install/controller_manager_msgs/include/controller_manager_msgs/controller_manager_msgs/srv/detail/load_controller__rosidl_typesupport_fastrtps_c.h
[13.627s] -- Installing: /home/farah/ws_farah/install/controller_manager_msgs/include/controller_manager_msgs/controller_manager_msgs/srv/detail/reload_controller_libraries__rosidl_typesupport_fastrtps_c.h
[13.627s] -- Up-to-date: /home/farah/ws_farah/install/controller_manager_msgs/include/controller_manager_msgs/controller_manager_msgs/msg
[13.627s] -- Installing: /home/farah/ws_farah/install/controller_manager_msgs/include/controller_manager_msgs/controller_manager_msgs/msg/rosidl_typesupport_fastrtps_c__visibility_control.h
[13.627s] -- Up-to-date: /home/farah/ws_farah/install/controller_manager_msgs/include/controller_manager_msgs/controller_manager_msgs/msg/detail
[13.627s] -- Installing: /home/farah/ws_farah/install/controller_manager_msgs/include/controller_manager_msgs/controller_manager_msgs/msg/detail/hardware_component_state__rosidl_typesupport_fastrtps_c.h
[13.628s] -- Installing: /home/farah/ws_farah/install/controller_manager_msgs/include/controller_manager_msgs/controller_manager_msgs/msg/detail/controller_state__rosidl_typesupport_fastrtps_c.h
[13.628s] -- Installing: /home/farah/ws_farah/install/controller_manager_msgs/include/controller_manager_msgs/controller_manager_msgs/msg/detail/chain_connection__rosidl_typesupport_fastrtps_c.h
[13.628s] -- Installing: /home/farah/ws_farah/install/controller_manager_msgs/include/controller_manager_msgs/controller_manager_msgs/msg/detail/hardware_interface__rosidl_typesupport_fastrtps_c.h
[13.628s] -- Installing: /home/farah/ws_farah/install/controller_manager_msgs/lib/libcontroller_manager_msgs__rosidl_typesupport_fastrtps_c.so
[13.628s] -- Set runtime path of "/home/farah/ws_farah/install/controller_manager_msgs/lib/libcontroller_manager_msgs__rosidl_typesupport_fastrtps_c.so" to ""
[13.628s] -- Up-to-date: /home/farah/ws_farah/install/controller_manager_msgs/include/controller_manager_msgs/controller_manager_msgs
[13.628s] -- Up-to-date: /home/farah/ws_farah/install/controller_manager_msgs/include/controller_manager_msgs/controller_manager_msgs/srv
[13.628s] -- Installing: /home/farah/ws_farah/install/controller_manager_msgs/include/controller_manager_msgs/controller_manager_msgs/srv/list_hardware_interfaces.hpp
[13.628s] -- Installing: /home/farah/ws_farah/install/controller_manager_msgs/include/controller_manager_msgs/controller_manager_msgs/srv/unload_controller.hpp
[13.628s] -- Installing: /home/farah/ws_farah/install/controller_manager_msgs/include/controller_manager_msgs/controller_manager_msgs/srv/switch_controller.hpp
[13.628s] -- Installing: /home/farah/ws_farah/install/controller_manager_msgs/include/controller_manager_msgs/controller_manager_msgs/srv/set_hardware_component_state.hpp
[13.628s] -- Installing: /home/farah/ws_farah/install/controller_manager_msgs/include/controller_manager_msgs/controller_manager_msgs/srv/list_hardware_components.hpp
[13.629s] -- Up-to-date: /home/farah/ws_farah/install/controller_manager_msgs/include/controller_manager_msgs/controller_manager_msgs/srv/detail
[13.629s] -- Installing: /home/farah/ws_farah/install/controller_manager_msgs/include/controller_manager_msgs/controller_manager_msgs/srv/detail/list_controllers__struct.hpp
[13.629s] -- Installing: /home/farah/ws_farah/install/controller_manager_msgs/include/controller_manager_msgs/controller_manager_msgs/srv/detail/reload_controller_libraries__type_support.hpp
[13.629s] -- Installing: /home/farah/ws_farah/install/controller_manager_msgs/include/controller_manager_msgs/controller_manager_msgs/srv/detail/configure_controller__struct.hpp
[13.629s] -- Installing: /home/farah/ws_farah/install/controller_manager_msgs/include/controller_manager_msgs/controller_manager_msgs/srv/detail/list_controller_types__builder.hpp
[13.629s] -- Installing: /home/farah/ws_farah/install/controller_manager_msgs/include/controller_manager_msgs/controller_manager_msgs/srv/detail/list_hardware_interfaces__builder.hpp
[13.629s] -- Installing: /home/farah/ws_farah/install/controller_manager_msgs/include/controller_manager_msgs/controller_manager_msgs/srv/detail/load_controller__struct.hpp
[13.629s] -- Installing: /home/farah/ws_farah/install/controller_manager_msgs/include/controller_manager_msgs/controller_manager_msgs/srv/detail/list_controllers__builder.hpp
[13.629s] -- Installing: /home/farah/ws_farah/install/controller_manager_msgs/include/controller_manager_msgs/controller_manager_msgs/srv/detail/configure_controller__builder.hpp
[13.629s] -- Installing: /home/farah/ws_farah/install/controller_manager_msgs/include/controller_manager_msgs/controller_manager_msgs/srv/detail/switch_controller__struct.hpp
[13.629s] -- Installing: /home/farah/ws_farah/install/controller_manager_msgs/include/controller_manager_msgs/controller_manager_msgs/srv/detail/set_hardware_component_state__struct.hpp
[13.630s] -- Installing: /home/farah/ws_farah/install/controller_manager_msgs/include/controller_manager_msgs/controller_manager_msgs/srv/detail/unload_controller__traits.hpp
[13.630s] -- Installing: /home/farah/ws_farah/install/controller_manager_msgs/include/controller_manager_msgs/controller_manager_msgs/srv/detail/unload_controller__type_support.hpp
[13.630s] -- Installing: /home/farah/ws_farah/install/controller_manager_msgs/include/controller_manager_msgs/controller_manager_msgs/srv/detail/reload_controller_libraries__builder.hpp
[13.630s] -- Installing: /home/farah/ws_farah/install/controller_manager_msgs/include/controller_manager_msgs/controller_manager_msgs/srv/detail/load_controller__builder.hpp
[13.630s] -- Installing: /home/farah/ws_farah/install/controller_manager_msgs/include/controller_manager_msgs/controller_manager_msgs/srv/detail/load_controller__type_support.hpp
[13.630s] -- Installing: /home/farah/ws_farah/install/controller_manager_msgs/include/controller_manager_msgs/controller_manager_msgs/srv/detail/reload_controller_libraries__struct.hpp
[13.630s] -- Installing: /home/farah/ws_farah/install/controller_manager_msgs/include/controller_manager_msgs/controller_manager_msgs/srv/detail/switch_controller__type_support.hpp
[13.630s] -- Installing: /home/farah/ws_farah/install/controller_manager_msgs/include/controller_manager_msgs/controller_manager_msgs/srv/detail/list_controllers__type_support.hpp
[13.630s] -- Installing: /home/farah/ws_farah/install/controller_manager_msgs/include/controller_manager_msgs/controller_manager_msgs/srv/detail/list_controllers__traits.hpp
[13.630s] -- Installing: /home/farah/ws_farah/install/controller_manager_msgs/include/controller_manager_msgs/controller_manager_msgs/srv/detail/list_hardware_components__builder.hpp
[13.630s] -- Installing: /home/farah/ws_farah/install/controller_manager_msgs/include/controller_manager_msgs/controller_manager_msgs/srv/detail/configure_controller__traits.hpp
[13.630s] -- Installing: /home/farah/ws_farah/install/controller_manager_msgs/include/controller_manager_msgs/controller_manager_msgs/srv/detail/unload_controller__builder.hpp
[13.631s] -- Installing: /home/farah/ws_farah/install/controller_manager_msgs/include/controller_manager_msgs/controller_manager_msgs/srv/detail/reload_controller_libraries__traits.hpp
[13.631s] -- Installing: /home/farah/ws_farah/install/controller_manager_msgs/include/controller_manager_msgs/controller_manager_msgs/srv/detail/set_hardware_component_state__builder.hpp
[13.631s] -- Installing: /home/farah/ws_farah/install/controller_manager_msgs/include/controller_manager_msgs/controller_manager_msgs/srv/detail/switch_controller__traits.hpp
[13.631s] -- Installing: /home/farah/ws_farah/install/controller_manager_msgs/include/controller_manager_msgs/controller_manager_msgs/srv/detail/load_controller__traits.hpp
[13.631s] -- Installing: /home/farah/ws_farah/install/controller_manager_msgs/include/controller_manager_msgs/controller_manager_msgs/srv/detail/list_hardware_components__traits.hpp
[13.631s] -- Installing: /home/farah/ws_farah/install/controller_manager_msgs/include/controller_manager_msgs/controller_manager_msgs/srv/detail/unload_controller__struct.hpp
[13.631s] -- Installing: /home/farah/ws_farah/install/controller_manager_msgs/include/controller_manager_msgs/controller_manager_msgs/srv/detail/configure_controller__type_support.hpp
[13.631s] -- Installing: /home/farah/ws_farah/install/controller_manager_msgs/include/controller_manager_msgs/controller_manager_msgs/srv/detail/list_controller_types__type_support.hpp
[13.631s] -- Installing: /home/farah/ws_farah/install/controller_manager_msgs/include/controller_manager_msgs/controller_manager_msgs/srv/detail/switch_controller__builder.hpp
[13.631s] -- Installing: /home/farah/ws_farah/install/controller_manager_msgs/include/controller_manager_msgs/controller_manager_msgs/srv/detail/set_hardware_component_state__traits.hpp
[13.631s] -- Installing: /home/farah/ws_farah/install/controller_manager_msgs/include/controller_manager_msgs/controller_manager_msgs/srv/detail/list_hardware_interfaces__struct.hpp
[13.631s] -- Installing: /home/farah/ws_farah/install/controller_manager_msgs/include/controller_manager_msgs/controller_manager_msgs/srv/detail/list_controller_types__struct.hpp
[13.632s] -- Installing: /home/farah/ws_farah/install/controller_manager_msgs/include/controller_manager_msgs/controller_manager_msgs/srv/detail/list_hardware_components__type_support.hpp
[13.632s] -- Installing: /home/farah/ws_farah/install/controller_manager_msgs/include/controller_manager_msgs/controller_manager_msgs/srv/detail/list_hardware_interfaces__traits.hpp
[13.632s] -- Installing: /home/farah/ws_farah/install/controller_manager_msgs/include/controller_manager_msgs/controller_manager_msgs/srv/detail/list_hardware_interfaces__type_support.hpp
[13.632s] -- Installing: /home/farah/ws_farah/install/controller_manager_msgs/include/controller_manager_msgs/controller_manager_msgs/srv/detail/list_controller_types__traits.hpp
[13.632s] -- Installing: /home/farah/ws_farah/install/controller_manager_msgs/include/controller_manager_msgs/controller_manager_msgs/srv/detail/list_hardware_components__struct.hpp
[13.632s] -- Installing: /home/farah/ws_farah/install/controller_manager_msgs/include/controller_manager_msgs/controller_manager_msgs/srv/detail/set_hardware_component_state__type_support.hpp
[13.632s] -- Installing: /home/farah/ws_farah/install/controller_manager_msgs/include/controller_manager_msgs/controller_manager_msgs/srv/load_controller.hpp
[13.632s] -- Installing: /home/farah/ws_farah/install/controller_manager_msgs/include/controller_manager_msgs/controller_manager_msgs/srv/configure_controller.hpp
[13.632s] -- Installing: /home/farah/ws_farah/install/controller_manager_msgs/include/controller_manager_msgs/controller_manager_msgs/srv/list_controller_types.hpp
[13.632s] -- Installing: /home/farah/ws_farah/install/controller_manager_msgs/include/controller_manager_msgs/controller_manager_msgs/srv/list_controllers.hpp
[13.632s] -- Installing: /home/farah/ws_farah/install/controller_manager_msgs/include/controller_manager_msgs/controller_manager_msgs/srv/reload_controller_libraries.hpp
[13.632s] -- Up-to-date: /home/farah/ws_farah/install/controller_manager_msgs/include/controller_manager_msgs/controller_manager_msgs/msg
[13.633s] -- Installing: /home/farah/ws_farah/install/controller_manager_msgs/include/controller_manager_msgs/controller_manager_msgs/msg/chain_connection.hpp
[13.633s] -- Installing: /home/farah/ws_farah/install/controller_manager_msgs/include/controller_manager_msgs/controller_manager_msgs/msg/hardware_component_state.hpp
[13.633s] -- Installing: /home/farah/ws_farah/install/controller_manager_msgs/include/controller_manager_msgs/controller_manager_msgs/msg/rosidl_generator_cpp__visibility_control.hpp
[13.633s] -- Installing: /home/farah/ws_farah/install/controller_manager_msgs/include/controller_manager_msgs/controller_manager_msgs/msg/hardware_interface.hpp
[13.633s] -- Installing: /home/farah/ws_farah/install/controller_manager_msgs/include/controller_manager_msgs/controller_manager_msgs/msg/controller_state.hpp
[13.633s] -- Up-to-date: /home/farah/ws_farah/install/controller_manager_msgs/include/controller_manager_msgs/controller_manager_msgs/msg/detail
[13.633s] -- Installing: /home/farah/ws_farah/install/controller_manager_msgs/include/controller_manager_msgs/controller_manager_msgs/msg/detail/hardware_interface__type_support.hpp
[13.633s] -- Installing: /home/farah/ws_farah/install/controller_manager_msgs/include/controller_manager_msgs/controller_manager_msgs/msg/detail/chain_connection__type_support.hpp
[13.633s] -- Installing: /home/farah/ws_farah/install/controller_manager_msgs/include/controller_manager_msgs/controller_manager_msgs/msg/detail/hardware_interface__traits.hpp
[13.633s] -- Installing: /home/farah/ws_farah/install/controller_manager_msgs/include/controller_manager_msgs/controller_manager_msgs/msg/detail/controller_state__traits.hpp
[13.633s] -- Installing: /home/farah/ws_farah/install/controller_manager_msgs/include/controller_manager_msgs/controller_manager_msgs/msg/detail/hardware_component_state__traits.hpp
[13.633s] -- Installing: /home/farah/ws_farah/install/controller_manager_msgs/include/controller_manager_msgs/controller_manager_msgs/msg/detail/controller_state__type_support.hpp
[13.634s] -- Installing: /home/farah/ws_farah/install/controller_manager_msgs/include/controller_manager_msgs/controller_manager_msgs/msg/detail/chain_connection__builder.hpp
[13.634s] -- Installing: /home/farah/ws_farah/install/controller_manager_msgs/include/controller_manager_msgs/controller_manager_msgs/msg/detail/hardware_interface__builder.hpp
[13.634s] -- Installing: /home/farah/ws_farah/install/controller_manager_msgs/include/controller_manager_msgs/controller_manager_msgs/msg/detail/chain_connection__struct.hpp
[13.634s] -- Installing: /home/farah/ws_farah/install/controller_manager_msgs/include/controller_manager_msgs/controller_manager_msgs/msg/detail/hardware_component_state__type_support.hpp
[13.634s] -- Installing: /home/farah/ws_farah/install/controller_manager_msgs/include/controller_manager_msgs/controller_manager_msgs/msg/detail/controller_state__builder.hpp
[13.634s] -- Installing: /home/farah/ws_farah/install/controller_manager_msgs/include/controller_manager_msgs/controller_manager_msgs/msg/detail/chain_connection__traits.hpp
[13.634s] -- Installing: /home/farah/ws_farah/install/controller_manager_msgs/include/controller_manager_msgs/controller_manager_msgs/msg/detail/controller_state__struct.hpp
[13.634s] -- Installing: /home/farah/ws_farah/install/controller_manager_msgs/include/controller_manager_msgs/controller_manager_msgs/msg/detail/hardware_component_state__builder.hpp
[13.634s] -- Installing: /home/farah/ws_farah/install/controller_manager_msgs/include/controller_manager_msgs/controller_manager_msgs/msg/detail/hardware_interface__struct.hpp
[13.634s] -- Installing: /home/farah/ws_farah/install/controller_manager_msgs/include/controller_manager_msgs/controller_manager_msgs/msg/detail/hardware_component_state__struct.hpp
[13.634s] -- Up-to-date: /home/farah/ws_farah/install/controller_manager_msgs/include/controller_manager_msgs/controller_manager_msgs
[13.634s] -- Up-to-date: /home/farah/ws_farah/install/controller_manager_msgs/include/controller_manager_msgs/controller_manager_msgs/srv
[13.635s] -- Up-to-date: /home/farah/ws_farah/install/controller_manager_msgs/include/controller_manager_msgs/controller_manager_msgs/srv/detail
[13.635s] -- Installing: /home/farah/ws_farah/install/controller_manager_msgs/include/controller_manager_msgs/controller_manager_msgs/srv/detail/configure_controller__rosidl_typesupport_fastrtps_cpp.hpp
[13.635s] -- Installing: /home/farah/ws_farah/install/controller_manager_msgs/include/controller_manager_msgs/controller_manager_msgs/srv/detail/list_controllers__rosidl_typesupport_fastrtps_cpp.hpp
[13.635s] -- Installing: /home/farah/ws_farah/install/controller_manager_msgs/include/controller_manager_msgs/controller_manager_msgs/srv/detail/unload_controller__rosidl_typesupport_fastrtps_cpp.hpp
[13.635s] -- Installing: /home/farah/ws_farah/install/controller_manager_msgs/include/controller_manager_msgs/controller_manager_msgs/srv/detail/set_hardware_component_state__rosidl_typesupport_fastrtps_cpp.hpp
[13.635s] -- Installing: /home/farah/ws_farah/install/controller_manager_msgs/include/controller_manager_msgs/controller_manager_msgs/srv/detail/dds_fastrtps
[13.635s] -- Installing: /home/farah/ws_farah/install/controller_manager_msgs/include/controller_manager_msgs/controller_manager_msgs/srv/detail/load_controller__rosidl_typesupport_fastrtps_cpp.hpp
[13.635s] -- Installing: /home/farah/ws_farah/install/controller_manager_msgs/include/controller_manager_msgs/controller_manager_msgs/srv/detail/reload_controller_libraries__rosidl_typesupport_fastrtps_cpp.hpp
[13.635s] -- Installing: /home/farah/ws_farah/install/controller_manager_msgs/include/controller_manager_msgs/controller_manager_msgs/srv/detail/list_hardware_interfaces__rosidl_typesupport_fastrtps_cpp.hpp
[13.635s] -- Installing: /home/farah/ws_farah/install/controller_manager_msgs/include/controller_manager_msgs/controller_manager_msgs/srv/detail/switch_controller__rosidl_typesupport_fastrtps_cpp.hpp
[13.635s] -- Installing: /home/farah/ws_farah/install/controller_manager_msgs/include/controller_manager_msgs/controller_manager_msgs/srv/detail/list_controller_types__rosidl_typesupport_fastrtps_cpp.hpp
[13.635s] -- Installing: /home/farah/ws_farah/install/controller_manager_msgs/include/controller_manager_msgs/controller_manager_msgs/srv/detail/list_hardware_components__rosidl_typesupport_fastrtps_cpp.hpp
[13.636s] -- Up-to-date: /home/farah/ws_farah/install/controller_manager_msgs/include/controller_manager_msgs/controller_manager_msgs/msg
[13.636s] -- Installing: /home/farah/ws_farah/install/controller_manager_msgs/include/controller_manager_msgs/controller_manager_msgs/msg/rosidl_typesupport_fastrtps_cpp__visibility_control.h
[13.636s] -- Up-to-date: /home/farah/ws_farah/install/controller_manager_msgs/include/controller_manager_msgs/controller_manager_msgs/msg/detail
[13.636s] -- Installing: /home/farah/ws_farah/install/controller_manager_msgs/include/controller_manager_msgs/controller_manager_msgs/msg/detail/hardware_interface__rosidl_typesupport_fastrtps_cpp.hpp
[13.636s] -- Installing: /home/farah/ws_farah/install/controller_manager_msgs/include/controller_manager_msgs/controller_manager_msgs/msg/detail/chain_connection__rosidl_typesupport_fastrtps_cpp.hpp
[13.636s] -- Installing: /home/farah/ws_farah/install/controller_manager_msgs/include/controller_manager_msgs/controller_manager_msgs/msg/detail/dds_fastrtps
[13.636s] -- Installing: /home/farah/ws_farah/install/controller_manager_msgs/include/controller_manager_msgs/controller_manager_msgs/msg/detail/controller_state__rosidl_typesupport_fastrtps_cpp.hpp
[13.636s] -- Installing: /home/farah/ws_farah/install/controller_manager_msgs/include/controller_manager_msgs/controller_manager_msgs/msg/detail/hardware_component_state__rosidl_typesupport_fastrtps_cpp.hpp
[13.636s] -- Installing: /home/farah/ws_farah/install/controller_manager_msgs/lib/libcontroller_manager_msgs__rosidl_typesupport_fastrtps_cpp.so
[13.637s] -- Set runtime path of "/home/farah/ws_farah/install/controller_manager_msgs/lib/libcontroller_manager_msgs__rosidl_typesupport_fastrtps_cpp.so" to ""
[13.637s] -- Up-to-date: /home/farah/ws_farah/install/controller_manager_msgs/include/controller_manager_msgs/controller_manager_msgs
[13.637s] -- Up-to-date: /home/farah/ws_farah/install/controller_manager_msgs/include/controller_manager_msgs/controller_manager_msgs/srv
[13.637s] -- Up-to-date: /home/farah/ws_farah/install/controller_manager_msgs/include/controller_manager_msgs/controller_manager_msgs/srv/detail
[13.637s] -- Installing: /home/farah/ws_farah/install/controller_manager_msgs/include/controller_manager_msgs/controller_manager_msgs/srv/detail/list_hardware_interfaces__rosidl_typesupport_introspection_c.h
[13.637s] -- Installing: /home/farah/ws_farah/install/controller_manager_msgs/include/controller_manager_msgs/controller_manager_msgs/srv/detail/list_hardware_components__type_support.c
[13.637s] -- Installing: /home/farah/ws_farah/install/controller_manager_msgs/include/controller_manager_msgs/controller_manager_msgs/srv/detail/set_hardware_component_state__rosidl_typesupport_introspection_c.h
[13.637s] -- Installing: /home/farah/ws_farah/install/controller_manager_msgs/include/controller_manager_msgs/controller_manager_msgs/srv/detail/list_hardware_components__rosidl_typesupport_introspection_c.h
[13.637s] -- Installing: /home/farah/ws_farah/install/controller_manager_msgs/include/controller_manager_msgs/controller_manager_msgs/srv/detail/reload_controller_libraries__rosidl_typesupport_introspection_c.h
[13.637s] -- Installing: /home/farah/ws_farah/install/controller_manager_msgs/include/controller_manager_msgs/controller_manager_msgs/srv/detail/reload_controller_libraries__type_support.c
[13.637s] -- Installing: /home/farah/ws_farah/install/controller_manager_msgs/include/controller_manager_msgs/controller_manager_msgs/srv/detail/list_controller_types__rosidl_typesupport_introspection_c.h
[13.638s] -- Installing: /home/farah/ws_farah/install/controller_manager_msgs/include/controller_manager_msgs/controller_manager_msgs/srv/detail/configure_controller__rosidl_typesupport_introspection_c.h
[13.638s] -- Installing: /home/farah/ws_farah/install/controller_manager_msgs/include/controller_manager_msgs/controller_manager_msgs/srv/detail/configure_controller__type_support.c
[13.638s] -- Installing: /home/farah/ws_farah/install/controller_manager_msgs/include/controller_manager_msgs/controller_manager_msgs/srv/detail/unload_controller__rosidl_typesupport_introspection_c.h
[13.638s] -- Installing: /home/farah/ws_farah/install/controller_manager_msgs/include/controller_manager_msgs/controller_manager_msgs/srv/detail/unload_controller__type_support.c
[13.638s] -- Installing: /home/farah/ws_farah/install/controller_manager_msgs/include/controller_manager_msgs/controller_manager_msgs/srv/detail/switch_controller__type_support.c
[13.638s] -- Installing: /home/farah/ws_farah/install/controller_manager_msgs/include/controller_manager_msgs/controller_manager_msgs/srv/detail/list_controller_types__type_support.c
[13.638s] -- Installing: /home/farah/ws_farah/install/controller_manager_msgs/include/controller_manager_msgs/controller_manager_msgs/srv/detail/set_hardware_component_state__type_support.c
[13.638s] -- Installing: /home/farah/ws_farah/install/controller_manager_msgs/include/controller_manager_msgs/controller_manager_msgs/srv/detail/switch_controller__rosidl_typesupport_introspection_c.h
[13.638s] -- Installing: /home/farah/ws_farah/install/controller_manager_msgs/include/controller_manager_msgs/controller_manager_msgs/srv/detail/load_controller__rosidl_typesupport_introspection_c.h
[13.639s] -- Installing: /home/farah/ws_farah/install/controller_manager_msgs/include/controller_manager_msgs/controller_manager_msgs/srv/detail/list_hardware_interfaces__type_support.c
[13.639s] -- Installing: /home/farah/ws_farah/install/controller_manager_msgs/include/controller_manager_msgs/controller_manager_msgs/srv/detail/list_controllers__rosidl_typesupport_introspection_c.h
[13.639s] -- Installing: /home/farah/ws_farah/install/controller_manager_msgs/include/controller_manager_msgs/controller_manager_msgs/srv/detail/list_controllers__type_support.c
[13.639s] -- Installing: /home/farah/ws_farah/install/controller_manager_msgs/include/controller_manager_msgs/controller_manager_msgs/srv/detail/load_controller__type_support.c
[13.639s] -- Up-to-date: /home/farah/ws_farah/install/controller_manager_msgs/include/controller_manager_msgs/controller_manager_msgs/msg
[13.639s] -- Installing: /home/farah/ws_farah/install/controller_manager_msgs/include/controller_manager_msgs/controller_manager_msgs/msg/rosidl_typesupport_introspection_c__visibility_control.h
[13.639s] -- Up-to-date: /home/farah/ws_farah/install/controller_manager_msgs/include/controller_manager_msgs/controller_manager_msgs/msg/detail
[13.639s] -- Installing: /home/farah/ws_farah/install/controller_manager_msgs/include/controller_manager_msgs/controller_manager_msgs/msg/detail/hardware_interface__type_support.c
[13.639s] -- Installing: /home/farah/ws_farah/install/controller_manager_msgs/include/controller_manager_msgs/controller_manager_msgs/msg/detail/controller_state__type_support.c
[13.640s] -- Installing: /home/farah/ws_farah/install/controller_manager_msgs/include/controller_manager_msgs/controller_manager_msgs/msg/detail/hardware_interface__rosidl_typesupport_introspection_c.h
[13.640s] -- Installing: /home/farah/ws_farah/install/controller_manager_msgs/include/controller_manager_msgs/controller_manager_msgs/msg/detail/chain_connection__rosidl_typesupport_introspection_c.h
[13.640s] -- Installing: /home/farah/ws_farah/install/controller_manager_msgs/include/controller_manager_msgs/controller_manager_msgs/msg/detail/hardware_component_state__rosidl_typesupport_introspection_c.h
[13.640s] -- Installing: /home/farah/ws_farah/install/controller_manager_msgs/include/controller_manager_msgs/controller_manager_msgs/msg/detail/chain_connection__type_support.c
[13.640s] -- Installing: /home/farah/ws_farah/install/controller_manager_msgs/include/controller_manager_msgs/controller_manager_msgs/msg/detail/hardware_component_state__type_support.c
[13.640s] -- Installing: /home/farah/ws_farah/install/controller_manager_msgs/include/controller_manager_msgs/controller_manager_msgs/msg/detail/controller_state__rosidl_typesupport_introspection_c.h
[13.640s] -- Installing: /home/farah/ws_farah/install/controller_manager_msgs/lib/libcontroller_manager_msgs__rosidl_typesupport_introspection_c.so
[13.640s] -- Set runtime path of "/home/farah/ws_farah/install/controller_manager_msgs/lib/libcontroller_manager_msgs__rosidl_typesupport_introspection_c.so" to ""
[13.640s] -- Installing: /home/farah/ws_farah/install/controller_manager_msgs/lib/libcontroller_manager_msgs__rosidl_typesupport_c.so
[13.641s] -- Set runtime path of "/home/farah/ws_farah/install/controller_manager_msgs/lib/libcontroller_manager_msgs__rosidl_typesupport_c.so" to ""
[13.641s] -- Up-to-date: /home/farah/ws_farah/install/controller_manager_msgs/include/controller_manager_msgs/controller_manager_msgs
[13.641s] -- Up-to-date: /home/farah/ws_farah/install/controller_manager_msgs/include/controller_manager_msgs/controller_manager_msgs/srv
[13.641s] -- Up-to-date: /home/farah/ws_farah/install/controller_manager_msgs/include/controller_manager_msgs/controller_manager_msgs/srv/detail
[13.641s] -- Installing: /home/farah/ws_farah/install/controller_manager_msgs/include/controller_manager_msgs/controller_manager_msgs/srv/detail/switch_controller__rosidl_typesupport_introspection_cpp.hpp
[13.641s] -- Installing: /home/farah/ws_farah/install/controller_manager_msgs/include/controller_manager_msgs/controller_manager_msgs/srv/detail/list_controllers__rosidl_typesupport_introspection_cpp.hpp
[13.641s] -- Installing: /home/farah/ws_farah/install/controller_manager_msgs/include/controller_manager_msgs/controller_manager_msgs/srv/detail/load_controller__type_support.cpp
[13.641s] -- Installing: /home/farah/ws_farah/install/controller_manager_msgs/include/controller_manager_msgs/controller_manager_msgs/srv/detail/reload_controller_libraries__type_support.cpp
[13.641s] -- Installing: /home/farah/ws_farah/install/controller_manager_msgs/include/controller_manager_msgs/controller_manager_msgs/srv/detail/configure_controller__rosidl_typesupport_introspection_cpp.hpp
[13.641s] -- Installing: /home/farah/ws_farah/install/controller_manager_msgs/include/controller_manager_msgs/controller_manager_msgs/srv/detail/unload_controller__type_support.cpp
[13.641s] -- Installing: /home/farah/ws_farah/install/controller_manager_msgs/include/controller_manager_msgs/controller_manager_msgs/srv/detail/unload_controller__rosidl_typesupport_introspection_cpp.hpp
[13.641s] -- Installing: /home/farah/ws_farah/install/controller_manager_msgs/include/controller_manager_msgs/controller_manager_msgs/srv/detail/switch_controller__type_support.cpp
[13.641s] -- Installing: /home/farah/ws_farah/install/controller_manager_msgs/include/controller_manager_msgs/controller_manager_msgs/srv/detail/list_controller_types__rosidl_typesupport_introspection_cpp.hpp
[13.641s] -- Installing: /home/farah/ws_farah/install/controller_manager_msgs/include/controller_manager_msgs/controller_manager_msgs/srv/detail/list_hardware_components__type_support.cpp
[13.642s] -- Installing: /home/farah/ws_farah/install/controller_manager_msgs/include/controller_manager_msgs/controller_manager_msgs/srv/detail/list_hardware_interfaces__rosidl_typesupport_introspection_cpp.hpp
[13.642s] -- Installing: /home/farah/ws_farah/install/controller_manager_msgs/include/controller_manager_msgs/controller_manager_msgs/srv/detail/configure_controller__type_support.cpp
[13.642s] -- Installing: /home/farah/ws_farah/install/controller_manager_msgs/include/controller_manager_msgs/controller_manager_msgs/srv/detail/set_hardware_component_state__rosidl_typesupport_introspection_cpp.hpp
[13.642s] -- Installing: /home/farah/ws_farah/install/controller_manager_msgs/include/controller_manager_msgs/controller_manager_msgs/srv/detail/load_controller__rosidl_typesupport_introspection_cpp.hpp
[13.642s] -- Installing: /home/farah/ws_farah/install/controller_manager_msgs/include/controller_manager_msgs/controller_manager_msgs/srv/detail/reload_controller_libraries__rosidl_typesupport_introspection_cpp.hpp
[13.642s] -- Installing: /home/farah/ws_farah/install/controller_manager_msgs/include/controller_manager_msgs/controller_manager_msgs/srv/detail/list_controllers__type_support.cpp
[13.642s] -- Installing: /home/farah/ws_farah/install/controller_manager_msgs/include/controller_manager_msgs/controller_manager_msgs/srv/detail/list_controller_types__type_support.cpp
[13.642s] -- Installing: /home/farah/ws_farah/install/controller_manager_msgs/include/controller_manager_msgs/controller_manager_msgs/srv/detail/set_hardware_component_state__type_support.cpp
[13.642s] -- Installing: /home/farah/ws_farah/install/controller_manager_msgs/include/controller_manager_msgs/controller_manager_msgs/srv/detail/list_hardware_interfaces__type_support.cpp
[13.642s] -- Installing: /home/farah/ws_farah/install/controller_manager_msgs/include/controller_manager_msgs/controller_manager_msgs/srv/detail/list_hardware_components__rosidl_typesupport_introspection_cpp.hpp
[13.642s] -- Up-to-date: /home/farah/ws_farah/install/controller_manager_msgs/include/controller_manager_msgs/controller_manager_msgs/msg
[13.643s] -- Up-to-date: /home/farah/ws_farah/install/controller_manager_msgs/include/controller_manager_msgs/controller_manager_msgs/msg/detail
[13.643s] -- Installing: /home/farah/ws_farah/install/controller_manager_msgs/include/controller_manager_msgs/controller_manager_msgs/msg/detail/controller_state__rosidl_typesupport_introspection_cpp.hpp
[13.643s] -- Installing: /home/farah/ws_farah/install/controller_manager_msgs/include/controller_manager_msgs/controller_manager_msgs/msg/detail/hardware_interface__rosidl_typesupport_introspection_cpp.hpp
[13.643s] -- Installing: /home/farah/ws_farah/install/controller_manager_msgs/include/controller_manager_msgs/controller_manager_msgs/msg/detail/hardware_interface__type_support.cpp
[13.643s] -- Installing: /home/farah/ws_farah/install/controller_manager_msgs/include/controller_manager_msgs/controller_manager_msgs/msg/detail/chain_connection__rosidl_typesupport_introspection_cpp.hpp
[13.643s] -- Installing: /home/farah/ws_farah/install/controller_manager_msgs/include/controller_manager_msgs/controller_manager_msgs/msg/detail/hardware_component_state__type_support.cpp
[13.643s] -- Installing: /home/farah/ws_farah/install/controller_manager_msgs/include/controller_manager_msgs/controller_manager_msgs/msg/detail/controller_state__type_support.cpp
[13.643s] -- Installing: /home/farah/ws_farah/install/controller_manager_msgs/include/controller_manager_msgs/controller_manager_msgs/msg/detail/chain_connection__type_support.cpp
[13.643s] -- Installing: /home/farah/ws_farah/install/controller_manager_msgs/include/controller_manager_msgs/controller_manager_msgs/msg/detail/hardware_component_state__rosidl_typesupport_introspection_cpp.hpp
[13.643s] -- Installing: /home/farah/ws_farah/install/controller_manager_msgs/lib/libcontroller_manager_msgs__rosidl_typesupport_introspection_cpp.so
[13.644s] -- Set runtime path of "/home/farah/ws_farah/install/controller_manager_msgs/lib/libcontroller_manager_msgs__rosidl_typesupport_introspection_cpp.so" to ""
[13.644s] -- Installing: /home/farah/ws_farah/install/controller_manager_msgs/lib/libcontroller_manager_msgs__rosidl_typesupport_cpp.so
[13.644s] -- Set runtime path of "/home/farah/ws_farah/install/controller_manager_msgs/lib/libcontroller_manager_msgs__rosidl_typesupport_cpp.so" to ""
[13.644s] -- Installing: /home/farah/ws_farah/install/controller_manager_msgs/share/controller_manager_msgs/environment/pythonpath.sh
[13.644s] -- Installing: /home/farah/ws_farah/install/controller_manager_msgs/share/controller_manager_msgs/environment/pythonpath.dsv
[13.645s] -- Installing: /home/farah/ws_farah/install/controller_manager_msgs/local/lib/python3.10/dist-packages/controller_manager_msgs-2.50.0-py3.10.egg-info
[13.645s] -- Installing: /home/farah/ws_farah/install/controller_manager_msgs/local/lib/python3.10/dist-packages/controller_manager_msgs-2.50.0-py3.10.egg-info/dependency_links.txt
[13.645s] -- Installing: /home/farah/ws_farah/install/controller_manager_msgs/local/lib/python3.10/dist-packages/controller_manager_msgs-2.50.0-py3.10.egg-info/top_level.txt
[13.645s] -- Installing: /home/farah/ws_farah/install/controller_manager_msgs/local/lib/python3.10/dist-packages/controller_manager_msgs-2.50.0-py3.10.egg-info/PKG-INFO
[13.645s] -- Installing: /home/farah/ws_farah/install/controller_manager_msgs/local/lib/python3.10/dist-packages/controller_manager_msgs-2.50.0-py3.10.egg-info/SOURCES.txt
[13.645s] -- Installing: /home/farah/ws_farah/install/controller_manager_msgs/local/lib/python3.10/dist-packages/controller_manager_msgs
[13.645s] -- Installing: /home/farah/ws_farah/install/controller_manager_msgs/local/lib/python3.10/dist-packages/controller_manager_msgs/_controller_manager_msgs_s.ep.rosidl_typesupport_fastrtps_c.c
[13.645s] -- Installing: /home/farah/ws_farah/install/controller_manager_msgs/local/lib/python3.10/dist-packages/controller_manager_msgs/libcontroller_manager_msgs__rosidl_generator_py.so
[13.645s] -- Installing: /home/farah/ws_farah/install/controller_manager_msgs/local/lib/python3.10/dist-packages/controller_manager_msgs/srv
[13.646s] -- Installing: /home/farah/ws_farah/install/controller_manager_msgs/local/lib/python3.10/dist-packages/controller_manager_msgs/srv/_list_hardware_interfaces.py
[13.646s] -- Installing: /home/farah/ws_farah/install/controller_manager_msgs/local/lib/python3.10/dist-packages/controller_manager_msgs/srv/_unload_controller.py
[13.646s] -- Installing: /home/farah/ws_farah/install/controller_manager_msgs/local/lib/python3.10/dist-packages/controller_manager_msgs/srv/_set_hardware_component_state.py
[13.646s] -- Installing: /home/farah/ws_farah/install/controller_manager_msgs/local/lib/python3.10/dist-packages/controller_manager_msgs/srv/_list_hardware_components_s.c
[13.646s] -- Installing: /home/farah/ws_farah/install/controller_manager_msgs/local/lib/python3.10/dist-packages/controller_manager_msgs/srv/_load_controller.py
[13.646s] -- Installing: /home/farah/ws_farah/install/controller_manager_msgs/local/lib/python3.10/dist-packages/controller_manager_msgs/srv/_switch_controller_s.c
[13.646s] -- Installing: /home/farah/ws_farah/install/controller_manager_msgs/local/lib/python3.10/dist-packages/controller_manager_msgs/srv/_reload_controller_libraries_s.c
[13.646s] -- Installing: /home/farah/ws_farah/install/controller_manager_msgs/local/lib/python3.10/dist-packages/controller_manager_msgs/srv/_list_controller_types_s.c
[13.646s] -- Installing: /home/farah/ws_farah/install/controller_manager_msgs/local/lib/python3.10/dist-packages/controller_manager_msgs/srv/_configure_controller_s.c
[13.646s] -- Installing: /home/farah/ws_farah/install/controller_manager_msgs/local/lib/python3.10/dist-packages/controller_manager_msgs/srv/_unload_controller_s.c
[13.646s] -- Installing: /home/farah/ws_farah/install/controller_manager_msgs/local/lib/python3.10/dist-packages/controller_manager_msgs/srv/_load_controller_s.c
[13.646s] -- Installing: /home/farah/ws_farah/install/controller_manager_msgs/local/lib/python3.10/dist-packages/controller_manager_msgs/srv/_switch_controller.py
[13.647s] -- Installing: /home/farah/ws_farah/install/controller_manager_msgs/local/lib/python3.10/dist-packages/controller_manager_msgs/srv/_configure_controller.py
[13.647s] -- Installing: /home/farah/ws_farah/install/controller_manager_msgs/local/lib/python3.10/dist-packages/controller_manager_msgs/srv/_list_controllers.py
[13.647s] -- Installing: /home/farah/ws_farah/install/controller_manager_msgs/local/lib/python3.10/dist-packages/controller_manager_msgs/srv/_list_hardware_interfaces_s.c
[13.647s] -- Installing: /home/farah/ws_farah/install/controller_manager_msgs/local/lib/python3.10/dist-packages/controller_manager_msgs/srv/_list_controllers_s.c
[13.647s] -- Installing: /home/farah/ws_farah/install/controller_manager_msgs/local/lib/python3.10/dist-packages/controller_manager_msgs/srv/_list_controller_types.py
[13.647s] -- Installing: /home/farah/ws_farah/install/controller_manager_msgs/local/lib/python3.10/dist-packages/controller_manager_msgs/srv/_list_hardware_components.py
[13.647s] -- Installing: /home/farah/ws_farah/install/controller_manager_msgs/local/lib/python3.10/dist-packages/controller_manager_msgs/srv/__init__.py
[13.647s] -- Installing: /home/farah/ws_farah/install/controller_manager_msgs/local/lib/python3.10/dist-packages/controller_manager_msgs/srv/_reload_controller_libraries.py
[13.647s] -- Installing: /home/farah/ws_farah/install/controller_manager_msgs/local/lib/python3.10/dist-packages/controller_manager_msgs/srv/_set_hardware_component_state_s.c
[13.647s] -- Installing: /home/farah/ws_farah/install/controller_manager_msgs/local/lib/python3.10/dist-packages/controller_manager_msgs/_controller_manager_msgs_s.ep.rosidl_typesupport_introspection_c.c
[13.647s] -- Installing: /home/farah/ws_farah/install/controller_manager_msgs/local/lib/python3.10/dist-packages/controller_manager_msgs/controller_manager_msgs_s__rosidl_typesupport_introspection_c.cpython-310-x86_64-linux-gnu.so
[13.648s] -- Installing: /home/farah/ws_farah/install/controller_manager_msgs/local/lib/python3.10/dist-packages/controller_manager_msgs/controller_manager_msgs_s__rosidl_typesupport_c.cpython-310-x86_64-linux-gnu.so
[13.648s] -- Installing: /home/farah/ws_farah/install/controller_manager_msgs/local/lib/python3.10/dist-packages/controller_manager_msgs/controller_manager_msgs_s__rosidl_typesupport_fastrtps_c.cpython-310-x86_64-linux-gnu.so
[13.648s] -- Installing: /home/farah/ws_farah/install/controller_manager_msgs/local/lib/python3.10/dist-packages/controller_manager_msgs/msg
[13.648s] -- Installing: /home/farah/ws_farah/install/controller_manager_msgs/local/lib/python3.10/dist-packages/controller_manager_msgs/msg/_chain_connection.py
[13.648s] -- Installing: /home/farah/ws_farah/install/controller_manager_msgs/local/lib/python3.10/dist-packages/controller_manager_msgs/msg/_controller_state_s.c
[13.648s] -- Installing: /home/farah/ws_farah/install/controller_manager_msgs/local/lib/python3.10/dist-packages/controller_manager_msgs/msg/_hardware_interface.py
[13.648s] -- Installing: /home/farah/ws_farah/install/controller_manager_msgs/local/lib/python3.10/dist-packages/controller_manager_msgs/msg/_chain_connection_s.c
[13.649s] -- Installing: /home/farah/ws_farah/install/controller_manager_msgs/local/lib/python3.10/dist-packages/controller_manager_msgs/msg/_controller_state.py
[13.649s] -- Installing: /home/farah/ws_farah/install/controller_manager_msgs/local/lib/python3.10/dist-packages/controller_manager_msgs/msg/_hardware_component_state_s.c
[13.649s] -- Installing: /home/farah/ws_farah/install/controller_manager_msgs/local/lib/python3.10/dist-packages/controller_manager_msgs/msg/_hardware_interface_s.c
[13.649s] -- Installing: /home/farah/ws_farah/install/controller_manager_msgs/local/lib/python3.10/dist-packages/controller_manager_msgs/msg/__init__.py
[13.650s] -- Installing: /home/farah/ws_farah/install/controller_manager_msgs/local/lib/python3.10/dist-packages/controller_manager_msgs/msg/_hardware_component_state.py
[13.650s] -- Installing: /home/farah/ws_farah/install/controller_manager_msgs/local/lib/python3.10/dist-packages/controller_manager_msgs/_controller_manager_msgs_s.ep.rosidl_typesupport_c.c
[13.650s] -- Installing: /home/farah/ws_farah/install/controller_manager_msgs/local/lib/python3.10/dist-packages/controller_manager_msgs/__init__.py
[13.702s] Listing '/home/farah/ws_farah/install/controller_manager_msgs/local/lib/python3.10/dist-packages/controller_manager_msgs'...
[13.702s] Compiling '/home/farah/ws_farah/install/controller_manager_msgs/local/lib/python3.10/dist-packages/controller_manager_msgs/__init__.py'...
[13.702s] Listing '/home/farah/ws_farah/install/controller_manager_msgs/local/lib/python3.10/dist-packages/controller_manager_msgs/msg'...
[13.702s] Compiling '/home/farah/ws_farah/install/controller_manager_msgs/local/lib/python3.10/dist-packages/controller_manager_msgs/msg/__init__.py'...
[13.702s] Compiling '/home/farah/ws_farah/install/controller_manager_msgs/local/lib/python3.10/dist-packages/controller_manager_msgs/msg/_chain_connection.py'...
[13.702s] Compiling '/home/farah/ws_farah/install/controller_manager_msgs/local/lib/python3.10/dist-packages/controller_manager_msgs/msg/_controller_state.py'...
[13.702s] Compiling '/home/farah/ws_farah/install/controller_manager_msgs/local/lib/python3.10/dist-packages/controller_manager_msgs/msg/_hardware_component_state.py'...
[13.702s] Compiling '/home/farah/ws_farah/install/controller_manager_msgs/local/lib/python3.10/dist-packages/controller_manager_msgs/msg/_hardware_interface.py'...
[13.702s] Listing '/home/farah/ws_farah/install/controller_manager_msgs/local/lib/python3.10/dist-packages/controller_manager_msgs/srv'...
[13.702s] Compiling '/home/farah/ws_farah/install/controller_manager_msgs/local/lib/python3.10/dist-packages/controller_manager_msgs/srv/__init__.py'...
[13.702s] Compiling '/home/farah/ws_farah/install/controller_manager_msgs/local/lib/python3.10/dist-packages/controller_manager_msgs/srv/_configure_controller.py'...
[13.703s] Compiling '/home/farah/ws_farah/install/controller_manager_msgs/local/lib/python3.10/dist-packages/controller_manager_msgs/srv/_list_controller_types.py'...
[13.703s] Compiling '/home/farah/ws_farah/install/controller_manager_msgs/local/lib/python3.10/dist-packages/controller_manager_msgs/srv/_list_controllers.py'...
[13.703s] Compiling '/home/farah/ws_farah/install/controller_manager_msgs/local/lib/python3.10/dist-packages/controller_manager_msgs/srv/_list_hardware_components.py'...
[13.703s] Compiling '/home/farah/ws_farah/install/controller_manager_msgs/local/lib/python3.10/dist-packages/controller_manager_msgs/srv/_list_hardware_interfaces.py'...
[13.703s] Compiling '/home/farah/ws_farah/install/controller_manager_msgs/local/lib/python3.10/dist-packages/controller_manager_msgs/srv/_load_controller.py'...
[13.703s] Compiling '/home/farah/ws_farah/install/controller_manager_msgs/local/lib/python3.10/dist-packages/controller_manager_msgs/srv/_reload_controller_libraries.py'...
[13.703s] Compiling '/home/farah/ws_farah/install/controller_manager_msgs/local/lib/python3.10/dist-packages/controller_manager_msgs/srv/_set_hardware_component_state.py'...
[13.703s] Compiling '/home/farah/ws_farah/install/controller_manager_msgs/local/lib/python3.10/dist-packages/controller_manager_msgs/srv/_switch_controller.py'...
[13.703s] Compiling '/home/farah/ws_farah/install/controller_manager_msgs/local/lib/python3.10/dist-packages/controller_manager_msgs/srv/_unload_controller.py'...
[13.707s] -- Installing: /home/farah/ws_farah/install/controller_manager_msgs/local/lib/python3.10/dist-packages/controller_manager_msgs/controller_manager_msgs_s__rosidl_typesupport_fastrtps_c.cpython-310-x86_64-linux-gnu.so
[13.707s] -- Set runtime path of "/home/farah/ws_farah/install/controller_manager_msgs/local/lib/python3.10/dist-packages/controller_manager_msgs/controller_manager_msgs_s__rosidl_typesupport_fastrtps_c.cpython-310-x86_64-linux-gnu.so" to ""
[13.707s] -- Installing: /home/farah/ws_farah/install/controller_manager_msgs/local/lib/python3.10/dist-packages/controller_manager_msgs/controller_manager_msgs_s__rosidl_typesupport_introspection_c.cpython-310-x86_64-linux-gnu.so
[13.708s] -- Set runtime path of "/home/farah/ws_farah/install/controller_manager_msgs/local/lib/python3.10/dist-packages/controller_manager_msgs/controller_manager_msgs_s__rosidl_typesupport_introspection_c.cpython-310-x86_64-linux-gnu.so" to ""
[13.708s] -- Installing: /home/farah/ws_farah/install/controller_manager_msgs/local/lib/python3.10/dist-packages/controller_manager_msgs/controller_manager_msgs_s__rosidl_typesupport_c.cpython-310-x86_64-linux-gnu.so
[13.708s] -- Set runtime path of "/home/farah/ws_farah/install/controller_manager_msgs/local/lib/python3.10/dist-packages/controller_manager_msgs/controller_manager_msgs_s__rosidl_typesupport_c.cpython-310-x86_64-linux-gnu.so" to ""
[13.708s] -- Installing: /home/farah/ws_farah/install/controller_manager_msgs/lib/libcontroller_manager_msgs__rosidl_generator_py.so
[13.709s] -- Set runtime path of "/home/farah/ws_farah/install/controller_manager_msgs/lib/libcontroller_manager_msgs__rosidl_generator_py.so" to ""
[13.709s] -- Installing: /home/farah/ws_farah/install/controller_manager_msgs/share/controller_manager_msgs/msg/ControllerState.idl
[13.709s] -- Installing: /home/farah/ws_farah/install/controller_manager_msgs/share/controller_manager_msgs/msg/ChainConnection.idl
[13.709s] -- Installing: /home/farah/ws_farah/install/controller_manager_msgs/share/controller_manager_msgs/msg/HardwareComponentState.idl
[13.709s] -- Installing: /home/farah/ws_farah/install/controller_manager_msgs/share/controller_manager_msgs/msg/HardwareInterface.idl
[13.710s] -- Installing: /home/farah/ws_farah/install/controller_manager_msgs/share/controller_manager_msgs/srv/ConfigureController.idl
[13.710s] -- Installing: /home/farah/ws_farah/install/controller_manager_msgs/share/controller_manager_msgs/srv/ListControllers.idl
[13.710s] -- Installing: /home/farah/ws_farah/install/controller_manager_msgs/share/controller_manager_msgs/srv/ListControllerTypes.idl
[13.710s] -- Installing: /home/farah/ws_farah/install/controller_manager_msgs/share/controller_manager_msgs/srv/ListHardwareComponents.idl
[13.710s] -- Installing: /home/farah/ws_farah/install/controller_manager_msgs/share/controller_manager_msgs/srv/ListHardwareInterfaces.idl
[13.710s] -- Installing: /home/farah/ws_farah/install/controller_manager_msgs/share/controller_manager_msgs/srv/LoadController.idl
[13.711s] -- Installing: /home/farah/ws_farah/install/controller_manager_msgs/share/controller_manager_msgs/srv/ReloadControllerLibraries.idl
[13.711s] -- Installing: /home/farah/ws_farah/install/controller_manager_msgs/share/controller_manager_msgs/srv/SetHardwareComponentState.idl
[13.711s] -- Installing: /home/farah/ws_farah/install/controller_manager_msgs/share/controller_manager_msgs/srv/SwitchController.idl
[13.711s] -- Installing: /home/farah/ws_farah/install/controller_manager_msgs/share/controller_manager_msgs/srv/UnloadController.idl
[13.711s] -- Installing: /home/farah/ws_farah/install/controller_manager_msgs/share/controller_manager_msgs/msg/ControllerState.msg
[13.711s] -- Installing: /home/farah/ws_farah/install/controller_manager_msgs/share/controller_manager_msgs/msg/ChainConnection.msg
[13.712s] -- Installing: /home/farah/ws_farah/install/controller_manager_msgs/share/controller_manager_msgs/msg/HardwareComponentState.msg
[13.712s] -- Installing: /home/farah/ws_farah/install/controller_manager_msgs/share/controller_manager_msgs/msg/HardwareInterface.msg
[13.712s] -- Installing: /home/farah/ws_farah/install/controller_manager_msgs/share/controller_manager_msgs/srv/ConfigureController.srv
[13.712s] -- Installing: /home/farah/ws_farah/install/controller_manager_msgs/share/controller_manager_msgs/srv/ConfigureController_Request.msg
[13.712s] -- Installing: /home/farah/ws_farah/install/controller_manager_msgs/share/controller_manager_msgs/srv/ConfigureController_Response.msg
[13.712s] -- Installing: /home/farah/ws_farah/install/controller_manager_msgs/share/controller_manager_msgs/srv/ListControllers.srv
[13.713s] -- Installing: /home/farah/ws_farah/install/controller_manager_msgs/share/controller_manager_msgs/srv/ListControllers_Request.msg
[13.713s] -- Installing: /home/farah/ws_farah/install/controller_manager_msgs/share/controller_manager_msgs/srv/ListControllers_Response.msg
[13.713s] -- Installing: /home/farah/ws_farah/install/controller_manager_msgs/share/controller_manager_msgs/srv/ListControllerTypes.srv
[13.713s] -- Installing: /home/farah/ws_farah/install/controller_manager_msgs/share/controller_manager_msgs/srv/ListControllerTypes_Request.msg
[13.713s] -- Installing: /home/farah/ws_farah/install/controller_manager_msgs/share/controller_manager_msgs/srv/ListControllerTypes_Response.msg
[13.713s] -- Installing: /home/farah/ws_farah/install/controller_manager_msgs/share/controller_manager_msgs/srv/ListHardwareComponents.srv
[13.714s] -- Installing: /home/farah/ws_farah/install/controller_manager_msgs/share/controller_manager_msgs/srv/ListHardwareComponents_Request.msg
[13.714s] -- Installing: /home/farah/ws_farah/install/controller_manager_msgs/share/controller_manager_msgs/srv/ListHardwareComponents_Response.msg
[13.714s] -- Installing: /home/farah/ws_farah/install/controller_manager_msgs/share/controller_manager_msgs/srv/ListHardwareInterfaces.srv
[13.714s] -- Installing: /home/farah/ws_farah/install/controller_manager_msgs/share/controller_manager_msgs/srv/ListHardwareInterfaces_Request.msg
[13.714s] -- Installing: /home/farah/ws_farah/install/controller_manager_msgs/share/controller_manager_msgs/srv/ListHardwareInterfaces_Response.msg
[13.714s] -- Installing: /home/farah/ws_farah/install/controller_manager_msgs/share/controller_manager_msgs/srv/LoadController.srv
[13.715s] -- Installing: /home/farah/ws_farah/install/controller_manager_msgs/share/controller_manager_msgs/srv/LoadController_Request.msg
[13.715s] -- Installing: /home/farah/ws_farah/install/controller_manager_msgs/share/controller_manager_msgs/srv/LoadController_Response.msg
[13.715s] -- Installing: /home/farah/ws_farah/install/controller_manager_msgs/share/controller_manager_msgs/srv/ReloadControllerLibraries.srv
[13.715s] -- Installing: /home/farah/ws_farah/install/controller_manager_msgs/share/controller_manager_msgs/srv/ReloadControllerLibraries_Request.msg
[13.715s] -- Installing: /home/farah/ws_farah/install/controller_manager_msgs/share/controller_manager_msgs/srv/ReloadControllerLibraries_Response.msg
[13.715s] -- Installing: /home/farah/ws_farah/install/controller_manager_msgs/share/controller_manager_msgs/srv/SetHardwareComponentState.srv
[13.716s] -- Installing: /home/farah/ws_farah/install/controller_manager_msgs/share/controller_manager_msgs/srv/SetHardwareComponentState_Request.msg
[13.716s] -- Installing: /home/farah/ws_farah/install/controller_manager_msgs/share/controller_manager_msgs/srv/SetHardwareComponentState_Response.msg
[13.716s] -- Installing: /home/farah/ws_farah/install/controller_manager_msgs/share/controller_manager_msgs/srv/SwitchController.srv
[13.716s] -- Installing: /home/farah/ws_farah/install/controller_manager_msgs/share/controller_manager_msgs/srv/SwitchController_Request.msg
[13.716s] -- Installing: /home/farah/ws_farah/install/controller_manager_msgs/share/controller_manager_msgs/srv/SwitchController_Response.msg
[13.716s] -- Installing: /home/farah/ws_farah/install/controller_manager_msgs/share/controller_manager_msgs/srv/UnloadController.srv
[13.717s] -- Installing: /home/farah/ws_farah/install/controller_manager_msgs/share/controller_manager_msgs/srv/UnloadController_Request.msg
[13.717s] -- Installing: /home/farah/ws_farah/install/controller_manager_msgs/share/controller_manager_msgs/srv/UnloadController_Response.msg
[13.717s] -- Installing: /home/farah/ws_farah/install/controller_manager_msgs/share/ament_index/resource_index/package_run_dependencies/controller_manager_msgs
[13.717s] -- Installing: /home/farah/ws_farah/install/controller_manager_msgs/share/ament_index/resource_index/parent_prefix_path/controller_manager_msgs
[13.717s] -- Installing: /home/farah/ws_farah/install/controller_manager_msgs/share/controller_manager_msgs/environment/ament_prefix_path.sh
[13.717s] -- Installing: /home/farah/ws_farah/install/controller_manager_msgs/share/controller_manager_msgs/environment/ament_prefix_path.dsv
[13.718s] -- Installing: /home/farah/ws_farah/install/controller_manager_msgs/share/controller_manager_msgs/environment/path.sh
[13.718s] -- Installing: /home/farah/ws_farah/install/controller_manager_msgs/share/controller_manager_msgs/environment/path.dsv
[13.718s] -- Installing: /home/farah/ws_farah/install/controller_manager_msgs/share/controller_manager_msgs/local_setup.bash
[13.718s] -- Installing: /home/farah/ws_farah/install/controller_manager_msgs/share/controller_manager_msgs/local_setup.sh
[13.718s] -- Installing: /home/farah/ws_farah/install/controller_manager_msgs/share/controller_manager_msgs/local_setup.zsh
[13.718s] -- Installing: /home/farah/ws_farah/install/controller_manager_msgs/share/controller_manager_msgs/local_setup.dsv
[13.719s] -- Installing: /home/farah/ws_farah/install/controller_manager_msgs/share/controller_manager_msgs/package.dsv
[13.719s] -- Installing: /home/farah/ws_farah/install/controller_manager_msgs/share/ament_index/resource_index/packages/controller_manager_msgs
[13.719s] -- Installing: /home/farah/ws_farah/install/controller_manager_msgs/share/controller_manager_msgs/cmake/export_controller_manager_msgs__rosidl_generator_cExport.cmake
[13.719s] -- Installing: /home/farah/ws_farah/install/controller_manager_msgs/share/controller_manager_msgs/cmake/export_controller_manager_msgs__rosidl_generator_cExport-noconfig.cmake
[13.719s] -- Installing: /home/farah/ws_farah/install/controller_manager_msgs/share/controller_manager_msgs/cmake/export_controller_manager_msgs__rosidl_typesupport_fastrtps_cExport.cmake
[13.720s] -- Installing: /home/farah/ws_farah/install/controller_manager_msgs/share/controller_manager_msgs/cmake/export_controller_manager_msgs__rosidl_typesupport_fastrtps_cExport-noconfig.cmake
[13.720s] -- Installing: /home/farah/ws_farah/install/controller_manager_msgs/share/controller_manager_msgs/cmake/export_controller_manager_msgs__rosidl_generator_cppExport.cmake
[13.720s] -- Installing: /home/farah/ws_farah/install/controller_manager_msgs/share/controller_manager_msgs/cmake/export_controller_manager_msgs__rosidl_typesupport_fastrtps_cppExport.cmake
[13.720s] -- Installing: /home/farah/ws_farah/install/controller_manager_msgs/share/controller_manager_msgs/cmake/export_controller_manager_msgs__rosidl_typesupport_fastrtps_cppExport-noconfig.cmake
[13.720s] -- Installing: /home/farah/ws_farah/install/controller_manager_msgs/share/controller_manager_msgs/cmake/controller_manager_msgs__rosidl_typesupport_introspection_cExport.cmake
[13.720s] -- Installing: /home/farah/ws_farah/install/controller_manager_msgs/share/controller_manager_msgs/cmake/controller_manager_msgs__rosidl_typesupport_introspection_cExport-noconfig.cmake
[13.721s] -- Installing: /home/farah/ws_farah/install/controller_manager_msgs/share/controller_manager_msgs/cmake/controller_manager_msgs__rosidl_typesupport_cExport.cmake
[13.721s] -- Installing: /home/farah/ws_farah/install/controller_manager_msgs/share/controller_manager_msgs/cmake/controller_manager_msgs__rosidl_typesupport_cExport-noconfig.cmake
[13.721s] -- Installing: /home/farah/ws_farah/install/controller_manager_msgs/share/controller_manager_msgs/cmake/controller_manager_msgs__rosidl_typesupport_introspection_cppExport.cmake
[13.721s] -- Installing: /home/farah/ws_farah/install/controller_manager_msgs/share/controller_manager_msgs/cmake/controller_manager_msgs__rosidl_typesupport_introspection_cppExport-noconfig.cmake
[13.721s] -- Installing: /home/farah/ws_farah/install/controller_manager_msgs/share/controller_manager_msgs/cmake/controller_manager_msgs__rosidl_typesupport_cppExport.cmake
[13.722s] -- Installing: /home/farah/ws_farah/install/controller_manager_msgs/share/controller_manager_msgs/cmake/controller_manager_msgs__rosidl_typesupport_cppExport-noconfig.cmake
[13.722s] -- Installing: /home/farah/ws_farah/install/controller_manager_msgs/share/controller_manager_msgs/cmake/export_controller_manager_msgs__rosidl_generator_pyExport.cmake
[13.722s] -- Installing: /home/farah/ws_farah/install/controller_manager_msgs/share/controller_manager_msgs/cmake/export_controller_manager_msgs__rosidl_generator_pyExport-noconfig.cmake
[13.722s] -- Installing: /home/farah/ws_farah/install/controller_manager_msgs/share/controller_manager_msgs/cmake/rosidl_cmake-extras.cmake
[13.722s] -- Installing: /home/farah/ws_farah/install/controller_manager_msgs/share/controller_manager_msgs/cmake/ament_cmake_export_dependencies-extras.cmake
[13.722s] -- Installing: /home/farah/ws_farah/install/controller_manager_msgs/share/controller_manager_msgs/cmake/ament_cmake_export_include_directories-extras.cmake
[13.723s] -- Installing: /home/farah/ws_farah/install/controller_manager_msgs/share/controller_manager_msgs/cmake/ament_cmake_export_libraries-extras.cmake
[13.723s] -- Installing: /home/farah/ws_farah/install/controller_manager_msgs/share/controller_manager_msgs/cmake/ament_cmake_export_targets-extras.cmake
[13.723s] -- Installing: /home/farah/ws_farah/install/controller_manager_msgs/share/controller_manager_msgs/cmake/rosidl_cmake_export_typesupport_targets-extras.cmake
[13.723s] -- Installing: /home/farah/ws_farah/install/controller_manager_msgs/share/controller_manager_msgs/cmake/rosidl_cmake_export_typesupport_libraries-extras.cmake
[13.723s] -- Installing: /home/farah/ws_farah/install/controller_manager_msgs/share/controller_manager_msgs/cmake/controller_manager_msgsConfig.cmake
[13.723s] -- Installing: /home/farah/ws_farah/install/controller_manager_msgs/share/controller_manager_msgs/cmake/controller_manager_msgsConfig-version.cmake
[13.724s] -- Installing: /home/farah/ws_farah/install/controller_manager_msgs/share/controller_manager_msgs/package.xml
[13.726s] Invoked command in '/home/farah/ws_farah/build/controller_manager_msgs' returned '0': CMAKE_PREFIX_PATH=${CMAKE_PREFIX_PATH}:/home/farah/ws_farah/install/temp_teleop:/home/farah/ws_farah/install/rqt_joint_trajectory_controller:/home/farah/ws_farah/install/rqt_controller_manager:/home/farah/ws_farah/install/ros2controlcli:/home/farah/ws_farah/install/ros2_controllers_test_nodes:/opt/ros/humble /usr/bin/cmake --install /home/farah/ws_farah/build/controller_manager_msgs
