[0.004s] Invoking command in '/home/farah/ws_farah/build/controller_manager_msgs': CMAKE_PREFIX_PATH=/opt/ros/humble /usr/bin/cmake /home/farah/ws_farah/src/ros2_control/controller_manager_msgs -DCMAKE_INSTALL_PREFIX=/home/farah/ws_farah/install/controller_manager_msgs
[0.043s] -- The C compiler identification is GNU 11.4.0
[0.087s] -- The CXX compiler identification is GNU 11.4.0
[0.093s] -- Detecting C compiler ABI info
[0.142s] -- Detecting C compiler ABI info - done
[0.148s] -- Check for working C compiler: /usr/bin/cc - skipped
[0.148s] -- Detecting C compile features
[0.148s] -- Detecting C compile features - done
[0.151s] -- Detecting CXX compiler ABI info
[0.210s] -- Detecting CXX compiler ABI info - done
[0.219s] -- Check for working CXX compiler: /usr/bin/c++ - skipped
[0.220s] -- Detecting CXX compile features
[0.220s] -- Detecting CXX compile features - done
[0.222s] -- Found ament_cmake: 1.3.11 (/opt/ros/humble/share/ament_cmake/cmake)
[0.506s] -- Found Python3: /usr/bin/python3 (found version "3.10.12") found components: Interpreter 
[0.579s] -- Found builtin_interfaces: 1.2.1 (/opt/ros/humble/share/builtin_interfaces/cmake)
[0.605s] -- Found rosidl_generator_c: 3.1.6 (/opt/ros/humble/share/rosidl_generator_c/cmake)
[0.609s] -- Found rosidl_adapter: 3.1.6 (/opt/ros/humble/share/rosidl_adapter/cmake)
[0.616s] -- Found rosidl_generator_cpp: 3.1.6 (/opt/ros/humble/share/rosidl_generator_cpp/cmake)
[0.626s] -- Using all available rosidl_typesupport_c: rosidl_typesupport_fastrtps_c;rosidl_typesupport_introspection_c
[0.640s] -- Using all available rosidl_typesupport_cpp: rosidl_typesupport_fastrtps_cpp;rosidl_typesupport_introspection_cpp
[0.652s] -- Found lifecycle_msgs: 1.2.1 (/opt/ros/humble/share/lifecycle_msgs/cmake)
[0.661s] -- Found rosidl_default_generators: 1.2.0 (/opt/ros/humble/share/rosidl_default_generators/cmake)
[0.988s] -- Found ament_cmake_cppcheck: 0.12.12 (/opt/ros/humble/share/ament_cmake_cppcheck/cmake)
[0.990s] -- Found ament_cmake_cpplint: 0.12.12 (/opt/ros/humble/share/ament_cmake_cpplint/cmake)
[0.991s] -- Found ament_cmake_uncrustify: 0.12.12 (/opt/ros/humble/share/ament_cmake_uncrustify/cmake)
[0.993s] -- Found ament_cmake_ros: 0.10.0 (/opt/ros/humble/share/ament_cmake_ros/cmake)
[1.264s] -- Using all available rosidl_typesupport_c: rosidl_typesupport_fastrtps_c;rosidl_typesupport_introspection_c
[1.370s] -- Using all available rosidl_typesupport_cpp: rosidl_typesupport_fastrtps_cpp;rosidl_typesupport_introspection_cpp
[1.390s] -- Found PythonInterp: /usr/bin/python3 (found suitable version "3.10.12", minimum required is "3.6") 
[1.391s] -- Found python_cmake_module: 0.10.0 (/opt/ros/humble/share/python_cmake_module/cmake)
[1.412s] -- Found PythonLibs: /usr/lib/x86_64-linux-gnu/libpython3.10.so (found suitable version "3.10.12", minimum required is "3.5") 
[1.412s] -- Using PYTHON_EXECUTABLE: /usr/bin/python3
[1.412s] -- Using PYTHON_INCLUDE_DIRS: /usr/include/python3.10
[1.412s] -- Using PYTHON_LIBRARIES: /usr/lib/x86_64-linux-gnu/libpython3.10.so
[1.430s] -- Found PythonExtra: .so  
[1.465s] -- Found ament_cmake_flake8: 0.12.12 (/opt/ros/humble/share/ament_cmake_flake8/cmake)
[1.466s] -- Found ament_cmake_pep257: 0.12.12 (/opt/ros/humble/share/ament_cmake_pep257/cmake)
[1.475s] -- Configuring done
[1.542s] -- Generating done
[1.557s] -- Build files have been written to: /home/farah/ws_farah/build/controller_manager_msgs
[1.564s] Invoked command in '/home/farah/ws_farah/build/controller_manager_msgs' returned '0': CMAKE_PREFIX_PATH=/opt/ros/humble /usr/bin/cmake /home/farah/ws_farah/src/ros2_control/controller_manager_msgs -DCMAKE_INSTALL_PREFIX=/home/farah/ws_farah/install/controller_manager_msgs
[1.565s] Invoking command in '/home/farah/ws_farah/build/controller_manager_msgs': CMAKE_PREFIX_PATH=/opt/ros/humble /usr/bin/cmake --build /home/farah/ws_farah/build/controller_manager_msgs -- -j8 -l8
[1.601s] [  1%] [34m[1mGenerating C code for ROS interfaces[0m
[1.610s] [  1%] [34m[1mGenerating C++ code for ROS interfaces[0m
[1.621s] [  1%] Built target ament_cmake_python_copy_controller_manager_msgs
[1.840s] running egg_info
[1.841s] creating controller_manager_msgs.egg-info
[1.861s] writing controller_manager_msgs.egg-info/PKG-INFO
[1.861s] writing dependency_links to controller_manager_msgs.egg-info/dependency_links.txt
[1.861s] writing top-level names to controller_manager_msgs.egg-info/top_level.txt
[1.861s] writing manifest file 'controller_manager_msgs.egg-info/SOURCES.txt'
[1.921s] reading manifest file 'controller_manager_msgs.egg-info/SOURCES.txt'
[1.922s] writing manifest file 'controller_manager_msgs.egg-info/SOURCES.txt'
[1.948s] [  1%] Built target ament_cmake_python_build_controller_manager_msgs_egg
[3.094s] [  1%] Built target controller_manager_msgs__cpp
[3.095s] [  1%] [32mBuilding C object CMakeFiles/controller_manager_msgs__rosidl_generator_c.dir/rosidl_generator_c/controller_manager_msgs/msg/detail/controller_state__functions.c.o[0m
[3.095s] [  1%] [32mBuilding C object CMakeFiles/controller_manager_msgs__rosidl_generator_c.dir/rosidl_generator_c/controller_manager_msgs/srv/detail/configure_controller__functions.c.o[0m
[3.095s] [  3%] [32mBuilding C object CMakeFiles/controller_manager_msgs__rosidl_generator_c.dir/rosidl_generator_c/controller_manager_msgs/srv/detail/list_controllers__functions.c.o[0m
[3.095s] [  3%] [32mBuilding C object CMakeFiles/controller_manager_msgs__rosidl_generator_c.dir/rosidl_generator_c/controller_manager_msgs/msg/detail/hardware_component_state__functions.c.o[0m
[3.095s] [  5%] [32mBuilding C object CMakeFiles/controller_manager_msgs__rosidl_generator_c.dir/rosidl_generator_c/controller_manager_msgs/msg/detail/chain_connection__functions.c.o[0m
[3.095s] [  5%] [32mBuilding C object CMakeFiles/controller_manager_msgs__rosidl_generator_c.dir/rosidl_generator_c/controller_manager_msgs/msg/detail/hardware_interface__functions.c.o[0m
[3.099s] [  6%] [32mBuilding C object CMakeFiles/controller_manager_msgs__rosidl_generator_c.dir/rosidl_generator_c/controller_manager_msgs/srv/detail/list_controller_types__functions.c.o[0m
[3.108s] [  7%] [32mBuilding C object CMakeFiles/controller_manager_msgs__rosidl_generator_c.dir/rosidl_generator_c/controller_manager_msgs/srv/detail/list_hardware_components__functions.c.o[0m
[3.164s] [  8%] [32mBuilding C object CMakeFiles/controller_manager_msgs__rosidl_generator_c.dir/rosidl_generator_c/controller_manager_msgs/srv/detail/load_controller__functions.c.o[0m
[3.165s] [  8%] [32mBuilding C object CMakeFiles/controller_manager_msgs__rosidl_generator_c.dir/rosidl_generator_c/controller_manager_msgs/srv/detail/list_hardware_interfaces__functions.c.o[0m
[3.182s] [  9%] [32mBuilding C object CMakeFiles/controller_manager_msgs__rosidl_generator_c.dir/rosidl_generator_c/controller_manager_msgs/srv/detail/reload_controller_libraries__functions.c.o[0m
[3.185s] [ 10%] [34m[1mGenerating C++ type support dispatch for ROS interfaces[0m
[3.191s] [ 11%] [32mBuilding C object CMakeFiles/controller_manager_msgs__rosidl_generator_c.dir/rosidl_generator_c/controller_manager_msgs/srv/detail/set_hardware_component_state__functions.c.o[0m
[3.193s] [ 11%] [32mBuilding C object CMakeFiles/controller_manager_msgs__rosidl_generator_c.dir/rosidl_generator_c/controller_manager_msgs/srv/detail/switch_controller__functions.c.o[0m
[3.203s] [ 12%] [32mBuilding C object CMakeFiles/controller_manager_msgs__rosidl_generator_c.dir/rosidl_generator_c/controller_manager_msgs/srv/detail/unload_controller__functions.c.o[0m
[3.210s] [ 13%] [34m[1mGenerating C++ type support for eProsima Fast-RTPS[0m
[3.262s] [ 13%] [34m[1mGenerating C++ introspection for ROS interfaces[0m
[3.285s] [ 14%] [32m[1mLinking C shared library libcontroller_manager_msgs__rosidl_generator_c.so[0m
[3.317s] [ 14%] Built target controller_manager_msgs__rosidl_generator_c
[3.328s] [ 15%] [34m[1mGenerating C type support dispatch for ROS interfaces[0m
[3.328s] [ 17%] [34m[1mGenerating C type support for eProsima Fast-RTPS[0m
[3.328s] [ 17%] [34m[1mGenerating C introspection for ROS interfaces[0m
[4.603s] [ 18%] [32mBuilding CXX object CMakeFiles/controller_manager_msgs__rosidl_typesupport_introspection_cpp.dir/rosidl_typesupport_introspection_cpp/controller_manager_msgs/msg/detail/hardware_component_state__type_support.cpp.o[0m
[4.603s] [ 19%] [32mBuilding CXX object CMakeFiles/controller_manager_msgs__rosidl_typesupport_introspection_cpp.dir/rosidl_typesupport_introspection_cpp/controller_manager_msgs/msg/detail/chain_connection__type_support.cpp.o[0m
[4.604s] [ 20%] [32mBuilding CXX object CMakeFiles/controller_manager_msgs__rosidl_typesupport_introspection_cpp.dir/rosidl_typesupport_introspection_cpp/controller_manager_msgs/msg/detail/controller_state__type_support.cpp.o[0m
[5.115s] [ 21%] [32mBuilding CXX object CMakeFiles/controller_manager_msgs__rosidl_typesupport_fastrtps_c.dir/rosidl_typesupport_fastrtps_c/controller_manager_msgs/msg/detail/controller_state__type_support_c.cpp.o[0m
[5.125s] [ 22%] [32mBuilding CXX object CMakeFiles/controller_manager_msgs__rosidl_typesupport_cpp.dir/rosidl_typesupport_cpp/controller_manager_msgs/msg/controller_state__type_support.cpp.o[0m
[5.125s] [ 22%] [32mBuilding CXX object CMakeFiles/controller_manager_msgs__rosidl_typesupport_c.dir/rosidl_typesupport_c/controller_manager_msgs/msg/controller_state__type_support.cpp.o[0m
[5.174s] [ 23%] [32mBuilding CXX object CMakeFiles/controller_manager_msgs__rosidl_typesupport_c.dir/rosidl_typesupport_c/controller_manager_msgs/msg/chain_connection__type_support.cpp.o[0m
[5.218s] [ 24%] [32mBuilding CXX object CMakeFiles/controller_manager_msgs__rosidl_typesupport_c.dir/rosidl_typesupport_c/controller_manager_msgs/msg/hardware_component_state__type_support.cpp.o[0m
[5.264s] [ 25%] [32mBuilding CXX object CMakeFiles/controller_manager_msgs__rosidl_typesupport_c.dir/rosidl_typesupport_c/controller_manager_msgs/msg/hardware_interface__type_support.cpp.o[0m
[5.297s] [ 25%] [32mBuilding CXX object CMakeFiles/controller_manager_msgs__rosidl_typesupport_c.dir/rosidl_typesupport_c/controller_manager_msgs/srv/configure_controller__type_support.cpp.o[0m
[5.309s] [ 25%] [32mBuilding CXX object CMakeFiles/controller_manager_msgs__rosidl_typesupport_fastrtps_c.dir/rosidl_typesupport_fastrtps_c/controller_manager_msgs/msg/detail/chain_connection__type_support_c.cpp.o[0m
[5.345s] [ 26%] [32mBuilding CXX object CMakeFiles/controller_manager_msgs__rosidl_typesupport_c.dir/rosidl_typesupport_c/controller_manager_msgs/srv/list_controllers__type_support.cpp.o[0m
[5.358s] [ 27%] [32mBuilding CXX object CMakeFiles/controller_manager_msgs__rosidl_typesupport_cpp.dir/rosidl_typesupport_cpp/controller_manager_msgs/msg/chain_connection__type_support.cpp.o[0m
[5.392s] [ 28%] [32mBuilding CXX object CMakeFiles/controller_manager_msgs__rosidl_typesupport_c.dir/rosidl_typesupport_c/controller_manager_msgs/srv/list_controller_types__type_support.cpp.o[0m
[5.437s] [ 29%] [32mBuilding CXX object CMakeFiles/controller_manager_msgs__rosidl_typesupport_c.dir/rosidl_typesupport_c/controller_manager_msgs/srv/list_hardware_components__type_support.cpp.o[0m
[5.476s] [ 29%] [32mBuilding CXX object CMakeFiles/controller_manager_msgs__rosidl_typesupport_introspection_cpp.dir/rosidl_typesupport_introspection_cpp/controller_manager_msgs/msg/detail/hardware_interface__type_support.cpp.o[0m
[5.485s] [ 29%] [32mBuilding CXX object CMakeFiles/controller_manager_msgs__rosidl_typesupport_c.dir/rosidl_typesupport_c/controller_manager_msgs/srv/list_hardware_interfaces__type_support.cpp.o[0m
[5.534s] [ 30%] [32mBuilding CXX object CMakeFiles/controller_manager_msgs__rosidl_typesupport_c.dir/rosidl_typesupport_c/controller_manager_msgs/srv/load_controller__type_support.cpp.o[0m
[5.579s] [ 31%] [32mBuilding CXX object CMakeFiles/controller_manager_msgs__rosidl_typesupport_c.dir/rosidl_typesupport_c/controller_manager_msgs/srv/reload_controller_libraries__type_support.cpp.o[0m
[5.587s] [ 32%] [32mBuilding CXX object CMakeFiles/controller_manager_msgs__rosidl_typesupport_c.dir/rosidl_typesupport_c/controller_manager_msgs/srv/set_hardware_component_state__type_support.cpp.o[0m
[5.621s] [ 32%] [32mBuilding CXX object CMakeFiles/controller_manager_msgs__rosidl_typesupport_cpp.dir/rosidl_typesupport_cpp/controller_manager_msgs/msg/hardware_component_state__type_support.cpp.o[0m
[5.634s] [ 32%] [32mBuilding CXX object CMakeFiles/controller_manager_msgs__rosidl_typesupport_c.dir/rosidl_typesupport_c/controller_manager_msgs/srv/switch_controller__type_support.cpp.o[0m
[5.686s] [ 33%] [32mBuilding CXX object CMakeFiles/controller_manager_msgs__rosidl_typesupport_c.dir/rosidl_typesupport_c/controller_manager_msgs/srv/unload_controller__type_support.cpp.o[0m
[5.730s] [ 34%] [32mBuilding CXX object CMakeFiles/controller_manager_msgs__rosidl_typesupport_cpp.dir/rosidl_typesupport_cpp/controller_manager_msgs/msg/hardware_interface__type_support.cpp.o[0m
[5.734s] [ 35%] [32m[1mLinking CXX shared library libcontroller_manager_msgs__rosidl_typesupport_c.so[0m
[5.802s] [ 35%] Built target controller_manager_msgs__rosidl_typesupport_c
[5.815s] [ 36%] [32mBuilding CXX object CMakeFiles/controller_manager_msgs__rosidl_typesupport_cpp.dir/rosidl_typesupport_cpp/controller_manager_msgs/srv/configure_controller__type_support.cpp.o[0m
[5.859s] [ 37%] [32mBuilding CXX object CMakeFiles/controller_manager_msgs__rosidl_typesupport_fastrtps_c.dir/rosidl_typesupport_fastrtps_c/controller_manager_msgs/msg/detail/hardware_component_state__type_support_c.cpp.o[0m
[5.892s] [ 38%] [32mBuilding CXX object CMakeFiles/controller_manager_msgs__rosidl_typesupport_introspection_cpp.dir/rosidl_typesupport_introspection_cpp/controller_manager_msgs/srv/detail/configure_controller__type_support.cpp.o[0m
[5.943s] [ 39%] [32mBuilding C object CMakeFiles/controller_manager_msgs__rosidl_typesupport_introspection_c.dir/rosidl_typesupport_introspection_c/controller_manager_msgs/msg/detail/controller_state__type_support.c.o[0m
[6.018s] [ 40%] [32mBuilding C object CMakeFiles/controller_manager_msgs__rosidl_typesupport_introspection_c.dir/rosidl_typesupport_introspection_c/controller_manager_msgs/msg/detail/chain_connection__type_support.c.o[0m
[6.022s] [ 41%] [32mBuilding CXX object CMakeFiles/controller_manager_msgs__rosidl_typesupport_fastrtps_cpp.dir/rosidl_typesupport_fastrtps_cpp/controller_manager_msgs/msg/detail/dds_fastrtps/controller_state__type_support.cpp.o[0m
[6.058s] [ 41%] [32mBuilding C object CMakeFiles/controller_manager_msgs__rosidl_typesupport_introspection_c.dir/rosidl_typesupport_introspection_c/controller_manager_msgs/msg/detail/hardware_component_state__type_support.c.o[0m
[6.069s] [ 42%] [32mBuilding CXX object CMakeFiles/controller_manager_msgs__rosidl_typesupport_introspection_cpp.dir/rosidl_typesupport_introspection_cpp/controller_manager_msgs/srv/detail/list_controllers__type_support.cpp.o[0m
[6.119s] [ 43%] [32mBuilding C object CMakeFiles/controller_manager_msgs__rosidl_typesupport_introspection_c.dir/rosidl_typesupport_introspection_c/controller_manager_msgs/msg/detail/hardware_interface__type_support.c.o[0m
[6.155s] [ 44%] [32mBuilding C object CMakeFiles/controller_manager_msgs__rosidl_typesupport_introspection_c.dir/rosidl_typesupport_introspection_c/controller_manager_msgs/srv/detail/configure_controller__type_support.c.o[0m
[6.172s] [ 45%] [32mBuilding C object CMakeFiles/controller_manager_msgs__rosidl_typesupport_introspection_c.dir/rosidl_typesupport_introspection_c/controller_manager_msgs/srv/detail/list_controllers__type_support.c.o[0m
[6.186s] [ 46%] [32mBuilding CXX object CMakeFiles/controller_manager_msgs__rosidl_typesupport_fastrtps_cpp.dir/rosidl_typesupport_fastrtps_cpp/controller_manager_msgs/msg/detail/dds_fastrtps/chain_connection__type_support.cpp.o[0m
[6.206s] [ 47%] [32mBuilding CXX object CMakeFiles/controller_manager_msgs__rosidl_typesupport_fastrtps_c.dir/rosidl_typesupport_fastrtps_c/controller_manager_msgs/msg/detail/hardware_interface__type_support_c.cpp.o[0m
[6.240s] [ 47%] [32mBuilding C object CMakeFiles/controller_manager_msgs__rosidl_typesupport_introspection_c.dir/rosidl_typesupport_introspection_c/controller_manager_msgs/srv/detail/list_controller_types__type_support.c.o[0m
[6.259s] [ 47%] [32mBuilding CXX object CMakeFiles/controller_manager_msgs__rosidl_typesupport_cpp.dir/rosidl_typesupport_cpp/controller_manager_msgs/srv/list_controllers__type_support.cpp.o[0m
[6.311s] [ 48%] [32mBuilding C object CMakeFiles/controller_manager_msgs__rosidl_typesupport_introspection_c.dir/rosidl_typesupport_introspection_c/controller_manager_msgs/srv/detail/list_hardware_components__type_support.c.o[0m
[6.379s] [ 49%] [32mBuilding C object CMakeFiles/controller_manager_msgs__rosidl_typesupport_introspection_c.dir/rosidl_typesupport_introspection_c/controller_manager_msgs/srv/detail/list_hardware_interfaces__type_support.c.o[0m
[6.444s] [ 49%] [32mBuilding C object CMakeFiles/controller_manager_msgs__rosidl_typesupport_introspection_c.dir/rosidl_typesupport_introspection_c/controller_manager_msgs/srv/detail/load_controller__type_support.c.o[0m
[6.456s] [ 50%] [32mBuilding CXX object CMakeFiles/controller_manager_msgs__rosidl_typesupport_cpp.dir/rosidl_typesupport_cpp/controller_manager_msgs/srv/list_controller_types__type_support.cpp.o[0m
[6.501s] [ 51%] [32mBuilding CXX object CMakeFiles/controller_manager_msgs__rosidl_typesupport_cpp.dir/rosidl_typesupport_cpp/controller_manager_msgs/srv/list_hardware_components__type_support.cpp.o[0m
[6.501s] [ 52%] [32mBuilding C object CMakeFiles/controller_manager_msgs__rosidl_typesupport_introspection_c.dir/rosidl_typesupport_introspection_c/controller_manager_msgs/srv/detail/reload_controller_libraries__type_support.c.o[0m
[6.558s] [ 53%] [32mBuilding C object CMakeFiles/controller_manager_msgs__rosidl_typesupport_introspection_c.dir/rosidl_typesupport_introspection_c/controller_manager_msgs/srv/detail/set_hardware_component_state__type_support.c.o[0m
[6.617s] [ 54%] [32mBuilding C object CMakeFiles/controller_manager_msgs__rosidl_typesupport_introspection_c.dir/rosidl_typesupport_introspection_c/controller_manager_msgs/srv/detail/switch_controller__type_support.c.o[0m
[6.696s] [ 54%] [32mBuilding C object CMakeFiles/controller_manager_msgs__rosidl_typesupport_introspection_c.dir/rosidl_typesupport_introspection_c/controller_manager_msgs/srv/detail/unload_controller__type_support.c.o[0m
[6.705s] [ 55%] [32mBuilding CXX object CMakeFiles/controller_manager_msgs__rosidl_typesupport_cpp.dir/rosidl_typesupport_cpp/controller_manager_msgs/srv/list_hardware_interfaces__type_support.cpp.o[0m
[6.760s] [ 56%] [32m[1mLinking C shared library libcontroller_manager_msgs__rosidl_typesupport_introspection_c.so[0m
[6.796s] [ 57%] [32mBuilding CXX object CMakeFiles/controller_manager_msgs__rosidl_typesupport_fastrtps_c.dir/rosidl_typesupport_fastrtps_c/controller_manager_msgs/srv/detail/configure_controller__type_support_c.cpp.o[0m
[6.818s] [ 57%] Built target controller_manager_msgs__rosidl_typesupport_introspection_c
[6.836s] [ 57%] [32mBuilding CXX object CMakeFiles/controller_manager_msgs__rosidl_typesupport_cpp.dir/rosidl_typesupport_cpp/controller_manager_msgs/srv/load_controller__type_support.cpp.o[0m
[6.905s] [ 58%] [32mBuilding CXX object CMakeFiles/controller_manager_msgs__rosidl_typesupport_fastrtps_c.dir/rosidl_typesupport_fastrtps_c/controller_manager_msgs/srv/detail/list_controllers__type_support_c.cpp.o[0m
[6.906s] [ 58%] [32mBuilding CXX object CMakeFiles/controller_manager_msgs__rosidl_typesupport_introspection_cpp.dir/rosidl_typesupport_introspection_cpp/controller_manager_msgs/srv/detail/list_controller_types__type_support.cpp.o[0m
[6.933s] [ 58%] [32mBuilding CXX object CMakeFiles/controller_manager_msgs__rosidl_typesupport_fastrtps_cpp.dir/rosidl_typesupport_fastrtps_cpp/controller_manager_msgs/msg/detail/dds_fastrtps/hardware_component_state__type_support.cpp.o[0m
[6.962s] [ 59%] [32mBuilding CXX object CMakeFiles/controller_manager_msgs__rosidl_typesupport_fastrtps_c.dir/rosidl_typesupport_fastrtps_c/controller_manager_msgs/srv/detail/list_controller_types__type_support_c.cpp.o[0m
[6.969s] [ 60%] [32mBuilding CXX object CMakeFiles/controller_manager_msgs__rosidl_typesupport_cpp.dir/rosidl_typesupport_cpp/controller_manager_msgs/srv/reload_controller_libraries__type_support.cpp.o[0m
[7.136s] [ 61%] [32mBuilding CXX object CMakeFiles/controller_manager_msgs__rosidl_typesupport_fastrtps_cpp.dir/rosidl_typesupport_fastrtps_cpp/controller_manager_msgs/msg/detail/dds_fastrtps/hardware_interface__type_support.cpp.o[0m
[7.305s] [ 62%] [32mBuilding CXX object CMakeFiles/controller_manager_msgs__rosidl_typesupport_fastrtps_cpp.dir/rosidl_typesupport_fastrtps_cpp/controller_manager_msgs/srv/detail/dds_fastrtps/configure_controller__type_support.cpp.o[0m
[7.385s] [ 63%] [32mBuilding CXX object CMakeFiles/controller_manager_msgs__rosidl_typesupport_cpp.dir/rosidl_typesupport_cpp/controller_manager_msgs/srv/set_hardware_component_state__type_support.cpp.o[0m
[7.411s] [ 64%] [32mBuilding CXX object CMakeFiles/controller_manager_msgs__rosidl_typesupport_fastrtps_c.dir/rosidl_typesupport_fastrtps_c/controller_manager_msgs/srv/detail/list_hardware_components__type_support_c.cpp.o[0m
[7.506s] [ 64%] [32mBuilding CXX object CMakeFiles/controller_manager_msgs__rosidl_typesupport_introspection_cpp.dir/rosidl_typesupport_introspection_cpp/controller_manager_msgs/srv/detail/list_hardware_components__type_support.cpp.o[0m
[7.545s] [ 65%] [32mBuilding CXX object CMakeFiles/controller_manager_msgs__rosidl_typesupport_fastrtps_cpp.dir/rosidl_typesupport_fastrtps_cpp/controller_manager_msgs/srv/detail/dds_fastrtps/list_controllers__type_support.cpp.o[0m
[7.606s] [ 66%] [32mBuilding CXX object CMakeFiles/controller_manager_msgs__rosidl_typesupport_cpp.dir/rosidl_typesupport_cpp/controller_manager_msgs/srv/switch_controller__type_support.cpp.o[0m
[7.662s] [ 67%] [32mBuilding CXX object CMakeFiles/controller_manager_msgs__rosidl_typesupport_introspection_cpp.dir/rosidl_typesupport_introspection_cpp/controller_manager_msgs/srv/detail/list_hardware_interfaces__type_support.cpp.o[0m
[7.778s] [ 68%] [32mBuilding CXX object CMakeFiles/controller_manager_msgs__rosidl_typesupport_fastrtps_c.dir/rosidl_typesupport_fastrtps_c/controller_manager_msgs/srv/detail/list_hardware_interfaces__type_support_c.cpp.o[0m
[7.866s] [ 68%] [32mBuilding CXX object CMakeFiles/controller_manager_msgs__rosidl_typesupport_fastrtps_cpp.dir/rosidl_typesupport_fastrtps_cpp/controller_manager_msgs/srv/detail/dds_fastrtps/list_controller_types__type_support.cpp.o[0m
[7.983s] [ 69%] [32mBuilding CXX object CMakeFiles/controller_manager_msgs__rosidl_typesupport_introspection_cpp.dir/rosidl_typesupport_introspection_cpp/controller_manager_msgs/srv/detail/load_controller__type_support.cpp.o[0m
[8.028s] [ 69%] [32mBuilding CXX object CMakeFiles/controller_manager_msgs__rosidl_typesupport_fastrtps_c.dir/rosidl_typesupport_fastrtps_c/controller_manager_msgs/srv/detail/load_controller__type_support_c.cpp.o[0m
[8.082s] [ 69%] [32mBuilding CXX object CMakeFiles/controller_manager_msgs__rosidl_typesupport_cpp.dir/rosidl_typesupport_cpp/controller_manager_msgs/srv/unload_controller__type_support.cpp.o[0m
[8.316s] [ 70%] [32mBuilding CXX object CMakeFiles/controller_manager_msgs__rosidl_typesupport_fastrtps_cpp.dir/rosidl_typesupport_fastrtps_cpp/controller_manager_msgs/srv/detail/dds_fastrtps/list_hardware_components__type_support.cpp.o[0m
[8.352s] [ 71%] [32mBuilding CXX object CMakeFiles/controller_manager_msgs__rosidl_typesupport_introspection_cpp.dir/rosidl_typesupport_introspection_cpp/controller_manager_msgs/srv/detail/reload_controller_libraries__type_support.cpp.o[0m
[8.358s] [ 72%] [32mBuilding CXX object CMakeFiles/controller_manager_msgs__rosidl_typesupport_fastrtps_c.dir/rosidl_typesupport_fastrtps_c/controller_manager_msgs/srv/detail/reload_controller_libraries__type_support_c.cpp.o[0m
[8.449s] [ 73%] [32mBuilding CXX object CMakeFiles/controller_manager_msgs__rosidl_typesupport_fastrtps_cpp.dir/rosidl_typesupport_fastrtps_cpp/controller_manager_msgs/srv/detail/dds_fastrtps/list_hardware_interfaces__type_support.cpp.o[0m
[8.519s] [ 74%] [32m[1mLinking CXX shared library libcontroller_manager_msgs__rosidl_typesupport_cpp.so[0m
[8.599s] [ 74%] Built target controller_manager_msgs__rosidl_typesupport_cpp
[8.615s] [ 74%] [32mBuilding CXX object CMakeFiles/controller_manager_msgs__rosidl_typesupport_introspection_cpp.dir/rosidl_typesupport_introspection_cpp/controller_manager_msgs/srv/detail/set_hardware_component_state__type_support.cpp.o[0m
[8.626s] [ 75%] [32mBuilding CXX object CMakeFiles/controller_manager_msgs__rosidl_typesupport_fastrtps_cpp.dir/rosidl_typesupport_fastrtps_cpp/controller_manager_msgs/srv/detail/dds_fastrtps/load_controller__type_support.cpp.o[0m
[8.723s] [ 76%] [32mBuilding CXX object CMakeFiles/controller_manager_msgs__rosidl_typesupport_introspection_cpp.dir/rosidl_typesupport_introspection_cpp/controller_manager_msgs/srv/detail/switch_controller__type_support.cpp.o[0m
[8.729s] [ 77%] [32mBuilding CXX object CMakeFiles/controller_manager_msgs__rosidl_typesupport_fastrtps_c.dir/rosidl_typesupport_fastrtps_c/controller_manager_msgs/srv/detail/set_hardware_component_state__type_support_c.cpp.o[0m
[8.929s] [ 78%] [32mBuilding CXX object CMakeFiles/controller_manager_msgs__rosidl_typesupport_introspection_cpp.dir/rosidl_typesupport_introspection_cpp/controller_manager_msgs/srv/detail/unload_controller__type_support.cpp.o[0m
[9.009s] [ 78%] [32mBuilding CXX object CMakeFiles/controller_manager_msgs__rosidl_typesupport_fastrtps_cpp.dir/rosidl_typesupport_fastrtps_cpp/controller_manager_msgs/srv/detail/dds_fastrtps/reload_controller_libraries__type_support.cpp.o[0m
[9.109s] [ 79%] [32mBuilding CXX object CMakeFiles/controller_manager_msgs__rosidl_typesupport_fastrtps_cpp.dir/rosidl_typesupport_fastrtps_cpp/controller_manager_msgs/srv/detail/dds_fastrtps/set_hardware_component_state__type_support.cpp.o[0m
[9.187s] [ 80%] [32mBuilding CXX object CMakeFiles/controller_manager_msgs__rosidl_typesupport_fastrtps_cpp.dir/rosidl_typesupport_fastrtps_cpp/controller_manager_msgs/srv/detail/dds_fastrtps/switch_controller__type_support.cpp.o[0m
[9.273s] [ 81%] [32mBuilding CXX object CMakeFiles/controller_manager_msgs__rosidl_typesupport_fastrtps_cpp.dir/rosidl_typesupport_fastrtps_cpp/controller_manager_msgs/srv/detail/dds_fastrtps/unload_controller__type_support.cpp.o[0m
[9.315s] [ 82%] [32mBuilding CXX object CMakeFiles/controller_manager_msgs__rosidl_typesupport_fastrtps_c.dir/rosidl_typesupport_fastrtps_c/controller_manager_msgs/srv/detail/switch_controller__type_support_c.cpp.o[0m
[9.328s] [ 82%] [32mBuilding CXX object CMakeFiles/controller_manager_msgs__rosidl_typesupport_fastrtps_c.dir/rosidl_typesupport_fastrtps_c/controller_manager_msgs/srv/detail/unload_controller__type_support_c.cpp.o[0m
[9.575s] [ 83%] [32m[1mLinking CXX shared library libcontroller_manager_msgs__rosidl_typesupport_introspection_cpp.so[0m
[9.753s] [ 83%] Built target controller_manager_msgs__rosidl_typesupport_introspection_cpp
[9.811s] [ 84%] [32m[1mLinking CXX shared library libcontroller_manager_msgs__rosidl_typesupport_fastrtps_c.so[0m
[9.874s] [ 84%] [32m[1mLinking CXX shared library libcontroller_manager_msgs__rosidl_typesupport_fastrtps_cpp.so[0m
[9.890s] [ 84%] Built target controller_manager_msgs__rosidl_typesupport_fastrtps_c
[9.949s] [ 84%] Built target controller_manager_msgs__rosidl_typesupport_fastrtps_cpp
[9.963s] [ 84%] Built target controller_manager_msgs
[9.979s] [ 85%] [34m[1mGenerating Python code for ROS interfaces[0m
[12.317s] [ 85%] Built target controller_manager_msgs__py
[12.336s] [ 86%] [32mBuilding C object CMakeFiles/controller_manager_msgs__rosidl_generator_py.dir/rosidl_generator_py/controller_manager_msgs/srv/_configure_controller_s.c.o[0m
[12.336s] [ 86%] [32mBuilding C object CMakeFiles/controller_manager_msgs__rosidl_generator_py.dir/rosidl_generator_py/controller_manager_msgs/msg/_chain_connection_s.c.o[0m
[12.337s] [ 86%] [32mBuilding C object CMakeFiles/controller_manager_msgs__rosidl_generator_py.dir/rosidl_generator_py/controller_manager_msgs/srv/_list_controllers_s.c.o[0m
[12.337s] [ 88%] [32mBuilding C object CMakeFiles/controller_manager_msgs__rosidl_generator_py.dir/rosidl_generator_py/controller_manager_msgs/srv/_list_controller_types_s.c.o[0m
[12.337s] [ 87%] [32mBuilding C object CMakeFiles/controller_manager_msgs__rosidl_generator_py.dir/rosidl_generator_py/controller_manager_msgs/msg/_hardware_component_state_s.c.o[0m
[12.337s] [ 89%] [32mBuilding C object CMakeFiles/controller_manager_msgs__rosidl_generator_py.dir/rosidl_generator_py/controller_manager_msgs/srv/_list_hardware_components_s.c.o[0m
[12.337s] [ 90%] [32mBuilding C object CMakeFiles/controller_manager_msgs__rosidl_generator_py.dir/rosidl_generator_py/controller_manager_msgs/msg/_hardware_interface_s.c.o[0m
[12.338s] [ 91%] [32mBuilding C object CMakeFiles/controller_manager_msgs__rosidl_generator_py.dir/rosidl_generator_py/controller_manager_msgs/msg/_controller_state_s.c.o[0m
[12.495s] [ 92%] [32mBuilding C object CMakeFiles/controller_manager_msgs__rosidl_generator_py.dir/rosidl_generator_py/controller_manager_msgs/srv/_list_hardware_interfaces_s.c.o[0m
[12.502s] [ 92%] [32mBuilding C object CMakeFiles/controller_manager_msgs__rosidl_generator_py.dir/rosidl_generator_py/controller_manager_msgs/srv/_load_controller_s.c.o[0m
[12.506s] [ 93%] [32mBuilding C object CMakeFiles/controller_manager_msgs__rosidl_generator_py.dir/rosidl_generator_py/controller_manager_msgs/srv/_reload_controller_libraries_s.c.o[0m
[12.507s] [ 94%] [32mBuilding C object CMakeFiles/controller_manager_msgs__rosidl_generator_py.dir/rosidl_generator_py/controller_manager_msgs/srv/_set_hardware_component_state_s.c.o[0m
[12.510s] [ 94%] [32mBuilding C object CMakeFiles/controller_manager_msgs__rosidl_generator_py.dir/rosidl_generator_py/controller_manager_msgs/srv/_switch_controller_s.c.o[0m
[12.511s] [ 95%] [32mBuilding C object CMakeFiles/controller_manager_msgs__rosidl_generator_py.dir/rosidl_generator_py/controller_manager_msgs/srv/_unload_controller_s.c.o[0m
[12.670s] [ 96%] [32m[1mLinking C shared library rosidl_generator_py/controller_manager_msgs/libcontroller_manager_msgs__rosidl_generator_py.so[0m
[12.702s] [ 96%] Built target controller_manager_msgs__rosidl_generator_py
[12.717s] [ 99%] [32mBuilding C object CMakeFiles/controller_manager_msgs__rosidl_typesupport_c__pyext.dir/rosidl_generator_py/controller_manager_msgs/_controller_manager_msgs_s.ep.rosidl_typesupport_c.c.o[0m
[12.717s] [ 99%] [32mBuilding C object CMakeFiles/controller_manager_msgs__rosidl_typesupport_fastrtps_c__pyext.dir/rosidl_generator_py/controller_manager_msgs/_controller_manager_msgs_s.ep.rosidl_typesupport_fastrtps_c.c.o[0m
[12.717s] [ 99%] [32mBuilding C object CMakeFiles/controller_manager_msgs__rosidl_typesupport_introspection_c__pyext.dir/rosidl_generator_py/controller_manager_msgs/_controller_manager_msgs_s.ep.rosidl_typesupport_introspection_c.c.o[0m
[12.860s] [100%] [32m[1mLinking C shared library rosidl_generator_py/controller_manager_msgs/controller_manager_msgs_s__rosidl_typesupport_fastrtps_c.cpython-310-x86_64-linux-gnu.so[0m
[12.861s] [100%] [32m[1mLinking C shared library rosidl_generator_py/controller_manager_msgs/controller_manager_msgs_s__rosidl_typesupport_introspection_c.cpython-310-x86_64-linux-gnu.so[0m
[12.861s] [100%] [32m[1mLinking C shared library rosidl_generator_py/controller_manager_msgs/controller_manager_msgs_s__rosidl_typesupport_c.cpython-310-x86_64-linux-gnu.so[0m
[12.894s] [100%] Built target controller_manager_msgs__rosidl_typesupport_fastrtps_c__pyext
[12.894s] [100%] Built target controller_manager_msgs__rosidl_typesupport_c__pyext
[12.894s] [100%] Built target controller_manager_msgs__rosidl_typesupport_introspection_c__pyext
[12.904s] Invoked command in '/home/farah/ws_farah/build/controller_manager_msgs' returned '0': CMAKE_PREFIX_PATH=/opt/ros/humble /usr/bin/cmake --build /home/farah/ws_farah/build/controller_manager_msgs -- -j8 -l8
[12.905s] Invoking command in '/home/farah/ws_farah/build/controller_manager_msgs': CMAKE_PREFIX_PATH=/opt/ros/humble /usr/bin/cmake --install /home/farah/ws_farah/build/controller_manager_msgs
[12.910s] -- Install configuration: ""
[12.910s] -- Installing: /home/farah/ws_farah/install/controller_manager_msgs/share/ament_index/resource_index/rosidl_interfaces/controller_manager_msgs
[12.910s] -- Installing: /home/farah/ws_farah/install/controller_manager_msgs/include/controller_manager_msgs/controller_manager_msgs
[12.910s] -- Installing: /home/farah/ws_farah/install/controller_manager_msgs/include/controller_manager_msgs/controller_manager_msgs/srv
[12.910s] -- Installing: /home/farah/ws_farah/install/controller_manager_msgs/include/controller_manager_msgs/controller_manager_msgs/srv/load_controller.h
[12.911s] -- Installing: /home/farah/ws_farah/install/controller_manager_msgs/include/controller_manager_msgs/controller_manager_msgs/srv/configure_controller.h
[12.911s] -- Installing: /home/farah/ws_farah/install/controller_manager_msgs/include/controller_manager_msgs/controller_manager_msgs/srv/reload_controller_libraries.h
[12.911s] -- Installing: /home/farah/ws_farah/install/controller_manager_msgs/include/controller_manager_msgs/controller_manager_msgs/srv/list_hardware_interfaces.h
[12.911s] -- Installing: /home/farah/ws_farah/install/controller_manager_msgs/include/controller_manager_msgs/controller_manager_msgs/srv/set_hardware_component_state.h
[12.911s] -- Installing: /home/farah/ws_farah/install/controller_manager_msgs/include/controller_manager_msgs/controller_manager_msgs/srv/list_hardware_components.h
[12.911s] -- Installing: /home/farah/ws_farah/install/controller_manager_msgs/include/controller_manager_msgs/controller_manager_msgs/srv/list_controllers.h
[12.911s] -- Installing: /home/farah/ws_farah/install/controller_manager_msgs/include/controller_manager_msgs/controller_manager_msgs/srv/detail
[12.911s] -- Installing: /home/farah/ws_farah/install/controller_manager_msgs/include/controller_manager_msgs/controller_manager_msgs/srv/detail/load_controller__functions.h
[12.911s] -- Installing: /home/farah/ws_farah/install/controller_manager_msgs/include/controller_manager_msgs/controller_manager_msgs/srv/detail/set_hardware_component_state__type_support.h
[12.911s] -- Installing: /home/farah/ws_farah/install/controller_manager_msgs/include/controller_manager_msgs/controller_manager_msgs/srv/detail/list_hardware_components__functions.c
[12.911s] -- Installing: /home/farah/ws_farah/install/controller_manager_msgs/include/controller_manager_msgs/controller_manager_msgs/srv/detail/switch_controller__functions.c
[12.911s] -- Installing: /home/farah/ws_farah/install/controller_manager_msgs/include/controller_manager_msgs/controller_manager_msgs/srv/detail/list_hardware_components__struct.h
[12.911s] -- Installing: /home/farah/ws_farah/install/controller_manager_msgs/include/controller_manager_msgs/controller_manager_msgs/srv/detail/list_hardware_components__type_support.h
[12.911s] -- Installing: /home/farah/ws_farah/install/controller_manager_msgs/include/controller_manager_msgs/controller_manager_msgs/srv/detail/unload_controller__functions.c
[12.912s] -- Installing: /home/farah/ws_farah/install/controller_manager_msgs/include/controller_manager_msgs/controller_manager_msgs/srv/detail/reload_controller_libraries__struct.h
[12.912s] -- Installing: /home/farah/ws_farah/install/controller_manager_msgs/include/controller_manager_msgs/controller_manager_msgs/srv/detail/load_controller__type_support.h
[12.912s] -- Installing: /home/farah/ws_farah/install/controller_manager_msgs/include/controller_manager_msgs/controller_manager_msgs/srv/detail/configure_controller__type_support.h
[12.912s] -- Installing: /home/farah/ws_farah/install/controller_manager_msgs/include/controller_manager_msgs/controller_manager_msgs/srv/detail/list_controllers__struct.h
[12.912s] -- Installing: /home/farah/ws_farah/install/controller_manager_msgs/include/controller_manager_msgs/controller_manager_msgs/srv/detail/list_hardware_interfaces__functions.h
[12.912s] -- Installing: /home/farah/ws_farah/install/controller_manager_msgs/include/controller_manager_msgs/controller_manager_msgs/srv/detail/list_hardware_interfaces__struct.h
[12.912s] -- Installing: /home/farah/ws_farah/install/controller_manager_msgs/include/controller_manager_msgs/controller_manager_msgs/srv/detail/list_controller_types__type_support.h
[12.912s] -- Installing: /home/farah/ws_farah/install/controller_manager_msgs/include/controller_manager_msgs/controller_manager_msgs/srv/detail/list_hardware_interfaces__functions.c
[12.912s] -- Installing: /home/farah/ws_farah/install/controller_manager_msgs/include/controller_manager_msgs/controller_manager_msgs/srv/detail/list_controllers__functions.c
[12.912s] -- Installing: /home/farah/ws_farah/install/controller_manager_msgs/include/controller_manager_msgs/controller_manager_msgs/srv/detail/unload_controller__struct.h
[12.912s] -- Installing: /home/farah/ws_farah/install/controller_manager_msgs/include/controller_manager_msgs/controller_manager_msgs/srv/detail/set_hardware_component_state__functions.c
[12.912s] -- Installing: /home/farah/ws_farah/install/controller_manager_msgs/include/controller_manager_msgs/controller_manager_msgs/srv/detail/configure_controller__functions.h
[12.912s] -- Installing: /home/farah/ws_farah/install/controller_manager_msgs/include/controller_manager_msgs/controller_manager_msgs/srv/detail/set_hardware_component_state__functions.h
[12.912s] -- Installing: /home/farah/ws_farah/install/controller_manager_msgs/include/controller_manager_msgs/controller_manager_msgs/srv/detail/load_controller__struct.h
[12.913s] -- Installing: /home/farah/ws_farah/install/controller_manager_msgs/include/controller_manager_msgs/controller_manager_msgs/srv/detail/switch_controller__type_support.h
[12.913s] -- Installing: /home/farah/ws_farah/install/controller_manager_msgs/include/controller_manager_msgs/controller_manager_msgs/srv/detail/list_controller_types__functions.h
[12.913s] -- Installing: /home/farah/ws_farah/install/controller_manager_msgs/include/controller_manager_msgs/controller_manager_msgs/srv/detail/reload_controller_libraries__functions.h
[12.913s] -- Installing: /home/farah/ws_farah/install/controller_manager_msgs/include/controller_manager_msgs/controller_manager_msgs/srv/detail/list_controllers__type_support.h
[12.913s] -- Installing: /home/farah/ws_farah/install/controller_manager_msgs/include/controller_manager_msgs/controller_manager_msgs/srv/detail/list_hardware_components__functions.h
[12.913s] -- Installing: /home/farah/ws_farah/install/controller_manager_msgs/include/controller_manager_msgs/controller_manager_msgs/srv/detail/list_hardware_interfaces__type_support.h
[12.913s] -- Installing: /home/farah/ws_farah/install/controller_manager_msgs/include/controller_manager_msgs/controller_manager_msgs/srv/detail/switch_controller__functions.h
[12.913s] -- Installing: /home/farah/ws_farah/install/controller_manager_msgs/include/controller_manager_msgs/controller_manager_msgs/srv/detail/configure_controller__functions.c
[12.913s] -- Installing: /home/farah/ws_farah/install/controller_manager_msgs/include/controller_manager_msgs/controller_manager_msgs/srv/detail/configure_controller__struct.h
[12.913s] -- Installing: /home/farah/ws_farah/install/controller_manager_msgs/include/controller_manager_msgs/controller_manager_msgs/srv/detail/unload_controller__functions.h
[12.913s] -- Installing: /home/farah/ws_farah/install/controller_manager_msgs/include/controller_manager_msgs/controller_manager_msgs/srv/detail/set_hardware_component_state__struct.h
[12.913s] -- Installing: /home/farah/ws_farah/install/controller_manager_msgs/include/controller_manager_msgs/controller_manager_msgs/srv/detail/unload_controller__type_support.h
[12.913s] -- Installing: /home/farah/ws_farah/install/controller_manager_msgs/include/controller_manager_msgs/controller_manager_msgs/srv/detail/load_controller__functions.c
[12.914s] -- Installing: /home/farah/ws_farah/install/controller_manager_msgs/include/controller_manager_msgs/controller_manager_msgs/srv/detail/switch_controller__struct.h
[12.914s] -- Installing: /home/farah/ws_farah/install/controller_manager_msgs/include/controller_manager_msgs/controller_manager_msgs/srv/detail/reload_controller_libraries__functions.c
[12.914s] -- Installing: /home/farah/ws_farah/install/controller_manager_msgs/include/controller_manager_msgs/controller_manager_msgs/srv/detail/list_controller_types__struct.h
[12.914s] -- Installing: /home/farah/ws_farah/install/controller_manager_msgs/include/controller_manager_msgs/controller_manager_msgs/srv/detail/list_controllers__functions.h
[12.914s] -- Installing: /home/farah/ws_farah/install/controller_manager_msgs/include/controller_manager_msgs/controller_manager_msgs/srv/detail/reload_controller_libraries__type_support.h
[12.914s] -- Installing: /home/farah/ws_farah/install/controller_manager_msgs/include/controller_manager_msgs/controller_manager_msgs/srv/detail/list_controller_types__functions.c
[12.914s] -- Installing: /home/farah/ws_farah/install/controller_manager_msgs/include/controller_manager_msgs/controller_manager_msgs/srv/switch_controller.h
[12.914s] -- Installing: /home/farah/ws_farah/install/controller_manager_msgs/include/controller_manager_msgs/controller_manager_msgs/srv/unload_controller.h
[12.914s] -- Installing: /home/farah/ws_farah/install/controller_manager_msgs/include/controller_manager_msgs/controller_manager_msgs/srv/list_controller_types.h
[12.914s] -- Installing: /home/farah/ws_farah/install/controller_manager_msgs/include/controller_manager_msgs/controller_manager_msgs/msg
[12.914s] -- Installing: /home/farah/ws_farah/install/controller_manager_msgs/include/controller_manager_msgs/controller_manager_msgs/msg/chain_connection.h
[12.914s] -- Installing: /home/farah/ws_farah/install/controller_manager_msgs/include/controller_manager_msgs/controller_manager_msgs/msg/rosidl_generator_c__visibility_control.h
[12.914s] -- Installing: /home/farah/ws_farah/install/controller_manager_msgs/include/controller_manager_msgs/controller_manager_msgs/msg/hardware_component_state.h
[12.914s] -- Installing: /home/farah/ws_farah/install/controller_manager_msgs/include/controller_manager_msgs/controller_manager_msgs/msg/detail
[12.915s] -- Installing: /home/farah/ws_farah/install/controller_manager_msgs/include/controller_manager_msgs/controller_manager_msgs/msg/detail/controller_state__functions.h
[12.915s] -- Installing: /home/farah/ws_farah/install/controller_manager_msgs/include/controller_manager_msgs/controller_manager_msgs/msg/detail/hardware_interface__functions.h
[12.915s] -- Installing: /home/farah/ws_farah/install/controller_manager_msgs/include/controller_manager_msgs/controller_manager_msgs/msg/detail/controller_state__functions.c
[12.915s] -- Installing: /home/farah/ws_farah/install/controller_manager_msgs/include/controller_manager_msgs/controller_manager_msgs/msg/detail/hardware_component_state__functions.h
[12.915s] -- Installing: /home/farah/ws_farah/install/controller_manager_msgs/include/controller_manager_msgs/controller_manager_msgs/msg/detail/chain_connection__struct.h
[12.915s] -- Installing: /home/farah/ws_farah/install/controller_manager_msgs/include/controller_manager_msgs/controller_manager_msgs/msg/detail/hardware_interface__type_support.h
[12.915s] -- Installing: /home/farah/ws_farah/install/controller_manager_msgs/include/controller_manager_msgs/controller_manager_msgs/msg/detail/hardware_interface__struct.h
[12.915s] -- Installing: /home/farah/ws_farah/install/controller_manager_msgs/include/controller_manager_msgs/controller_manager_msgs/msg/detail/chain_connection__functions.h
[12.915s] -- Installing: /home/farah/ws_farah/install/controller_manager_msgs/include/controller_manager_msgs/controller_manager_msgs/msg/detail/chain_connection__functions.c
[12.915s] -- Installing: /home/farah/ws_farah/install/controller_manager_msgs/include/controller_manager_msgs/controller_manager_msgs/msg/detail/hardware_component_state__struct.h
[12.915s] -- Installing: /home/farah/ws_farah/install/controller_manager_msgs/include/controller_manager_msgs/controller_manager_msgs/msg/detail/controller_state__struct.h
[12.915s] -- Installing: /home/farah/ws_farah/install/controller_manager_msgs/include/controller_manager_msgs/controller_manager_msgs/msg/detail/controller_state__type_support.h
[12.915s] -- Installing: /home/farah/ws_farah/install/controller_manager_msgs/include/controller_manager_msgs/controller_manager_msgs/msg/detail/hardware_component_state__functions.c
[12.916s] -- Installing: /home/farah/ws_farah/install/controller_manager_msgs/include/controller_manager_msgs/controller_manager_msgs/msg/detail/hardware_component_state__type_support.h
[12.916s] -- Installing: /home/farah/ws_farah/install/controller_manager_msgs/include/controller_manager_msgs/controller_manager_msgs/msg/detail/chain_connection__type_support.h
[12.916s] -- Installing: /home/farah/ws_farah/install/controller_manager_msgs/include/controller_manager_msgs/controller_manager_msgs/msg/detail/hardware_interface__functions.c
[12.916s] -- Installing: /home/farah/ws_farah/install/controller_manager_msgs/include/controller_manager_msgs/controller_manager_msgs/msg/controller_state.h
[12.916s] -- Installing: /home/farah/ws_farah/install/controller_manager_msgs/include/controller_manager_msgs/controller_manager_msgs/msg/hardware_interface.h
[12.916s] -- Installing: /home/farah/ws_farah/install/controller_manager_msgs/share/controller_manager_msgs/environment/library_path.sh
[12.916s] -- Installing: /home/farah/ws_farah/install/controller_manager_msgs/share/controller_manager_msgs/environment/library_path.dsv
[12.916s] -- Installing: /home/farah/ws_farah/install/controller_manager_msgs/lib/libcontroller_manager_msgs__rosidl_generator_c.so
[12.917s] -- Set runtime path of "/home/farah/ws_farah/install/controller_manager_msgs/lib/libcontroller_manager_msgs__rosidl_generator_c.so" to ""
[12.917s] -- Up-to-date: /home/farah/ws_farah/install/controller_manager_msgs/include/controller_manager_msgs/controller_manager_msgs
[12.917s] -- Up-to-date: /home/farah/ws_farah/install/controller_manager_msgs/include/controller_manager_msgs/controller_manager_msgs/srv
[12.917s] -- Up-to-date: /home/farah/ws_farah/install/controller_manager_msgs/include/controller_manager_msgs/controller_manager_msgs/srv/detail
[12.917s] -- Installing: /home/farah/ws_farah/install/controller_manager_msgs/include/controller_manager_msgs/controller_manager_msgs/srv/detail/set_hardware_component_state__rosidl_typesupport_fastrtps_c.h
[12.917s] -- Installing: /home/farah/ws_farah/install/controller_manager_msgs/include/controller_manager_msgs/controller_manager_msgs/srv/detail/switch_controller__rosidl_typesupport_fastrtps_c.h
[12.917s] -- Installing: /home/farah/ws_farah/install/controller_manager_msgs/include/controller_manager_msgs/controller_manager_msgs/srv/detail/list_hardware_interfaces__rosidl_typesupport_fastrtps_c.h
[12.917s] -- Installing: /home/farah/ws_farah/install/controller_manager_msgs/include/controller_manager_msgs/controller_manager_msgs/srv/detail/unload_controller__rosidl_typesupport_fastrtps_c.h
[12.917s] -- Installing: /home/farah/ws_farah/install/controller_manager_msgs/include/controller_manager_msgs/controller_manager_msgs/srv/detail/list_hardware_components__rosidl_typesupport_fastrtps_c.h
[12.917s] -- Installing: /home/farah/ws_farah/install/controller_manager_msgs/include/controller_manager_msgs/controller_manager_msgs/srv/detail/list_controller_types__rosidl_typesupport_fastrtps_c.h
[12.917s] -- Installing: /home/farah/ws_farah/install/controller_manager_msgs/include/controller_manager_msgs/controller_manager_msgs/srv/detail/list_controllers__rosidl_typesupport_fastrtps_c.h
[12.917s] -- Installing: /home/farah/ws_farah/install/controller_manager_msgs/include/controller_manager_msgs/controller_manager_msgs/srv/detail/configure_controller__rosidl_typesupport_fastrtps_c.h
[12.918s] -- Installing: /home/farah/ws_farah/install/controller_manager_msgs/include/controller_manager_msgs/controller_manager_msgs/srv/detail/load_controller__rosidl_typesupport_fastrtps_c.h
[12.918s] -- Installing: /home/farah/ws_farah/install/controller_manager_msgs/include/controller_manager_msgs/controller_manager_msgs/srv/detail/reload_controller_libraries__rosidl_typesupport_fastrtps_c.h
[12.918s] -- Up-to-date: /home/farah/ws_farah/install/controller_manager_msgs/include/controller_manager_msgs/controller_manager_msgs/msg
[12.918s] -- Installing: /home/farah/ws_farah/install/controller_manager_msgs/include/controller_manager_msgs/controller_manager_msgs/msg/rosidl_typesupport_fastrtps_c__visibility_control.h
[12.918s] -- Up-to-date: /home/farah/ws_farah/install/controller_manager_msgs/include/controller_manager_msgs/controller_manager_msgs/msg/detail
[12.918s] -- Installing: /home/farah/ws_farah/install/controller_manager_msgs/include/controller_manager_msgs/controller_manager_msgs/msg/detail/hardware_component_state__rosidl_typesupport_fastrtps_c.h
[12.918s] -- Installing: /home/farah/ws_farah/install/controller_manager_msgs/include/controller_manager_msgs/controller_manager_msgs/msg/detail/controller_state__rosidl_typesupport_fastrtps_c.h
[12.918s] -- Installing: /home/farah/ws_farah/install/controller_manager_msgs/include/controller_manager_msgs/controller_manager_msgs/msg/detail/chain_connection__rosidl_typesupport_fastrtps_c.h
[12.918s] -- Installing: /home/farah/ws_farah/install/controller_manager_msgs/include/controller_manager_msgs/controller_manager_msgs/msg/detail/hardware_interface__rosidl_typesupport_fastrtps_c.h
[12.918s] -- Installing: /home/farah/ws_farah/install/controller_manager_msgs/lib/libcontroller_manager_msgs__rosidl_typesupport_fastrtps_c.so
[12.919s] -- Set runtime path of "/home/farah/ws_farah/install/controller_manager_msgs/lib/libcontroller_manager_msgs__rosidl_typesupport_fastrtps_c.so" to ""
[12.919s] -- Up-to-date: /home/farah/ws_farah/install/controller_manager_msgs/include/controller_manager_msgs/controller_manager_msgs
[12.919s] -- Up-to-date: /home/farah/ws_farah/install/controller_manager_msgs/include/controller_manager_msgs/controller_manager_msgs/srv
[12.919s] -- Installing: /home/farah/ws_farah/install/controller_manager_msgs/include/controller_manager_msgs/controller_manager_msgs/srv/list_hardware_interfaces.hpp
[12.919s] -- Installing: /home/farah/ws_farah/install/controller_manager_msgs/include/controller_manager_msgs/controller_manager_msgs/srv/unload_controller.hpp
[12.919s] -- Installing: /home/farah/ws_farah/install/controller_manager_msgs/include/controller_manager_msgs/controller_manager_msgs/srv/switch_controller.hpp
[12.919s] -- Installing: /home/farah/ws_farah/install/controller_manager_msgs/include/controller_manager_msgs/controller_manager_msgs/srv/set_hardware_component_state.hpp
[12.919s] -- Installing: /home/farah/ws_farah/install/controller_manager_msgs/include/controller_manager_msgs/controller_manager_msgs/srv/list_hardware_components.hpp
[12.919s] -- Up-to-date: /home/farah/ws_farah/install/controller_manager_msgs/include/controller_manager_msgs/controller_manager_msgs/srv/detail
[12.919s] -- Installing: /home/farah/ws_farah/install/controller_manager_msgs/include/controller_manager_msgs/controller_manager_msgs/srv/detail/list_controllers__struct.hpp
[12.919s] -- Installing: /home/farah/ws_farah/install/controller_manager_msgs/include/controller_manager_msgs/controller_manager_msgs/srv/detail/reload_controller_libraries__type_support.hpp
[12.920s] -- Installing: /home/farah/ws_farah/install/controller_manager_msgs/include/controller_manager_msgs/controller_manager_msgs/srv/detail/configure_controller__struct.hpp
[12.920s] -- Installing: /home/farah/ws_farah/install/controller_manager_msgs/include/controller_manager_msgs/controller_manager_msgs/srv/detail/list_controller_types__builder.hpp
[12.920s] -- Installing: /home/farah/ws_farah/install/controller_manager_msgs/include/controller_manager_msgs/controller_manager_msgs/srv/detail/list_hardware_interfaces__builder.hpp
[12.920s] -- Installing: /home/farah/ws_farah/install/controller_manager_msgs/include/controller_manager_msgs/controller_manager_msgs/srv/detail/load_controller__struct.hpp
[12.920s] -- Installing: /home/farah/ws_farah/install/controller_manager_msgs/include/controller_manager_msgs/controller_manager_msgs/srv/detail/list_controllers__builder.hpp
[12.920s] -- Installing: /home/farah/ws_farah/install/controller_manager_msgs/include/controller_manager_msgs/controller_manager_msgs/srv/detail/configure_controller__builder.hpp
[12.920s] -- Installing: /home/farah/ws_farah/install/controller_manager_msgs/include/controller_manager_msgs/controller_manager_msgs/srv/detail/switch_controller__struct.hpp
[12.920s] -- Installing: /home/farah/ws_farah/install/controller_manager_msgs/include/controller_manager_msgs/controller_manager_msgs/srv/detail/set_hardware_component_state__struct.hpp
[12.920s] -- Installing: /home/farah/ws_farah/install/controller_manager_msgs/include/controller_manager_msgs/controller_manager_msgs/srv/detail/unload_controller__traits.hpp
[12.920s] -- Installing: /home/farah/ws_farah/install/controller_manager_msgs/include/controller_manager_msgs/controller_manager_msgs/srv/detail/unload_controller__type_support.hpp
[12.920s] -- Installing: /home/farah/ws_farah/install/controller_manager_msgs/include/controller_manager_msgs/controller_manager_msgs/srv/detail/reload_controller_libraries__builder.hpp
[12.920s] -- Installing: /home/farah/ws_farah/install/controller_manager_msgs/include/controller_manager_msgs/controller_manager_msgs/srv/detail/load_controller__builder.hpp
[12.920s] -- Installing: /home/farah/ws_farah/install/controller_manager_msgs/include/controller_manager_msgs/controller_manager_msgs/srv/detail/load_controller__type_support.hpp
[12.921s] -- Installing: /home/farah/ws_farah/install/controller_manager_msgs/include/controller_manager_msgs/controller_manager_msgs/srv/detail/reload_controller_libraries__struct.hpp
[12.921s] -- Installing: /home/farah/ws_farah/install/controller_manager_msgs/include/controller_manager_msgs/controller_manager_msgs/srv/detail/switch_controller__type_support.hpp
[12.921s] -- Installing: /home/farah/ws_farah/install/controller_manager_msgs/include/controller_manager_msgs/controller_manager_msgs/srv/detail/list_controllers__type_support.hpp
[12.921s] -- Installing: /home/farah/ws_farah/install/controller_manager_msgs/include/controller_manager_msgs/controller_manager_msgs/srv/detail/list_controllers__traits.hpp
[12.921s] -- Installing: /home/farah/ws_farah/install/controller_manager_msgs/include/controller_manager_msgs/controller_manager_msgs/srv/detail/list_hardware_components__builder.hpp
[12.921s] -- Installing: /home/farah/ws_farah/install/controller_manager_msgs/include/controller_manager_msgs/controller_manager_msgs/srv/detail/configure_controller__traits.hpp
[12.921s] -- Installing: /home/farah/ws_farah/install/controller_manager_msgs/include/controller_manager_msgs/controller_manager_msgs/srv/detail/unload_controller__builder.hpp
[12.921s] -- Installing: /home/farah/ws_farah/install/controller_manager_msgs/include/controller_manager_msgs/controller_manager_msgs/srv/detail/reload_controller_libraries__traits.hpp
[12.921s] -- Installing: /home/farah/ws_farah/install/controller_manager_msgs/include/controller_manager_msgs/controller_manager_msgs/srv/detail/set_hardware_component_state__builder.hpp
[12.921s] -- Installing: /home/farah/ws_farah/install/controller_manager_msgs/include/controller_manager_msgs/controller_manager_msgs/srv/detail/switch_controller__traits.hpp
[12.921s] -- Installing: /home/farah/ws_farah/install/controller_manager_msgs/include/controller_manager_msgs/controller_manager_msgs/srv/detail/load_controller__traits.hpp
[12.921s] -- Installing: /home/farah/ws_farah/install/controller_manager_msgs/include/controller_manager_msgs/controller_manager_msgs/srv/detail/list_hardware_components__traits.hpp
[12.922s] -- Installing: /home/farah/ws_farah/install/controller_manager_msgs/include/controller_manager_msgs/controller_manager_msgs/srv/detail/unload_controller__struct.hpp
[12.922s] -- Installing: /home/farah/ws_farah/install/controller_manager_msgs/include/controller_manager_msgs/controller_manager_msgs/srv/detail/configure_controller__type_support.hpp
[12.922s] -- Installing: /home/farah/ws_farah/install/controller_manager_msgs/include/controller_manager_msgs/controller_manager_msgs/srv/detail/list_controller_types__type_support.hpp
[12.922s] -- Installing: /home/farah/ws_farah/install/controller_manager_msgs/include/controller_manager_msgs/controller_manager_msgs/srv/detail/switch_controller__builder.hpp
[12.922s] -- Installing: /home/farah/ws_farah/install/controller_manager_msgs/include/controller_manager_msgs/controller_manager_msgs/srv/detail/set_hardware_component_state__traits.hpp
[12.922s] -- Installing: /home/farah/ws_farah/install/controller_manager_msgs/include/controller_manager_msgs/controller_manager_msgs/srv/detail/list_hardware_interfaces__struct.hpp
[12.922s] -- Installing: /home/farah/ws_farah/install/controller_manager_msgs/include/controller_manager_msgs/controller_manager_msgs/srv/detail/list_controller_types__struct.hpp
[12.922s] -- Installing: /home/farah/ws_farah/install/controller_manager_msgs/include/controller_manager_msgs/controller_manager_msgs/srv/detail/list_hardware_components__type_support.hpp
[12.922s] -- Installing: /home/farah/ws_farah/install/controller_manager_msgs/include/controller_manager_msgs/controller_manager_msgs/srv/detail/list_hardware_interfaces__traits.hpp
[12.922s] -- Installing: /home/farah/ws_farah/install/controller_manager_msgs/include/controller_manager_msgs/controller_manager_msgs/srv/detail/list_hardware_interfaces__type_support.hpp
[12.922s] -- Installing: /home/farah/ws_farah/install/controller_manager_msgs/include/controller_manager_msgs/controller_manager_msgs/srv/detail/list_controller_types__traits.hpp
[12.923s] -- Installing: /home/farah/ws_farah/install/controller_manager_msgs/include/controller_manager_msgs/controller_manager_msgs/srv/detail/list_hardware_components__struct.hpp
[12.923s] -- Installing: /home/farah/ws_farah/install/controller_manager_msgs/include/controller_manager_msgs/controller_manager_msgs/srv/detail/set_hardware_component_state__type_support.hpp
[12.923s] -- Installing: /home/farah/ws_farah/install/controller_manager_msgs/include/controller_manager_msgs/controller_manager_msgs/srv/load_controller.hpp
[12.923s] -- Installing: /home/farah/ws_farah/install/controller_manager_msgs/include/controller_manager_msgs/controller_manager_msgs/srv/configure_controller.hpp
[12.923s] -- Installing: /home/farah/ws_farah/install/controller_manager_msgs/include/controller_manager_msgs/controller_manager_msgs/srv/list_controller_types.hpp
[12.923s] -- Installing: /home/farah/ws_farah/install/controller_manager_msgs/include/controller_manager_msgs/controller_manager_msgs/srv/list_controllers.hpp
[12.923s] -- Installing: /home/farah/ws_farah/install/controller_manager_msgs/include/controller_manager_msgs/controller_manager_msgs/srv/reload_controller_libraries.hpp
[12.923s] -- Up-to-date: /home/farah/ws_farah/install/controller_manager_msgs/include/controller_manager_msgs/controller_manager_msgs/msg
[12.923s] -- Installing: /home/farah/ws_farah/install/controller_manager_msgs/include/controller_manager_msgs/controller_manager_msgs/msg/chain_connection.hpp
[12.923s] -- Installing: /home/farah/ws_farah/install/controller_manager_msgs/include/controller_manager_msgs/controller_manager_msgs/msg/hardware_component_state.hpp
[12.923s] -- Installing: /home/farah/ws_farah/install/controller_manager_msgs/include/controller_manager_msgs/controller_manager_msgs/msg/rosidl_generator_cpp__visibility_control.hpp
[12.923s] -- Installing: /home/farah/ws_farah/install/controller_manager_msgs/include/controller_manager_msgs/controller_manager_msgs/msg/hardware_interface.hpp
[12.924s] -- Installing: /home/farah/ws_farah/install/controller_manager_msgs/include/controller_manager_msgs/controller_manager_msgs/msg/controller_state.hpp
[12.924s] -- Up-to-date: /home/farah/ws_farah/install/controller_manager_msgs/include/controller_manager_msgs/controller_manager_msgs/msg/detail
[12.924s] -- Installing: /home/farah/ws_farah/install/controller_manager_msgs/include/controller_manager_msgs/controller_manager_msgs/msg/detail/hardware_interface__type_support.hpp
[12.924s] -- Installing: /home/farah/ws_farah/install/controller_manager_msgs/include/controller_manager_msgs/controller_manager_msgs/msg/detail/chain_connection__type_support.hpp
[12.924s] -- Installing: /home/farah/ws_farah/install/controller_manager_msgs/include/controller_manager_msgs/controller_manager_msgs/msg/detail/hardware_interface__traits.hpp
[12.924s] -- Installing: /home/farah/ws_farah/install/controller_manager_msgs/include/controller_manager_msgs/controller_manager_msgs/msg/detail/controller_state__traits.hpp
[12.924s] -- Installing: /home/farah/ws_farah/install/controller_manager_msgs/include/controller_manager_msgs/controller_manager_msgs/msg/detail/hardware_component_state__traits.hpp
[12.924s] -- Installing: /home/farah/ws_farah/install/controller_manager_msgs/include/controller_manager_msgs/controller_manager_msgs/msg/detail/controller_state__type_support.hpp
[12.924s] -- Installing: /home/farah/ws_farah/install/controller_manager_msgs/include/controller_manager_msgs/controller_manager_msgs/msg/detail/chain_connection__builder.hpp
[12.924s] -- Installing: /home/farah/ws_farah/install/controller_manager_msgs/include/controller_manager_msgs/controller_manager_msgs/msg/detail/hardware_interface__builder.hpp
[12.924s] -- Installing: /home/farah/ws_farah/install/controller_manager_msgs/include/controller_manager_msgs/controller_manager_msgs/msg/detail/chain_connection__struct.hpp
[12.924s] -- Installing: /home/farah/ws_farah/install/controller_manager_msgs/include/controller_manager_msgs/controller_manager_msgs/msg/detail/hardware_component_state__type_support.hpp
[12.925s] -- Installing: /home/farah/ws_farah/install/controller_manager_msgs/include/controller_manager_msgs/controller_manager_msgs/msg/detail/controller_state__builder.hpp
[12.925s] -- Installing: /home/farah/ws_farah/install/controller_manager_msgs/include/controller_manager_msgs/controller_manager_msgs/msg/detail/chain_connection__traits.hpp
[12.925s] -- Installing: /home/farah/ws_farah/install/controller_manager_msgs/include/controller_manager_msgs/controller_manager_msgs/msg/detail/controller_state__struct.hpp
[12.925s] -- Installing: /home/farah/ws_farah/install/controller_manager_msgs/include/controller_manager_msgs/controller_manager_msgs/msg/detail/hardware_component_state__builder.hpp
[12.925s] -- Installing: /home/farah/ws_farah/install/controller_manager_msgs/include/controller_manager_msgs/controller_manager_msgs/msg/detail/hardware_interface__struct.hpp
[12.925s] -- Installing: /home/farah/ws_farah/install/controller_manager_msgs/include/controller_manager_msgs/controller_manager_msgs/msg/detail/hardware_component_state__struct.hpp
[12.925s] -- Up-to-date: /home/farah/ws_farah/install/controller_manager_msgs/include/controller_manager_msgs/controller_manager_msgs
[12.925s] -- Up-to-date: /home/farah/ws_farah/install/controller_manager_msgs/include/controller_manager_msgs/controller_manager_msgs/srv
[12.925s] -- Up-to-date: /home/farah/ws_farah/install/controller_manager_msgs/include/controller_manager_msgs/controller_manager_msgs/srv/detail
[12.925s] -- Installing: /home/farah/ws_farah/install/controller_manager_msgs/include/controller_manager_msgs/controller_manager_msgs/srv/detail/configure_controller__rosidl_typesupport_fastrtps_cpp.hpp
[12.925s] -- Installing: /home/farah/ws_farah/install/controller_manager_msgs/include/controller_manager_msgs/controller_manager_msgs/srv/detail/list_controllers__rosidl_typesupport_fastrtps_cpp.hpp
[12.925s] -- Installing: /home/farah/ws_farah/install/controller_manager_msgs/include/controller_manager_msgs/controller_manager_msgs/srv/detail/unload_controller__rosidl_typesupport_fastrtps_cpp.hpp
[12.926s] -- Installing: /home/farah/ws_farah/install/controller_manager_msgs/include/controller_manager_msgs/controller_manager_msgs/srv/detail/set_hardware_component_state__rosidl_typesupport_fastrtps_cpp.hpp
[12.926s] -- Installing: /home/farah/ws_farah/install/controller_manager_msgs/include/controller_manager_msgs/controller_manager_msgs/srv/detail/dds_fastrtps
[12.926s] -- Installing: /home/farah/ws_farah/install/controller_manager_msgs/include/controller_manager_msgs/controller_manager_msgs/srv/detail/load_controller__rosidl_typesupport_fastrtps_cpp.hpp
[12.926s] -- Installing: /home/farah/ws_farah/install/controller_manager_msgs/include/controller_manager_msgs/controller_manager_msgs/srv/detail/reload_controller_libraries__rosidl_typesupport_fastrtps_cpp.hpp
[12.926s] -- Installing: /home/farah/ws_farah/install/controller_manager_msgs/include/controller_manager_msgs/controller_manager_msgs/srv/detail/list_hardware_interfaces__rosidl_typesupport_fastrtps_cpp.hpp
[12.926s] -- Installing: /home/farah/ws_farah/install/controller_manager_msgs/include/controller_manager_msgs/controller_manager_msgs/srv/detail/switch_controller__rosidl_typesupport_fastrtps_cpp.hpp
[12.926s] -- Installing: /home/farah/ws_farah/install/controller_manager_msgs/include/controller_manager_msgs/controller_manager_msgs/srv/detail/list_controller_types__rosidl_typesupport_fastrtps_cpp.hpp
[12.926s] -- Installing: /home/farah/ws_farah/install/controller_manager_msgs/include/controller_manager_msgs/controller_manager_msgs/srv/detail/list_hardware_components__rosidl_typesupport_fastrtps_cpp.hpp
[12.926s] -- Up-to-date: /home/farah/ws_farah/install/controller_manager_msgs/include/controller_manager_msgs/controller_manager_msgs/msg
[12.926s] -- Installing: /home/farah/ws_farah/install/controller_manager_msgs/include/controller_manager_msgs/controller_manager_msgs/msg/rosidl_typesupport_fastrtps_cpp__visibility_control.h
[12.926s] -- Up-to-date: /home/farah/ws_farah/install/controller_manager_msgs/include/controller_manager_msgs/controller_manager_msgs/msg/detail
[12.926s] -- Installing: /home/farah/ws_farah/install/controller_manager_msgs/include/controller_manager_msgs/controller_manager_msgs/msg/detail/hardware_interface__rosidl_typesupport_fastrtps_cpp.hpp
[12.927s] -- Installing: /home/farah/ws_farah/install/controller_manager_msgs/include/controller_manager_msgs/controller_manager_msgs/msg/detail/chain_connection__rosidl_typesupport_fastrtps_cpp.hpp
[12.927s] -- Installing: /home/farah/ws_farah/install/controller_manager_msgs/include/controller_manager_msgs/controller_manager_msgs/msg/detail/dds_fastrtps
[12.927s] -- Installing: /home/farah/ws_farah/install/controller_manager_msgs/include/controller_manager_msgs/controller_manager_msgs/msg/detail/controller_state__rosidl_typesupport_fastrtps_cpp.hpp
[12.927s] -- Installing: /home/farah/ws_farah/install/controller_manager_msgs/include/controller_manager_msgs/controller_manager_msgs/msg/detail/hardware_component_state__rosidl_typesupport_fastrtps_cpp.hpp
[12.927s] -- Installing: /home/farah/ws_farah/install/controller_manager_msgs/lib/libcontroller_manager_msgs__rosidl_typesupport_fastrtps_cpp.so
[12.927s] -- Set runtime path of "/home/farah/ws_farah/install/controller_manager_msgs/lib/libcontroller_manager_msgs__rosidl_typesupport_fastrtps_cpp.so" to ""
[12.927s] -- Up-to-date: /home/farah/ws_farah/install/controller_manager_msgs/include/controller_manager_msgs/controller_manager_msgs
[12.928s] -- Up-to-date: /home/farah/ws_farah/install/controller_manager_msgs/include/controller_manager_msgs/controller_manager_msgs/srv
[12.928s] -- Up-to-date: /home/farah/ws_farah/install/controller_manager_msgs/include/controller_manager_msgs/controller_manager_msgs/srv/detail
[12.928s] -- Installing: /home/farah/ws_farah/install/controller_manager_msgs/include/controller_manager_msgs/controller_manager_msgs/srv/detail/list_hardware_interfaces__rosidl_typesupport_introspection_c.h
[12.928s] -- Installing: /home/farah/ws_farah/install/controller_manager_msgs/include/controller_manager_msgs/controller_manager_msgs/srv/detail/list_hardware_components__type_support.c
[12.928s] -- Installing: /home/farah/ws_farah/install/controller_manager_msgs/include/controller_manager_msgs/controller_manager_msgs/srv/detail/set_hardware_component_state__rosidl_typesupport_introspection_c.h
[12.928s] -- Installing: /home/farah/ws_farah/install/controller_manager_msgs/include/controller_manager_msgs/controller_manager_msgs/srv/detail/list_hardware_components__rosidl_typesupport_introspection_c.h
[12.928s] -- Installing: /home/farah/ws_farah/install/controller_manager_msgs/include/controller_manager_msgs/controller_manager_msgs/srv/detail/reload_controller_libraries__rosidl_typesupport_introspection_c.h
[12.928s] -- Installing: /home/farah/ws_farah/install/controller_manager_msgs/include/controller_manager_msgs/controller_manager_msgs/srv/detail/reload_controller_libraries__type_support.c
[12.928s] -- Installing: /home/farah/ws_farah/install/controller_manager_msgs/include/controller_manager_msgs/controller_manager_msgs/srv/detail/list_controller_types__rosidl_typesupport_introspection_c.h
[12.928s] -- Installing: /home/farah/ws_farah/install/controller_manager_msgs/include/controller_manager_msgs/controller_manager_msgs/srv/detail/configure_controller__rosidl_typesupport_introspection_c.h
[12.929s] -- Installing: /home/farah/ws_farah/install/controller_manager_msgs/include/controller_manager_msgs/controller_manager_msgs/srv/detail/configure_controller__type_support.c
[12.929s] -- Installing: /home/farah/ws_farah/install/controller_manager_msgs/include/controller_manager_msgs/controller_manager_msgs/srv/detail/unload_controller__rosidl_typesupport_introspection_c.h
[12.929s] -- Installing: /home/farah/ws_farah/install/controller_manager_msgs/include/controller_manager_msgs/controller_manager_msgs/srv/detail/unload_controller__type_support.c
[12.929s] -- Installing: /home/farah/ws_farah/install/controller_manager_msgs/include/controller_manager_msgs/controller_manager_msgs/srv/detail/switch_controller__type_support.c
[12.929s] -- Installing: /home/farah/ws_farah/install/controller_manager_msgs/include/controller_manager_msgs/controller_manager_msgs/srv/detail/list_controller_types__type_support.c
[12.929s] -- Installing: /home/farah/ws_farah/install/controller_manager_msgs/include/controller_manager_msgs/controller_manager_msgs/srv/detail/set_hardware_component_state__type_support.c
[12.929s] -- Installing: /home/farah/ws_farah/install/controller_manager_msgs/include/controller_manager_msgs/controller_manager_msgs/srv/detail/switch_controller__rosidl_typesupport_introspection_c.h
[12.929s] -- Installing: /home/farah/ws_farah/install/controller_manager_msgs/include/controller_manager_msgs/controller_manager_msgs/srv/detail/load_controller__rosidl_typesupport_introspection_c.h
[12.929s] -- Installing: /home/farah/ws_farah/install/controller_manager_msgs/include/controller_manager_msgs/controller_manager_msgs/srv/detail/list_hardware_interfaces__type_support.c
[12.929s] -- Installing: /home/farah/ws_farah/install/controller_manager_msgs/include/controller_manager_msgs/controller_manager_msgs/srv/detail/list_controllers__rosidl_typesupport_introspection_c.h
[12.930s] -- Installing: /home/farah/ws_farah/install/controller_manager_msgs/include/controller_manager_msgs/controller_manager_msgs/srv/detail/list_controllers__type_support.c
[12.930s] -- Installing: /home/farah/ws_farah/install/controller_manager_msgs/include/controller_manager_msgs/controller_manager_msgs/srv/detail/load_controller__type_support.c
[12.930s] -- Up-to-date: /home/farah/ws_farah/install/controller_manager_msgs/include/controller_manager_msgs/controller_manager_msgs/msg
[12.930s] -- Installing: /home/farah/ws_farah/install/controller_manager_msgs/include/controller_manager_msgs/controller_manager_msgs/msg/rosidl_typesupport_introspection_c__visibility_control.h
[12.930s] -- Up-to-date: /home/farah/ws_farah/install/controller_manager_msgs/include/controller_manager_msgs/controller_manager_msgs/msg/detail
[12.930s] -- Installing: /home/farah/ws_farah/install/controller_manager_msgs/include/controller_manager_msgs/controller_manager_msgs/msg/detail/hardware_interface__type_support.c
[12.930s] -- Installing: /home/farah/ws_farah/install/controller_manager_msgs/include/controller_manager_msgs/controller_manager_msgs/msg/detail/controller_state__type_support.c
[12.930s] -- Installing: /home/farah/ws_farah/install/controller_manager_msgs/include/controller_manager_msgs/controller_manager_msgs/msg/detail/hardware_interface__rosidl_typesupport_introspection_c.h
[12.930s] -- Installing: /home/farah/ws_farah/install/controller_manager_msgs/include/controller_manager_msgs/controller_manager_msgs/msg/detail/chain_connection__rosidl_typesupport_introspection_c.h
[12.930s] -- Installing: /home/farah/ws_farah/install/controller_manager_msgs/include/controller_manager_msgs/controller_manager_msgs/msg/detail/hardware_component_state__rosidl_typesupport_introspection_c.h
[12.930s] -- Installing: /home/farah/ws_farah/install/controller_manager_msgs/include/controller_manager_msgs/controller_manager_msgs/msg/detail/chain_connection__type_support.c
[12.931s] -- Installing: /home/farah/ws_farah/install/controller_manager_msgs/include/controller_manager_msgs/controller_manager_msgs/msg/detail/hardware_component_state__type_support.c
[12.931s] -- Installing: /home/farah/ws_farah/install/controller_manager_msgs/include/controller_manager_msgs/controller_manager_msgs/msg/detail/controller_state__rosidl_typesupport_introspection_c.h
[12.931s] -- Installing: /home/farah/ws_farah/install/controller_manager_msgs/lib/libcontroller_manager_msgs__rosidl_typesupport_introspection_c.so
[12.931s] -- Set runtime path of "/home/farah/ws_farah/install/controller_manager_msgs/lib/libcontroller_manager_msgs__rosidl_typesupport_introspection_c.so" to ""
[12.931s] -- Installing: /home/farah/ws_farah/install/controller_manager_msgs/lib/libcontroller_manager_msgs__rosidl_typesupport_c.so
[12.931s] -- Set runtime path of "/home/farah/ws_farah/install/controller_manager_msgs/lib/libcontroller_manager_msgs__rosidl_typesupport_c.so" to ""
[12.931s] -- Up-to-date: /home/farah/ws_farah/install/controller_manager_msgs/include/controller_manager_msgs/controller_manager_msgs
[12.931s] -- Up-to-date: /home/farah/ws_farah/install/controller_manager_msgs/include/controller_manager_msgs/controller_manager_msgs/srv
[12.931s] -- Up-to-date: /home/farah/ws_farah/install/controller_manager_msgs/include/controller_manager_msgs/controller_manager_msgs/srv/detail
[12.932s] -- Installing: /home/farah/ws_farah/install/controller_manager_msgs/include/controller_manager_msgs/controller_manager_msgs/srv/detail/switch_controller__rosidl_typesupport_introspection_cpp.hpp
[12.932s] -- Installing: /home/farah/ws_farah/install/controller_manager_msgs/include/controller_manager_msgs/controller_manager_msgs/srv/detail/list_controllers__rosidl_typesupport_introspection_cpp.hpp
[12.932s] -- Installing: /home/farah/ws_farah/install/controller_manager_msgs/include/controller_manager_msgs/controller_manager_msgs/srv/detail/load_controller__type_support.cpp
[12.932s] -- Installing: /home/farah/ws_farah/install/controller_manager_msgs/include/controller_manager_msgs/controller_manager_msgs/srv/detail/reload_controller_libraries__type_support.cpp
[12.932s] -- Installing: /home/farah/ws_farah/install/controller_manager_msgs/include/controller_manager_msgs/controller_manager_msgs/srv/detail/configure_controller__rosidl_typesupport_introspection_cpp.hpp
[12.932s] -- Installing: /home/farah/ws_farah/install/controller_manager_msgs/include/controller_manager_msgs/controller_manager_msgs/srv/detail/unload_controller__type_support.cpp
[12.932s] -- Installing: /home/farah/ws_farah/install/controller_manager_msgs/include/controller_manager_msgs/controller_manager_msgs/srv/detail/unload_controller__rosidl_typesupport_introspection_cpp.hpp
[12.932s] -- Installing: /home/farah/ws_farah/install/controller_manager_msgs/include/controller_manager_msgs/controller_manager_msgs/srv/detail/switch_controller__type_support.cpp
[12.932s] -- Installing: /home/farah/ws_farah/install/controller_manager_msgs/include/controller_manager_msgs/controller_manager_msgs/srv/detail/list_controller_types__rosidl_typesupport_introspection_cpp.hpp
[12.932s] -- Installing: /home/farah/ws_farah/install/controller_manager_msgs/include/controller_manager_msgs/controller_manager_msgs/srv/detail/list_hardware_components__type_support.cpp
[12.932s] -- Installing: /home/farah/ws_farah/install/controller_manager_msgs/include/controller_manager_msgs/controller_manager_msgs/srv/detail/list_hardware_interfaces__rosidl_typesupport_introspection_cpp.hpp
[12.933s] -- Installing: /home/farah/ws_farah/install/controller_manager_msgs/include/controller_manager_msgs/controller_manager_msgs/srv/detail/configure_controller__type_support.cpp
[12.933s] -- Installing: /home/farah/ws_farah/install/controller_manager_msgs/include/controller_manager_msgs/controller_manager_msgs/srv/detail/set_hardware_component_state__rosidl_typesupport_introspection_cpp.hpp
[12.933s] -- Installing: /home/farah/ws_farah/install/controller_manager_msgs/include/controller_manager_msgs/controller_manager_msgs/srv/detail/load_controller__rosidl_typesupport_introspection_cpp.hpp
[12.933s] -- Installing: /home/farah/ws_farah/install/controller_manager_msgs/include/controller_manager_msgs/controller_manager_msgs/srv/detail/reload_controller_libraries__rosidl_typesupport_introspection_cpp.hpp
[12.933s] -- Installing: /home/farah/ws_farah/install/controller_manager_msgs/include/controller_manager_msgs/controller_manager_msgs/srv/detail/list_controllers__type_support.cpp
[12.933s] -- Installing: /home/farah/ws_farah/install/controller_manager_msgs/include/controller_manager_msgs/controller_manager_msgs/srv/detail/list_controller_types__type_support.cpp
[12.933s] -- Installing: /home/farah/ws_farah/install/controller_manager_msgs/include/controller_manager_msgs/controller_manager_msgs/srv/detail/set_hardware_component_state__type_support.cpp
[12.933s] -- Installing: /home/farah/ws_farah/install/controller_manager_msgs/include/controller_manager_msgs/controller_manager_msgs/srv/detail/list_hardware_interfaces__type_support.cpp
[12.933s] -- Installing: /home/farah/ws_farah/install/controller_manager_msgs/include/controller_manager_msgs/controller_manager_msgs/srv/detail/list_hardware_components__rosidl_typesupport_introspection_cpp.hpp
[12.933s] -- Up-to-date: /home/farah/ws_farah/install/controller_manager_msgs/include/controller_manager_msgs/controller_manager_msgs/msg
[12.933s] -- Up-to-date: /home/farah/ws_farah/install/controller_manager_msgs/include/controller_manager_msgs/controller_manager_msgs/msg/detail
[12.934s] -- Installing: /home/farah/ws_farah/install/controller_manager_msgs/include/controller_manager_msgs/controller_manager_msgs/msg/detail/controller_state__rosidl_typesupport_introspection_cpp.hpp
[12.934s] -- Installing: /home/farah/ws_farah/install/controller_manager_msgs/include/controller_manager_msgs/controller_manager_msgs/msg/detail/hardware_interface__rosidl_typesupport_introspection_cpp.hpp
[12.934s] -- Installing: /home/farah/ws_farah/install/controller_manager_msgs/include/controller_manager_msgs/controller_manager_msgs/msg/detail/hardware_interface__type_support.cpp
[12.934s] -- Installing: /home/farah/ws_farah/install/controller_manager_msgs/include/controller_manager_msgs/controller_manager_msgs/msg/detail/chain_connection__rosidl_typesupport_introspection_cpp.hpp
[12.934s] -- Installing: /home/farah/ws_farah/install/controller_manager_msgs/include/controller_manager_msgs/controller_manager_msgs/msg/detail/hardware_component_state__type_support.cpp
[12.934s] -- Installing: /home/farah/ws_farah/install/controller_manager_msgs/include/controller_manager_msgs/controller_manager_msgs/msg/detail/controller_state__type_support.cpp
[12.934s] -- Installing: /home/farah/ws_farah/install/controller_manager_msgs/include/controller_manager_msgs/controller_manager_msgs/msg/detail/chain_connection__type_support.cpp
[12.934s] -- Installing: /home/farah/ws_farah/install/controller_manager_msgs/include/controller_manager_msgs/controller_manager_msgs/msg/detail/hardware_component_state__rosidl_typesupport_introspection_cpp.hpp
[12.934s] -- Installing: /home/farah/ws_farah/install/controller_manager_msgs/lib/libcontroller_manager_msgs__rosidl_typesupport_introspection_cpp.so
[12.935s] -- Set runtime path of "/home/farah/ws_farah/install/controller_manager_msgs/lib/libcontroller_manager_msgs__rosidl_typesupport_introspection_cpp.so" to ""
[12.935s] -- Installing: /home/farah/ws_farah/install/controller_manager_msgs/lib/libcontroller_manager_msgs__rosidl_typesupport_cpp.so
[12.935s] -- Set runtime path of "/home/farah/ws_farah/install/controller_manager_msgs/lib/libcontroller_manager_msgs__rosidl_typesupport_cpp.so" to ""
[12.935s] -- Installing: /home/farah/ws_farah/install/controller_manager_msgs/share/controller_manager_msgs/environment/pythonpath.sh
[12.935s] -- Installing: /home/farah/ws_farah/install/controller_manager_msgs/share/controller_manager_msgs/environment/pythonpath.dsv
[12.936s] -- Installing: /home/farah/ws_farah/install/controller_manager_msgs/local/lib/python3.10/dist-packages/controller_manager_msgs-2.50.0-py3.10.egg-info
[12.936s] -- Installing: /home/farah/ws_farah/install/controller_manager_msgs/local/lib/python3.10/dist-packages/controller_manager_msgs-2.50.0-py3.10.egg-info/dependency_links.txt
[12.936s] -- Installing: /home/farah/ws_farah/install/controller_manager_msgs/local/lib/python3.10/dist-packages/controller_manager_msgs-2.50.0-py3.10.egg-info/top_level.txt
[12.936s] -- Installing: /home/farah/ws_farah/install/controller_manager_msgs/local/lib/python3.10/dist-packages/controller_manager_msgs-2.50.0-py3.10.egg-info/PKG-INFO
[12.936s] -- Installing: /home/farah/ws_farah/install/controller_manager_msgs/local/lib/python3.10/dist-packages/controller_manager_msgs-2.50.0-py3.10.egg-info/SOURCES.txt
[12.936s] -- Installing: /home/farah/ws_farah/install/controller_manager_msgs/local/lib/python3.10/dist-packages/controller_manager_msgs
[12.936s] -- Installing: /home/farah/ws_farah/install/controller_manager_msgs/local/lib/python3.10/dist-packages/controller_manager_msgs/_controller_manager_msgs_s.ep.rosidl_typesupport_fastrtps_c.c
[12.936s] -- Installing: /home/farah/ws_farah/install/controller_manager_msgs/local/lib/python3.10/dist-packages/controller_manager_msgs/libcontroller_manager_msgs__rosidl_generator_py.so
[12.936s] -- Installing: /home/farah/ws_farah/install/controller_manager_msgs/local/lib/python3.10/dist-packages/controller_manager_msgs/srv
[12.936s] -- Installing: /home/farah/ws_farah/install/controller_manager_msgs/local/lib/python3.10/dist-packages/controller_manager_msgs/srv/_list_hardware_interfaces.py
[12.937s] -- Installing: /home/farah/ws_farah/install/controller_manager_msgs/local/lib/python3.10/dist-packages/controller_manager_msgs/srv/_unload_controller.py
[12.937s] -- Installing: /home/farah/ws_farah/install/controller_manager_msgs/local/lib/python3.10/dist-packages/controller_manager_msgs/srv/_set_hardware_component_state.py
[12.937s] -- Installing: /home/farah/ws_farah/install/controller_manager_msgs/local/lib/python3.10/dist-packages/controller_manager_msgs/srv/_list_hardware_components_s.c
[12.937s] -- Installing: /home/farah/ws_farah/install/controller_manager_msgs/local/lib/python3.10/dist-packages/controller_manager_msgs/srv/_load_controller.py
[12.937s] -- Installing: /home/farah/ws_farah/install/controller_manager_msgs/local/lib/python3.10/dist-packages/controller_manager_msgs/srv/_switch_controller_s.c
[12.937s] -- Installing: /home/farah/ws_farah/install/controller_manager_msgs/local/lib/python3.10/dist-packages/controller_manager_msgs/srv/_reload_controller_libraries_s.c
[12.937s] -- Installing: /home/farah/ws_farah/install/controller_manager_msgs/local/lib/python3.10/dist-packages/controller_manager_msgs/srv/_list_controller_types_s.c
[12.937s] -- Installing: /home/farah/ws_farah/install/controller_manager_msgs/local/lib/python3.10/dist-packages/controller_manager_msgs/srv/_configure_controller_s.c
[12.937s] -- Installing: /home/farah/ws_farah/install/controller_manager_msgs/local/lib/python3.10/dist-packages/controller_manager_msgs/srv/_unload_controller_s.c
[12.937s] -- Installing: /home/farah/ws_farah/install/controller_manager_msgs/local/lib/python3.10/dist-packages/controller_manager_msgs/srv/_load_controller_s.c
[12.937s] -- Installing: /home/farah/ws_farah/install/controller_manager_msgs/local/lib/python3.10/dist-packages/controller_manager_msgs/srv/_switch_controller.py
[12.937s] -- Installing: /home/farah/ws_farah/install/controller_manager_msgs/local/lib/python3.10/dist-packages/controller_manager_msgs/srv/_configure_controller.py
[12.938s] -- Installing: /home/farah/ws_farah/install/controller_manager_msgs/local/lib/python3.10/dist-packages/controller_manager_msgs/srv/_list_controllers.py
[12.938s] -- Installing: /home/farah/ws_farah/install/controller_manager_msgs/local/lib/python3.10/dist-packages/controller_manager_msgs/srv/_list_hardware_interfaces_s.c
[12.938s] -- Installing: /home/farah/ws_farah/install/controller_manager_msgs/local/lib/python3.10/dist-packages/controller_manager_msgs/srv/_list_controllers_s.c
[12.938s] -- Installing: /home/farah/ws_farah/install/controller_manager_msgs/local/lib/python3.10/dist-packages/controller_manager_msgs/srv/_list_controller_types.py
[12.938s] -- Installing: /home/farah/ws_farah/install/controller_manager_msgs/local/lib/python3.10/dist-packages/controller_manager_msgs/srv/_list_hardware_components.py
[12.938s] -- Installing: /home/farah/ws_farah/install/controller_manager_msgs/local/lib/python3.10/dist-packages/controller_manager_msgs/srv/__init__.py
[12.938s] -- Installing: /home/farah/ws_farah/install/controller_manager_msgs/local/lib/python3.10/dist-packages/controller_manager_msgs/srv/_reload_controller_libraries.py
[12.938s] -- Installing: /home/farah/ws_farah/install/controller_manager_msgs/local/lib/python3.10/dist-packages/controller_manager_msgs/srv/_set_hardware_component_state_s.c
[12.938s] -- Installing: /home/farah/ws_farah/install/controller_manager_msgs/local/lib/python3.10/dist-packages/controller_manager_msgs/_controller_manager_msgs_s.ep.rosidl_typesupport_introspection_c.c
[12.938s] -- Installing: /home/farah/ws_farah/install/controller_manager_msgs/local/lib/python3.10/dist-packages/controller_manager_msgs/controller_manager_msgs_s__rosidl_typesupport_introspection_c.cpython-310-x86_64-linux-gnu.so
[12.938s] -- Installing: /home/farah/ws_farah/install/controller_manager_msgs/local/lib/python3.10/dist-packages/controller_manager_msgs/controller_manager_msgs_s__rosidl_typesupport_c.cpython-310-x86_64-linux-gnu.so
[12.939s] -- Installing: /home/farah/ws_farah/install/controller_manager_msgs/local/lib/python3.10/dist-packages/controller_manager_msgs/controller_manager_msgs_s__rosidl_typesupport_fastrtps_c.cpython-310-x86_64-linux-gnu.so
[12.939s] -- Installing: /home/farah/ws_farah/install/controller_manager_msgs/local/lib/python3.10/dist-packages/controller_manager_msgs/msg
[12.939s] -- Installing: /home/farah/ws_farah/install/controller_manager_msgs/local/lib/python3.10/dist-packages/controller_manager_msgs/msg/_chain_connection.py
[12.939s] -- Installing: /home/farah/ws_farah/install/controller_manager_msgs/local/lib/python3.10/dist-packages/controller_manager_msgs/msg/_controller_state_s.c
[12.939s] -- Installing: /home/farah/ws_farah/install/controller_manager_msgs/local/lib/python3.10/dist-packages/controller_manager_msgs/msg/_hardware_interface.py
[12.939s] -- Installing: /home/farah/ws_farah/install/controller_manager_msgs/local/lib/python3.10/dist-packages/controller_manager_msgs/msg/_chain_connection_s.c
[12.939s] -- Installing: /home/farah/ws_farah/install/controller_manager_msgs/local/lib/python3.10/dist-packages/controller_manager_msgs/msg/_controller_state.py
[12.939s] -- Installing: /home/farah/ws_farah/install/controller_manager_msgs/local/lib/python3.10/dist-packages/controller_manager_msgs/msg/_hardware_component_state_s.c
[12.939s] -- Installing: /home/farah/ws_farah/install/controller_manager_msgs/local/lib/python3.10/dist-packages/controller_manager_msgs/msg/_hardware_interface_s.c
[12.939s] -- Installing: /home/farah/ws_farah/install/controller_manager_msgs/local/lib/python3.10/dist-packages/controller_manager_msgs/msg/__init__.py
[12.939s] -- Installing: /home/farah/ws_farah/install/controller_manager_msgs/local/lib/python3.10/dist-packages/controller_manager_msgs/msg/_hardware_component_state.py
[12.939s] -- Installing: /home/farah/ws_farah/install/controller_manager_msgs/local/lib/python3.10/dist-packages/controller_manager_msgs/_controller_manager_msgs_s.ep.rosidl_typesupport_c.c
[12.940s] -- Installing: /home/farah/ws_farah/install/controller_manager_msgs/local/lib/python3.10/dist-packages/controller_manager_msgs/__init__.py
[12.984s] Listing '/home/farah/ws_farah/install/controller_manager_msgs/local/lib/python3.10/dist-packages/controller_manager_msgs'...
[12.984s] Compiling '/home/farah/ws_farah/install/controller_manager_msgs/local/lib/python3.10/dist-packages/controller_manager_msgs/__init__.py'...
[12.984s] Listing '/home/farah/ws_farah/install/controller_manager_msgs/local/lib/python3.10/dist-packages/controller_manager_msgs/msg'...
[12.985s] Compiling '/home/farah/ws_farah/install/controller_manager_msgs/local/lib/python3.10/dist-packages/controller_manager_msgs/msg/__init__.py'...
[12.985s] Compiling '/home/farah/ws_farah/install/controller_manager_msgs/local/lib/python3.10/dist-packages/controller_manager_msgs/msg/_chain_connection.py'...
[12.985s] Compiling '/home/farah/ws_farah/install/controller_manager_msgs/local/lib/python3.10/dist-packages/controller_manager_msgs/msg/_controller_state.py'...
[12.985s] Compiling '/home/farah/ws_farah/install/controller_manager_msgs/local/lib/python3.10/dist-packages/controller_manager_msgs/msg/_hardware_component_state.py'...
[12.985s] Compiling '/home/farah/ws_farah/install/controller_manager_msgs/local/lib/python3.10/dist-packages/controller_manager_msgs/msg/_hardware_interface.py'...
[12.985s] Listing '/home/farah/ws_farah/install/controller_manager_msgs/local/lib/python3.10/dist-packages/controller_manager_msgs/srv'...
[12.985s] Compiling '/home/farah/ws_farah/install/controller_manager_msgs/local/lib/python3.10/dist-packages/controller_manager_msgs/srv/__init__.py'...
[12.985s] Compiling '/home/farah/ws_farah/install/controller_manager_msgs/local/lib/python3.10/dist-packages/controller_manager_msgs/srv/_configure_controller.py'...
[12.985s] Compiling '/home/farah/ws_farah/install/controller_manager_msgs/local/lib/python3.10/dist-packages/controller_manager_msgs/srv/_list_controller_types.py'...
[12.985s] Compiling '/home/farah/ws_farah/install/controller_manager_msgs/local/lib/python3.10/dist-packages/controller_manager_msgs/srv/_list_controllers.py'...
[12.985s] Compiling '/home/farah/ws_farah/install/controller_manager_msgs/local/lib/python3.10/dist-packages/controller_manager_msgs/srv/_list_hardware_components.py'...
[12.985s] Compiling '/home/farah/ws_farah/install/controller_manager_msgs/local/lib/python3.10/dist-packages/controller_manager_msgs/srv/_list_hardware_interfaces.py'...
[12.985s] Compiling '/home/farah/ws_farah/install/controller_manager_msgs/local/lib/python3.10/dist-packages/controller_manager_msgs/srv/_load_controller.py'...
[12.985s] Compiling '/home/farah/ws_farah/install/controller_manager_msgs/local/lib/python3.10/dist-packages/controller_manager_msgs/srv/_reload_controller_libraries.py'...
[12.985s] Compiling '/home/farah/ws_farah/install/controller_manager_msgs/local/lib/python3.10/dist-packages/controller_manager_msgs/srv/_set_hardware_component_state.py'...
[12.985s] Compiling '/home/farah/ws_farah/install/controller_manager_msgs/local/lib/python3.10/dist-packages/controller_manager_msgs/srv/_switch_controller.py'...
[12.986s] Compiling '/home/farah/ws_farah/install/controller_manager_msgs/local/lib/python3.10/dist-packages/controller_manager_msgs/srv/_unload_controller.py'...
[12.988s] -- Installing: /home/farah/ws_farah/install/controller_manager_msgs/local/lib/python3.10/dist-packages/controller_manager_msgs/controller_manager_msgs_s__rosidl_typesupport_fastrtps_c.cpython-310-x86_64-linux-gnu.so
[12.989s] -- Set runtime path of "/home/farah/ws_farah/install/controller_manager_msgs/local/lib/python3.10/dist-packages/controller_manager_msgs/controller_manager_msgs_s__rosidl_typesupport_fastrtps_c.cpython-310-x86_64-linux-gnu.so" to ""
[12.989s] -- Installing: /home/farah/ws_farah/install/controller_manager_msgs/local/lib/python3.10/dist-packages/controller_manager_msgs/controller_manager_msgs_s__rosidl_typesupport_introspection_c.cpython-310-x86_64-linux-gnu.so
[12.989s] -- Set runtime path of "/home/farah/ws_farah/install/controller_manager_msgs/local/lib/python3.10/dist-packages/controller_manager_msgs/controller_manager_msgs_s__rosidl_typesupport_introspection_c.cpython-310-x86_64-linux-gnu.so" to ""
[12.989s] -- Installing: /home/farah/ws_farah/install/controller_manager_msgs/local/lib/python3.10/dist-packages/controller_manager_msgs/controller_manager_msgs_s__rosidl_typesupport_c.cpython-310-x86_64-linux-gnu.so
[12.989s] -- Set runtime path of "/home/farah/ws_farah/install/controller_manager_msgs/local/lib/python3.10/dist-packages/controller_manager_msgs/controller_manager_msgs_s__rosidl_typesupport_c.cpython-310-x86_64-linux-gnu.so" to ""
[12.989s] -- Installing: /home/farah/ws_farah/install/controller_manager_msgs/lib/libcontroller_manager_msgs__rosidl_generator_py.so
[12.990s] -- Set runtime path of "/home/farah/ws_farah/install/controller_manager_msgs/lib/libcontroller_manager_msgs__rosidl_generator_py.so" to ""
[12.990s] -- Installing: /home/farah/ws_farah/install/controller_manager_msgs/share/controller_manager_msgs/msg/ControllerState.idl
[12.990s] -- Installing: /home/farah/ws_farah/install/controller_manager_msgs/share/controller_manager_msgs/msg/ChainConnection.idl
[12.990s] -- Installing: /home/farah/ws_farah/install/controller_manager_msgs/share/controller_manager_msgs/msg/HardwareComponentState.idl
[12.990s] -- Installing: /home/farah/ws_farah/install/controller_manager_msgs/share/controller_manager_msgs/msg/HardwareInterface.idl
[12.990s] -- Installing: /home/farah/ws_farah/install/controller_manager_msgs/share/controller_manager_msgs/srv/ConfigureController.idl
[12.990s] -- Installing: /home/farah/ws_farah/install/controller_manager_msgs/share/controller_manager_msgs/srv/ListControllers.idl
[12.990s] -- Installing: /home/farah/ws_farah/install/controller_manager_msgs/share/controller_manager_msgs/srv/ListControllerTypes.idl
[12.991s] -- Installing: /home/farah/ws_farah/install/controller_manager_msgs/share/controller_manager_msgs/srv/ListHardwareComponents.idl
[12.991s] -- Installing: /home/farah/ws_farah/install/controller_manager_msgs/share/controller_manager_msgs/srv/ListHardwareInterfaces.idl
[12.991s] -- Installing: /home/farah/ws_farah/install/controller_manager_msgs/share/controller_manager_msgs/srv/LoadController.idl
[12.991s] -- Installing: /home/farah/ws_farah/install/controller_manager_msgs/share/controller_manager_msgs/srv/ReloadControllerLibraries.idl
[12.991s] -- Installing: /home/farah/ws_farah/install/controller_manager_msgs/share/controller_manager_msgs/srv/SetHardwareComponentState.idl
[12.991s] -- Installing: /home/farah/ws_farah/install/controller_manager_msgs/share/controller_manager_msgs/srv/SwitchController.idl
[12.991s] -- Installing: /home/farah/ws_farah/install/controller_manager_msgs/share/controller_manager_msgs/srv/UnloadController.idl
[12.991s] -- Installing: /home/farah/ws_farah/install/controller_manager_msgs/share/controller_manager_msgs/msg/ControllerState.msg
[12.991s] -- Installing: /home/farah/ws_farah/install/controller_manager_msgs/share/controller_manager_msgs/msg/ChainConnection.msg
[12.991s] -- Installing: /home/farah/ws_farah/install/controller_manager_msgs/share/controller_manager_msgs/msg/HardwareComponentState.msg
[12.992s] -- Installing: /home/farah/ws_farah/install/controller_manager_msgs/share/controller_manager_msgs/msg/HardwareInterface.msg
[12.992s] -- Installing: /home/farah/ws_farah/install/controller_manager_msgs/share/controller_manager_msgs/srv/ConfigureController.srv
[12.992s] -- Installing: /home/farah/ws_farah/install/controller_manager_msgs/share/controller_manager_msgs/srv/ConfigureController_Request.msg
[12.992s] -- Installing: /home/farah/ws_farah/install/controller_manager_msgs/share/controller_manager_msgs/srv/ConfigureController_Response.msg
[12.992s] -- Installing: /home/farah/ws_farah/install/controller_manager_msgs/share/controller_manager_msgs/srv/ListControllers.srv
[12.992s] -- Installing: /home/farah/ws_farah/install/controller_manager_msgs/share/controller_manager_msgs/srv/ListControllers_Request.msg
[12.992s] -- Installing: /home/farah/ws_farah/install/controller_manager_msgs/share/controller_manager_msgs/srv/ListControllers_Response.msg
[12.992s] -- Installing: /home/farah/ws_farah/install/controller_manager_msgs/share/controller_manager_msgs/srv/ListControllerTypes.srv
[12.992s] -- Installing: /home/farah/ws_farah/install/controller_manager_msgs/share/controller_manager_msgs/srv/ListControllerTypes_Request.msg
[12.992s] -- Installing: /home/farah/ws_farah/install/controller_manager_msgs/share/controller_manager_msgs/srv/ListControllerTypes_Response.msg
[12.993s] -- Installing: /home/farah/ws_farah/install/controller_manager_msgs/share/controller_manager_msgs/srv/ListHardwareComponents.srv
[12.993s] -- Installing: /home/farah/ws_farah/install/controller_manager_msgs/share/controller_manager_msgs/srv/ListHardwareComponents_Request.msg
[12.993s] -- Installing: /home/farah/ws_farah/install/controller_manager_msgs/share/controller_manager_msgs/srv/ListHardwareComponents_Response.msg
[12.993s] -- Installing: /home/farah/ws_farah/install/controller_manager_msgs/share/controller_manager_msgs/srv/ListHardwareInterfaces.srv
[12.993s] -- Installing: /home/farah/ws_farah/install/controller_manager_msgs/share/controller_manager_msgs/srv/ListHardwareInterfaces_Request.msg
[12.993s] -- Installing: /home/farah/ws_farah/install/controller_manager_msgs/share/controller_manager_msgs/srv/ListHardwareInterfaces_Response.msg
[12.993s] -- Installing: /home/farah/ws_farah/install/controller_manager_msgs/share/controller_manager_msgs/srv/LoadController.srv
[12.993s] -- Installing: /home/farah/ws_farah/install/controller_manager_msgs/share/controller_manager_msgs/srv/LoadController_Request.msg
[12.993s] -- Installing: /home/farah/ws_farah/install/controller_manager_msgs/share/controller_manager_msgs/srv/LoadController_Response.msg
[12.993s] -- Installing: /home/farah/ws_farah/install/controller_manager_msgs/share/controller_manager_msgs/srv/ReloadControllerLibraries.srv
[12.994s] -- Installing: /home/farah/ws_farah/install/controller_manager_msgs/share/controller_manager_msgs/srv/ReloadControllerLibraries_Request.msg
[12.994s] -- Installing: /home/farah/ws_farah/install/controller_manager_msgs/share/controller_manager_msgs/srv/ReloadControllerLibraries_Response.msg
[12.994s] -- Installing: /home/farah/ws_farah/install/controller_manager_msgs/share/controller_manager_msgs/srv/SetHardwareComponentState.srv
[12.994s] -- Installing: /home/farah/ws_farah/install/controller_manager_msgs/share/controller_manager_msgs/srv/SetHardwareComponentState_Request.msg
[12.994s] -- Installing: /home/farah/ws_farah/install/controller_manager_msgs/share/controller_manager_msgs/srv/SetHardwareComponentState_Response.msg
[12.994s] -- Installing: /home/farah/ws_farah/install/controller_manager_msgs/share/controller_manager_msgs/srv/SwitchController.srv
[12.994s] -- Installing: /home/farah/ws_farah/install/controller_manager_msgs/share/controller_manager_msgs/srv/SwitchController_Request.msg
[12.994s] -- Installing: /home/farah/ws_farah/install/controller_manager_msgs/share/controller_manager_msgs/srv/SwitchController_Response.msg
[12.994s] -- Installing: /home/farah/ws_farah/install/controller_manager_msgs/share/controller_manager_msgs/srv/UnloadController.srv
[12.994s] -- Installing: /home/farah/ws_farah/install/controller_manager_msgs/share/controller_manager_msgs/srv/UnloadController_Request.msg
[12.995s] -- Installing: /home/farah/ws_farah/install/controller_manager_msgs/share/controller_manager_msgs/srv/UnloadController_Response.msg
[12.995s] -- Installing: /home/farah/ws_farah/install/controller_manager_msgs/share/ament_index/resource_index/package_run_dependencies/controller_manager_msgs
[12.995s] -- Installing: /home/farah/ws_farah/install/controller_manager_msgs/share/ament_index/resource_index/parent_prefix_path/controller_manager_msgs
[12.995s] -- Installing: /home/farah/ws_farah/install/controller_manager_msgs/share/controller_manager_msgs/environment/ament_prefix_path.sh
[12.995s] -- Installing: /home/farah/ws_farah/install/controller_manager_msgs/share/controller_manager_msgs/environment/ament_prefix_path.dsv
[12.995s] -- Installing: /home/farah/ws_farah/install/controller_manager_msgs/share/controller_manager_msgs/environment/path.sh
[12.995s] -- Installing: /home/farah/ws_farah/install/controller_manager_msgs/share/controller_manager_msgs/environment/path.dsv
[12.995s] -- Installing: /home/farah/ws_farah/install/controller_manager_msgs/share/controller_manager_msgs/local_setup.bash
[12.996s] -- Installing: /home/farah/ws_farah/install/controller_manager_msgs/share/controller_manager_msgs/local_setup.sh
[12.996s] -- Installing: /home/farah/ws_farah/install/controller_manager_msgs/share/controller_manager_msgs/local_setup.zsh
[12.996s] -- Installing: /home/farah/ws_farah/install/controller_manager_msgs/share/controller_manager_msgs/local_setup.dsv
[12.996s] -- Installing: /home/farah/ws_farah/install/controller_manager_msgs/share/controller_manager_msgs/package.dsv
[12.996s] -- Installing: /home/farah/ws_farah/install/controller_manager_msgs/share/ament_index/resource_index/packages/controller_manager_msgs
[12.996s] -- Installing: /home/farah/ws_farah/install/controller_manager_msgs/share/controller_manager_msgs/cmake/export_controller_manager_msgs__rosidl_generator_cExport.cmake
[12.996s] -- Installing: /home/farah/ws_farah/install/controller_manager_msgs/share/controller_manager_msgs/cmake/export_controller_manager_msgs__rosidl_generator_cExport-noconfig.cmake
[12.996s] -- Installing: /home/farah/ws_farah/install/controller_manager_msgs/share/controller_manager_msgs/cmake/export_controller_manager_msgs__rosidl_typesupport_fastrtps_cExport.cmake
[12.996s] -- Installing: /home/farah/ws_farah/install/controller_manager_msgs/share/controller_manager_msgs/cmake/export_controller_manager_msgs__rosidl_typesupport_fastrtps_cExport-noconfig.cmake
[12.997s] -- Installing: /home/farah/ws_farah/install/controller_manager_msgs/share/controller_manager_msgs/cmake/export_controller_manager_msgs__rosidl_generator_cppExport.cmake
[12.997s] -- Installing: /home/farah/ws_farah/install/controller_manager_msgs/share/controller_manager_msgs/cmake/export_controller_manager_msgs__rosidl_typesupport_fastrtps_cppExport.cmake
[12.997s] -- Installing: /home/farah/ws_farah/install/controller_manager_msgs/share/controller_manager_msgs/cmake/export_controller_manager_msgs__rosidl_typesupport_fastrtps_cppExport-noconfig.cmake
[12.997s] -- Installing: /home/farah/ws_farah/install/controller_manager_msgs/share/controller_manager_msgs/cmake/controller_manager_msgs__rosidl_typesupport_introspection_cExport.cmake
[12.997s] -- Installing: /home/farah/ws_farah/install/controller_manager_msgs/share/controller_manager_msgs/cmake/controller_manager_msgs__rosidl_typesupport_introspection_cExport-noconfig.cmake
[12.997s] -- Installing: /home/farah/ws_farah/install/controller_manager_msgs/share/controller_manager_msgs/cmake/controller_manager_msgs__rosidl_typesupport_cExport.cmake
[12.997s] -- Installing: /home/farah/ws_farah/install/controller_manager_msgs/share/controller_manager_msgs/cmake/controller_manager_msgs__rosidl_typesupport_cExport-noconfig.cmake
[12.997s] -- Installing: /home/farah/ws_farah/install/controller_manager_msgs/share/controller_manager_msgs/cmake/controller_manager_msgs__rosidl_typesupport_introspection_cppExport.cmake
[12.998s] -- Installing: /home/farah/ws_farah/install/controller_manager_msgs/share/controller_manager_msgs/cmake/controller_manager_msgs__rosidl_typesupport_introspection_cppExport-noconfig.cmake
[12.998s] -- Installing: /home/farah/ws_farah/install/controller_manager_msgs/share/controller_manager_msgs/cmake/controller_manager_msgs__rosidl_typesupport_cppExport.cmake
[12.998s] -- Installing: /home/farah/ws_farah/install/controller_manager_msgs/share/controller_manager_msgs/cmake/controller_manager_msgs__rosidl_typesupport_cppExport-noconfig.cmake
[12.998s] -- Installing: /home/farah/ws_farah/install/controller_manager_msgs/share/controller_manager_msgs/cmake/export_controller_manager_msgs__rosidl_generator_pyExport.cmake
[12.998s] -- Installing: /home/farah/ws_farah/install/controller_manager_msgs/share/controller_manager_msgs/cmake/export_controller_manager_msgs__rosidl_generator_pyExport-noconfig.cmake
[12.998s] -- Installing: /home/farah/ws_farah/install/controller_manager_msgs/share/controller_manager_msgs/cmake/rosidl_cmake-extras.cmake
[12.998s] -- Installing: /home/farah/ws_farah/install/controller_manager_msgs/share/controller_manager_msgs/cmake/ament_cmake_export_dependencies-extras.cmake
[12.998s] -- Installing: /home/farah/ws_farah/install/controller_manager_msgs/share/controller_manager_msgs/cmake/ament_cmake_export_include_directories-extras.cmake
[12.999s] -- Installing: /home/farah/ws_farah/install/controller_manager_msgs/share/controller_manager_msgs/cmake/ament_cmake_export_libraries-extras.cmake
[12.999s] -- Installing: /home/farah/ws_farah/install/controller_manager_msgs/share/controller_manager_msgs/cmake/ament_cmake_export_targets-extras.cmake
[12.999s] -- Installing: /home/farah/ws_farah/install/controller_manager_msgs/share/controller_manager_msgs/cmake/rosidl_cmake_export_typesupport_targets-extras.cmake
[12.999s] -- Installing: /home/farah/ws_farah/install/controller_manager_msgs/share/controller_manager_msgs/cmake/rosidl_cmake_export_typesupport_libraries-extras.cmake
[12.999s] -- Installing: /home/farah/ws_farah/install/controller_manager_msgs/share/controller_manager_msgs/cmake/controller_manager_msgsConfig.cmake
[12.999s] -- Installing: /home/farah/ws_farah/install/controller_manager_msgs/share/controller_manager_msgs/cmake/controller_manager_msgsConfig-version.cmake
[12.999s] -- Installing: /home/farah/ws_farah/install/controller_manager_msgs/share/controller_manager_msgs/package.xml
[13.001s] Invoked command in '/home/farah/ws_farah/build/controller_manager_msgs' returned '0': CMAKE_PREFIX_PATH=/opt/ros/humble /usr/bin/cmake --install /home/farah/ws_farah/build/controller_manager_msgs
