[0.280s] DEBUG:colcon:Command line arguments: ['/home/farah/.local/bin/colcon', 'build', '--packages-select', 'race_it']
[0.280s] DEBUG:colcon:Parsed command line arguments: Namespace(log_base=None, log_level=None, verb_name='build', build_base='build', install_base='install', merge_install=False, symlink_install=False, test_result_base=None, continue_on_error=False, executor='parallel', parallel_workers=8, event_handlers=None, ignore_user_meta=False, metas=['./colcon.meta'], base_paths=['.'], packages_ignore=None, packages_ignore_regex=None, paths=None, packages_up_to=None, packages_up_to_regex=None, packages_above=None, packages_above_and_dependencies=None, packages_above_depth=None, packages_select_by_dep=None, packages_skip_by_dep=None, packages_skip_up_to=None, packages_select_build_failed=False, packages_skip_build_finished=False, packages_select_test_failures=False, packages_skip_test_passed=False, packages_select=['race_it'], packages_skip=None, packages_select_regex=None, packages_skip_regex=None, packages_start=None, packages_end=None, allow_overriding=[], cmake_args=None, cmake_target=None, cmake_target_skip_unavailable=False, cmake_clean_cache=False, cmake_clean_first=False, cmake_force_configure=False, ament_cmake_args=None, catkin_cmake_args=None, catkin_skip_building_tests=False, mixin_files=None, mixin=None, verb_parser=<colcon_mixin.mixin.mixin_argument.MixinArgumentDecorator object at 0x7b9d46079240>, verb_extension=<colcon_core.verb.build.BuildVerb object at 0x7b9d461960e0>, main=<bound method BuildVerb.main of <colcon_core.verb.build.BuildVerb object at 0x7b9d461960e0>>, mixin_verb=('build',))
[0.348s] Level 1:colcon.colcon_core.package_discovery:discover_packages(colcon_meta) check parameters
[0.349s] Level 1:colcon.colcon_core.package_discovery:discover_packages(recursive) check parameters
[0.349s] Level 1:colcon.colcon_core.package_discovery:discover_packages(ignore) check parameters
[0.349s] Level 1:colcon.colcon_core.package_discovery:discover_packages(path) check parameters
[0.349s] Level 1:colcon.colcon_core.package_discovery:discover_packages(colcon_meta) discover
[0.349s] Level 1:colcon.colcon_core.package_discovery:discover_packages(recursive) discover
[0.349s] INFO:colcon.colcon_core.package_discovery:Crawling recursively for packages in '/home/farah/ws_farah'
[0.349s] Level 1:colcon.colcon_core.package_identification:_identify(.) by extensions ['ignore', 'ignore_ament_install']
[0.349s] Level 1:colcon.colcon_core.package_identification:_identify(.) by extension 'ignore'
[0.349s] Level 1:colcon.colcon_core.package_identification:_identify(.) by extension 'ignore_ament_install'
[0.349s] Level 1:colcon.colcon_core.package_identification:_identify(.) by extensions ['colcon_pkg']
[0.349s] Level 1:colcon.colcon_core.package_identification:_identify(.) by extension 'colcon_pkg'
[0.349s] Level 1:colcon.colcon_core.package_identification:_identify(.) by extensions ['colcon_meta']
[0.349s] Level 1:colcon.colcon_core.package_identification:_identify(.) by extension 'colcon_meta'
[0.349s] Level 1:colcon.colcon_core.package_identification:_identify(.) by extensions ['ros']
[0.349s] Level 1:colcon.colcon_core.package_identification:_identify(.) by extension 'ros'
[0.369s] Level 1:colcon.colcon_core.package_identification:_identify(.) by extensions ['cmake', 'python']
[0.369s] Level 1:colcon.colcon_core.package_identification:_identify(.) by extension 'cmake'
[0.369s] Level 1:colcon.colcon_core.package_identification:_identify(.) by extension 'python'
[0.369s] Level 1:colcon.colcon_core.package_identification:_identify(.) by extensions ['python_setup_py']
[0.369s] Level 1:colcon.colcon_core.package_identification:_identify(.) by extension 'python_setup_py'
[0.369s] Level 1:colcon.colcon_core.package_identification:_identify(build) by extensions ['ignore', 'ignore_ament_install']
[0.370s] Level 1:colcon.colcon_core.package_identification:_identify(build) by extension 'ignore'
[0.370s] Level 1:colcon.colcon_core.package_identification:_identify(build) ignored
[0.370s] Level 1:colcon.colcon_core.package_identification:_identify(install) by extensions ['ignore', 'ignore_ament_install']
[0.370s] Level 1:colcon.colcon_core.package_identification:_identify(install) by extension 'ignore'
[0.370s] Level 1:colcon.colcon_core.package_identification:_identify(install) ignored
[0.370s] Level 1:colcon.colcon_core.package_identification:_identify(log) by extensions ['ignore', 'ignore_ament_install']
[0.370s] Level 1:colcon.colcon_core.package_identification:_identify(log) by extension 'ignore'
[0.370s] Level 1:colcon.colcon_core.package_identification:_identify(log) ignored
[0.370s] Level 1:colcon.colcon_core.package_identification:_identify(src) by extensions ['ignore', 'ignore_ament_install']
[0.370s] Level 1:colcon.colcon_core.package_identification:_identify(src) by extension 'ignore'
[0.370s] Level 1:colcon.colcon_core.package_identification:_identify(src) by extension 'ignore_ament_install'
[0.370s] Level 1:colcon.colcon_core.package_identification:_identify(src) by extensions ['colcon_pkg']
[0.370s] Level 1:colcon.colcon_core.package_identification:_identify(src) by extension 'colcon_pkg'
[0.370s] Level 1:colcon.colcon_core.package_identification:_identify(src) by extensions ['colcon_meta']
[0.370s] Level 1:colcon.colcon_core.package_identification:_identify(src) by extension 'colcon_meta'
[0.370s] Level 1:colcon.colcon_core.package_identification:_identify(src) by extensions ['ros']
[0.370s] Level 1:colcon.colcon_core.package_identification:_identify(src) by extension 'ros'
[0.371s] Level 1:colcon.colcon_core.package_identification:_identify(src) by extensions ['cmake', 'python']
[0.371s] Level 1:colcon.colcon_core.package_identification:_identify(src) by extension 'cmake'
[0.371s] Level 1:colcon.colcon_core.package_identification:_identify(src) by extension 'python'
[0.371s] Level 1:colcon.colcon_core.package_identification:_identify(src) by extensions ['python_setup_py']
[0.371s] Level 1:colcon.colcon_core.package_identification:_identify(src) by extension 'python_setup_py'
[0.371s] Level 1:colcon.colcon_core.package_identification:_identify(src/ros2_acker) by extensions ['ignore', 'ignore_ament_install']
[0.371s] Level 1:colcon.colcon_core.package_identification:_identify(src/ros2_acker) by extension 'ignore'
[0.371s] Level 1:colcon.colcon_core.package_identification:_identify(src/ros2_acker) by extension 'ignore_ament_install'
[0.371s] Level 1:colcon.colcon_core.package_identification:_identify(src/ros2_acker) by extensions ['colcon_pkg']
[0.371s] Level 1:colcon.colcon_core.package_identification:_identify(src/ros2_acker) by extension 'colcon_pkg'
[0.371s] Level 1:colcon.colcon_core.package_identification:_identify(src/ros2_acker) by extensions ['colcon_meta']
[0.371s] Level 1:colcon.colcon_core.package_identification:_identify(src/ros2_acker) by extension 'colcon_meta'
[0.371s] Level 1:colcon.colcon_core.package_identification:_identify(src/ros2_acker) by extensions ['ros']
[0.371s] Level 1:colcon.colcon_core.package_identification:_identify(src/ros2_acker) by extension 'ros'
[0.371s] Level 1:colcon.colcon_core.package_identification:_identify(src/ros2_acker) by extensions ['cmake', 'python']
[0.371s] Level 1:colcon.colcon_core.package_identification:_identify(src/ros2_acker) by extension 'cmake'
[0.371s] Level 1:colcon.colcon_core.package_identification:_identify(src/ros2_acker) by extension 'python'
[0.371s] Level 1:colcon.colcon_core.package_identification:_identify(src/ros2_acker) by extensions ['python_setup_py']
[0.371s] Level 1:colcon.colcon_core.package_identification:_identify(src/ros2_acker) by extension 'python_setup_py'
[0.371s] Level 1:colcon.colcon_core.package_identification:_identify(src/ros2_acker/race_it) by extensions ['ignore', 'ignore_ament_install']
[0.371s] Level 1:colcon.colcon_core.package_identification:_identify(src/ros2_acker/race_it) by extension 'ignore'
[0.371s] Level 1:colcon.colcon_core.package_identification:_identify(src/ros2_acker/race_it) by extension 'ignore_ament_install'
[0.372s] Level 1:colcon.colcon_core.package_identification:_identify(src/ros2_acker/race_it) by extensions ['colcon_pkg']
[0.372s] Level 1:colcon.colcon_core.package_identification:_identify(src/ros2_acker/race_it) by extension 'colcon_pkg'
[0.372s] Level 1:colcon.colcon_core.package_identification:_identify(src/ros2_acker/race_it) by extensions ['colcon_meta']
[0.372s] Level 1:colcon.colcon_core.package_identification:_identify(src/ros2_acker/race_it) by extension 'colcon_meta'
[0.372s] Level 1:colcon.colcon_core.package_identification:_identify(src/ros2_acker/race_it) by extensions ['ros']
[0.372s] Level 1:colcon.colcon_core.package_identification:_identify(src/ros2_acker/race_it) by extension 'ros'
[0.376s] DEBUG:colcon.colcon_core.package_identification:Package 'src/ros2_acker/race_it' with type 'ros.ament_cmake' and name 'race_it'
[0.376s] Level 1:colcon.colcon_core.package_identification:_identify(src/ros2_acker/temp_teleop) by extensions ['ignore', 'ignore_ament_install']
[0.376s] Level 1:colcon.colcon_core.package_identification:_identify(src/ros2_acker/temp_teleop) by extension 'ignore'
[0.376s] Level 1:colcon.colcon_core.package_identification:_identify(src/ros2_acker/temp_teleop) by extension 'ignore_ament_install'
[0.376s] Level 1:colcon.colcon_core.package_identification:_identify(src/ros2_acker/temp_teleop) by extensions ['colcon_pkg']
[0.376s] Level 1:colcon.colcon_core.package_identification:_identify(src/ros2_acker/temp_teleop) by extension 'colcon_pkg'
[0.376s] Level 1:colcon.colcon_core.package_identification:_identify(src/ros2_acker/temp_teleop) by extensions ['colcon_meta']
[0.376s] Level 1:colcon.colcon_core.package_identification:_identify(src/ros2_acker/temp_teleop) by extension 'colcon_meta'
[0.376s] Level 1:colcon.colcon_core.package_identification:_identify(src/ros2_acker/temp_teleop) by extensions ['ros']
[0.376s] Level 1:colcon.colcon_core.package_identification:_identify(src/ros2_acker/temp_teleop) by extension 'ros'
[0.377s] DEBUG:colcon.colcon_core.package_identification:Package 'src/ros2_acker/temp_teleop' with type 'ros.ament_python' and name 'temp_teleop'
[0.377s] Level 1:colcon.colcon_core.package_identification:_identify(src/ros2_control) by extensions ['ignore', 'ignore_ament_install']
[0.377s] Level 1:colcon.colcon_core.package_identification:_identify(src/ros2_control) by extension 'ignore'
[0.377s] Level 1:colcon.colcon_core.package_identification:_identify(src/ros2_control) by extension 'ignore_ament_install'
[0.377s] Level 1:colcon.colcon_core.package_identification:_identify(src/ros2_control) by extensions ['colcon_pkg']
[0.377s] Level 1:colcon.colcon_core.package_identification:_identify(src/ros2_control) by extension 'colcon_pkg'
[0.377s] Level 1:colcon.colcon_core.package_identification:_identify(src/ros2_control) by extensions ['colcon_meta']
[0.377s] Level 1:colcon.colcon_core.package_identification:_identify(src/ros2_control) by extension 'colcon_meta'
[0.377s] Level 1:colcon.colcon_core.package_identification:_identify(src/ros2_control) by extensions ['ros']
[0.377s] Level 1:colcon.colcon_core.package_identification:_identify(src/ros2_control) by extension 'ros'
[0.377s] Level 1:colcon.colcon_core.package_identification:_identify(src/ros2_control) by extensions ['cmake', 'python']
[0.377s] Level 1:colcon.colcon_core.package_identification:_identify(src/ros2_control) by extension 'cmake'
[0.377s] Level 1:colcon.colcon_core.package_identification:_identify(src/ros2_control) by extension 'python'
[0.377s] Level 1:colcon.colcon_core.package_identification:_identify(src/ros2_control) by extensions ['python_setup_py']
[0.377s] Level 1:colcon.colcon_core.package_identification:_identify(src/ros2_control) by extension 'python_setup_py'
[0.377s] Level 1:colcon.colcon_core.package_identification:_identify(src/ros2_control/controller_interface) by extensions ['ignore', 'ignore_ament_install']
[0.378s] Level 1:colcon.colcon_core.package_identification:_identify(src/ros2_control/controller_interface) by extension 'ignore'
[0.378s] Level 1:colcon.colcon_core.package_identification:_identify(src/ros2_control/controller_interface) by extension 'ignore_ament_install'
[0.378s] Level 1:colcon.colcon_core.package_identification:_identify(src/ros2_control/controller_interface) by extensions ['colcon_pkg']
[0.378s] Level 1:colcon.colcon_core.package_identification:_identify(src/ros2_control/controller_interface) by extension 'colcon_pkg'
[0.378s] Level 1:colcon.colcon_core.package_identification:_identify(src/ros2_control/controller_interface) by extensions ['colcon_meta']
[0.378s] Level 1:colcon.colcon_core.package_identification:_identify(src/ros2_control/controller_interface) by extension 'colcon_meta'
[0.378s] Level 1:colcon.colcon_core.package_identification:_identify(src/ros2_control/controller_interface) by extensions ['ros']
[0.378s] Level 1:colcon.colcon_core.package_identification:_identify(src/ros2_control/controller_interface) by extension 'ros'
[0.379s] DEBUG:colcon.colcon_core.package_identification:Package 'src/ros2_control/controller_interface' with type 'ros.ament_cmake' and name 'controller_interface'
[0.379s] Level 1:colcon.colcon_core.package_identification:_identify(src/ros2_control/controller_manager_msgs) by extensions ['ignore', 'ignore_ament_install']
[0.379s] Level 1:colcon.colcon_core.package_identification:_identify(src/ros2_control/controller_manager_msgs) by extension 'ignore'
[0.379s] Level 1:colcon.colcon_core.package_identification:_identify(src/ros2_control/controller_manager_msgs) by extension 'ignore_ament_install'
[0.379s] Level 1:colcon.colcon_core.package_identification:_identify(src/ros2_control/controller_manager_msgs) by extensions ['colcon_pkg']
[0.379s] Level 1:colcon.colcon_core.package_identification:_identify(src/ros2_control/controller_manager_msgs) by extension 'colcon_pkg'
[0.379s] Level 1:colcon.colcon_core.package_identification:_identify(src/ros2_control/controller_manager_msgs) by extensions ['colcon_meta']
[0.379s] Level 1:colcon.colcon_core.package_identification:_identify(src/ros2_control/controller_manager_msgs) by extension 'colcon_meta'
[0.379s] Level 1:colcon.colcon_core.package_identification:_identify(src/ros2_control/controller_manager_msgs) by extensions ['ros']
[0.379s] Level 1:colcon.colcon_core.package_identification:_identify(src/ros2_control/controller_manager_msgs) by extension 'ros'
[0.380s] DEBUG:colcon.colcon_core.package_identification:Package 'src/ros2_control/controller_manager_msgs' with type 'ros.ament_cmake' and name 'controller_manager_msgs'
[0.380s] Level 1:colcon.colcon_core.package_identification:_identify(src/ros2_control/doc) by extensions ['ignore', 'ignore_ament_install']
[0.380s] Level 1:colcon.colcon_core.package_identification:_identify(src/ros2_control/doc) by extension 'ignore'
[0.380s] Level 1:colcon.colcon_core.package_identification:_identify(src/ros2_control/doc) by extension 'ignore_ament_install'
[0.380s] Level 1:colcon.colcon_core.package_identification:_identify(src/ros2_control/doc) by extensions ['colcon_pkg']
[0.380s] Level 1:colcon.colcon_core.package_identification:_identify(src/ros2_control/doc) by extension 'colcon_pkg'
[0.380s] Level 1:colcon.colcon_core.package_identification:_identify(src/ros2_control/doc) by extensions ['colcon_meta']
[0.380s] Level 1:colcon.colcon_core.package_identification:_identify(src/ros2_control/doc) by extension 'colcon_meta'
[0.380s] Level 1:colcon.colcon_core.package_identification:_identify(src/ros2_control/doc) by extensions ['ros']
[0.380s] Level 1:colcon.colcon_core.package_identification:_identify(src/ros2_control/doc) by extension 'ros'
[0.380s] Level 1:colcon.colcon_core.package_identification:_identify(src/ros2_control/doc) by extensions ['cmake', 'python']
[0.380s] Level 1:colcon.colcon_core.package_identification:_identify(src/ros2_control/doc) by extension 'cmake'
[0.380s] Level 1:colcon.colcon_core.package_identification:_identify(src/ros2_control/doc) by extension 'python'
[0.381s] Level 1:colcon.colcon_core.package_identification:_identify(src/ros2_control/doc) by extensions ['python_setup_py']
[0.381s] Level 1:colcon.colcon_core.package_identification:_identify(src/ros2_control/doc) by extension 'python_setup_py'
[0.381s] Level 1:colcon.colcon_core.package_identification:_identify(src/ros2_control/hardware_interface) by extensions ['ignore', 'ignore_ament_install']
[0.381s] Level 1:colcon.colcon_core.package_identification:_identify(src/ros2_control/hardware_interface) by extension 'ignore'
[0.381s] Level 1:colcon.colcon_core.package_identification:_identify(src/ros2_control/hardware_interface) by extension 'ignore_ament_install'
[0.381s] Level 1:colcon.colcon_core.package_identification:_identify(src/ros2_control/hardware_interface) by extensions ['colcon_pkg']
[0.381s] Level 1:colcon.colcon_core.package_identification:_identify(src/ros2_control/hardware_interface) by extension 'colcon_pkg'
[0.381s] Level 1:colcon.colcon_core.package_identification:_identify(src/ros2_control/hardware_interface) by extensions ['colcon_meta']
[0.381s] Level 1:colcon.colcon_core.package_identification:_identify(src/ros2_control/hardware_interface) by extension 'colcon_meta'
[0.381s] Level 1:colcon.colcon_core.package_identification:_identify(src/ros2_control/hardware_interface) by extensions ['ros']
[0.381s] Level 1:colcon.colcon_core.package_identification:_identify(src/ros2_control/hardware_interface) by extension 'ros'
[0.382s] DEBUG:colcon.colcon_core.package_identification:Package 'src/ros2_control/hardware_interface' with type 'ros.ament_cmake' and name 'hardware_interface'
[0.382s] Level 1:colcon.colcon_core.package_identification:_identify(src/ros2_control/hardware_interface_testing) by extensions ['ignore', 'ignore_ament_install']
[0.382s] Level 1:colcon.colcon_core.package_identification:_identify(src/ros2_control/hardware_interface_testing) by extension 'ignore'
[0.382s] Level 1:colcon.colcon_core.package_identification:_identify(src/ros2_control/hardware_interface_testing) by extension 'ignore_ament_install'
[0.382s] Level 1:colcon.colcon_core.package_identification:_identify(src/ros2_control/hardware_interface_testing) by extensions ['colcon_pkg']
[0.382s] Level 1:colcon.colcon_core.package_identification:_identify(src/ros2_control/hardware_interface_testing) by extension 'colcon_pkg'
[0.382s] Level 1:colcon.colcon_core.package_identification:_identify(src/ros2_control/hardware_interface_testing) by extensions ['colcon_meta']
[0.382s] Level 1:colcon.colcon_core.package_identification:_identify(src/ros2_control/hardware_interface_testing) by extension 'colcon_meta'
[0.382s] Level 1:colcon.colcon_core.package_identification:_identify(src/ros2_control/hardware_interface_testing) by extensions ['ros']
[0.382s] Level 1:colcon.colcon_core.package_identification:_identify(src/ros2_control/hardware_interface_testing) by extension 'ros'
[0.383s] DEBUG:colcon.colcon_core.package_identification:Package 'src/ros2_control/hardware_interface_testing' with type 'ros.ament_cmake' and name 'hardware_interface_testing'
[0.383s] Level 1:colcon.colcon_core.package_identification:_identify(src/ros2_control/joint_limits) by extensions ['ignore', 'ignore_ament_install']
[0.384s] Level 1:colcon.colcon_core.package_identification:_identify(src/ros2_control/joint_limits) by extension 'ignore'
[0.384s] Level 1:colcon.colcon_core.package_identification:_identify(src/ros2_control/joint_limits) by extension 'ignore_ament_install'
[0.384s] Level 1:colcon.colcon_core.package_identification:_identify(src/ros2_control/joint_limits) by extensions ['colcon_pkg']
[0.384s] Level 1:colcon.colcon_core.package_identification:_identify(src/ros2_control/joint_limits) by extension 'colcon_pkg'
[0.384s] Level 1:colcon.colcon_core.package_identification:_identify(src/ros2_control/joint_limits) by extensions ['colcon_meta']
[0.384s] Level 1:colcon.colcon_core.package_identification:_identify(src/ros2_control/joint_limits) by extension 'colcon_meta'
[0.384s] Level 1:colcon.colcon_core.package_identification:_identify(src/ros2_control/joint_limits) by extensions ['ros']
[0.384s] Level 1:colcon.colcon_core.package_identification:_identify(src/ros2_control/joint_limits) by extension 'ros'
[0.385s] DEBUG:colcon.colcon_core.package_identification:Package 'src/ros2_control/joint_limits' with type 'ros.ament_cmake' and name 'joint_limits'
[0.385s] Level 1:colcon.colcon_core.package_identification:_identify(src/ros2_control/joint_limits_interface) by extensions ['ignore', 'ignore_ament_install']
[0.385s] Level 1:colcon.colcon_core.package_identification:_identify(src/ros2_control/joint_limits_interface) by extension 'ignore'
[0.385s] Level 1:colcon.colcon_core.package_identification:_identify(src/ros2_control/joint_limits_interface) ignored
[0.385s] Level 1:colcon.colcon_core.package_identification:_identify(src/ros2_control/ros2_control) by extensions ['ignore', 'ignore_ament_install']
[0.385s] Level 1:colcon.colcon_core.package_identification:_identify(src/ros2_control/ros2_control) by extension 'ignore'
[0.385s] Level 1:colcon.colcon_core.package_identification:_identify(src/ros2_control/ros2_control) by extension 'ignore_ament_install'
[0.385s] Level 1:colcon.colcon_core.package_identification:_identify(src/ros2_control/ros2_control) by extensions ['colcon_pkg']
[0.385s] Level 1:colcon.colcon_core.package_identification:_identify(src/ros2_control/ros2_control) by extension 'colcon_pkg'
[0.385s] Level 1:colcon.colcon_core.package_identification:_identify(src/ros2_control/ros2_control) by extensions ['colcon_meta']
[0.385s] Level 1:colcon.colcon_core.package_identification:_identify(src/ros2_control/ros2_control) by extension 'colcon_meta'
[0.385s] Level 1:colcon.colcon_core.package_identification:_identify(src/ros2_control/ros2_control) by extensions ['ros']
[0.385s] Level 1:colcon.colcon_core.package_identification:_identify(src/ros2_control/ros2_control) by extension 'ros'
[0.386s] DEBUG:colcon.colcon_core.package_identification:Package 'src/ros2_control/ros2_control' with type 'ros.ament_cmake' and name 'ros2_control'
[0.386s] Level 1:colcon.colcon_core.package_identification:_identify(src/ros2_control/ros2_control_test_assets) by extensions ['ignore', 'ignore_ament_install']
[0.386s] Level 1:colcon.colcon_core.package_identification:_identify(src/ros2_control/ros2_control_test_assets) by extension 'ignore'
[0.386s] Level 1:colcon.colcon_core.package_identification:_identify(src/ros2_control/ros2_control_test_assets) by extension 'ignore_ament_install'
[0.386s] Level 1:colcon.colcon_core.package_identification:_identify(src/ros2_control/ros2_control_test_assets) by extensions ['colcon_pkg']
[0.386s] Level 1:colcon.colcon_core.package_identification:_identify(src/ros2_control/ros2_control_test_assets) by extension 'colcon_pkg'
[0.386s] Level 1:colcon.colcon_core.package_identification:_identify(src/ros2_control/ros2_control_test_assets) by extensions ['colcon_meta']
[0.386s] Level 1:colcon.colcon_core.package_identification:_identify(src/ros2_control/ros2_control_test_assets) by extension 'colcon_meta'
[0.386s] Level 1:colcon.colcon_core.package_identification:_identify(src/ros2_control/ros2_control_test_assets) by extensions ['ros']
[0.386s] Level 1:colcon.colcon_core.package_identification:_identify(src/ros2_control/ros2_control_test_assets) by extension 'ros'
[0.387s] DEBUG:colcon.colcon_core.package_identification:Package 'src/ros2_control/ros2_control_test_assets' with type 'ros.ament_cmake' and name 'ros2_control_test_assets'
[0.387s] Level 1:colcon.colcon_core.package_identification:_identify(src/ros2_control/ros2controlcli) by extensions ['ignore', 'ignore_ament_install']
[0.387s] Level 1:colcon.colcon_core.package_identification:_identify(src/ros2_control/ros2controlcli) by extension 'ignore'
[0.387s] Level 1:colcon.colcon_core.package_identification:_identify(src/ros2_control/ros2controlcli) by extension 'ignore_ament_install'
[0.387s] Level 1:colcon.colcon_core.package_identification:_identify(src/ros2_control/ros2controlcli) by extensions ['colcon_pkg']
[0.387s] Level 1:colcon.colcon_core.package_identification:_identify(src/ros2_control/ros2controlcli) by extension 'colcon_pkg'
[0.387s] Level 1:colcon.colcon_core.package_identification:_identify(src/ros2_control/ros2controlcli) by extensions ['colcon_meta']
[0.387s] Level 1:colcon.colcon_core.package_identification:_identify(src/ros2_control/ros2controlcli) by extension 'colcon_meta'
[0.387s] Level 1:colcon.colcon_core.package_identification:_identify(src/ros2_control/ros2controlcli) by extensions ['ros']
[0.387s] Level 1:colcon.colcon_core.package_identification:_identify(src/ros2_control/ros2controlcli) by extension 'ros'
[0.388s] DEBUG:colcon.colcon_core.package_identification:Package 'src/ros2_control/ros2controlcli' with type 'ros.ament_python' and name 'ros2controlcli'
[0.388s] Level 1:colcon.colcon_core.package_identification:_identify(src/ros2_control/rqt_controller_manager) by extensions ['ignore', 'ignore_ament_install']
[0.389s] Level 1:colcon.colcon_core.package_identification:_identify(src/ros2_control/rqt_controller_manager) by extension 'ignore'
[0.389s] Level 1:colcon.colcon_core.package_identification:_identify(src/ros2_control/rqt_controller_manager) by extension 'ignore_ament_install'
[0.389s] Level 1:colcon.colcon_core.package_identification:_identify(src/ros2_control/rqt_controller_manager) by extensions ['colcon_pkg']
[0.389s] Level 1:colcon.colcon_core.package_identification:_identify(src/ros2_control/rqt_controller_manager) by extension 'colcon_pkg'
[0.389s] Level 1:colcon.colcon_core.package_identification:_identify(src/ros2_control/rqt_controller_manager) by extensions ['colcon_meta']
[0.389s] Level 1:colcon.colcon_core.package_identification:_identify(src/ros2_control/rqt_controller_manager) by extension 'colcon_meta'
[0.389s] Level 1:colcon.colcon_core.package_identification:_identify(src/ros2_control/rqt_controller_manager) by extensions ['ros']
[0.389s] Level 1:colcon.colcon_core.package_identification:_identify(src/ros2_control/rqt_controller_manager) by extension 'ros'
[0.390s] DEBUG:colcon.colcon_core.package_identification:Package 'src/ros2_control/rqt_controller_manager' with type 'ros.ament_python' and name 'rqt_controller_manager'
[0.390s] Level 1:colcon.colcon_core.package_identification:_identify(src/ros2_control/transmission_interface) by extensions ['ignore', 'ignore_ament_install']
[0.390s] Level 1:colcon.colcon_core.package_identification:_identify(src/ros2_control/transmission_interface) by extension 'ignore'
[0.390s] Level 1:colcon.colcon_core.package_identification:_identify(src/ros2_control/transmission_interface) by extension 'ignore_ament_install'
[0.390s] Level 1:colcon.colcon_core.package_identification:_identify(src/ros2_control/transmission_interface) by extensions ['colcon_pkg']
[0.390s] Level 1:colcon.colcon_core.package_identification:_identify(src/ros2_control/transmission_interface) by extension 'colcon_pkg'
[0.390s] Level 1:colcon.colcon_core.package_identification:_identify(src/ros2_control/transmission_interface) by extensions ['colcon_meta']
[0.390s] Level 1:colcon.colcon_core.package_identification:_identify(src/ros2_control/transmission_interface) by extension 'colcon_meta'
[0.390s] Level 1:colcon.colcon_core.package_identification:_identify(src/ros2_control/transmission_interface) by extensions ['ros']
[0.390s] Level 1:colcon.colcon_core.package_identification:_identify(src/ros2_control/transmission_interface) by extension 'ros'
[0.391s] DEBUG:colcon.colcon_core.package_identification:Package 'src/ros2_control/transmission_interface' with type 'ros.ament_cmake' and name 'transmission_interface'
[0.391s] Level 1:colcon.colcon_core.package_identification:_identify(src/ros2_control_demos) by extensions ['ignore', 'ignore_ament_install']
[0.391s] Level 1:colcon.colcon_core.package_identification:_identify(src/ros2_control_demos) by extension 'ignore'
[0.391s] Level 1:colcon.colcon_core.package_identification:_identify(src/ros2_control_demos) by extension 'ignore_ament_install'
[0.391s] Level 1:colcon.colcon_core.package_identification:_identify(src/ros2_control_demos) by extensions ['colcon_pkg']
[0.391s] Level 1:colcon.colcon_core.package_identification:_identify(src/ros2_control_demos) by extension 'colcon_pkg'
[0.391s] Level 1:colcon.colcon_core.package_identification:_identify(src/ros2_control_demos) by extensions ['colcon_meta']
[0.391s] Level 1:colcon.colcon_core.package_identification:_identify(src/ros2_control_demos) by extension 'colcon_meta'
[0.391s] Level 1:colcon.colcon_core.package_identification:_identify(src/ros2_control_demos) by extensions ['ros']
[0.391s] Level 1:colcon.colcon_core.package_identification:_identify(src/ros2_control_demos) by extension 'ros'
[0.391s] Level 1:colcon.colcon_core.package_identification:_identify(src/ros2_control_demos) by extensions ['cmake', 'python']
[0.391s] Level 1:colcon.colcon_core.package_identification:_identify(src/ros2_control_demos) by extension 'cmake'
[0.391s] Level 1:colcon.colcon_core.package_identification:_identify(src/ros2_control_demos) by extension 'python'
[0.391s] Level 1:colcon.colcon_core.package_identification:_identify(src/ros2_control_demos) by extensions ['python_setup_py']
[0.391s] Level 1:colcon.colcon_core.package_identification:_identify(src/ros2_control_demos) by extension 'python_setup_py'
[0.392s] Level 1:colcon.colcon_core.package_identification:_identify(src/ros2_control_demos/Dockerfile) by extensions ['ignore', 'ignore_ament_install']
[0.392s] Level 1:colcon.colcon_core.package_identification:_identify(src/ros2_control_demos/Dockerfile) by extension 'ignore'
[0.392s] Level 1:colcon.colcon_core.package_identification:_identify(src/ros2_control_demos/Dockerfile) by extension 'ignore_ament_install'
[0.392s] Level 1:colcon.colcon_core.package_identification:_identify(src/ros2_control_demos/Dockerfile) by extensions ['colcon_pkg']
[0.392s] Level 1:colcon.colcon_core.package_identification:_identify(src/ros2_control_demos/Dockerfile) by extension 'colcon_pkg'
[0.392s] Level 1:colcon.colcon_core.package_identification:_identify(src/ros2_control_demos/Dockerfile) by extensions ['colcon_meta']
[0.392s] Level 1:colcon.colcon_core.package_identification:_identify(src/ros2_control_demos/Dockerfile) by extension 'colcon_meta'
[0.392s] Level 1:colcon.colcon_core.package_identification:_identify(src/ros2_control_demos/Dockerfile) by extensions ['ros']
[0.392s] Level 1:colcon.colcon_core.package_identification:_identify(src/ros2_control_demos/Dockerfile) by extension 'ros'
[0.392s] Level 1:colcon.colcon_core.package_identification:_identify(src/ros2_control_demos/Dockerfile) by extensions ['cmake', 'python']
[0.392s] Level 1:colcon.colcon_core.package_identification:_identify(src/ros2_control_demos/Dockerfile) by extension 'cmake'
[0.392s] Level 1:colcon.colcon_core.package_identification:_identify(src/ros2_control_demos/Dockerfile) by extension 'python'
[0.392s] Level 1:colcon.colcon_core.package_identification:_identify(src/ros2_control_demos/Dockerfile) by extensions ['python_setup_py']
[0.392s] Level 1:colcon.colcon_core.package_identification:_identify(src/ros2_control_demos/Dockerfile) by extension 'python_setup_py'
[0.392s] Level 1:colcon.colcon_core.package_identification:_identify(src/ros2_control_demos/doc) by extensions ['ignore', 'ignore_ament_install']
[0.392s] Level 1:colcon.colcon_core.package_identification:_identify(src/ros2_control_demos/doc) by extension 'ignore'
[0.392s] Level 1:colcon.colcon_core.package_identification:_identify(src/ros2_control_demos/doc) by extension 'ignore_ament_install'
[0.392s] Level 1:colcon.colcon_core.package_identification:_identify(src/ros2_control_demos/doc) by extensions ['colcon_pkg']
[0.392s] Level 1:colcon.colcon_core.package_identification:_identify(src/ros2_control_demos/doc) by extension 'colcon_pkg'
[0.392s] Level 1:colcon.colcon_core.package_identification:_identify(src/ros2_control_demos/doc) by extensions ['colcon_meta']
[0.392s] Level 1:colcon.colcon_core.package_identification:_identify(src/ros2_control_demos/doc) by extension 'colcon_meta'
[0.392s] Level 1:colcon.colcon_core.package_identification:_identify(src/ros2_control_demos/doc) by extensions ['ros']
[0.392s] Level 1:colcon.colcon_core.package_identification:_identify(src/ros2_control_demos/doc) by extension 'ros'
[0.393s] Level 1:colcon.colcon_core.package_identification:_identify(src/ros2_control_demos/doc) by extensions ['cmake', 'python']
[0.393s] Level 1:colcon.colcon_core.package_identification:_identify(src/ros2_control_demos/doc) by extension 'cmake'
[0.393s] Level 1:colcon.colcon_core.package_identification:_identify(src/ros2_control_demos/doc) by extension 'python'
[0.393s] Level 1:colcon.colcon_core.package_identification:_identify(src/ros2_control_demos/doc) by extensions ['python_setup_py']
[0.393s] Level 1:colcon.colcon_core.package_identification:_identify(src/ros2_control_demos/doc) by extension 'python_setup_py'
[0.393s] Level 1:colcon.colcon_core.package_identification:_identify(src/ros2_control_demos/example_1) by extensions ['ignore', 'ignore_ament_install']
[0.393s] Level 1:colcon.colcon_core.package_identification:_identify(src/ros2_control_demos/example_1) by extension 'ignore'
[0.393s] Level 1:colcon.colcon_core.package_identification:_identify(src/ros2_control_demos/example_1) by extension 'ignore_ament_install'
[0.393s] Level 1:colcon.colcon_core.package_identification:_identify(src/ros2_control_demos/example_1) by extensions ['colcon_pkg']
[0.393s] Level 1:colcon.colcon_core.package_identification:_identify(src/ros2_control_demos/example_1) by extension 'colcon_pkg'
[0.393s] Level 1:colcon.colcon_core.package_identification:_identify(src/ros2_control_demos/example_1) by extensions ['colcon_meta']
[0.393s] Level 1:colcon.colcon_core.package_identification:_identify(src/ros2_control_demos/example_1) by extension 'colcon_meta'
[0.393s] Level 1:colcon.colcon_core.package_identification:_identify(src/ros2_control_demos/example_1) by extensions ['ros']
[0.393s] Level 1:colcon.colcon_core.package_identification:_identify(src/ros2_control_demos/example_1) by extension 'ros'
[0.394s] DEBUG:colcon.colcon_core.package_identification:Package 'src/ros2_control_demos/example_1' with type 'ros.ament_cmake' and name 'ros2_control_demo_example_1'
[0.394s] Level 1:colcon.colcon_core.package_identification:_identify(src/ros2_control_demos/example_10) by extensions ['ignore', 'ignore_ament_install']
[0.394s] Level 1:colcon.colcon_core.package_identification:_identify(src/ros2_control_demos/example_10) by extension 'ignore'
[0.394s] Level 1:colcon.colcon_core.package_identification:_identify(src/ros2_control_demos/example_10) by extension 'ignore_ament_install'
[0.395s] Level 1:colcon.colcon_core.package_identification:_identify(src/ros2_control_demos/example_10) by extensions ['colcon_pkg']
[0.395s] Level 1:colcon.colcon_core.package_identification:_identify(src/ros2_control_demos/example_10) by extension 'colcon_pkg'
[0.395s] Level 1:colcon.colcon_core.package_identification:_identify(src/ros2_control_demos/example_10) by extensions ['colcon_meta']
[0.395s] Level 1:colcon.colcon_core.package_identification:_identify(src/ros2_control_demos/example_10) by extension 'colcon_meta'
[0.395s] Level 1:colcon.colcon_core.package_identification:_identify(src/ros2_control_demos/example_10) by extensions ['ros']
[0.395s] Level 1:colcon.colcon_core.package_identification:_identify(src/ros2_control_demos/example_10) by extension 'ros'
[0.396s] DEBUG:colcon.colcon_core.package_identification:Package 'src/ros2_control_demos/example_10' with type 'ros.ament_cmake' and name 'ros2_control_demo_example_10'
[0.396s] Level 1:colcon.colcon_core.package_identification:_identify(src/ros2_control_demos/example_11) by extensions ['ignore', 'ignore_ament_install']
[0.396s] Level 1:colcon.colcon_core.package_identification:_identify(src/ros2_control_demos/example_11) by extension 'ignore'
[0.396s] Level 1:colcon.colcon_core.package_identification:_identify(src/ros2_control_demos/example_11) by extension 'ignore_ament_install'
[0.396s] Level 1:colcon.colcon_core.package_identification:_identify(src/ros2_control_demos/example_11) by extensions ['colcon_pkg']
[0.396s] Level 1:colcon.colcon_core.package_identification:_identify(src/ros2_control_demos/example_11) by extension 'colcon_pkg'
[0.396s] Level 1:colcon.colcon_core.package_identification:_identify(src/ros2_control_demos/example_11) by extensions ['colcon_meta']
[0.396s] Level 1:colcon.colcon_core.package_identification:_identify(src/ros2_control_demos/example_11) by extension 'colcon_meta'
[0.396s] Level 1:colcon.colcon_core.package_identification:_identify(src/ros2_control_demos/example_11) by extensions ['ros']
[0.396s] Level 1:colcon.colcon_core.package_identification:_identify(src/ros2_control_demos/example_11) by extension 'ros'
[0.397s] DEBUG:colcon.colcon_core.package_identification:Package 'src/ros2_control_demos/example_11' with type 'ros.ament_cmake' and name 'ros2_control_demo_example_11'
[0.397s] Level 1:colcon.colcon_core.package_identification:_identify(src/ros2_control_demos/example_12) by extensions ['ignore', 'ignore_ament_install']
[0.397s] Level 1:colcon.colcon_core.package_identification:_identify(src/ros2_control_demos/example_12) by extension 'ignore'
[0.397s] Level 1:colcon.colcon_core.package_identification:_identify(src/ros2_control_demos/example_12) by extension 'ignore_ament_install'
[0.397s] Level 1:colcon.colcon_core.package_identification:_identify(src/ros2_control_demos/example_12) by extensions ['colcon_pkg']
[0.397s] Level 1:colcon.colcon_core.package_identification:_identify(src/ros2_control_demos/example_12) by extension 'colcon_pkg'
[0.398s] Level 1:colcon.colcon_core.package_identification:_identify(src/ros2_control_demos/example_12) by extensions ['colcon_meta']
[0.398s] Level 1:colcon.colcon_core.package_identification:_identify(src/ros2_control_demos/example_12) by extension 'colcon_meta'
[0.398s] Level 1:colcon.colcon_core.package_identification:_identify(src/ros2_control_demos/example_12) by extensions ['ros']
[0.398s] Level 1:colcon.colcon_core.package_identification:_identify(src/ros2_control_demos/example_12) by extension 'ros'
[0.399s] DEBUG:colcon.colcon_core.package_identification:Package 'src/ros2_control_demos/example_12' with type 'ros.ament_cmake' and name 'ros2_control_demo_example_12'
[0.399s] Level 1:colcon.colcon_core.package_identification:_identify(src/ros2_control_demos/example_13) by extensions ['ignore', 'ignore_ament_install']
[0.399s] Level 1:colcon.colcon_core.package_identification:_identify(src/ros2_control_demos/example_13) by extension 'ignore'
[0.399s] Level 1:colcon.colcon_core.package_identification:_identify(src/ros2_control_demos/example_13) by extension 'ignore_ament_install'
[0.399s] Level 1:colcon.colcon_core.package_identification:_identify(src/ros2_control_demos/example_13) by extensions ['colcon_pkg']
[0.399s] Level 1:colcon.colcon_core.package_identification:_identify(src/ros2_control_demos/example_13) by extension 'colcon_pkg'
[0.399s] Level 1:colcon.colcon_core.package_identification:_identify(src/ros2_control_demos/example_13) by extensions ['colcon_meta']
[0.399s] Level 1:colcon.colcon_core.package_identification:_identify(src/ros2_control_demos/example_13) by extension 'colcon_meta'
[0.399s] Level 1:colcon.colcon_core.package_identification:_identify(src/ros2_control_demos/example_13) by extensions ['ros']
[0.399s] Level 1:colcon.colcon_core.package_identification:_identify(src/ros2_control_demos/example_13) by extension 'ros'
[0.401s] DEBUG:colcon.colcon_core.package_identification:Package 'src/ros2_control_demos/example_13' with type 'ros.ament_cmake' and name 'ros2_control_demo_example_13'
[0.401s] Level 1:colcon.colcon_core.package_identification:_identify(src/ros2_control_demos/example_14) by extensions ['ignore', 'ignore_ament_install']
[0.401s] Level 1:colcon.colcon_core.package_identification:_identify(src/ros2_control_demos/example_14) by extension 'ignore'
[0.401s] Level 1:colcon.colcon_core.package_identification:_identify(src/ros2_control_demos/example_14) by extension 'ignore_ament_install'
[0.401s] Level 1:colcon.colcon_core.package_identification:_identify(src/ros2_control_demos/example_14) by extensions ['colcon_pkg']
[0.401s] Level 1:colcon.colcon_core.package_identification:_identify(src/ros2_control_demos/example_14) by extension 'colcon_pkg'
[0.401s] Level 1:colcon.colcon_core.package_identification:_identify(src/ros2_control_demos/example_14) by extensions ['colcon_meta']
[0.401s] Level 1:colcon.colcon_core.package_identification:_identify(src/ros2_control_demos/example_14) by extension 'colcon_meta'
[0.401s] Level 1:colcon.colcon_core.package_identification:_identify(src/ros2_control_demos/example_14) by extensions ['ros']
[0.401s] Level 1:colcon.colcon_core.package_identification:_identify(src/ros2_control_demos/example_14) by extension 'ros'
[0.402s] DEBUG:colcon.colcon_core.package_identification:Package 'src/ros2_control_demos/example_14' with type 'ros.ament_cmake' and name 'ros2_control_demo_example_14'
[0.402s] Level 1:colcon.colcon_core.package_identification:_identify(src/ros2_control_demos/example_15) by extensions ['ignore', 'ignore_ament_install']
[0.402s] Level 1:colcon.colcon_core.package_identification:_identify(src/ros2_control_demos/example_15) by extension 'ignore'
[0.402s] Level 1:colcon.colcon_core.package_identification:_identify(src/ros2_control_demos/example_15) by extension 'ignore_ament_install'
[0.402s] Level 1:colcon.colcon_core.package_identification:_identify(src/ros2_control_demos/example_15) by extensions ['colcon_pkg']
[0.402s] Level 1:colcon.colcon_core.package_identification:_identify(src/ros2_control_demos/example_15) by extension 'colcon_pkg'
[0.402s] Level 1:colcon.colcon_core.package_identification:_identify(src/ros2_control_demos/example_15) by extensions ['colcon_meta']
[0.402s] Level 1:colcon.colcon_core.package_identification:_identify(src/ros2_control_demos/example_15) by extension 'colcon_meta'
[0.402s] Level 1:colcon.colcon_core.package_identification:_identify(src/ros2_control_demos/example_15) by extensions ['ros']
[0.402s] Level 1:colcon.colcon_core.package_identification:_identify(src/ros2_control_demos/example_15) by extension 'ros'
[0.403s] DEBUG:colcon.colcon_core.package_identification:Package 'src/ros2_control_demos/example_15' with type 'ros.ament_cmake' and name 'ros2_control_demo_example_15'
[0.403s] Level 1:colcon.colcon_core.package_identification:_identify(src/ros2_control_demos/example_2) by extensions ['ignore', 'ignore_ament_install']
[0.403s] Level 1:colcon.colcon_core.package_identification:_identify(src/ros2_control_demos/example_2) by extension 'ignore'
[0.403s] Level 1:colcon.colcon_core.package_identification:_identify(src/ros2_control_demos/example_2) by extension 'ignore_ament_install'
[0.404s] Level 1:colcon.colcon_core.package_identification:_identify(src/ros2_control_demos/example_2) by extensions ['colcon_pkg']
[0.404s] Level 1:colcon.colcon_core.package_identification:_identify(src/ros2_control_demos/example_2) by extension 'colcon_pkg'
[0.404s] Level 1:colcon.colcon_core.package_identification:_identify(src/ros2_control_demos/example_2) by extensions ['colcon_meta']
[0.404s] Level 1:colcon.colcon_core.package_identification:_identify(src/ros2_control_demos/example_2) by extension 'colcon_meta'
[0.404s] Level 1:colcon.colcon_core.package_identification:_identify(src/ros2_control_demos/example_2) by extensions ['ros']
[0.404s] Level 1:colcon.colcon_core.package_identification:_identify(src/ros2_control_demos/example_2) by extension 'ros'
[0.405s] DEBUG:colcon.colcon_core.package_identification:Package 'src/ros2_control_demos/example_2' with type 'ros.ament_cmake' and name 'ros2_control_demo_example_2'
[0.405s] Level 1:colcon.colcon_core.package_identification:_identify(src/ros2_control_demos/example_3) by extensions ['ignore', 'ignore_ament_install']
[0.405s] Level 1:colcon.colcon_core.package_identification:_identify(src/ros2_control_demos/example_3) by extension 'ignore'
[0.405s] Level 1:colcon.colcon_core.package_identification:_identify(src/ros2_control_demos/example_3) by extension 'ignore_ament_install'
[0.405s] Level 1:colcon.colcon_core.package_identification:_identify(src/ros2_control_demos/example_3) by extensions ['colcon_pkg']
[0.405s] Level 1:colcon.colcon_core.package_identification:_identify(src/ros2_control_demos/example_3) by extension 'colcon_pkg'
[0.405s] Level 1:colcon.colcon_core.package_identification:_identify(src/ros2_control_demos/example_3) by extensions ['colcon_meta']
[0.405s] Level 1:colcon.colcon_core.package_identification:_identify(src/ros2_control_demos/example_3) by extension 'colcon_meta'
[0.405s] Level 1:colcon.colcon_core.package_identification:_identify(src/ros2_control_demos/example_3) by extensions ['ros']
[0.405s] Level 1:colcon.colcon_core.package_identification:_identify(src/ros2_control_demos/example_3) by extension 'ros'
[0.406s] DEBUG:colcon.colcon_core.package_identification:Package 'src/ros2_control_demos/example_3' with type 'ros.ament_cmake' and name 'ros2_control_demo_example_3'
[0.406s] Level 1:colcon.colcon_core.package_identification:_identify(src/ros2_control_demos/example_4) by extensions ['ignore', 'ignore_ament_install']
[0.406s] Level 1:colcon.colcon_core.package_identification:_identify(src/ros2_control_demos/example_4) by extension 'ignore'
[0.407s] Level 1:colcon.colcon_core.package_identification:_identify(src/ros2_control_demos/example_4) by extension 'ignore_ament_install'
[0.407s] Level 1:colcon.colcon_core.package_identification:_identify(src/ros2_control_demos/example_4) by extensions ['colcon_pkg']
[0.407s] Level 1:colcon.colcon_core.package_identification:_identify(src/ros2_control_demos/example_4) by extension 'colcon_pkg'
[0.407s] Level 1:colcon.colcon_core.package_identification:_identify(src/ros2_control_demos/example_4) by extensions ['colcon_meta']
[0.407s] Level 1:colcon.colcon_core.package_identification:_identify(src/ros2_control_demos/example_4) by extension 'colcon_meta'
[0.407s] Level 1:colcon.colcon_core.package_identification:_identify(src/ros2_control_demos/example_4) by extensions ['ros']
[0.407s] Level 1:colcon.colcon_core.package_identification:_identify(src/ros2_control_demos/example_4) by extension 'ros'
[0.408s] DEBUG:colcon.colcon_core.package_identification:Package 'src/ros2_control_demos/example_4' with type 'ros.ament_cmake' and name 'ros2_control_demo_example_4'
[0.408s] Level 1:colcon.colcon_core.package_identification:_identify(src/ros2_control_demos/example_5) by extensions ['ignore', 'ignore_ament_install']
[0.408s] Level 1:colcon.colcon_core.package_identification:_identify(src/ros2_control_demos/example_5) by extension 'ignore'
[0.408s] Level 1:colcon.colcon_core.package_identification:_identify(src/ros2_control_demos/example_5) by extension 'ignore_ament_install'
[0.408s] Level 1:colcon.colcon_core.package_identification:_identify(src/ros2_control_demos/example_5) by extensions ['colcon_pkg']
[0.408s] Level 1:colcon.colcon_core.package_identification:_identify(src/ros2_control_demos/example_5) by extension 'colcon_pkg'
[0.408s] Level 1:colcon.colcon_core.package_identification:_identify(src/ros2_control_demos/example_5) by extensions ['colcon_meta']
[0.408s] Level 1:colcon.colcon_core.package_identification:_identify(src/ros2_control_demos/example_5) by extension 'colcon_meta'
[0.408s] Level 1:colcon.colcon_core.package_identification:_identify(src/ros2_control_demos/example_5) by extensions ['ros']
[0.408s] Level 1:colcon.colcon_core.package_identification:_identify(src/ros2_control_demos/example_5) by extension 'ros'
[0.409s] DEBUG:colcon.colcon_core.package_identification:Package 'src/ros2_control_demos/example_5' with type 'ros.ament_cmake' and name 'ros2_control_demo_example_5'
[0.409s] Level 1:colcon.colcon_core.package_identification:_identify(src/ros2_control_demos/example_6) by extensions ['ignore', 'ignore_ament_install']
[0.409s] Level 1:colcon.colcon_core.package_identification:_identify(src/ros2_control_demos/example_6) by extension 'ignore'
[0.410s] Level 1:colcon.colcon_core.package_identification:_identify(src/ros2_control_demos/example_6) by extension 'ignore_ament_install'
[0.410s] Level 1:colcon.colcon_core.package_identification:_identify(src/ros2_control_demos/example_6) by extensions ['colcon_pkg']
[0.410s] Level 1:colcon.colcon_core.package_identification:_identify(src/ros2_control_demos/example_6) by extension 'colcon_pkg'
[0.410s] Level 1:colcon.colcon_core.package_identification:_identify(src/ros2_control_demos/example_6) by extensions ['colcon_meta']
[0.410s] Level 1:colcon.colcon_core.package_identification:_identify(src/ros2_control_demos/example_6) by extension 'colcon_meta'
[0.410s] Level 1:colcon.colcon_core.package_identification:_identify(src/ros2_control_demos/example_6) by extensions ['ros']
[0.410s] Level 1:colcon.colcon_core.package_identification:_identify(src/ros2_control_demos/example_6) by extension 'ros'
[0.411s] DEBUG:colcon.colcon_core.package_identification:Package 'src/ros2_control_demos/example_6' with type 'ros.ament_cmake' and name 'ros2_control_demo_example_6'
[0.411s] Level 1:colcon.colcon_core.package_identification:_identify(src/ros2_control_demos/example_7) by extensions ['ignore', 'ignore_ament_install']
[0.411s] Level 1:colcon.colcon_core.package_identification:_identify(src/ros2_control_demos/example_7) by extension 'ignore'
[0.411s] Level 1:colcon.colcon_core.package_identification:_identify(src/ros2_control_demos/example_7) by extension 'ignore_ament_install'
[0.411s] Level 1:colcon.colcon_core.package_identification:_identify(src/ros2_control_demos/example_7) by extensions ['colcon_pkg']
[0.411s] Level 1:colcon.colcon_core.package_identification:_identify(src/ros2_control_demos/example_7) by extension 'colcon_pkg'
[0.411s] Level 1:colcon.colcon_core.package_identification:_identify(src/ros2_control_demos/example_7) by extensions ['colcon_meta']
[0.411s] Level 1:colcon.colcon_core.package_identification:_identify(src/ros2_control_demos/example_7) by extension 'colcon_meta'
[0.411s] Level 1:colcon.colcon_core.package_identification:_identify(src/ros2_control_demos/example_7) by extensions ['ros']
[0.411s] Level 1:colcon.colcon_core.package_identification:_identify(src/ros2_control_demos/example_7) by extension 'ros'
[0.413s] DEBUG:colcon.colcon_core.package_identification:Package 'src/ros2_control_demos/example_7' with type 'ros.ament_cmake' and name 'ros2_control_demo_example_7'
[0.413s] Level 1:colcon.colcon_core.package_identification:_identify(src/ros2_control_demos/example_8) by extensions ['ignore', 'ignore_ament_install']
[0.413s] Level 1:colcon.colcon_core.package_identification:_identify(src/ros2_control_demos/example_8) by extension 'ignore'
[0.413s] Level 1:colcon.colcon_core.package_identification:_identify(src/ros2_control_demos/example_8) by extension 'ignore_ament_install'
[0.413s] Level 1:colcon.colcon_core.package_identification:_identify(src/ros2_control_demos/example_8) by extensions ['colcon_pkg']
[0.413s] Level 1:colcon.colcon_core.package_identification:_identify(src/ros2_control_demos/example_8) by extension 'colcon_pkg'
[0.413s] Level 1:colcon.colcon_core.package_identification:_identify(src/ros2_control_demos/example_8) by extensions ['colcon_meta']
[0.413s] Level 1:colcon.colcon_core.package_identification:_identify(src/ros2_control_demos/example_8) by extension 'colcon_meta'
[0.413s] Level 1:colcon.colcon_core.package_identification:_identify(src/ros2_control_demos/example_8) by extensions ['ros']
[0.413s] Level 1:colcon.colcon_core.package_identification:_identify(src/ros2_control_demos/example_8) by extension 'ros'
[0.414s] DEBUG:colcon.colcon_core.package_identification:Package 'src/ros2_control_demos/example_8' with type 'ros.ament_cmake' and name 'ros2_control_demo_example_8'
[0.414s] Level 1:colcon.colcon_core.package_identification:_identify(src/ros2_control_demos/example_9) by extensions ['ignore', 'ignore_ament_install']
[0.414s] Level 1:colcon.colcon_core.package_identification:_identify(src/ros2_control_demos/example_9) by extension 'ignore'
[0.414s] Level 1:colcon.colcon_core.package_identification:_identify(src/ros2_control_demos/example_9) by extension 'ignore_ament_install'
[0.414s] Level 1:colcon.colcon_core.package_identification:_identify(src/ros2_control_demos/example_9) by extensions ['colcon_pkg']
[0.414s] Level 1:colcon.colcon_core.package_identification:_identify(src/ros2_control_demos/example_9) by extension 'colcon_pkg'
[0.415s] Level 1:colcon.colcon_core.package_identification:_identify(src/ros2_control_demos/example_9) by extensions ['colcon_meta']
[0.415s] Level 1:colcon.colcon_core.package_identification:_identify(src/ros2_control_demos/example_9) by extension 'colcon_meta'
[0.415s] Level 1:colcon.colcon_core.package_identification:_identify(src/ros2_control_demos/example_9) by extensions ['ros']
[0.415s] Level 1:colcon.colcon_core.package_identification:_identify(src/ros2_control_demos/example_9) by extension 'ros'
[0.416s] DEBUG:colcon.colcon_core.package_identification:Package 'src/ros2_control_demos/example_9' with type 'ros.ament_cmake' and name 'ros2_control_demo_example_9'
[0.416s] Level 1:colcon.colcon_core.package_identification:_identify(src/ros2_control_demos/ros2_control_demo_description) by extensions ['ignore', 'ignore_ament_install']
[0.416s] Level 1:colcon.colcon_core.package_identification:_identify(src/ros2_control_demos/ros2_control_demo_description) by extension 'ignore'
[0.416s] Level 1:colcon.colcon_core.package_identification:_identify(src/ros2_control_demos/ros2_control_demo_description) by extension 'ignore_ament_install'
[0.416s] Level 1:colcon.colcon_core.package_identification:_identify(src/ros2_control_demos/ros2_control_demo_description) by extensions ['colcon_pkg']
[0.416s] Level 1:colcon.colcon_core.package_identification:_identify(src/ros2_control_demos/ros2_control_demo_description) by extension 'colcon_pkg'
[0.416s] Level 1:colcon.colcon_core.package_identification:_identify(src/ros2_control_demos/ros2_control_demo_description) by extensions ['colcon_meta']
[0.416s] Level 1:colcon.colcon_core.package_identification:_identify(src/ros2_control_demos/ros2_control_demo_description) by extension 'colcon_meta'
[0.416s] Level 1:colcon.colcon_core.package_identification:_identify(src/ros2_control_demos/ros2_control_demo_description) by extensions ['ros']
[0.416s] Level 1:colcon.colcon_core.package_identification:_identify(src/ros2_control_demos/ros2_control_demo_description) by extension 'ros'
[0.417s] DEBUG:colcon.colcon_core.package_identification:Package 'src/ros2_control_demos/ros2_control_demo_description' with type 'ros.ament_cmake' and name 'ros2_control_demo_description'
[0.417s] Level 1:colcon.colcon_core.package_identification:_identify(src/ros2_control_demos/ros2_control_demos) by extensions ['ignore', 'ignore_ament_install']
[0.417s] Level 1:colcon.colcon_core.package_identification:_identify(src/ros2_control_demos/ros2_control_demos) by extension 'ignore'
[0.417s] Level 1:colcon.colcon_core.package_identification:_identify(src/ros2_control_demos/ros2_control_demos) by extension 'ignore_ament_install'
[0.417s] Level 1:colcon.colcon_core.package_identification:_identify(src/ros2_control_demos/ros2_control_demos) by extensions ['colcon_pkg']
[0.417s] Level 1:colcon.colcon_core.package_identification:_identify(src/ros2_control_demos/ros2_control_demos) by extension 'colcon_pkg'
[0.417s] Level 1:colcon.colcon_core.package_identification:_identify(src/ros2_control_demos/ros2_control_demos) by extensions ['colcon_meta']
[0.417s] Level 1:colcon.colcon_core.package_identification:_identify(src/ros2_control_demos/ros2_control_demos) by extension 'colcon_meta'
[0.417s] Level 1:colcon.colcon_core.package_identification:_identify(src/ros2_control_demos/ros2_control_demos) by extensions ['ros']
[0.417s] Level 1:colcon.colcon_core.package_identification:_identify(src/ros2_control_demos/ros2_control_demos) by extension 'ros'
[0.418s] DEBUG:colcon.colcon_core.package_identification:Package 'src/ros2_control_demos/ros2_control_demos' with type 'ros.ament_cmake' and name 'ros2_control_demos'
[0.418s] Level 1:colcon.colcon_core.package_identification:_identify(src/ros2_controllers) by extensions ['ignore', 'ignore_ament_install']
[0.418s] Level 1:colcon.colcon_core.package_identification:_identify(src/ros2_controllers) by extension 'ignore'
[0.418s] Level 1:colcon.colcon_core.package_identification:_identify(src/ros2_controllers) by extension 'ignore_ament_install'
[0.418s] Level 1:colcon.colcon_core.package_identification:_identify(src/ros2_controllers) by extensions ['colcon_pkg']
[0.418s] Level 1:colcon.colcon_core.package_identification:_identify(src/ros2_controllers) by extension 'colcon_pkg'
[0.418s] Level 1:colcon.colcon_core.package_identification:_identify(src/ros2_controllers) by extensions ['colcon_meta']
[0.418s] Level 1:colcon.colcon_core.package_identification:_identify(src/ros2_controllers) by extension 'colcon_meta'
[0.418s] Level 1:colcon.colcon_core.package_identification:_identify(src/ros2_controllers) by extensions ['ros']
[0.418s] Level 1:colcon.colcon_core.package_identification:_identify(src/ros2_controllers) by extension 'ros'
[0.418s] Level 1:colcon.colcon_core.package_identification:_identify(src/ros2_controllers) by extensions ['cmake', 'python']
[0.418s] Level 1:colcon.colcon_core.package_identification:_identify(src/ros2_controllers) by extension 'cmake'
[0.418s] Level 1:colcon.colcon_core.package_identification:_identify(src/ros2_controllers) by extension 'python'
[0.418s] Level 1:colcon.colcon_core.package_identification:_identify(src/ros2_controllers) by extensions ['python_setup_py']
[0.418s] Level 1:colcon.colcon_core.package_identification:_identify(src/ros2_controllers) by extension 'python_setup_py'
[0.418s] Level 1:colcon.colcon_core.package_identification:_identify(src/ros2_controllers/ackermann_steering_controller) by extensions ['ignore', 'ignore_ament_install']
[0.419s] Level 1:colcon.colcon_core.package_identification:_identify(src/ros2_controllers/ackermann_steering_controller) by extension 'ignore'
[0.419s] Level 1:colcon.colcon_core.package_identification:_identify(src/ros2_controllers/ackermann_steering_controller) by extension 'ignore_ament_install'
[0.419s] Level 1:colcon.colcon_core.package_identification:_identify(src/ros2_controllers/ackermann_steering_controller) by extensions ['colcon_pkg']
[0.419s] Level 1:colcon.colcon_core.package_identification:_identify(src/ros2_controllers/ackermann_steering_controller) by extension 'colcon_pkg'
[0.419s] Level 1:colcon.colcon_core.package_identification:_identify(src/ros2_controllers/ackermann_steering_controller) by extensions ['colcon_meta']
[0.419s] Level 1:colcon.colcon_core.package_identification:_identify(src/ros2_controllers/ackermann_steering_controller) by extension 'colcon_meta'
[0.419s] Level 1:colcon.colcon_core.package_identification:_identify(src/ros2_controllers/ackermann_steering_controller) by extensions ['ros']
[0.419s] Level 1:colcon.colcon_core.package_identification:_identify(src/ros2_controllers/ackermann_steering_controller) by extension 'ros'
[0.420s] DEBUG:colcon.colcon_core.package_identification:Package 'src/ros2_controllers/ackermann_steering_controller' with type 'ros.ament_cmake' and name 'ackermann_steering_controller'
[0.420s] Level 1:colcon.colcon_core.package_identification:_identify(src/ros2_controllers/admittance_controller) by extensions ['ignore', 'ignore_ament_install']
[0.420s] Level 1:colcon.colcon_core.package_identification:_identify(src/ros2_controllers/admittance_controller) by extension 'ignore'
[0.420s] Level 1:colcon.colcon_core.package_identification:_identify(src/ros2_controllers/admittance_controller) by extension 'ignore_ament_install'
[0.420s] Level 1:colcon.colcon_core.package_identification:_identify(src/ros2_controllers/admittance_controller) by extensions ['colcon_pkg']
[0.420s] Level 1:colcon.colcon_core.package_identification:_identify(src/ros2_controllers/admittance_controller) by extension 'colcon_pkg'
[0.420s] Level 1:colcon.colcon_core.package_identification:_identify(src/ros2_controllers/admittance_controller) by extensions ['colcon_meta']
[0.421s] Level 1:colcon.colcon_core.package_identification:_identify(src/ros2_controllers/admittance_controller) by extension 'colcon_meta'
[0.421s] Level 1:colcon.colcon_core.package_identification:_identify(src/ros2_controllers/admittance_controller) by extensions ['ros']
[0.421s] Level 1:colcon.colcon_core.package_identification:_identify(src/ros2_controllers/admittance_controller) by extension 'ros'
[0.422s] DEBUG:colcon.colcon_core.package_identification:Package 'src/ros2_controllers/admittance_controller' with type 'ros.ament_cmake' and name 'admittance_controller'
[0.422s] Level 1:colcon.colcon_core.package_identification:_identify(src/ros2_controllers/bicycle_steering_controller) by extensions ['ignore', 'ignore_ament_install']
[0.423s] Level 1:colcon.colcon_core.package_identification:_identify(src/ros2_controllers/bicycle_steering_controller) by extension 'ignore'
[0.423s] Level 1:colcon.colcon_core.package_identification:_identify(src/ros2_controllers/bicycle_steering_controller) by extension 'ignore_ament_install'
[0.423s] Level 1:colcon.colcon_core.package_identification:_identify(src/ros2_controllers/bicycle_steering_controller) by extensions ['colcon_pkg']
[0.423s] Level 1:colcon.colcon_core.package_identification:_identify(src/ros2_controllers/bicycle_steering_controller) by extension 'colcon_pkg'
[0.423s] Level 1:colcon.colcon_core.package_identification:_identify(src/ros2_controllers/bicycle_steering_controller) by extensions ['colcon_meta']
[0.423s] Level 1:colcon.colcon_core.package_identification:_identify(src/ros2_controllers/bicycle_steering_controller) by extension 'colcon_meta'
[0.423s] Level 1:colcon.colcon_core.package_identification:_identify(src/ros2_controllers/bicycle_steering_controller) by extensions ['ros']
[0.423s] Level 1:colcon.colcon_core.package_identification:_identify(src/ros2_controllers/bicycle_steering_controller) by extension 'ros'
[0.424s] DEBUG:colcon.colcon_core.package_identification:Package 'src/ros2_controllers/bicycle_steering_controller' with type 'ros.ament_cmake' and name 'bicycle_steering_controller'
[0.424s] Level 1:colcon.colcon_core.package_identification:_identify(src/ros2_controllers/diff_drive_controller) by extensions ['ignore', 'ignore_ament_install']
[0.424s] Level 1:colcon.colcon_core.package_identification:_identify(src/ros2_controllers/diff_drive_controller) by extension 'ignore'
[0.424s] Level 1:colcon.colcon_core.package_identification:_identify(src/ros2_controllers/diff_drive_controller) by extension 'ignore_ament_install'
[0.424s] Level 1:colcon.colcon_core.package_identification:_identify(src/ros2_controllers/diff_drive_controller) by extensions ['colcon_pkg']
[0.424s] Level 1:colcon.colcon_core.package_identification:_identify(src/ros2_controllers/diff_drive_controller) by extension 'colcon_pkg'
[0.424s] Level 1:colcon.colcon_core.package_identification:_identify(src/ros2_controllers/diff_drive_controller) by extensions ['colcon_meta']
[0.424s] Level 1:colcon.colcon_core.package_identification:_identify(src/ros2_controllers/diff_drive_controller) by extension 'colcon_meta'
[0.424s] Level 1:colcon.colcon_core.package_identification:_identify(src/ros2_controllers/diff_drive_controller) by extensions ['ros']
[0.424s] Level 1:colcon.colcon_core.package_identification:_identify(src/ros2_controllers/diff_drive_controller) by extension 'ros'
[0.426s] DEBUG:colcon.colcon_core.package_identification:Package 'src/ros2_controllers/diff_drive_controller' with type 'ros.ament_cmake' and name 'diff_drive_controller'
[0.426s] Level 1:colcon.colcon_core.package_identification:_identify(src/ros2_controllers/doc) by extensions ['ignore', 'ignore_ament_install']
[0.426s] Level 1:colcon.colcon_core.package_identification:_identify(src/ros2_controllers/doc) by extension 'ignore'
[0.426s] Level 1:colcon.colcon_core.package_identification:_identify(src/ros2_controllers/doc) by extension 'ignore_ament_install'
[0.426s] Level 1:colcon.colcon_core.package_identification:_identify(src/ros2_controllers/doc) by extensions ['colcon_pkg']
[0.426s] Level 1:colcon.colcon_core.package_identification:_identify(src/ros2_controllers/doc) by extension 'colcon_pkg'
[0.426s] Level 1:colcon.colcon_core.package_identification:_identify(src/ros2_controllers/doc) by extensions ['colcon_meta']
[0.426s] Level 1:colcon.colcon_core.package_identification:_identify(src/ros2_controllers/doc) by extension 'colcon_meta'
[0.426s] Level 1:colcon.colcon_core.package_identification:_identify(src/ros2_controllers/doc) by extensions ['ros']
[0.426s] Level 1:colcon.colcon_core.package_identification:_identify(src/ros2_controllers/doc) by extension 'ros'
[0.426s] Level 1:colcon.colcon_core.package_identification:_identify(src/ros2_controllers/doc) by extensions ['cmake', 'python']
[0.426s] Level 1:colcon.colcon_core.package_identification:_identify(src/ros2_controllers/doc) by extension 'cmake'
[0.426s] Level 1:colcon.colcon_core.package_identification:_identify(src/ros2_controllers/doc) by extension 'python'
[0.426s] Level 1:colcon.colcon_core.package_identification:_identify(src/ros2_controllers/doc) by extensions ['python_setup_py']
[0.426s] Level 1:colcon.colcon_core.package_identification:_identify(src/ros2_controllers/doc) by extension 'python_setup_py'
[0.426s] Level 1:colcon.colcon_core.package_identification:_identify(src/ros2_controllers/doc/images) by extensions ['ignore', 'ignore_ament_install']
[0.427s] Level 1:colcon.colcon_core.package_identification:_identify(src/ros2_controllers/doc/images) by extension 'ignore'
[0.427s] Level 1:colcon.colcon_core.package_identification:_identify(src/ros2_controllers/doc/images) by extension 'ignore_ament_install'
[0.427s] Level 1:colcon.colcon_core.package_identification:_identify(src/ros2_controllers/doc/images) by extensions ['colcon_pkg']
[0.427s] Level 1:colcon.colcon_core.package_identification:_identify(src/ros2_controllers/doc/images) by extension 'colcon_pkg'
[0.427s] Level 1:colcon.colcon_core.package_identification:_identify(src/ros2_controllers/doc/images) by extensions ['colcon_meta']
[0.427s] Level 1:colcon.colcon_core.package_identification:_identify(src/ros2_controllers/doc/images) by extension 'colcon_meta'
[0.427s] Level 1:colcon.colcon_core.package_identification:_identify(src/ros2_controllers/doc/images) by extensions ['ros']
[0.427s] Level 1:colcon.colcon_core.package_identification:_identify(src/ros2_controllers/doc/images) by extension 'ros'
[0.427s] Level 1:colcon.colcon_core.package_identification:_identify(src/ros2_controllers/doc/images) by extensions ['cmake', 'python']
[0.427s] Level 1:colcon.colcon_core.package_identification:_identify(src/ros2_controllers/doc/images) by extension 'cmake'
[0.427s] Level 1:colcon.colcon_core.package_identification:_identify(src/ros2_controllers/doc/images) by extension 'python'
[0.427s] Level 1:colcon.colcon_core.package_identification:_identify(src/ros2_controllers/doc/images) by extensions ['python_setup_py']
[0.427s] Level 1:colcon.colcon_core.package_identification:_identify(src/ros2_controllers/doc/images) by extension 'python_setup_py'
[0.427s] Level 1:colcon.colcon_core.package_identification:_identify(src/ros2_controllers/effort_controllers) by extensions ['ignore', 'ignore_ament_install']
[0.427s] Level 1:colcon.colcon_core.package_identification:_identify(src/ros2_controllers/effort_controllers) by extension 'ignore'
[0.427s] Level 1:colcon.colcon_core.package_identification:_identify(src/ros2_controllers/effort_controllers) by extension 'ignore_ament_install'
[0.427s] Level 1:colcon.colcon_core.package_identification:_identify(src/ros2_controllers/effort_controllers) by extensions ['colcon_pkg']
[0.427s] Level 1:colcon.colcon_core.package_identification:_identify(src/ros2_controllers/effort_controllers) by extension 'colcon_pkg'
[0.427s] Level 1:colcon.colcon_core.package_identification:_identify(src/ros2_controllers/effort_controllers) by extensions ['colcon_meta']
[0.427s] Level 1:colcon.colcon_core.package_identification:_identify(src/ros2_controllers/effort_controllers) by extension 'colcon_meta'
[0.427s] Level 1:colcon.colcon_core.package_identification:_identify(src/ros2_controllers/effort_controllers) by extensions ['ros']
[0.427s] Level 1:colcon.colcon_core.package_identification:_identify(src/ros2_controllers/effort_controllers) by extension 'ros'
[0.428s] DEBUG:colcon.colcon_core.package_identification:Package 'src/ros2_controllers/effort_controllers' with type 'ros.ament_cmake' and name 'effort_controllers'
[0.428s] Level 1:colcon.colcon_core.package_identification:_identify(src/ros2_controllers/force_torque_sensor_broadcaster) by extensions ['ignore', 'ignore_ament_install']
[0.428s] Level 1:colcon.colcon_core.package_identification:_identify(src/ros2_controllers/force_torque_sensor_broadcaster) by extension 'ignore'
[0.429s] Level 1:colcon.colcon_core.package_identification:_identify(src/ros2_controllers/force_torque_sensor_broadcaster) by extension 'ignore_ament_install'
[0.429s] Level 1:colcon.colcon_core.package_identification:_identify(src/ros2_controllers/force_torque_sensor_broadcaster) by extensions ['colcon_pkg']
[0.429s] Level 1:colcon.colcon_core.package_identification:_identify(src/ros2_controllers/force_torque_sensor_broadcaster) by extension 'colcon_pkg'
[0.429s] Level 1:colcon.colcon_core.package_identification:_identify(src/ros2_controllers/force_torque_sensor_broadcaster) by extensions ['colcon_meta']
[0.429s] Level 1:colcon.colcon_core.package_identification:_identify(src/ros2_controllers/force_torque_sensor_broadcaster) by extension 'colcon_meta'
[0.429s] Level 1:colcon.colcon_core.package_identification:_identify(src/ros2_controllers/force_torque_sensor_broadcaster) by extensions ['ros']
[0.429s] Level 1:colcon.colcon_core.package_identification:_identify(src/ros2_controllers/force_torque_sensor_broadcaster) by extension 'ros'
[0.430s] DEBUG:colcon.colcon_core.package_identification:Package 'src/ros2_controllers/force_torque_sensor_broadcaster' with type 'ros.ament_cmake' and name 'force_torque_sensor_broadcaster'
[0.430s] Level 1:colcon.colcon_core.package_identification:_identify(src/ros2_controllers/forward_command_controller) by extensions ['ignore', 'ignore_ament_install']
[0.430s] Level 1:colcon.colcon_core.package_identification:_identify(src/ros2_controllers/forward_command_controller) by extension 'ignore'
[0.430s] Level 1:colcon.colcon_core.package_identification:_identify(src/ros2_controllers/forward_command_controller) by extension 'ignore_ament_install'
[0.430s] Level 1:colcon.colcon_core.package_identification:_identify(src/ros2_controllers/forward_command_controller) by extensions ['colcon_pkg']
[0.430s] Level 1:colcon.colcon_core.package_identification:_identify(src/ros2_controllers/forward_command_controller) by extension 'colcon_pkg'
[0.430s] Level 1:colcon.colcon_core.package_identification:_identify(src/ros2_controllers/forward_command_controller) by extensions ['colcon_meta']
[0.430s] Level 1:colcon.colcon_core.package_identification:_identify(src/ros2_controllers/forward_command_controller) by extension 'colcon_meta'
[0.430s] Level 1:colcon.colcon_core.package_identification:_identify(src/ros2_controllers/forward_command_controller) by extensions ['ros']
[0.430s] Level 1:colcon.colcon_core.package_identification:_identify(src/ros2_controllers/forward_command_controller) by extension 'ros'
[0.431s] DEBUG:colcon.colcon_core.package_identification:Package 'src/ros2_controllers/forward_command_controller' with type 'ros.ament_cmake' and name 'forward_command_controller'
[0.431s] Level 1:colcon.colcon_core.package_identification:_identify(src/ros2_controllers/gpio_controllers) by extensions ['ignore', 'ignore_ament_install']
[0.432s] Level 1:colcon.colcon_core.package_identification:_identify(src/ros2_controllers/gpio_controllers) by extension 'ignore'
[0.432s] Level 1:colcon.colcon_core.package_identification:_identify(src/ros2_controllers/gpio_controllers) by extension 'ignore_ament_install'
[0.432s] Level 1:colcon.colcon_core.package_identification:_identify(src/ros2_controllers/gpio_controllers) by extensions ['colcon_pkg']
[0.432s] Level 1:colcon.colcon_core.package_identification:_identify(src/ros2_controllers/gpio_controllers) by extension 'colcon_pkg'
[0.432s] Level 1:colcon.colcon_core.package_identification:_identify(src/ros2_controllers/gpio_controllers) by extensions ['colcon_meta']
[0.432s] Level 1:colcon.colcon_core.package_identification:_identify(src/ros2_controllers/gpio_controllers) by extension 'colcon_meta'
[0.432s] Level 1:colcon.colcon_core.package_identification:_identify(src/ros2_controllers/gpio_controllers) by extensions ['ros']
[0.432s] Level 1:colcon.colcon_core.package_identification:_identify(src/ros2_controllers/gpio_controllers) by extension 'ros'
[0.433s] DEBUG:colcon.colcon_core.package_identification:Package 'src/ros2_controllers/gpio_controllers' with type 'ros.ament_cmake' and name 'gpio_controllers'
[0.433s] Level 1:colcon.colcon_core.package_identification:_identify(src/ros2_controllers/gripper_controllers) by extensions ['ignore', 'ignore_ament_install']
[0.433s] Level 1:colcon.colcon_core.package_identification:_identify(src/ros2_controllers/gripper_controllers) by extension 'ignore'
[0.433s] Level 1:colcon.colcon_core.package_identification:_identify(src/ros2_controllers/gripper_controllers) by extension 'ignore_ament_install'
[0.433s] Level 1:colcon.colcon_core.package_identification:_identify(src/ros2_controllers/gripper_controllers) by extensions ['colcon_pkg']
[0.433s] Level 1:colcon.colcon_core.package_identification:_identify(src/ros2_controllers/gripper_controllers) by extension 'colcon_pkg'
[0.433s] Level 1:colcon.colcon_core.package_identification:_identify(src/ros2_controllers/gripper_controllers) by extensions ['colcon_meta']
[0.433s] Level 1:colcon.colcon_core.package_identification:_identify(src/ros2_controllers/gripper_controllers) by extension 'colcon_meta'
[0.433s] Level 1:colcon.colcon_core.package_identification:_identify(src/ros2_controllers/gripper_controllers) by extensions ['ros']
[0.433s] Level 1:colcon.colcon_core.package_identification:_identify(src/ros2_controllers/gripper_controllers) by extension 'ros'
[0.435s] DEBUG:colcon.colcon_core.package_identification:Package 'src/ros2_controllers/gripper_controllers' with type 'ros.ament_cmake' and name 'gripper_controllers'
[0.435s] Level 1:colcon.colcon_core.package_identification:_identify(src/ros2_controllers/imu_sensor_broadcaster) by extensions ['ignore', 'ignore_ament_install']
[0.435s] Level 1:colcon.colcon_core.package_identification:_identify(src/ros2_controllers/imu_sensor_broadcaster) by extension 'ignore'
[0.435s] Level 1:colcon.colcon_core.package_identification:_identify(src/ros2_controllers/imu_sensor_broadcaster) by extension 'ignore_ament_install'
[0.435s] Level 1:colcon.colcon_core.package_identification:_identify(src/ros2_controllers/imu_sensor_broadcaster) by extensions ['colcon_pkg']
[0.435s] Level 1:colcon.colcon_core.package_identification:_identify(src/ros2_controllers/imu_sensor_broadcaster) by extension 'colcon_pkg'
[0.435s] Level 1:colcon.colcon_core.package_identification:_identify(src/ros2_controllers/imu_sensor_broadcaster) by extensions ['colcon_meta']
[0.435s] Level 1:colcon.colcon_core.package_identification:_identify(src/ros2_controllers/imu_sensor_broadcaster) by extension 'colcon_meta'
[0.435s] Level 1:colcon.colcon_core.package_identification:_identify(src/ros2_controllers/imu_sensor_broadcaster) by extensions ['ros']
[0.435s] Level 1:colcon.colcon_core.package_identification:_identify(src/ros2_controllers/imu_sensor_broadcaster) by extension 'ros'
[0.436s] DEBUG:colcon.colcon_core.package_identification:Package 'src/ros2_controllers/imu_sensor_broadcaster' with type 'ros.ament_cmake' and name 'imu_sensor_broadcaster'
[0.436s] Level 1:colcon.colcon_core.package_identification:_identify(src/ros2_controllers/joint_state_broadcaster) by extensions ['ignore', 'ignore_ament_install']
[0.436s] Level 1:colcon.colcon_core.package_identification:_identify(src/ros2_controllers/joint_state_broadcaster) by extension 'ignore'
[0.436s] Level 1:colcon.colcon_core.package_identification:_identify(src/ros2_controllers/joint_state_broadcaster) by extension 'ignore_ament_install'
[0.436s] Level 1:colcon.colcon_core.package_identification:_identify(src/ros2_controllers/joint_state_broadcaster) by extensions ['colcon_pkg']
[0.436s] Level 1:colcon.colcon_core.package_identification:_identify(src/ros2_controllers/joint_state_broadcaster) by extension 'colcon_pkg'
[0.436s] Level 1:colcon.colcon_core.package_identification:_identify(src/ros2_controllers/joint_state_broadcaster) by extensions ['colcon_meta']
[0.437s] Level 1:colcon.colcon_core.package_identification:_identify(src/ros2_controllers/joint_state_broadcaster) by extension 'colcon_meta'
[0.437s] Level 1:colcon.colcon_core.package_identification:_identify(src/ros2_controllers/joint_state_broadcaster) by extensions ['ros']
[0.437s] Level 1:colcon.colcon_core.package_identification:_identify(src/ros2_controllers/joint_state_broadcaster) by extension 'ros'
[0.438s] DEBUG:colcon.colcon_core.package_identification:Package 'src/ros2_controllers/joint_state_broadcaster' with type 'ros.ament_cmake' and name 'joint_state_broadcaster'
[0.438s] Level 1:colcon.colcon_core.package_identification:_identify(src/ros2_controllers/joint_trajectory_controller) by extensions ['ignore', 'ignore_ament_install']
[0.438s] Level 1:colcon.colcon_core.package_identification:_identify(src/ros2_controllers/joint_trajectory_controller) by extension 'ignore'
[0.438s] Level 1:colcon.colcon_core.package_identification:_identify(src/ros2_controllers/joint_trajectory_controller) by extension 'ignore_ament_install'
[0.438s] Level 1:colcon.colcon_core.package_identification:_identify(src/ros2_controllers/joint_trajectory_controller) by extensions ['colcon_pkg']
[0.438s] Level 1:colcon.colcon_core.package_identification:_identify(src/ros2_controllers/joint_trajectory_controller) by extension 'colcon_pkg'
[0.438s] Level 1:colcon.colcon_core.package_identification:_identify(src/ros2_controllers/joint_trajectory_controller) by extensions ['colcon_meta']
[0.438s] Level 1:colcon.colcon_core.package_identification:_identify(src/ros2_controllers/joint_trajectory_controller) by extension 'colcon_meta'
[0.438s] Level 1:colcon.colcon_core.package_identification:_identify(src/ros2_controllers/joint_trajectory_controller) by extensions ['ros']
[0.438s] Level 1:colcon.colcon_core.package_identification:_identify(src/ros2_controllers/joint_trajectory_controller) by extension 'ros'
[0.440s] DEBUG:colcon.colcon_core.package_identification:Package 'src/ros2_controllers/joint_trajectory_controller' with type 'ros.ament_cmake' and name 'joint_trajectory_controller'
[0.440s] Level 1:colcon.colcon_core.package_identification:_identify(src/ros2_controllers/mecanum_drive_controller) by extensions ['ignore', 'ignore_ament_install']
[0.440s] Level 1:colcon.colcon_core.package_identification:_identify(src/ros2_controllers/mecanum_drive_controller) by extension 'ignore'
[0.440s] Level 1:colcon.colcon_core.package_identification:_identify(src/ros2_controllers/mecanum_drive_controller) by extension 'ignore_ament_install'
[0.440s] Level 1:colcon.colcon_core.package_identification:_identify(src/ros2_controllers/mecanum_drive_controller) by extensions ['colcon_pkg']
[0.440s] Level 1:colcon.colcon_core.package_identification:_identify(src/ros2_controllers/mecanum_drive_controller) by extension 'colcon_pkg'
[0.440s] Level 1:colcon.colcon_core.package_identification:_identify(src/ros2_controllers/mecanum_drive_controller) by extensions ['colcon_meta']
[0.440s] Level 1:colcon.colcon_core.package_identification:_identify(src/ros2_controllers/mecanum_drive_controller) by extension 'colcon_meta'
[0.440s] Level 1:colcon.colcon_core.package_identification:_identify(src/ros2_controllers/mecanum_drive_controller) by extensions ['ros']
[0.440s] Level 1:colcon.colcon_core.package_identification:_identify(src/ros2_controllers/mecanum_drive_controller) by extension 'ros'
[0.442s] DEBUG:colcon.colcon_core.package_identification:Package 'src/ros2_controllers/mecanum_drive_controller' with type 'ros.ament_cmake' and name 'mecanum_drive_controller'
[0.442s] Level 1:colcon.colcon_core.package_identification:_identify(src/ros2_controllers/pid_controller) by extensions ['ignore', 'ignore_ament_install']
[0.442s] Level 1:colcon.colcon_core.package_identification:_identify(src/ros2_controllers/pid_controller) by extension 'ignore'
[0.442s] Level 1:colcon.colcon_core.package_identification:_identify(src/ros2_controllers/pid_controller) by extension 'ignore_ament_install'
[0.442s] Level 1:colcon.colcon_core.package_identification:_identify(src/ros2_controllers/pid_controller) by extensions ['colcon_pkg']
[0.442s] Level 1:colcon.colcon_core.package_identification:_identify(src/ros2_controllers/pid_controller) by extension 'colcon_pkg'
[0.442s] Level 1:colcon.colcon_core.package_identification:_identify(src/ros2_controllers/pid_controller) by extensions ['colcon_meta']
[0.442s] Level 1:colcon.colcon_core.package_identification:_identify(src/ros2_controllers/pid_controller) by extension 'colcon_meta'
[0.442s] Level 1:colcon.colcon_core.package_identification:_identify(src/ros2_controllers/pid_controller) by extensions ['ros']
[0.442s] Level 1:colcon.colcon_core.package_identification:_identify(src/ros2_controllers/pid_controller) by extension 'ros'
[0.443s] DEBUG:colcon.colcon_core.package_identification:Package 'src/ros2_controllers/pid_controller' with type 'ros.ament_cmake' and name 'pid_controller'
[0.444s] Level 1:colcon.colcon_core.package_identification:_identify(src/ros2_controllers/pose_broadcaster) by extensions ['ignore', 'ignore_ament_install']
[0.444s] Level 1:colcon.colcon_core.package_identification:_identify(src/ros2_controllers/pose_broadcaster) by extension 'ignore'
[0.444s] Level 1:colcon.colcon_core.package_identification:_identify(src/ros2_controllers/pose_broadcaster) by extension 'ignore_ament_install'
[0.444s] Level 1:colcon.colcon_core.package_identification:_identify(src/ros2_controllers/pose_broadcaster) by extensions ['colcon_pkg']
[0.444s] Level 1:colcon.colcon_core.package_identification:_identify(src/ros2_controllers/pose_broadcaster) by extension 'colcon_pkg'
[0.444s] Level 1:colcon.colcon_core.package_identification:_identify(src/ros2_controllers/pose_broadcaster) by extensions ['colcon_meta']
[0.444s] Level 1:colcon.colcon_core.package_identification:_identify(src/ros2_controllers/pose_broadcaster) by extension 'colcon_meta'
[0.444s] Level 1:colcon.colcon_core.package_identification:_identify(src/ros2_controllers/pose_broadcaster) by extensions ['ros']
[0.444s] Level 1:colcon.colcon_core.package_identification:_identify(src/ros2_controllers/pose_broadcaster) by extension 'ros'
[0.445s] DEBUG:colcon.colcon_core.package_identification:Package 'src/ros2_controllers/pose_broadcaster' with type 'ros.ament_cmake' and name 'pose_broadcaster'
[0.445s] Level 1:colcon.colcon_core.package_identification:_identify(src/ros2_controllers/position_controllers) by extensions ['ignore', 'ignore_ament_install']
[0.445s] Level 1:colcon.colcon_core.package_identification:_identify(src/ros2_controllers/position_controllers) by extension 'ignore'
[0.445s] Level 1:colcon.colcon_core.package_identification:_identify(src/ros2_controllers/position_controllers) by extension 'ignore_ament_install'
[0.445s] Level 1:colcon.colcon_core.package_identification:_identify(src/ros2_controllers/position_controllers) by extensions ['colcon_pkg']
[0.445s] Level 1:colcon.colcon_core.package_identification:_identify(src/ros2_controllers/position_controllers) by extension 'colcon_pkg'
[0.445s] Level 1:colcon.colcon_core.package_identification:_identify(src/ros2_controllers/position_controllers) by extensions ['colcon_meta']
[0.445s] Level 1:colcon.colcon_core.package_identification:_identify(src/ros2_controllers/position_controllers) by extension 'colcon_meta'
[0.446s] Level 1:colcon.colcon_core.package_identification:_identify(src/ros2_controllers/position_controllers) by extensions ['ros']
[0.446s] Level 1:colcon.colcon_core.package_identification:_identify(src/ros2_controllers/position_controllers) by extension 'ros'
[0.446s] DEBUG:colcon.colcon_core.package_identification:Package 'src/ros2_controllers/position_controllers' with type 'ros.ament_cmake' and name 'position_controllers'
[0.447s] Level 1:colcon.colcon_core.package_identification:_identify(src/ros2_controllers/range_sensor_broadcaster) by extensions ['ignore', 'ignore_ament_install']
[0.447s] Level 1:colcon.colcon_core.package_identification:_identify(src/ros2_controllers/range_sensor_broadcaster) by extension 'ignore'
[0.447s] Level 1:colcon.colcon_core.package_identification:_identify(src/ros2_controllers/range_sensor_broadcaster) by extension 'ignore_ament_install'
[0.447s] Level 1:colcon.colcon_core.package_identification:_identify(src/ros2_controllers/range_sensor_broadcaster) by extensions ['colcon_pkg']
[0.447s] Level 1:colcon.colcon_core.package_identification:_identify(src/ros2_controllers/range_sensor_broadcaster) by extension 'colcon_pkg'
[0.447s] Level 1:colcon.colcon_core.package_identification:_identify(src/ros2_controllers/range_sensor_broadcaster) by extensions ['colcon_meta']
[0.447s] Level 1:colcon.colcon_core.package_identification:_identify(src/ros2_controllers/range_sensor_broadcaster) by extension 'colcon_meta'
[0.447s] Level 1:colcon.colcon_core.package_identification:_identify(src/ros2_controllers/range_sensor_broadcaster) by extensions ['ros']
[0.447s] Level 1:colcon.colcon_core.package_identification:_identify(src/ros2_controllers/range_sensor_broadcaster) by extension 'ros'
[0.448s] DEBUG:colcon.colcon_core.package_identification:Package 'src/ros2_controllers/range_sensor_broadcaster' with type 'ros.ament_cmake' and name 'range_sensor_broadcaster'
[0.448s] Level 1:colcon.colcon_core.package_identification:_identify(src/ros2_controllers/ros2_controllers) by extensions ['ignore', 'ignore_ament_install']
[0.448s] Level 1:colcon.colcon_core.package_identification:_identify(src/ros2_controllers/ros2_controllers) by extension 'ignore'
[0.448s] Level 1:colcon.colcon_core.package_identification:_identify(src/ros2_controllers/ros2_controllers) by extension 'ignore_ament_install'
[0.448s] Level 1:colcon.colcon_core.package_identification:_identify(src/ros2_controllers/ros2_controllers) by extensions ['colcon_pkg']
[0.448s] Level 1:colcon.colcon_core.package_identification:_identify(src/ros2_controllers/ros2_controllers) by extension 'colcon_pkg'
[0.448s] Level 1:colcon.colcon_core.package_identification:_identify(src/ros2_controllers/ros2_controllers) by extensions ['colcon_meta']
[0.448s] Level 1:colcon.colcon_core.package_identification:_identify(src/ros2_controllers/ros2_controllers) by extension 'colcon_meta'
[0.448s] Level 1:colcon.colcon_core.package_identification:_identify(src/ros2_controllers/ros2_controllers) by extensions ['ros']
[0.448s] Level 1:colcon.colcon_core.package_identification:_identify(src/ros2_controllers/ros2_controllers) by extension 'ros'
[0.449s] DEBUG:colcon.colcon_core.package_identification:Package 'src/ros2_controllers/ros2_controllers' with type 'ros.ament_cmake' and name 'ros2_controllers'
[0.449s] Level 1:colcon.colcon_core.package_identification:_identify(src/ros2_controllers/ros2_controllers_test_nodes) by extensions ['ignore', 'ignore_ament_install']
[0.449s] Level 1:colcon.colcon_core.package_identification:_identify(src/ros2_controllers/ros2_controllers_test_nodes) by extension 'ignore'
[0.449s] Level 1:colcon.colcon_core.package_identification:_identify(src/ros2_controllers/ros2_controllers_test_nodes) by extension 'ignore_ament_install'
[0.449s] Level 1:colcon.colcon_core.package_identification:_identify(src/ros2_controllers/ros2_controllers_test_nodes) by extensions ['colcon_pkg']
[0.450s] Level 1:colcon.colcon_core.package_identification:_identify(src/ros2_controllers/ros2_controllers_test_nodes) by extension 'colcon_pkg'
[0.450s] Level 1:colcon.colcon_core.package_identification:_identify(src/ros2_controllers/ros2_controllers_test_nodes) by extensions ['colcon_meta']
[0.450s] Level 1:colcon.colcon_core.package_identification:_identify(src/ros2_controllers/ros2_controllers_test_nodes) by extension 'colcon_meta'
[0.450s] Level 1:colcon.colcon_core.package_identification:_identify(src/ros2_controllers/ros2_controllers_test_nodes) by extensions ['ros']
[0.450s] Level 1:colcon.colcon_core.package_identification:_identify(src/ros2_controllers/ros2_controllers_test_nodes) by extension 'ros'
[0.451s] DEBUG:colcon.colcon_core.package_identification:Package 'src/ros2_controllers/ros2_controllers_test_nodes' with type 'ros.ament_python' and name 'ros2_controllers_test_nodes'
[0.451s] Level 1:colcon.colcon_core.package_identification:_identify(src/ros2_controllers/rqt_joint_trajectory_controller) by extensions ['ignore', 'ignore_ament_install']
[0.451s] Level 1:colcon.colcon_core.package_identification:_identify(src/ros2_controllers/rqt_joint_trajectory_controller) by extension 'ignore'
[0.451s] Level 1:colcon.colcon_core.package_identification:_identify(src/ros2_controllers/rqt_joint_trajectory_controller) by extension 'ignore_ament_install'
[0.451s] Level 1:colcon.colcon_core.package_identification:_identify(src/ros2_controllers/rqt_joint_trajectory_controller) by extensions ['colcon_pkg']
[0.451s] Level 1:colcon.colcon_core.package_identification:_identify(src/ros2_controllers/rqt_joint_trajectory_controller) by extension 'colcon_pkg'
[0.451s] Level 1:colcon.colcon_core.package_identification:_identify(src/ros2_controllers/rqt_joint_trajectory_controller) by extensions ['colcon_meta']
[0.451s] Level 1:colcon.colcon_core.package_identification:_identify(src/ros2_controllers/rqt_joint_trajectory_controller) by extension 'colcon_meta'
[0.451s] Level 1:colcon.colcon_core.package_identification:_identify(src/ros2_controllers/rqt_joint_trajectory_controller) by extensions ['ros']
[0.451s] Level 1:colcon.colcon_core.package_identification:_identify(src/ros2_controllers/rqt_joint_trajectory_controller) by extension 'ros'
[0.452s] DEBUG:colcon.colcon_core.package_identification:Package 'src/ros2_controllers/rqt_joint_trajectory_controller' with type 'ros.ament_python' and name 'rqt_joint_trajectory_controller'
[0.452s] Level 1:colcon.colcon_core.package_identification:_identify(src/ros2_controllers/steering_controllers_library) by extensions ['ignore', 'ignore_ament_install']
[0.452s] Level 1:colcon.colcon_core.package_identification:_identify(src/ros2_controllers/steering_controllers_library) by extension 'ignore'
[0.452s] Level 1:colcon.colcon_core.package_identification:_identify(src/ros2_controllers/steering_controllers_library) by extension 'ignore_ament_install'
[0.452s] Level 1:colcon.colcon_core.package_identification:_identify(src/ros2_controllers/steering_controllers_library) by extensions ['colcon_pkg']
[0.452s] Level 1:colcon.colcon_core.package_identification:_identify(src/ros2_controllers/steering_controllers_library) by extension 'colcon_pkg'
[0.452s] Level 1:colcon.colcon_core.package_identification:_identify(src/ros2_controllers/steering_controllers_library) by extensions ['colcon_meta']
[0.452s] Level 1:colcon.colcon_core.package_identification:_identify(src/ros2_controllers/steering_controllers_library) by extension 'colcon_meta'
[0.452s] Level 1:colcon.colcon_core.package_identification:_identify(src/ros2_controllers/steering_controllers_library) by extensions ['ros']
[0.452s] Level 1:colcon.colcon_core.package_identification:_identify(src/ros2_controllers/steering_controllers_library) by extension 'ros'
[0.454s] DEBUG:colcon.colcon_core.package_identification:Package 'src/ros2_controllers/steering_controllers_library' with type 'ros.ament_cmake' and name 'steering_controllers_library'
[0.454s] Level 1:colcon.colcon_core.package_identification:_identify(src/ros2_controllers/tricycle_controller) by extensions ['ignore', 'ignore_ament_install']
[0.454s] Level 1:colcon.colcon_core.package_identification:_identify(src/ros2_controllers/tricycle_controller) by extension 'ignore'
[0.454s] Level 1:colcon.colcon_core.package_identification:_identify(src/ros2_controllers/tricycle_controller) by extension 'ignore_ament_install'
[0.454s] Level 1:colcon.colcon_core.package_identification:_identify(src/ros2_controllers/tricycle_controller) by extensions ['colcon_pkg']
[0.454s] Level 1:colcon.colcon_core.package_identification:_identify(src/ros2_controllers/tricycle_controller) by extension 'colcon_pkg'
[0.454s] Level 1:colcon.colcon_core.package_identification:_identify(src/ros2_controllers/tricycle_controller) by extensions ['colcon_meta']
[0.455s] Level 1:colcon.colcon_core.package_identification:_identify(src/ros2_controllers/tricycle_controller) by extension 'colcon_meta'
[0.455s] Level 1:colcon.colcon_core.package_identification:_identify(src/ros2_controllers/tricycle_controller) by extensions ['ros']
[0.455s] Level 1:colcon.colcon_core.package_identification:_identify(src/ros2_controllers/tricycle_controller) by extension 'ros'
[0.456s] DEBUG:colcon.colcon_core.package_identification:Package 'src/ros2_controllers/tricycle_controller' with type 'ros.ament_cmake' and name 'tricycle_controller'
[0.456s] Level 1:colcon.colcon_core.package_identification:_identify(src/ros2_controllers/tricycle_steering_controller) by extensions ['ignore', 'ignore_ament_install']
[0.456s] Level 1:colcon.colcon_core.package_identification:_identify(src/ros2_controllers/tricycle_steering_controller) by extension 'ignore'
[0.456s] Level 1:colcon.colcon_core.package_identification:_identify(src/ros2_controllers/tricycle_steering_controller) by extension 'ignore_ament_install'
[0.456s] Level 1:colcon.colcon_core.package_identification:_identify(src/ros2_controllers/tricycle_steering_controller) by extensions ['colcon_pkg']
[0.456s] Level 1:colcon.colcon_core.package_identification:_identify(src/ros2_controllers/tricycle_steering_controller) by extension 'colcon_pkg'
[0.456s] Level 1:colcon.colcon_core.package_identification:_identify(src/ros2_controllers/tricycle_steering_controller) by extensions ['colcon_meta']
[0.456s] Level 1:colcon.colcon_core.package_identification:_identify(src/ros2_controllers/tricycle_steering_controller) by extension 'colcon_meta'
[0.457s] Level 1:colcon.colcon_core.package_identification:_identify(src/ros2_controllers/tricycle_steering_controller) by extensions ['ros']
[0.457s] Level 1:colcon.colcon_core.package_identification:_identify(src/ros2_controllers/tricycle_steering_controller) by extension 'ros'
[0.458s] DEBUG:colcon.colcon_core.package_identification:Package 'src/ros2_controllers/tricycle_steering_controller' with type 'ros.ament_cmake' and name 'tricycle_steering_controller'
[0.458s] Level 1:colcon.colcon_core.package_identification:_identify(src/ros2_controllers/velocity_controllers) by extensions ['ignore', 'ignore_ament_install']
[0.458s] Level 1:colcon.colcon_core.package_identification:_identify(src/ros2_controllers/velocity_controllers) by extension 'ignore'
[0.458s] Level 1:colcon.colcon_core.package_identification:_identify(src/ros2_controllers/velocity_controllers) by extension 'ignore_ament_install'
[0.458s] Level 1:colcon.colcon_core.package_identification:_identify(src/ros2_controllers/velocity_controllers) by extensions ['colcon_pkg']
[0.458s] Level 1:colcon.colcon_core.package_identification:_identify(src/ros2_controllers/velocity_controllers) by extension 'colcon_pkg'
[0.458s] Level 1:colcon.colcon_core.package_identification:_identify(src/ros2_controllers/velocity_controllers) by extensions ['colcon_meta']
[0.458s] Level 1:colcon.colcon_core.package_identification:_identify(src/ros2_controllers/velocity_controllers) by extension 'colcon_meta'
[0.458s] Level 1:colcon.colcon_core.package_identification:_identify(src/ros2_controllers/velocity_controllers) by extensions ['ros']
[0.458s] Level 1:colcon.colcon_core.package_identification:_identify(src/ros2_controllers/velocity_controllers) by extension 'ros'
[0.459s] DEBUG:colcon.colcon_core.package_identification:Package 'src/ros2_controllers/velocity_controllers' with type 'ros.ament_cmake' and name 'velocity_controllers'
[0.459s] Level 1:colcon.colcon_core.package_discovery:discover_packages(recursive) using defaults
[0.459s] Level 1:colcon.colcon_core.package_discovery:discover_packages(ignore) discover
[0.459s] Level 1:colcon.colcon_core.package_discovery:discover_packages(ignore) using defaults
[0.459s] Level 1:colcon.colcon_core.package_discovery:discover_packages(path) discover
[0.459s] Level 1:colcon.colcon_core.package_discovery:discover_packages(path) using defaults
[0.516s] INFO:colcon.colcon_core.package_selection:Skipping not selected package 'controller_manager_msgs' in 'src/ros2_control/controller_manager_msgs'
[0.516s] INFO:colcon.colcon_core.package_selection:Skipping not selected package 'joint_limits' in 'src/ros2_control/joint_limits'
[0.516s] INFO:colcon.colcon_core.package_selection:Skipping not selected package 'ros2_control_demo_description' in 'src/ros2_control_demos/ros2_control_demo_description'
[0.516s] INFO:colcon.colcon_core.package_selection:Skipping not selected package 'ros2_control_test_assets' in 'src/ros2_control/ros2_control_test_assets'
[0.516s] INFO:colcon.colcon_core.package_selection:Skipping not selected package 'ros2_controllers_test_nodes' in 'src/ros2_controllers/ros2_controllers_test_nodes'
[0.516s] INFO:colcon.colcon_core.package_selection:Skipping not selected package 'temp_teleop' in 'src/ros2_acker/temp_teleop'
[0.516s] INFO:colcon.colcon_core.package_selection:Skipping not selected package 'hardware_interface' in 'src/ros2_control/hardware_interface'
[0.516s] INFO:colcon.colcon_core.package_selection:Skipping not selected package 'ros2controlcli' in 'src/ros2_control/ros2controlcli'
[0.516s] INFO:colcon.colcon_core.package_selection:Skipping not selected package 'rqt_controller_manager' in 'src/ros2_control/rqt_controller_manager'
[0.516s] INFO:colcon.colcon_core.package_selection:Skipping not selected package 'rqt_joint_trajectory_controller' in 'src/ros2_controllers/rqt_joint_trajectory_controller'
[0.516s] INFO:colcon.colcon_core.package_selection:Skipping not selected package 'controller_interface' in 'src/ros2_control/controller_interface'
[0.516s] INFO:colcon.colcon_core.package_selection:Skipping not selected package 'hardware_interface_testing' in 'src/ros2_control/hardware_interface_testing'
[0.516s] INFO:colcon.colcon_core.package_selection:Skipping not selected package 'transmission_interface' in 'src/ros2_control/transmission_interface'
[0.516s] INFO:colcon.colcon_core.package_selection:Skipping not selected package 'admittance_controller' in 'src/ros2_controllers/admittance_controller'
[0.516s] INFO:colcon.colcon_core.package_selection:Skipping not selected package 'diff_drive_controller' in 'src/ros2_controllers/diff_drive_controller'
[0.516s] INFO:colcon.colcon_core.package_selection:Skipping not selected package 'force_torque_sensor_broadcaster' in 'src/ros2_controllers/force_torque_sensor_broadcaster'
[0.516s] INFO:colcon.colcon_core.package_selection:Skipping not selected package 'forward_command_controller' in 'src/ros2_controllers/forward_command_controller'
[0.516s] INFO:colcon.colcon_core.package_selection:Skipping not selected package 'gpio_controllers' in 'src/ros2_controllers/gpio_controllers'
[0.516s] INFO:colcon.colcon_core.package_selection:Skipping not selected package 'gripper_controllers' in 'src/ros2_controllers/gripper_controllers'
[0.516s] INFO:colcon.colcon_core.package_selection:Skipping not selected package 'imu_sensor_broadcaster' in 'src/ros2_controllers/imu_sensor_broadcaster'
[0.516s] INFO:colcon.colcon_core.package_selection:Skipping not selected package 'joint_state_broadcaster' in 'src/ros2_controllers/joint_state_broadcaster'
[0.517s] INFO:colcon.colcon_core.package_selection:Skipping not selected package 'joint_trajectory_controller' in 'src/ros2_controllers/joint_trajectory_controller'
[0.517s] INFO:colcon.colcon_core.package_selection:Skipping not selected package 'mecanum_drive_controller' in 'src/ros2_controllers/mecanum_drive_controller'
[0.517s] INFO:colcon.colcon_core.package_selection:Skipping not selected package 'pid_controller' in 'src/ros2_controllers/pid_controller'
[0.517s] INFO:colcon.colcon_core.package_selection:Skipping not selected package 'pose_broadcaster' in 'src/ros2_controllers/pose_broadcaster'
[0.517s] INFO:colcon.colcon_core.package_selection:Skipping not selected package 'range_sensor_broadcaster' in 'src/ros2_controllers/range_sensor_broadcaster'
[0.517s] INFO:colcon.colcon_core.package_selection:Skipping not selected package 'ros2_control' in 'src/ros2_control/ros2_control'
[0.517s] INFO:colcon.colcon_core.package_selection:Skipping not selected package 'steering_controllers_library' in 'src/ros2_controllers/steering_controllers_library'
[0.517s] INFO:colcon.colcon_core.package_selection:Skipping not selected package 'tricycle_controller' in 'src/ros2_controllers/tricycle_controller'
[0.517s] INFO:colcon.colcon_core.package_selection:Skipping not selected package 'ackermann_steering_controller' in 'src/ros2_controllers/ackermann_steering_controller'
[0.517s] INFO:colcon.colcon_core.package_selection:Skipping not selected package 'bicycle_steering_controller' in 'src/ros2_controllers/bicycle_steering_controller'
[0.517s] INFO:colcon.colcon_core.package_selection:Skipping not selected package 'effort_controllers' in 'src/ros2_controllers/effort_controllers'
[0.517s] INFO:colcon.colcon_core.package_selection:Skipping not selected package 'position_controllers' in 'src/ros2_controllers/position_controllers'
[0.517s] INFO:colcon.colcon_core.package_selection:Skipping not selected package 'ros2_control_demo_example_1' in 'src/ros2_control_demos/example_1'
[0.517s] INFO:colcon.colcon_core.package_selection:Skipping not selected package 'ros2_control_demo_example_10' in 'src/ros2_control_demos/example_10'
[0.517s] INFO:colcon.colcon_core.package_selection:Skipping not selected package 'ros2_control_demo_example_12' in 'src/ros2_control_demos/example_12'
[0.517s] INFO:colcon.colcon_core.package_selection:Skipping not selected package 'ros2_control_demo_example_14' in 'src/ros2_control_demos/example_14'
[0.517s] INFO:colcon.colcon_core.package_selection:Skipping not selected package 'ros2_control_demo_example_2' in 'src/ros2_control_demos/example_2'
[0.517s] INFO:colcon.colcon_core.package_selection:Skipping not selected package 'ros2_control_demo_example_4' in 'src/ros2_control_demos/example_4'
[0.517s] INFO:colcon.colcon_core.package_selection:Skipping not selected package 'ros2_control_demo_example_5' in 'src/ros2_control_demos/example_5'
[0.517s] INFO:colcon.colcon_core.package_selection:Skipping not selected package 'ros2_control_demo_example_6' in 'src/ros2_control_demos/example_6'
[0.517s] INFO:colcon.colcon_core.package_selection:Skipping not selected package 'ros2_control_demo_example_7' in 'src/ros2_control_demos/example_7'
[0.517s] INFO:colcon.colcon_core.package_selection:Skipping not selected package 'ros2_control_demo_example_8' in 'src/ros2_control_demos/example_8'
[0.517s] INFO:colcon.colcon_core.package_selection:Skipping not selected package 'ros2_control_demo_example_9' in 'src/ros2_control_demos/example_9'
[0.517s] INFO:colcon.colcon_core.package_selection:Skipping not selected package 'tricycle_steering_controller' in 'src/ros2_controllers/tricycle_steering_controller'
[0.517s] INFO:colcon.colcon_core.package_selection:Skipping not selected package 'velocity_controllers' in 'src/ros2_controllers/velocity_controllers'
[0.517s] INFO:colcon.colcon_core.package_selection:Skipping not selected package 'ros2_control_demo_example_11' in 'src/ros2_control_demos/example_11'
[0.517s] INFO:colcon.colcon_core.package_selection:Skipping not selected package 'ros2_control_demo_example_13' in 'src/ros2_control_demos/example_13'
[0.517s] INFO:colcon.colcon_core.package_selection:Skipping not selected package 'ros2_control_demo_example_15' in 'src/ros2_control_demos/example_15'
[0.517s] INFO:colcon.colcon_core.package_selection:Skipping not selected package 'ros2_control_demo_example_3' in 'src/ros2_control_demos/example_3'
[0.517s] INFO:colcon.colcon_core.package_selection:Skipping not selected package 'ros2_controllers' in 'src/ros2_controllers/ros2_controllers'
[0.517s] INFO:colcon.colcon_core.package_selection:Skipping not selected package 'ros2_control_demos' in 'src/ros2_control_demos/ros2_control_demos'
[0.518s] Level 1:colcon.colcon_core.package_discovery:discover_packages(prefix_path) check parameters
[0.518s] Level 1:colcon.colcon_core.package_discovery:discover_packages(prefix_path) discover
[0.532s] DEBUG:colcon.colcon_installed_package_information.package_discovery:Found 53 installed packages in /home/farah/ws_farah/install
[0.535s] DEBUG:colcon.colcon_installed_package_information.package_discovery:Found 394 installed packages in /opt/ros/humble
[0.538s] Level 1:colcon.colcon_core.package_discovery:discover_packages(prefix_path) using defaults
[0.646s] Level 5:colcon.colcon_core.verb:set package 'race_it' build argument 'cmake_args' from command line to 'None'
[0.646s] Level 5:colcon.colcon_core.verb:set package 'race_it' build argument 'cmake_target' from command line to 'None'
[0.646s] Level 5:colcon.colcon_core.verb:set package 'race_it' build argument 'cmake_target_skip_unavailable' from command line to 'False'
[0.646s] Level 5:colcon.colcon_core.verb:set package 'race_it' build argument 'cmake_clean_cache' from command line to 'False'
[0.646s] Level 5:colcon.colcon_core.verb:set package 'race_it' build argument 'cmake_clean_first' from command line to 'False'
[0.646s] Level 5:colcon.colcon_core.verb:set package 'race_it' build argument 'cmake_force_configure' from command line to 'False'
[0.646s] Level 5:colcon.colcon_core.verb:set package 'race_it' build argument 'ament_cmake_args' from command line to 'None'
[0.646s] Level 5:colcon.colcon_core.verb:set package 'race_it' build argument 'catkin_cmake_args' from command line to 'None'
[0.646s] Level 5:colcon.colcon_core.verb:set package 'race_it' build argument 'catkin_skip_building_tests' from command line to 'False'
[0.646s] DEBUG:colcon.colcon_core.verb:Building package 'race_it' with the following arguments: {'ament_cmake_args': None, 'build_base': '/home/farah/ws_farah/build/race_it', 'catkin_cmake_args': None, 'catkin_skip_building_tests': False, 'cmake_args': None, 'cmake_clean_cache': False, 'cmake_clean_first': False, 'cmake_force_configure': False, 'cmake_target': None, 'cmake_target_skip_unavailable': False, 'install_base': '/home/farah/ws_farah/install/race_it', 'merge_install': False, 'path': '/home/farah/ws_farah/src/ros2_acker/race_it', 'symlink_install': False, 'test_result_base': None}
[0.646s] INFO:colcon.colcon_core.executor:Executing jobs using 'parallel' executor
[0.647s] DEBUG:colcon.colcon_parallel_executor.executor.parallel:run_until_complete
[0.647s] INFO:colcon.colcon_ros.task.ament_cmake.build:Building ROS package in '/home/farah/ws_farah/src/ros2_acker/race_it' with build type 'ament_cmake'
[0.648s] INFO:colcon.colcon_cmake.task.cmake.build:Building CMake package in '/home/farah/ws_farah/src/ros2_acker/race_it'
[0.651s] INFO:colcon.colcon_core.plugin_system:Skipping extension 'colcon_core.shell.bat': Not used on non-Windows systems
[0.651s] INFO:colcon.colcon_core.shell:Skip shell extension 'powershell' for command environment: Not usable outside of PowerShell
[0.651s] DEBUG:colcon.colcon_core.shell:Skip shell extension 'dsv' for command environment
[0.668s] DEBUG:colcon.colcon_core.event_handler.log_command:Invoking command in '/home/farah/ws_farah/build/race_it': CMAKE_PREFIX_PATH=/home/farah/ws_farah/install/hardware_interface:/home/farah/ws_farah/install/ros2_control_test_assets:/home/farah/ws_farah/install/ros2_controllers:/home/farah/ws_farah/install/ros2_control_demos:/home/farah/ws_farah/install/ros2_control_demo_example_3:/home/farah/ws_farah/install/velocity_controllers:/home/farah/ws_farah/install/tricycle_steering_controller:/home/farah/ws_farah/install/tricycle_controller:/home/farah/ws_farah/install/ros2_control_demo_example_8:/home/farah/ws_farah/install/ros2_control:/home/farah/ws_farah/install/transmission_interface:/home/farah/ws_farah/install/ros2_control_demo_example_11:/home/farah/ws_farah/install/bicycle_steering_controller:/home/farah/ws_farah/install/ackermann_steering_controller:/home/farah/ws_farah/install/steering_controllers_library:/home/farah/ws_farah/install/ros2_control_demo_example_15:/home/farah/ws_farah/install/ros2_control_demo_example_1:/home/farah/ws_farah/install/ros2_control_demo_example_9:/home/farah/ws_farah/install/ros2_control_demo_example_7:/home/farah/ws_farah/install/ros2_control_demo_example_6:/home/farah/ws_farah/install/ros2_control_demo_example_13:/home/farah/ws_farah/install/ros2_control_demo_example_5:/home/farah/ws_farah/install/ros2_control_demo_example_4:/home/farah/ws_farah/install/ros2_control_demo_example_2:/home/farah/ws_farah/install/ros2_control_demo_example_14:/home/farah/ws_farah/install/ros2_control_demo_example_12:/home/farah/ws_farah/install/ros2_control_demo_example_10:/home/farah/ws_farah/install/hardware_interface_testing:/home/farah/ws_farah/install/ros2_control_demo_description:/home/farah/ws_farah/install/range_sensor_broadcaster:/home/farah/ws_farah/install/race_it:/home/farah/ws_farah/install/position_controllers:/home/farah/ws_farah/install/pose_broadcaster:/home/farah/ws_farah/install/pid_controller:/home/farah/ws_farah/install/mecanum_drive_controller:/home/farah/ws_farah/install/joint_trajectory_controller:/home/farah/ws_farah/install/joint_state_broadcaster:/home/farah/ws_farah/install/joint_limits:/home/farah/ws_farah/install/imu_sensor_broadcaster:/home/farah/ws_farah/install/gripper_controllers:/home/farah/ws_farah/install/gpio_controllers:/home/farah/ws_farah/install/effort_controllers:/home/farah/ws_farah/install/forward_command_controller:/home/farah/ws_farah/install/force_torque_sensor_broadcaster:/home/farah/ws_farah/install/diff_drive_controller:/home/farah/ws_farah/install/admittance_controller:/home/farah/ws_farah/install/controller_interface:/home/farah/ws_farah/install/controller_manager_msgs:/home/farah/ws_farah/install/temp_teleop:/home/farah/ws_farah/install/rqt_joint_trajectory_controller:/home/farah/ws_farah/install/rqt_controller_manager:/home/farah/ws_farah/install/ros2controlcli:/home/farah/ws_farah/install/ros2_controllers_test_nodes:/opt/ros/humble LD_LIBRARY_PATH=/home/farah/ws_farah/install/hardware_interface/lib:/home/farah/ws_farah/install/ros2_control_demo_example_3/lib:/home/farah/ws_farah/install/velocity_controllers/lib:/home/farah/ws_farah/install/tricycle_steering_controller/lib:/home/farah/ws_farah/install/tricycle_controller/lib:/home/farah/ws_farah/install/ros2_control_demo_example_8/lib:/home/farah/ws_farah/install/transmission_interface/lib:/home/farah/ws_farah/install/ros2_control_demo_example_11/lib:/home/farah/ws_farah/install/bicycle_steering_controller/lib:/home/farah/ws_farah/install/ackermann_steering_controller/lib:/home/farah/ws_farah/install/steering_controllers_library/lib:/home/farah/ws_farah/install/ros2_control_demo_example_1/lib:/home/farah/ws_farah/install/ros2_control_demo_example_9/lib:/home/farah/ws_farah/install/ros2_control_demo_example_7/lib:/home/farah/ws_farah/install/ros2_control_demo_example_6/lib:/home/farah/ws_farah/install/ros2_control_demo_example_5/lib:/home/farah/ws_farah/install/ros2_control_demo_example_4/lib:/home/farah/ws_farah/install/ros2_control_demo_example_2/lib:/home/farah/ws_farah/install/ros2_control_demo_example_14/lib:/home/farah/ws_farah/install/ros2_control_demo_example_12/lib:/home/farah/ws_farah/install/ros2_control_demo_example_10/lib:/home/farah/ws_farah/install/hardware_interface_testing/lib:/home/farah/ws_farah/install/range_sensor_broadcaster/lib:/home/farah/ws_farah/install/position_controllers/lib:/home/farah/ws_farah/install/pose_broadcaster/lib:/home/farah/ws_farah/install/pid_controller/lib:/home/farah/ws_farah/install/mecanum_drive_controller/lib:/home/farah/ws_farah/install/joint_trajectory_controller/lib:/home/farah/ws_farah/install/joint_state_broadcaster/lib:/home/farah/ws_farah/install/joint_limits/lib:/home/farah/ws_farah/install/imu_sensor_broadcaster/lib:/home/farah/ws_farah/install/gripper_controllers/lib:/home/farah/ws_farah/install/gpio_controllers/lib:/home/farah/ws_farah/install/effort_controllers/lib:/home/farah/ws_farah/install/forward_command_controller/lib:/home/farah/ws_farah/install/force_torque_sensor_broadcaster/lib:/home/farah/ws_farah/install/diff_drive_controller/lib:/home/farah/ws_farah/install/admittance_controller/lib:/home/farah/ws_farah/install/controller_interface/lib:/home/farah/ws_farah/install/controller_manager_msgs/lib:/usr/lib/x86_64-linux-gnu/gazebo-11/plugins:/opt/ros/humble/opt/rviz_ogre_vendor/lib:/opt/ros/humble/lib/x86_64-linux-gnu:/opt/ros/humble/lib /usr/bin/cmake --build /home/farah/ws_farah/build/race_it -- -j8 -l8
[0.723s] DEBUG:colcon.colcon_core.event_handler.log_command:Invoked command in '/home/farah/ws_farah/build/race_it' returned '0': CMAKE_PREFIX_PATH=/home/farah/ws_farah/install/hardware_interface:/home/farah/ws_farah/install/ros2_control_test_assets:/home/farah/ws_farah/install/ros2_controllers:/home/farah/ws_farah/install/ros2_control_demos:/home/farah/ws_farah/install/ros2_control_demo_example_3:/home/farah/ws_farah/install/velocity_controllers:/home/farah/ws_farah/install/tricycle_steering_controller:/home/farah/ws_farah/install/tricycle_controller:/home/farah/ws_farah/install/ros2_control_demo_example_8:/home/farah/ws_farah/install/ros2_control:/home/farah/ws_farah/install/transmission_interface:/home/farah/ws_farah/install/ros2_control_demo_example_11:/home/farah/ws_farah/install/bicycle_steering_controller:/home/farah/ws_farah/install/ackermann_steering_controller:/home/farah/ws_farah/install/steering_controllers_library:/home/farah/ws_farah/install/ros2_control_demo_example_15:/home/farah/ws_farah/install/ros2_control_demo_example_1:/home/farah/ws_farah/install/ros2_control_demo_example_9:/home/farah/ws_farah/install/ros2_control_demo_example_7:/home/farah/ws_farah/install/ros2_control_demo_example_6:/home/farah/ws_farah/install/ros2_control_demo_example_13:/home/farah/ws_farah/install/ros2_control_demo_example_5:/home/farah/ws_farah/install/ros2_control_demo_example_4:/home/farah/ws_farah/install/ros2_control_demo_example_2:/home/farah/ws_farah/install/ros2_control_demo_example_14:/home/farah/ws_farah/install/ros2_control_demo_example_12:/home/farah/ws_farah/install/ros2_control_demo_example_10:/home/farah/ws_farah/install/hardware_interface_testing:/home/farah/ws_farah/install/ros2_control_demo_description:/home/farah/ws_farah/install/range_sensor_broadcaster:/home/farah/ws_farah/install/race_it:/home/farah/ws_farah/install/position_controllers:/home/farah/ws_farah/install/pose_broadcaster:/home/farah/ws_farah/install/pid_controller:/home/farah/ws_farah/install/mecanum_drive_controller:/home/farah/ws_farah/install/joint_trajectory_controller:/home/farah/ws_farah/install/joint_state_broadcaster:/home/farah/ws_farah/install/joint_limits:/home/farah/ws_farah/install/imu_sensor_broadcaster:/home/farah/ws_farah/install/gripper_controllers:/home/farah/ws_farah/install/gpio_controllers:/home/farah/ws_farah/install/effort_controllers:/home/farah/ws_farah/install/forward_command_controller:/home/farah/ws_farah/install/force_torque_sensor_broadcaster:/home/farah/ws_farah/install/diff_drive_controller:/home/farah/ws_farah/install/admittance_controller:/home/farah/ws_farah/install/controller_interface:/home/farah/ws_farah/install/controller_manager_msgs:/home/farah/ws_farah/install/temp_teleop:/home/farah/ws_farah/install/rqt_joint_trajectory_controller:/home/farah/ws_farah/install/rqt_controller_manager:/home/farah/ws_farah/install/ros2controlcli:/home/farah/ws_farah/install/ros2_controllers_test_nodes:/opt/ros/humble LD_LIBRARY_PATH=/home/farah/ws_farah/install/hardware_interface/lib:/home/farah/ws_farah/install/ros2_control_demo_example_3/lib:/home/farah/ws_farah/install/velocity_controllers/lib:/home/farah/ws_farah/install/tricycle_steering_controller/lib:/home/farah/ws_farah/install/tricycle_controller/lib:/home/farah/ws_farah/install/ros2_control_demo_example_8/lib:/home/farah/ws_farah/install/transmission_interface/lib:/home/farah/ws_farah/install/ros2_control_demo_example_11/lib:/home/farah/ws_farah/install/bicycle_steering_controller/lib:/home/farah/ws_farah/install/ackermann_steering_controller/lib:/home/farah/ws_farah/install/steering_controllers_library/lib:/home/farah/ws_farah/install/ros2_control_demo_example_1/lib:/home/farah/ws_farah/install/ros2_control_demo_example_9/lib:/home/farah/ws_farah/install/ros2_control_demo_example_7/lib:/home/farah/ws_farah/install/ros2_control_demo_example_6/lib:/home/farah/ws_farah/install/ros2_control_demo_example_5/lib:/home/farah/ws_farah/install/ros2_control_demo_example_4/lib:/home/farah/ws_farah/install/ros2_control_demo_example_2/lib:/home/farah/ws_farah/install/ros2_control_demo_example_14/lib:/home/farah/ws_farah/install/ros2_control_demo_example_12/lib:/home/farah/ws_farah/install/ros2_control_demo_example_10/lib:/home/farah/ws_farah/install/hardware_interface_testing/lib:/home/farah/ws_farah/install/range_sensor_broadcaster/lib:/home/farah/ws_farah/install/position_controllers/lib:/home/farah/ws_farah/install/pose_broadcaster/lib:/home/farah/ws_farah/install/pid_controller/lib:/home/farah/ws_farah/install/mecanum_drive_controller/lib:/home/farah/ws_farah/install/joint_trajectory_controller/lib:/home/farah/ws_farah/install/joint_state_broadcaster/lib:/home/farah/ws_farah/install/joint_limits/lib:/home/farah/ws_farah/install/imu_sensor_broadcaster/lib:/home/farah/ws_farah/install/gripper_controllers/lib:/home/farah/ws_farah/install/gpio_controllers/lib:/home/farah/ws_farah/install/effort_controllers/lib:/home/farah/ws_farah/install/forward_command_controller/lib:/home/farah/ws_farah/install/force_torque_sensor_broadcaster/lib:/home/farah/ws_farah/install/diff_drive_controller/lib:/home/farah/ws_farah/install/admittance_controller/lib:/home/farah/ws_farah/install/controller_interface/lib:/home/farah/ws_farah/install/controller_manager_msgs/lib:/usr/lib/x86_64-linux-gnu/gazebo-11/plugins:/opt/ros/humble/opt/rviz_ogre_vendor/lib:/opt/ros/humble/lib/x86_64-linux-gnu:/opt/ros/humble/lib /usr/bin/cmake --build /home/farah/ws_farah/build/race_it -- -j8 -l8
[0.733s] DEBUG:colcon.colcon_core.event_handler.log_command:Invoking command in '/home/farah/ws_farah/build/race_it': CMAKE_PREFIX_PATH=/home/farah/ws_farah/install/hardware_interface:/home/farah/ws_farah/install/ros2_control_test_assets:/home/farah/ws_farah/install/ros2_controllers:/home/farah/ws_farah/install/ros2_control_demos:/home/farah/ws_farah/install/ros2_control_demo_example_3:/home/farah/ws_farah/install/velocity_controllers:/home/farah/ws_farah/install/tricycle_steering_controller:/home/farah/ws_farah/install/tricycle_controller:/home/farah/ws_farah/install/ros2_control_demo_example_8:/home/farah/ws_farah/install/ros2_control:/home/farah/ws_farah/install/transmission_interface:/home/farah/ws_farah/install/ros2_control_demo_example_11:/home/farah/ws_farah/install/bicycle_steering_controller:/home/farah/ws_farah/install/ackermann_steering_controller:/home/farah/ws_farah/install/steering_controllers_library:/home/farah/ws_farah/install/ros2_control_demo_example_15:/home/farah/ws_farah/install/ros2_control_demo_example_1:/home/farah/ws_farah/install/ros2_control_demo_example_9:/home/farah/ws_farah/install/ros2_control_demo_example_7:/home/farah/ws_farah/install/ros2_control_demo_example_6:/home/farah/ws_farah/install/ros2_control_demo_example_13:/home/farah/ws_farah/install/ros2_control_demo_example_5:/home/farah/ws_farah/install/ros2_control_demo_example_4:/home/farah/ws_farah/install/ros2_control_demo_example_2:/home/farah/ws_farah/install/ros2_control_demo_example_14:/home/farah/ws_farah/install/ros2_control_demo_example_12:/home/farah/ws_farah/install/ros2_control_demo_example_10:/home/farah/ws_farah/install/hardware_interface_testing:/home/farah/ws_farah/install/ros2_control_demo_description:/home/farah/ws_farah/install/range_sensor_broadcaster:/home/farah/ws_farah/install/race_it:/home/farah/ws_farah/install/position_controllers:/home/farah/ws_farah/install/pose_broadcaster:/home/farah/ws_farah/install/pid_controller:/home/farah/ws_farah/install/mecanum_drive_controller:/home/farah/ws_farah/install/joint_trajectory_controller:/home/farah/ws_farah/install/joint_state_broadcaster:/home/farah/ws_farah/install/joint_limits:/home/farah/ws_farah/install/imu_sensor_broadcaster:/home/farah/ws_farah/install/gripper_controllers:/home/farah/ws_farah/install/gpio_controllers:/home/farah/ws_farah/install/effort_controllers:/home/farah/ws_farah/install/forward_command_controller:/home/farah/ws_farah/install/force_torque_sensor_broadcaster:/home/farah/ws_farah/install/diff_drive_controller:/home/farah/ws_farah/install/admittance_controller:/home/farah/ws_farah/install/controller_interface:/home/farah/ws_farah/install/controller_manager_msgs:/home/farah/ws_farah/install/temp_teleop:/home/farah/ws_farah/install/rqt_joint_trajectory_controller:/home/farah/ws_farah/install/rqt_controller_manager:/home/farah/ws_farah/install/ros2controlcli:/home/farah/ws_farah/install/ros2_controllers_test_nodes:/opt/ros/humble LD_LIBRARY_PATH=/home/farah/ws_farah/install/hardware_interface/lib:/home/farah/ws_farah/install/ros2_control_demo_example_3/lib:/home/farah/ws_farah/install/velocity_controllers/lib:/home/farah/ws_farah/install/tricycle_steering_controller/lib:/home/farah/ws_farah/install/tricycle_controller/lib:/home/farah/ws_farah/install/ros2_control_demo_example_8/lib:/home/farah/ws_farah/install/transmission_interface/lib:/home/farah/ws_farah/install/ros2_control_demo_example_11/lib:/home/farah/ws_farah/install/bicycle_steering_controller/lib:/home/farah/ws_farah/install/ackermann_steering_controller/lib:/home/farah/ws_farah/install/steering_controllers_library/lib:/home/farah/ws_farah/install/ros2_control_demo_example_1/lib:/home/farah/ws_farah/install/ros2_control_demo_example_9/lib:/home/farah/ws_farah/install/ros2_control_demo_example_7/lib:/home/farah/ws_farah/install/ros2_control_demo_example_6/lib:/home/farah/ws_farah/install/ros2_control_demo_example_5/lib:/home/farah/ws_farah/install/ros2_control_demo_example_4/lib:/home/farah/ws_farah/install/ros2_control_demo_example_2/lib:/home/farah/ws_farah/install/ros2_control_demo_example_14/lib:/home/farah/ws_farah/install/ros2_control_demo_example_12/lib:/home/farah/ws_farah/install/ros2_control_demo_example_10/lib:/home/farah/ws_farah/install/hardware_interface_testing/lib:/home/farah/ws_farah/install/range_sensor_broadcaster/lib:/home/farah/ws_farah/install/position_controllers/lib:/home/farah/ws_farah/install/pose_broadcaster/lib:/home/farah/ws_farah/install/pid_controller/lib:/home/farah/ws_farah/install/mecanum_drive_controller/lib:/home/farah/ws_farah/install/joint_trajectory_controller/lib:/home/farah/ws_farah/install/joint_state_broadcaster/lib:/home/farah/ws_farah/install/joint_limits/lib:/home/farah/ws_farah/install/imu_sensor_broadcaster/lib:/home/farah/ws_farah/install/gripper_controllers/lib:/home/farah/ws_farah/install/gpio_controllers/lib:/home/farah/ws_farah/install/effort_controllers/lib:/home/farah/ws_farah/install/forward_command_controller/lib:/home/farah/ws_farah/install/force_torque_sensor_broadcaster/lib:/home/farah/ws_farah/install/diff_drive_controller/lib:/home/farah/ws_farah/install/admittance_controller/lib:/home/farah/ws_farah/install/controller_interface/lib:/home/farah/ws_farah/install/controller_manager_msgs/lib:/usr/lib/x86_64-linux-gnu/gazebo-11/plugins:/opt/ros/humble/opt/rviz_ogre_vendor/lib:/opt/ros/humble/lib/x86_64-linux-gnu:/opt/ros/humble/lib /usr/bin/cmake --install /home/farah/ws_farah/build/race_it
[0.744s] Level 1:colcon.colcon_core.environment:create_environment_scripts_only(race_it)
[0.745s] DEBUG:colcon.colcon_core.event_handler.log_command:Invoked command in '/home/farah/ws_farah/build/race_it' returned '0': CMAKE_PREFIX_PATH=/home/farah/ws_farah/install/hardware_interface:/home/farah/ws_farah/install/ros2_control_test_assets:/home/farah/ws_farah/install/ros2_controllers:/home/farah/ws_farah/install/ros2_control_demos:/home/farah/ws_farah/install/ros2_control_demo_example_3:/home/farah/ws_farah/install/velocity_controllers:/home/farah/ws_farah/install/tricycle_steering_controller:/home/farah/ws_farah/install/tricycle_controller:/home/farah/ws_farah/install/ros2_control_demo_example_8:/home/farah/ws_farah/install/ros2_control:/home/farah/ws_farah/install/transmission_interface:/home/farah/ws_farah/install/ros2_control_demo_example_11:/home/farah/ws_farah/install/bicycle_steering_controller:/home/farah/ws_farah/install/ackermann_steering_controller:/home/farah/ws_farah/install/steering_controllers_library:/home/farah/ws_farah/install/ros2_control_demo_example_15:/home/farah/ws_farah/install/ros2_control_demo_example_1:/home/farah/ws_farah/install/ros2_control_demo_example_9:/home/farah/ws_farah/install/ros2_control_demo_example_7:/home/farah/ws_farah/install/ros2_control_demo_example_6:/home/farah/ws_farah/install/ros2_control_demo_example_13:/home/farah/ws_farah/install/ros2_control_demo_example_5:/home/farah/ws_farah/install/ros2_control_demo_example_4:/home/farah/ws_farah/install/ros2_control_demo_example_2:/home/farah/ws_farah/install/ros2_control_demo_example_14:/home/farah/ws_farah/install/ros2_control_demo_example_12:/home/farah/ws_farah/install/ros2_control_demo_example_10:/home/farah/ws_farah/install/hardware_interface_testing:/home/farah/ws_farah/install/ros2_control_demo_description:/home/farah/ws_farah/install/range_sensor_broadcaster:/home/farah/ws_farah/install/race_it:/home/farah/ws_farah/install/position_controllers:/home/farah/ws_farah/install/pose_broadcaster:/home/farah/ws_farah/install/pid_controller:/home/farah/ws_farah/install/mecanum_drive_controller:/home/farah/ws_farah/install/joint_trajectory_controller:/home/farah/ws_farah/install/joint_state_broadcaster:/home/farah/ws_farah/install/joint_limits:/home/farah/ws_farah/install/imu_sensor_broadcaster:/home/farah/ws_farah/install/gripper_controllers:/home/farah/ws_farah/install/gpio_controllers:/home/farah/ws_farah/install/effort_controllers:/home/farah/ws_farah/install/forward_command_controller:/home/farah/ws_farah/install/force_torque_sensor_broadcaster:/home/farah/ws_farah/install/diff_drive_controller:/home/farah/ws_farah/install/admittance_controller:/home/farah/ws_farah/install/controller_interface:/home/farah/ws_farah/install/controller_manager_msgs:/home/farah/ws_farah/install/temp_teleop:/home/farah/ws_farah/install/rqt_joint_trajectory_controller:/home/farah/ws_farah/install/rqt_controller_manager:/home/farah/ws_farah/install/ros2controlcli:/home/farah/ws_farah/install/ros2_controllers_test_nodes:/opt/ros/humble LD_LIBRARY_PATH=/home/farah/ws_farah/install/hardware_interface/lib:/home/farah/ws_farah/install/ros2_control_demo_example_3/lib:/home/farah/ws_farah/install/velocity_controllers/lib:/home/farah/ws_farah/install/tricycle_steering_controller/lib:/home/farah/ws_farah/install/tricycle_controller/lib:/home/farah/ws_farah/install/ros2_control_demo_example_8/lib:/home/farah/ws_farah/install/transmission_interface/lib:/home/farah/ws_farah/install/ros2_control_demo_example_11/lib:/home/farah/ws_farah/install/bicycle_steering_controller/lib:/home/farah/ws_farah/install/ackermann_steering_controller/lib:/home/farah/ws_farah/install/steering_controllers_library/lib:/home/farah/ws_farah/install/ros2_control_demo_example_1/lib:/home/farah/ws_farah/install/ros2_control_demo_example_9/lib:/home/farah/ws_farah/install/ros2_control_demo_example_7/lib:/home/farah/ws_farah/install/ros2_control_demo_example_6/lib:/home/farah/ws_farah/install/ros2_control_demo_example_5/lib:/home/farah/ws_farah/install/ros2_control_demo_example_4/lib:/home/farah/ws_farah/install/ros2_control_demo_example_2/lib:/home/farah/ws_farah/install/ros2_control_demo_example_14/lib:/home/farah/ws_farah/install/ros2_control_demo_example_12/lib:/home/farah/ws_farah/install/ros2_control_demo_example_10/lib:/home/farah/ws_farah/install/hardware_interface_testing/lib:/home/farah/ws_farah/install/range_sensor_broadcaster/lib:/home/farah/ws_farah/install/position_controllers/lib:/home/farah/ws_farah/install/pose_broadcaster/lib:/home/farah/ws_farah/install/pid_controller/lib:/home/farah/ws_farah/install/mecanum_drive_controller/lib:/home/farah/ws_farah/install/joint_trajectory_controller/lib:/home/farah/ws_farah/install/joint_state_broadcaster/lib:/home/farah/ws_farah/install/joint_limits/lib:/home/farah/ws_farah/install/imu_sensor_broadcaster/lib:/home/farah/ws_farah/install/gripper_controllers/lib:/home/farah/ws_farah/install/gpio_controllers/lib:/home/farah/ws_farah/install/effort_controllers/lib:/home/farah/ws_farah/install/forward_command_controller/lib:/home/farah/ws_farah/install/force_torque_sensor_broadcaster/lib:/home/farah/ws_farah/install/diff_drive_controller/lib:/home/farah/ws_farah/install/admittance_controller/lib:/home/farah/ws_farah/install/controller_interface/lib:/home/farah/ws_farah/install/controller_manager_msgs/lib:/usr/lib/x86_64-linux-gnu/gazebo-11/plugins:/opt/ros/humble/opt/rviz_ogre_vendor/lib:/opt/ros/humble/lib/x86_64-linux-gnu:/opt/ros/humble/lib /usr/bin/cmake --install /home/farah/ws_farah/build/race_it
[0.749s] Level 1:colcon.colcon_core.environment:checking '/home/farah/ws_farah/install/race_it' for CMake module files
[0.749s] Level 1:colcon.colcon_core.environment:checking '/home/farah/ws_farah/install/race_it' for CMake config files
[0.750s] Level 1:colcon.colcon_core.shell:create_environment_hook('race_it', 'cmake_prefix_path')
[0.750s] INFO:colcon.colcon_core.shell:Creating environment hook '/home/farah/ws_farah/install/race_it/share/race_it/hook/cmake_prefix_path.ps1'
[0.751s] INFO:colcon.colcon_core.shell:Creating environment descriptor '/home/farah/ws_farah/install/race_it/share/race_it/hook/cmake_prefix_path.dsv'
[0.751s] INFO:colcon.colcon_core.shell:Creating environment hook '/home/farah/ws_farah/install/race_it/share/race_it/hook/cmake_prefix_path.sh'
[0.752s] Level 1:colcon.colcon_core.environment:checking '/home/farah/ws_farah/install/race_it/bin'
[0.752s] Level 1:colcon.colcon_core.environment:checking '/home/farah/ws_farah/install/race_it/lib/pkgconfig/race_it.pc'
[0.753s] Level 1:colcon.colcon_core.environment:checking '/home/farah/ws_farah/install/race_it/lib/python3.10/site-packages'
[0.753s] Level 1:colcon.colcon_core.environment:checking '/home/farah/ws_farah/install/race_it/bin'
[0.753s] INFO:colcon.colcon_core.shell:Creating package script '/home/farah/ws_farah/install/race_it/share/race_it/package.ps1'
[0.754s] INFO:colcon.colcon_core.shell:Creating package descriptor '/home/farah/ws_farah/install/race_it/share/race_it/package.dsv'
[0.754s] INFO:colcon.colcon_core.shell:Creating package script '/home/farah/ws_farah/install/race_it/share/race_it/package.sh'
[0.755s] INFO:colcon.colcon_core.shell:Creating package script '/home/farah/ws_farah/install/race_it/share/race_it/package.bash'
[0.756s] INFO:colcon.colcon_core.shell:Creating package script '/home/farah/ws_farah/install/race_it/share/race_it/package.zsh'
[0.757s] Level 1:colcon.colcon_core.environment:create_file_with_runtime_dependencies(/home/farah/ws_farah/install/race_it/share/colcon-core/packages/race_it)
[0.757s] Level 1:colcon.colcon_core.environment:create_environment_scripts_only(race_it)
[0.758s] Level 1:colcon.colcon_core.environment:checking '/home/farah/ws_farah/install/race_it' for CMake module files
[0.758s] Level 1:colcon.colcon_core.environment:checking '/home/farah/ws_farah/install/race_it' for CMake config files
[0.758s] Level 1:colcon.colcon_core.shell:create_environment_hook('race_it', 'cmake_prefix_path')
[0.758s] INFO:colcon.colcon_core.shell:Creating environment hook '/home/farah/ws_farah/install/race_it/share/race_it/hook/cmake_prefix_path.ps1'
[0.759s] INFO:colcon.colcon_core.shell:Creating environment descriptor '/home/farah/ws_farah/install/race_it/share/race_it/hook/cmake_prefix_path.dsv'
[0.759s] INFO:colcon.colcon_core.shell:Creating environment hook '/home/farah/ws_farah/install/race_it/share/race_it/hook/cmake_prefix_path.sh'
[0.759s] Level 1:colcon.colcon_core.environment:checking '/home/farah/ws_farah/install/race_it/bin'
[0.759s] Level 1:colcon.colcon_core.environment:checking '/home/farah/ws_farah/install/race_it/lib/pkgconfig/race_it.pc'
[0.760s] Level 1:colcon.colcon_core.environment:checking '/home/farah/ws_farah/install/race_it/lib/python3.10/site-packages'
[0.760s] Level 1:colcon.colcon_core.environment:checking '/home/farah/ws_farah/install/race_it/bin'
[0.760s] INFO:colcon.colcon_core.shell:Creating package script '/home/farah/ws_farah/install/race_it/share/race_it/package.ps1'
[0.761s] INFO:colcon.colcon_core.shell:Creating package descriptor '/home/farah/ws_farah/install/race_it/share/race_it/package.dsv'
[0.761s] INFO:colcon.colcon_core.shell:Creating package script '/home/farah/ws_farah/install/race_it/share/race_it/package.sh'
[0.761s] INFO:colcon.colcon_core.shell:Creating package script '/home/farah/ws_farah/install/race_it/share/race_it/package.bash'
[0.762s] INFO:colcon.colcon_core.shell:Creating package script '/home/farah/ws_farah/install/race_it/share/race_it/package.zsh'
[0.762s] Level 1:colcon.colcon_core.environment:create_file_with_runtime_dependencies(/home/farah/ws_farah/install/race_it/share/colcon-core/packages/race_it)
[0.762s] DEBUG:colcon.colcon_parallel_executor.executor.parallel:closing loop
[0.763s] DEBUG:colcon.colcon_parallel_executor.executor.parallel:loop closed
[0.763s] DEBUG:colcon.colcon_parallel_executor.executor.parallel:run_until_complete finished with '0'
[0.763s] DEBUG:colcon.colcon_core.event_reactor:joining thread
[0.775s] INFO:colcon.colcon_core.plugin_system:Skipping extension 'colcon_notification.desktop_notification.terminal_notifier': Not used on non-Darwin systems
[0.775s] INFO:colcon.colcon_core.plugin_system:Skipping extension 'colcon_notification.desktop_notification.win32': Not used on non-Windows systems
[0.775s] INFO:colcon.colcon_notification.desktop_notification:Sending desktop notification using 'notify2'
[0.789s] DEBUG:colcon.colcon_core.event_reactor:joined thread
[0.790s] INFO:colcon.colcon_core.shell:Creating prefix script '/home/farah/ws_farah/install/local_setup.ps1'
[0.791s] INFO:colcon.colcon_core.shell:Creating prefix util module '/home/farah/ws_farah/install/_local_setup_util_ps1.py'
[0.792s] INFO:colcon.colcon_core.shell:Creating prefix chain script '/home/farah/ws_farah/install/setup.ps1'
[0.795s] INFO:colcon.colcon_core.shell:Creating prefix script '/home/farah/ws_farah/install/local_setup.sh'
[0.797s] INFO:colcon.colcon_core.shell:Creating prefix util module '/home/farah/ws_farah/install/_local_setup_util_sh.py'
[0.798s] INFO:colcon.colcon_core.shell:Creating prefix chain script '/home/farah/ws_farah/install/setup.sh'
[0.802s] INFO:colcon.colcon_core.shell:Creating prefix script '/home/farah/ws_farah/install/local_setup.bash'
[0.803s] INFO:colcon.colcon_core.shell:Creating prefix chain script '/home/farah/ws_farah/install/setup.bash'
[0.805s] INFO:colcon.colcon_core.shell:Creating prefix script '/home/farah/ws_farah/install/local_setup.zsh'
[0.806s] INFO:colcon.colcon_core.shell:Creating prefix chain script '/home/farah/ws_farah/install/setup.zsh'
